HOSPITAL|HOSPITAL_DES|HISTORIA|CIP|TIS|FECNAC|SEXO|CODPOS|FECING|TIPASIS|PROC|TIPING|SERVING|FECTRAS1|SERVTRAS1|FECTRAS2|SERVTRAS2|FECTRAS3|SERVTRAS3|FECTRAS4|SERVTRAS4|FECTRAS5|SERVTRAS5|FECALT|SERVALT|SECALT|SECALT_DES|MEDICOALT|TIPALT|FECINT1|D1|POA_01|D2|POA_02|D3|POA_03|D4|POA_04|D5|POA_05|D6|POA_06|D7|POA_07|D8|POA_08|D9|POA_09|D10|POA_10|D11|POA_11|D12|POA_12|D13|POA_13|D14|POA_14|D15|POA_15|D16|POA_16|D17|POA_17|D18|POA_18|D19|POA_19|D20|POA_20|P1|P2|P3|P4|P5|P6|P7|P8|P9|P10|P11|P12|P13|P14|P15|P16|P17|P18|P19|P20|T1|T2|T3|T4|T5|T6|T7|TRASHOSPITAL|CM1|CM2|CM3|CM4|CM5|CM6|CM7|CIAS_PRO|APRV380_COD_GRD|APRV380_PESO|REGCON|REGCON_DES|EPISODIO
220054|HOSPITAL DE BARBASTRO|24915|RVCR540422910013||22/04/1954|1|22311|29/09/2024||27|2|ORL|||||||||||01/10/2024|ORL|ORL|ORL|26283260X|1|30/09/2024|J33.0|S|J33.1|S|||||||||||||||||||||||||||||||||||||09BK8ZZ|09BU8ZZ|09BV8ZZ||||||||||||||||||||||||||||||||||098|,8964|1|Sistema Nacional de Salud|-
220054|HOSPITAL DE BARBASTRO|98536|RDDR960765910010||25/07/1996|2|22300|28/09/2024||21|1|OBS|||||||||||01/10/2024|OBS|OBS|OBS|43558977J|1||O42.02|S|O48.0|S|O99.62|S|K90.0|S|O70.0|N|O90.81|N|O92.5|N|Z67.10|E|Z3A.41|E|Z37.0|E|||||||||||||||||||||10D07Z6|3E0P7VZ|3E0R3BZ|4A1HXCZ|||||||||||||||||||||||||||||||||560|,2876|1|Sistema Nacional de Salud|-
220054|HOSPITAL DE BARBASTRO|143107|MCVR871011901017||11/10/1987|1|22300|27/09/2024||21|1|CGD|||||||||||02/10/2024|CGD|CGD|CGD|72889973Y|1|27/09/2024|K35.32|S|Z53.31|E|F79|S|||||||||||||||||||||||||||||||||||0DTJ4ZZ|0DQH0ZZ|BW40ZZZ|3E03329|3E0337Z|3E033NZ|||||||||||||||||||||||||||||||233|,9505|1|Sistema Nacional de Salud|-
220054|HOSPITAL DE BARBASTRO|2005|SNCB700707910011||07/07/1970|1|22510|30/09/2024||27|2|CGD|||||||||||02/10/2024|CGD|CGD|CGD|18025531V|1|01/10/2024|K81.1|S|F17.210|S|||||||||||||||||||||||||||||||||||||0FT44ZZ||||||||||||||||||||||||||||||||||||263|,9851|1|Sistema Nacional de Salud|-
220054|HOSPITAL DE BARBASTRO|1127|CRSR661159910010||19/11/1966|2|22416|26/09/2024||21|1|MIR|||||||||||02/10/2024|MIR|MIR|MIR|73016622V|1||K12.31|S|D70.1|S|R50.81|S|T45.1X5A|S|C50.912|S|I10|S|E78.5|S|E05.90|S|B18.1|S|||||||||||||||||||||||3E03329|3E033NZ|3E0333Z|3E033GC|3E0337Z||||||||||||||||||||||||8500/3||||||||115|,655|1|Sistema Nacional de Salud|-
220054|HOSPITAL DE BARBASTRO|7151|MRSR390954901015||14/09/1939|2|22500|26/09/2024||21|1|NRL|||||||||||02/10/2024|NRL|NRL|NRL|72971573W|1||I63.81|S|R29.702|S|G51.0|S|I10|S|E78.5|S|E11.9|S|Z79.84|E|Z79.891|E|||||||||||||||||||||||||B020ZZZ|4A12X4Z|3E013VG|3E0337Z|3E033GC|3E033NZ|||||||||||||||||||||||||||||||045|,6846|1|Sistema Nacional de Salud|-
220054|HOSPITAL DE BARBASTRO|90572|MRFR280263910017||23/02/1928|2|22300|01/10/2024||21|1|MIR|||||||||||04/10/2024|MIR|MIR|MIR|17202610J|1||I48.0|S|I13.0|S|I50.9|S|N18.4|S|I25.2|E|E04.9|S|J39.8|S|E79.0|S|I44.7|S|Z86.73|E|Z85.3|E|Z90.12|E|Z79.02|E|Z88.0|E|Z88.6|E|Z91.041|E|||||||||3E033GC|3E0F7SF|3E013GC|3E0F7GC|3E0333Z||||||||||||||||||||||||||||||||201|,5604|1|Sistema Nacional de Salud|-
220054|HOSPITAL DE BARBASTRO|7338|CVTR630867910013||27/08/1963|2|22400|30/09/2024||21|1|MIR|01/10/2024|NML|||||||||04/10/2024|NML|NML|NML|18056444H|1||I26.99|S|I87.2|S|J42|S|F17.210|S|||||||||||||||||||||||||||||||||B32S1ZZ|B32T1ZZ|B54DZZZ|3E0333Z|3E0F7GC|3E033GC|3E013GC||||||||||||||||||||||||||||||134|,5446|1|Sistema Nacional de Salud|-
220054|HOSPITAL DE BARBASTRO|219651|||28/09/1994|1|22500|03/10/2024||27|2|CGD|||||||||||04/10/2024|CGD|CGD|CGD|77133926E|1|03/10/2024|L05.92|S|||||||||||||||||||||||||||||||||||||||0JB90ZZ||||||||||||||||||||||||||||||||||||383|,4196|1|Sistema Nacional de Salud|-
220054|HOSPITAL DE BARBASTRO|98188|PLPN440710910017||10/07/1944|1|22430|03/10/2024||27|2|CGD|||||||||||04/10/2024|CGD|CGD|CGD|18045029B|1|03/10/2024|K40.90|S|I48.91|S|F41.9|S|Z79.01|E|||||||||||||||||||||||||||||||||0YU54JZ||||||||||||||||||||||||||||||||||||228|,8181|1|Sistema Nacional de Salud|-
220054|HOSPITAL DE BARBASTRO|185274|VDCS620413902014||13/04/1962|1|22540|25/09/2024||21|1|MIR|26/09/2024|NML|||||||||04/10/2024|NML|NML|NML|18055770B|1||J43.9|S|I48.0|S|R91.1|S|G47.33|S|Z99.89|E|Z87.891|E|I10|S|E78.5|S|G47.00|S|Z88.8|E|||||||||||||||||||||3E0F7GC|3E0333Z|3E0F7SF|3E033NZ|3E03329|3E013GC|4A02X4Z||||||||||||||||||||||||||||||140|,6174|1|Sistema Nacional de Salud|-
220054|HOSPITAL DE BARBASTRO|12111|LFVG540604901011||04/06/1954|1|22300|19/09/2024||21|1|CGD|||||||||||04/10/2024|CGD|CGD|CGD|50883390F|1|19/09/2024|K57.20|S|T81.41XA|N|Y83.6|N|C13.9|S|Z79.630|E|Z79.633|E|G35|S|D35.2|S|||||||||||||||||||||||||0DTN0ZZ|0D1M0Z4|3E03329|3E0337Z|3E033NZ|3E033GC|3E033WK|3E033GC|3E013GC||||||||||||||||||||8071/3|8140/0|||||||231|1,2842|1|Sistema Nacional de Salud|-
220054|HOSPITAL DE BARBASTRO|42178|SNNT481228910015||28/12/1948|1|22467|04/10/2024||21|1|MIR|04/10/2024|NRL|||||||||06/10/2024|NRL|NRL|NRL|72993238R|4||S06.350A|S|S06.5X0A|S|S06.6X0A|S|W19.XXXA|S|G91.2|S|Z51.5|E|I10|S|E11.9|S|E78.5|S|E79.0|S|G20|S|Z85.038|E|Z90.49|E|Z92.21|E|Z88.8|E|Z88.0|E|Z88.6|E|||||||B020ZZZ|B32RZZZ|3E033NZ||||||||||||||||||||||||||||||||||055|,9162|1|Sistema Nacional de Salud|-
220054|HOSPITAL DE BARBASTRO|28084|JMGL470941913018||01/09/1947|2|22300|03/10/2024||27|2|GIN|||||||||||06/10/2024|GIN|GIN|GIN|17432006F|1|04/10/2024|N81.3|S|I10|S|E78.5|S|||||||||||||||||||||||||||||||||||0UT97ZZ|0JQC0ZZ|0JQC0ZZ||||||||||||||||||||||||||||||||||513|,8396|1|Sistema Nacional de Salud|-
220054|HOSPITAL DE BARBASTRO|63324|LVGR430259910012||19/02/1943|2|22300|06/10/2024||27|2|TRA|||||||||||07/10/2024|TRA|TRA|TRA|73090858D|1|07/10/2024|T84.84XA|S|G89.28|S|M79.604|S|S82.041D|E|W19.XXXD|S|Y83.1|E|||||||||||||||||||||||||||||0SPC04Z||||||||||||||||||||||||||||||||||||313|1,1312|1|Sistema Nacional de Salud|-
220054|HOSPITAL DE BARBASTRO|4942|SHNV840649910015||09/07/1984|2|22300|07/10/2024||27|2|TRA|||||||||||08/10/2024|TRA|TRA|TRA|73090858D|1|07/10/2024|S82.61XD|E|W19.XXXD|E|Y92.511|S|||||||||||||||||||||||||||||||||||0QPJ04Z||||||||||||||||||||||||||||||||||||850|1,6787|1|Sistema Nacional de Salud|-
220054|HOSPITAL DE BARBASTRO|213767|||02/03/1958|1|08840|06/10/2024||27|2|ORL|||||||||||08/10/2024|ORL|ORL|ORL|26283260X|1|07/10/2024|C32.2|S|D14.1|S|F17.210|S|Z86.19|E|||||||||||||||||||||||||||||||||0CBS8ZX|0CBV8ZX|BW241ZZ||||||||||||||||||CW3NYZZ||||||||8071/3|8077/2|||||||110|,7547|1|Sistema Nacional de Salud|-
220054|HOSPITAL DE BARBASTRO|31405|MNTL460607904018||07/06/1946|1|22400|04/10/2024||21|1|MIR|||||||||||08/10/2024|MIR|MIR|MIR|25195530L|1||J10.1|S|E11.9|S|E66.9|S|G47.00|S|N20.0|S|N40.0|S|||||||||||||||||||||||||||||3E0337Z||||||||||||||||||||||||||||||||||||113|,3364|1|Sistema Nacional de Salud|-
220054|HOSPITAL DE BARBASTRO|222604|||23/08/2023|2|22400|08/10/2024||21|1|PED|||||||||||09/10/2024|PED|PED|PED|18161158J|1||J04.2|S|D58.2|S|K42.9|S|||||||||||||||||||||||||||||||||||3E0F73Z||||||||||||||||||||||||||||||||||||113|,4794|1|Sistema Nacional de Salud|-
220054|HOSPITAL DE BARBASTRO|145076|NNXX840320504011||20/03/1984|1|22300|04/10/2024||21|1|MIR|07/10/2024|NML|||||||||09/10/2024|NML|NML|NML|18056444H|1||J20.9|S|J96.00|S|Z72.0|E|I10|S|F20.0|S|||||||||||||||||||||||||||||||3E03329|3E0F7GC|3E013GC|3E0333Z|3E0337Z|3E0F7SF|3E033NZ||||||||||||||||||||||||||||||145|,78|1|Sistema Nacional de Salud|-
220054|HOSPITAL DE BARBASTRO|222698|||17/12/1973|2|22471|07/10/2024||27|2|CGD|||||||||||10/10/2024|CGD|CGD|CGD|72889973Y|1|08/10/2024|C73|S|E06.3|S|||||||||||||||||||||||||||||||||||||0GTK0ZZ||||||||||||||||||||||||||||8340/3||||||||404|,8716|1|Sistema Nacional de Salud|-
220054|HOSPITAL DE BARBASTRO|195361|||16/06/1937|2|22416|28/09/2024||21|1|MIR|||||||||||10/10/2024|MIR|MIR|MIR|18049390W|1||J10.1|S|J45.909|S|E66.9|S|E11.9|S|J44.9|S|I50.9|S|I35.8|S|E78.5|S|E03.9|S|D50.9|S|G31.84|S|F43.21|S|B02.29|S|M81.0|S|R32|S|Z99.81|E|Z79.84|E|Z79.82|E|||||4A02X4Z|3E0333Z|3E0F7GC|3E03329|3E013VG||||||||||||||||||||||||||||||||113|,4794|1|Sistema Nacional de Salud|-
220054|HOSPITAL DE BARBASTRO|226455|||11/07/1997|2|22413|09/10/2024||21|1|OBS|||||||||||10/10/2024|OBS|OBS|OBS|72781954H|1||O03.4|S|Z88.8|E|||||||||||||||||||||||||||||||||||||3E0P7VZ||||||||||||||||||||||||||||||||||||564|,2892|1|Sistema Nacional de Salud|-
220054|HOSPITAL DE BARBASTRO|226230|||11/08/2015|2|22550|07/10/2024||30|1|PED|||||||||||10/10/2024|PED|PED|PED|18036541X|1||E10.9|S|Z71.89|E|Z71.3|E|||||||||||||||||||||||||||||||||||||||||||||||||||||||||||||||||||||||420|,4309|3|Mutuas de Accidentes de trabajo|-
220054|HOSPITAL DE BARBASTRO|48024|BRMT360167910015||27/01/1936|2|22423|08/10/2024||21|1|MIR|09/10/2024|GRT|||||||||11/10/2024|GRT|GRT|GERIATRIA|18071569D|1||K52.9|S|K80.20|S|E06.3|S|E21.3|S|E11.9|S|L40.59|S|G30.9|S|F02.80|S|M81.0|S|H40.9|S|||||||||||||||||||||3E03329|3E033NZ|3E0337Z||||||||||||||||||||||||||||||||||249|,5347|1|Sistema Nacional de Salud|-
220054|HOSPITAL DE BARBASTRO|138817|DMSN810802214018||22/08/1986|1|22300|06/09/2024||21|1|TRA|||||||||||11/10/2024|TRA|TRA|TRA|Y2004544Q|1||M00.862|S|M65.9|S|M10.9|S|N17.9|N|I80.8|N|I10|S|I25.10|S|||||||||||||||||||||||||||3E1U48Z|0SBD4ZZ|3E03329|3E013GC|3E033NZ|3E033GC|3E0333Z|3E0337Z|||||||||||||||||||||||||||||313|1,5233|1|Sistema Nacional de Salud|-
220054|HOSPITAL DE BARBASTRO|214403|||26/07/1990|1|22533|10/10/2024||27|2|CGD|||||||||||11/10/2024|CGD|CGD|CGD|77133926E|1|10/10/2024|K40.91|S|||||||||||||||||||||||||||||||||||||||0YU64JZ||||||||||||||||||||||||||||||||||||228|,8181|1|Sistema Nacional de Salud|-
220054|HOSPITAL DE BARBASTRO|77539|GRGR490744910024||04/07/1949|2|22300|09/10/2024||27|2|CGD|||||||||||11/10/2024|CGD|CGD|CGD|18025531V|1|09/10/2024|C79.89|S|Z17.1|E|I96|S|Z85.3|E|Z92.21|E|I48.91|S|Z79.01|E|||||||||||||||||||||||||||0JBD0ZZ||||||||||||||||||||||||||||8575/6||||||||694|,8187|1|Sistema Nacional de Salud|-
220054|HOSPITAL DE BARBASTRO|216364|||15/02/1987|2|22430|07/10/2024||21|1|MIV|08/10/2024|CAR|||||||||11/10/2024|CAR|CAR|CAR|18045946P|1||R07.9|S|||||||||||||||||||||||||||||||||||||||4A02X4Z|4A12X4Z|4A13XB1|B246ZZZ|B32S1ZZ|B32T1ZZ|||||||||||||||||||||||||||||||203|,5281|6|Financiación Mixta|-
220054|HOSPITAL DE BARBASTRO|113620|BRRR400958910014||18/09/1940|2|22234|08/10/2024||21|1|MIR|||||||||||11/10/2024|MIR|MIR|MIR|17702334Q|1||I82.411|S|I82.431|S|I26.99|S|G30.9|S|F02.80|S|I10|S|H40.9|S|I49.1|S|G47.00|S|M19.90|S|||||||||||||||||||||B54BZZZ|BW251ZZ|3E013GC|3E033GC|3E033NZ||||||||||||||||||||||||||||||||197|,9275|1|Sistema Nacional de Salud|-
220054|HOSPITAL DE BARBASTRO|52964|RNDL581262910017||22/12/1958|2|22430|07/10/2024||21|1|MIR|||||||||||11/10/2024|MIR|MIR|MIR|18055798Q|1||R63.4|S|J18.9|S|M79.7|S|F17.210|S|Z85.43|E|Z90.710|E|Z90.722|E|||||||||||||||||||||||||||4A02X4Z|BW251ZZ|3E013GC||||||||||||||||||||||||||||||||||421|,6268|1|Sistema Nacional de Salud|-
220054|HOSPITAL DE BARBASTRO|102094|GBGL611164032011||24/11/1961|2|22500|11/10/2024||27|2|URO|||||||||||11/10/2024|URO|URO|URO|51460077S|1|11/10/2024|N32.81|S|E78.5|S|F41.8|S|Z88.1|E|Z88.6|E|Z87.891|E|||||||||||||||||||||||||||||3E0K8GC||||||||||||||||||||||||||||||||||||468|,4959|1|Sistema Nacional de Salud|-
220054|HOSPITAL DE BARBASTRO|224688|||09/09/1997|2|22400|10/10/2024||27|1|OBS|||||||||||14/10/2024|OBS|OBS|OBS|47919222X|1|11/10/2024|O24.429|S|O63.0|N|Z67.40|E|Z3A.40|E|Z37.0|E|||||||||||||||||||||||||||||||10D00Z1|3E0P7VZ|4A1HXCZ||||||||||||||||||||||||||||||||||540|,4756|1|Sistema Nacional de Salud|-
220054|HOSPITAL DE BARBASTRO|65061|BLBR540259910017||19/02/1954|2|22500|08/10/2024||21|1|TRA|||||||||||14/10/2024|TRA|TRA|TRA|73090858D|1|10/10/2024|S42.301A|S|W19.XXXA|E|Z80.3|E|Z92.21|E|Z90.12|E|||||||||||||||||||||||||||||||0PSC04Z||||||||||||||||||||||||||||||||||||315|1,3871|1|Sistema Nacional de Salud|-
220054|HOSPITAL DE BARBASTRO|171368|VLSN730226901017||26/02/1973|1|22400|13/10/2024||27|2|URO|||||||||||15/10/2024|URO|URO|URO|51460077S|1|14/10/2024|N20.1|S|N40.0|S|I10|S|F12.21|S|||||||||||||||||||||||||||||||||0TF78ZZ|0T9480Z|||||||||||||||||||||||||||||||||||443|1,0933|1|Sistema Nacional de Salud|-
220054|HOSPITAL DE BARBASTRO|50883|PRBT860370910017||30/03/1986|2|22300|14/10/2024||27|2|CGD|||||||||||15/10/2024|CGD|CGD|CGD|18025531V|1|14/10/2024|K64.2|S|K60.3|S|||||||||||||||||||||||||||||||||||||06BY0ZC|0J8B0ZZ|||||||||||||||||||||||||||||||||||226|,8052|1|Sistema Nacional de Salud|-
220054|HOSPITAL DE BARBASTRO|44149|LDGS410208910012||08/02/1941|1|22510|07/10/2024||21|1|MIR|||||||||||15/10/2024|MIR|MIR|MIR|18049390W|1||N39.0|S|U07.1|N|Y95|N|R54|S|I10|S|E11.9|S|I48.91|S|M35.3|S|E05.90|S|F41.9|S|F09|S|Z79.01|E|R29.6|S|Z91.81|E|Z86.73|E|Z88.8|E|Z85.46|E|||||||3E03329|0T9B70Z|0TPBX0Z|F0134ZZ|F01ZDZZ|XW033E5|3E033NZ|3E033GC|3E0337Z|3E0333Z|3E0F7GC||||||||||||||||||||||||||463|,5581|1|Sistema Nacional de Salud|-
220054|HOSPITAL DE BARBASTRO|214485|||29/08/1928|1|22580|11/10/2024||21|1|NRL|||||||||||16/10/2024|NRL|NRL|NRL|72993238R|1||G25.3|S|N17.8|S|T43.595A|S|K59.09|S|F05|N|Z78.1|E|I10|S|D64.9|S|I25.9|S|I69.334|E|Z86.19|E|Z59.3|E|Z79.01|E|||||||||||||||B020ZZZ|F07Z5FZ|3E0337Z|3E033NZ|||||||||||||||||4A00X4Z||||||||||||||||058|,9197|1|Sistema Nacional de Salud|-
220054|HOSPITAL DE BARBASTRO|226486|||07/09/1997|2|22375|13/10/2024||21|1|OBS|||||||||||16/10/2024|OBS|OBS|OBS|72781954H|1|13/10/2024|O00.102|S|K66.1|S|D50.0|S|||||||||||||||||||||||||||||||||||0UT64ZZ|BY49ZZZ|30233N1|3E033GC|||||||||||||||||||||||||||||||||547|,7144|1|Sistema Nacional de Salud|-
220054|HOSPITAL DE BARBASTRO|205214|||16/02/1984|1|22530|06/10/2024||21|1|MIR|07/10/2024|NML|||||||||16/10/2024|NML|NML|NML|07267217E|1||C34.01|S|C77.1|S|R76.12|S|F17.210|S|||||||||||||||||||||||||||||||||0BB58ZX|0BD28ZX|3E033NZ||||||||||||||||||CW3NYZZ||||||||8041/3|8041/6|||||||136|,8863|1|Sistema Nacional de Salud|-
220054|HOSPITAL DE BARBASTRO|106962|GSCR381130910012||30/11/1938|1|22423|13/10/2024||21|1|MIR|||||||||||16/10/2024|MIR|MIR|MIR|25195530L|1||J98.8|S|N39.0|S|B96.20|S|N41.0|S|J96.20|S|N18.9|S|J44.9|S|F10.20|S|R32|S|Z79.84|E|Z99.81|E|Z87.891|E|Z59.3|E|||||||||||||||4A02X4Z|3E03329|3E0F7GC|3E0337Z|||||||||||||||||||||||||||||||||144|,5063|1|Sistema Nacional de Salud|-
220054|HOSPITAL DE BARBASTRO|78481|MTPY470112910019||12/01/1947|1|22300|13/10/2024||21|1|MIR|||||||||||16/10/2024|MIR|MIR|MIR|18049390W|1||J98.8|S|I11.0|S|I50.23|S|Z85.118|E|Z90.2|E|Z87.891|E|I48.91|S|Z79.01|E|K57.30|S|H11.429|S|I45.10|S|||||||||||||||||||3E03329|3E0F7GC|3E033GC|3E013VG|4A02X4Z||||||||||||||||||||||||||||||||144|,6508|1|Sistema Nacional de Salud|-
220054|HOSPITAL DE BARBASTRO|211446|||06/07/1988|2|22340|16/10/2024||27|2|GIN|||||||||||16/10/2024|GIN|GIN|GIN|18073112B|1|16/10/2024|D24.1|S|Z88.6|E|||||||||||||||||||||||||||||||||||||0HBT0ZZ||||||||||||||||||||||||||||9010/0||||||||363|1,1044|1|Sistema Nacional de Salud|-
220054|HOSPITAL DE BARBASTRO|19612|BJMR350550904014||10/05/1935|2|22400|12/10/2024||21|1|MIR|14/10/2024|GRT|||||||||17/10/2024|GRT|GRT|GERIATRIA|18071569D|1||J98.8|S|J96.00|S|J20.9|N|E55.9|S|R73.09|S|T38.0X5A|S|R13.10|S|G47.00|S|R41.0|S|I10|S|D18.02|S|M81.0|S|F09|S|Z86.73|E|Z79.82|E|||||||||||3E0F7SF|3E03329|3E013GC|3E033NZ|3E0337Z|3E0333Z|3E033GC||||||||||||||||||||||9121/0||||||||144|,5063|1|Sistema Nacional de Salud|-
220054|HOSPITAL DE BARBASTRO|77292|MRSL490955910019||15/08/1949|2|22520|03/10/2024||30|1|NRL|||||||||||18/10/2024|NRL|NRL|NRL|73195071D|2||Z48.812|E|I63.9|S|R29.721|S|R29.713|N|G81.94|S|I48.0|S|I12.9|S|E11.22|S|N18.4|S|E78.5|S|G47.33|S|D50.9|S|F41.9|S|E21.3|S|E66.9|S|Z79.01|E|M10.9|S|Z85.3|E|Z92.21|E|Z92.3|E|B020ZZZ|F0727ZZ|F0717ZZ|3E013GC|3E013VG|3E033GC|3E03329|3E033NZ|3E0337Z||||||||||||||||||||||||||||862|1,1773|1|Sistema Nacional de Salud|-
220054|HOSPITAL DE BARBASTRO|32783|GMLV850752910014||12/07/1985|2|22330|17/10/2024||27|2|CGD|||||||||||18/10/2024|CGD|CGD|CGD|73210877Z|1|17/10/2024|K43.2|S|G93.32|S|M79.7|S|L40.50|S|F41.9|S|F50.00|S|Z86.001|E|||||||||||||||||||||||||||0WUF0JZ||||||||||||||||||||||||||||||||||||227|1,3673|1|Sistema Nacional de Salud|-
220054|HOSPITAL DE BARBASTRO|152901|BRSL410362901012||22/03/1941|2|22550|08/10/2024||21|1|MIR|||||||||||18/10/2024|MIR|MIR|MIR|17202610J|1||J40|S|N39.0|S|B96.20|S|I12.9|S|N18.31|S|D63.1|S|B02.9|S|K21.9|S|R73.01|S|E03.9|S|E87.5|S|I87.2|S|R33.9|S|||||||||||||||3E0F7GC|3E03329|3E033NZ|3E013GC|3E0333Z||||||||||||||||||||||||||||||||145|,5709|1|Sistema Nacional de Salud|-
220054|HOSPITAL DE BARBASTRO|222701|||11/09/1982|2|22400|17/10/2024||27|2|GIN|||||||||||18/10/2024|GIN|GIN|GIN|48151267P|1|17/10/2024|Z30.2|E|||||||||||||||||||||||||||||||||||||||0UB74ZZ||||||||||||||||||||||||||||||||||||850|1,6787|1|Sistema Nacional de Salud|-
220054|HOSPITAL DE BARBASTRO|79652|MRBR470155910010||15/01/1947|2|22500|16/10/2024||21|1|NRL|||||||||||18/10/2024|NRL|NRL|NRL|73195071D|1||I63.81|S|G46.6|S|R20.1|S|R29.701|S|R03.0|S|F32.A|S|||||||||||||||||||||||||||||B020ZZZ|B348ZZZ|B246ZZZ|4A02X4Z|||||||||||||||||||||||||||||||||045|,6846|1|Sistema Nacional de Salud|-
220054|HOSPITAL DE BARBASTRO|23862|MRBR580352911016||12/03/1958|2|22300|26/09/2024||21|1|TRA|||||||||||18/10/2024|TRA|TRA|TRA|73090858D|1|01/10/2024|S72.012A|S|W19.XXXA|S|I10|S|E78.5|S|G80.9|S|||||||||||||||||||||||||||||||0SRS0JZ|3E013GC|3E0337Z|3E033NZ|||||||||||||||||||||||||||||||||323|1,4375|1|Sistema Nacional de Salud|-
220054|HOSPITAL DE BARBASTRO|108654|FNMX390348910013||08/03/1939|2|22583|12/10/2024||21|1|MIR|14/10/2024|GRT|||||||||18/10/2024|GRT|GRT|GERIATRIA|18071569D|1||J20.9|S|F05|S|J96.10|S|I05.9|S|I50.9|S|R33.9|N|K59.00|N|I10|S|D50.9|S|E11.65|S|E11.319|S|I27.20|S|F32.A|S|Z99.81|E|Z79.4|E|Z79.84|E|Z79.01|E|E66.9|S|Z88.0|E|||3E03329|3E0333Z|3E0F7SF|3E033GC|0T9B70Z|0TPBX0Z|||||||||||||||||||||||||||||||145|,78|1|Sistema Nacional de Salud|-
220054|HOSPITAL DE BARBASTRO|65826|LPBL640703916016||03/07/1964|1|22450|17/10/2024||27|2|CGD|||||||||||18/10/2024|CGD|CGD|CGD|77133926E|1|17/10/2024|K60.3|S|||||||||||||||||||||||||||||||||||||||0J8B0ZZ|0JQB3ZZ|||||||||||||||||||||||||||||||||||951|1,0271|1|Sistema Nacional de Salud|-
220054|HOSPITAL DE BARBASTRO|141462|MRGM630531910018||31/05/1963|1|22520|16/10/2024||21|1|MIR|||||||||||18/10/2024|MIR|MIR|MIR|25195530L|2||K75.0|S|C25.9|S|Z79.630|E|Z79.631|E|Z79.634|E|Z90.410|E|E13.9|S|Z79.4|E|Z90.81|E|Z90.49|E|I25.9|S|Z87.891|E|Z79.82|E|||||||||||||||BW241ZZ|3E03329|3E033NZ|3E033GC|3E013GC||||||||||||||||||||||||8140/3||||||||279|,623|1|Sistema Nacional de Salud|-
220054|HOSPITAL DE BARBASTRO|104437|SLMN500415910015||15/04/1950|1|22500|16/10/2024||27|2|CGD|||||||||||18/10/2024|CGD|CGD|CGD|18045029B|1|16/10/2024|C44.42|S|I11.9|S|E78.5|S|E66.9|S|E11.9|S|I25.9|S|Z79.01|E|G47.33|S|Z99.89|E|F17.210|S|Z86.73|E|I87.2|S|K57.30|S|K64.8|S|Z79.84|E|||||||||||0HB4XZZ|0HX4XZZ|||||||||||||||||||||||||||8083/3||||||||361|1,3283|1|Sistema Nacional de Salud|-
220054|HOSPITAL DE BARBASTRO|29166|LSRC620861910013||21/08/1962|2|22400|18/10/2024||27|2|GIN|||||||||||18/10/2024|GIN|GIN|GIN|18073112B|1|18/10/2024|D25.0|S|I10|S|E03.9|S|L40.50|S|F41.9|S|Z68.39|E|Z79.631|E|Z80.9|E|Z82.49|E|||||||||||||||||||||||0UDB8ZX||||||||||||||||||||||||||||8890/0||||||||517|,8726|1|Sistema Nacional de Salud|-
220054|HOSPITAL DE BARBASTRO|224916|||27/09/1999|2|22400|17/10/2024||21|1|OBS|||||||||||20/10/2024|OBS|OBS|OBS|25153470A|1||O42.92|S|O69.82X0|S|O77.0|S|O70.0|N|O90.81|N|Z3A.38|E|Z37.0|E|Z67.10|E|||||||||||||||||||||||||10E0XZZ|3E0R3BZ|0HQ9XZZ|4A1HXCZ|30233N1||||||||||||||||||||||||||||||||560|,2876|1|Sistema Nacional de Salud|-
220054|HOSPITAL DE BARBASTRO|195388|BRPL410629910010||29/06/1941|1|22450|08/10/2024||21|1|MIR|09/10/2024|GRT|||||||||21/10/2024|GRT|GRT|GERIATRIA|18047202E|1||L89.209|S|G20|S|F02.80|S|I10|S|E11.9|S|E78.5|S|Z51.5|E|R32|S|Z59.3|E|||||||||||||||||||||||3E03329||||||||||||||||||||||||||||||||||||380|,6741|1|Sistema Nacional de Salud|-
220054|HOSPITAL DE BARBASTRO|2013|LZCS490809904019||09/08/1949|1|22300|11/10/2024||21|1|MIV|17/10/2024|CAR|||||||||22/10/2024|CAR|CAR|CAR|73202478X|1||D64.9|S|I21.A1|S|I25.10|S|I13.10|S|E78.5|S|E66.9|S|D47.2|S|M10.9|S|Z76.82|E|Z88.8|E|Z90.5|E|||||||||||||||||||30233N1|3E0F7SF|4A02X4Z|3E033NZ|B32SZZZ|B32TZZZ|B246ZZZ|3E013GC|4A12X4Z|4A13XB1|4A13XR1|0T9B70Z|||||||||||||||||9765/1||||||||663|,5007|1|Sistema Nacional de Salud|-
220054|HOSPITAL DE BARBASTRO|26443|MRBL520331910015||31/03/1952|1|22587|09/10/2024||21|1|MIR|||||||||||22/10/2024|MIR|MIR|MIR|17756249L|1||D50.9|S|K29.81|S|I50.9|S|K44.9|S|K29.70|S|K63.5|S|J20.9|S|J42|S|N17.9|S|E11.22|S|I12.9|S|N18.9|S|R19.09|S|I48.0|S|F17.210|S|Z79.01|E|Z79.84|E|Z79.1|E|Z95.0|E|||BW241ZZ|4A02X4Z|0DB98ZX|0DBE8ZX|30233N1|3E033GC|3E013VG|3E0F7GC|3E0333Z||||||||||||||||||||||||||||663|,643|1|Sistema Nacional de Salud|-
220054|HOSPITAL DE BARBASTRO|11407|LTMR340353910014||13/03/1934|2|22450|14/10/2024||21|1|MIR|15/10/2024|GRT|||||||||23/10/2024|GRT|GRT|GERIATRIA|18071569D|1||J44.1|S|J98.8|S|J96.91|S|J98.11|S|E11.65|S|E11.319|S|I10|S|I25.9|S|E78.5|S|K44.9|S|Z59.3|E|Z99.81|E|Z79.4|E|||||||||||||||3E03329|3E0333Z|3E033GC|3E013VG|3E1H78Z|3E0F7GC|3E0337Z|3E0F7SF|||||||||||||||||||||||||||||140|,7699|1|Sistema Nacional de Salud|-
220054|HOSPITAL DE BARBASTRO|28148|AR500114853X||24/09/1931|2|22533|19/10/2024||21|1|MIR|||||||||||23/10/2024|MIR|MIR|MIR|17702334Q|1||J98.8|S|I50.30|S|J96.91|S|I08.0|S|I42.1|S|I27.20|S|I48.0|S|E11.9|S|E05.00|S|Z79.84|E|Z99.81|E|Z88.6|E|Z59.3|E|Z74.09|S|||||||||||||3E03329|3E0F7SF|3E0F7GC|3E033GC|3E033NZ|3E0333Z|||||||||||||||||||||||||||||||144|,6508|1|Sistema Nacional de Salud|-
220054|HOSPITAL DE BARBASTRO|184151|TRSN840557904014||17/05/1984|2|22414|21/10/2024||21|1|OBS|||||||||||24/10/2024|OBS|OBS|OBS|48151267P|1||O80|E|Z3A.39|E|Z37.0|E|Z67.10|E|Z88.6|E|||||||||||||||||||||||||||||||10E0XZZ|3E0R3BZ|4A1HXCZ||||||||||||||||||||||||||||||||||560|,2876|1|Sistema Nacional de Salud|-
220054|HOSPITAL DE BARBASTRO|16002|GRBN580961913011||21/09/1958|2|22449|18/10/2024||21|1|MIR|||||||||||24/10/2024|MIR|MIR|MIR|73016622V|1||D50.9|S|A04.8|S|K44.9|S|K64.8|S|K64.4|S|N84.1|S|D25.0|S|I10|S|E03.9|S|E55.9|S|Z91.09|E|||||||||||||||||||0DJ08ZZ|0DJD8ZZ|0UBC7ZZ|BU4CZZZ|BW201ZZ|30233N1|||||||||||||||||||||||8895/0||||||||663|,643|1|Sistema Nacional de Salud|-
220054|HOSPITAL DE BARBASTRO|31150|MRGR620712910015||12/07/1962|1|22430|23/10/2024||27|2|CGD|||||||||||25/10/2024|CGD|CGD|CGD|19005451E|1|23/10/2024|K91.89|S|T81.83XA|S|K63.2|S|Y83.6|S|Z85.048|E|Z90.49|E|Z92.21|E|Z92.3|E|||||||||||||||||||||||||0D7Q7ZZ|0W9J7ZZ|||||||||||||||||||||||||||||||||||252|1,0904|1|Sistema Nacional de Salud|-
220054|HOSPITAL DE BARBASTRO|167359|LNGD480224901010||24/02/1948|1|22410|23/09/2024||21|1|MIR|||||||||||25/10/2024|MIR|MIR|MIR|45942132T|1||C34.11|S|J91.0|S|J96.00|S|C78.7|S|C22.0|S|L29.9|S|I10|S|E11.9|S|E66.9|S|K74.60|S|Z86.19|E|||||||||||||||||||0W993ZX|BW241ZZ|BF45ZZZ|4A02X4Z|3E0F7GC|3E0333Z|3E013VG|3E033NZ|3E033GC|3E0337Z|3E03329|3E0F7SF|||||||||BW30YZZ||||||||8140/3|8140/6|8170/3||||||136|,8863|1|Sistema Nacional de Salud|-
220054|HOSPITAL DE BARBASTRO|125427|RDCS630609910014||09/06/1963|1|22400|24/10/2024||27|2|CGD|||||||||||25/10/2024|CGD|CGD|CGD|72889973Y|1|24/10/2024|K81.1|S|E66.9|S|E78.5|S|I10|S|I49.49|S|E79.0|S|F10.10|S|Z87.891|E|||||||||||||||||||||||||0FT44ZZ||||||||||||||||||||||||||||||||||||263|,9851|1|Sistema Nacional de Salud|-
220054|HOSPITAL DE BARBASTRO|40757|RTPR300341910011||01/03/1930|2|22440|18/10/2024||21|1|MIR|21/10/2024|GRT|||||||||25/10/2024|GRT|GRT|GERIATRIA|18048054T|1||I11.0|S|I50.9|S|J96.00|S|N17.9|S|D53.9|S|I48.91|S|R54|S|F05|S|G31.84|S|F32.A|S|M19.90|S|M81.0|S|Z79.01|E|||||||||||||||B246ZZZ|4A02X4Z|BW40ZZZ|3E033GC|3E03329|3E0F7SF|3E0F7GC|3E013GC|3E033NZ||||||||||||||||||||||||||||194|,9142|1|Sistema Nacional de Salud|-
220054|HOSPITAL DE BARBASTRO|74283|MRFR421014901017||14/10/1942|1|22300|22/10/2024||21|1|CGD|||||||||||26/10/2024|CGD|CGD|CGD|77133926E|1|22/10/2024|K35.33|S|C18.1|S|E11.9|S|Z79.82|E|||||||||||||||||||||||||||||||||0DTJ4ZZ|BW20ZZZ|||||||||||||||||||||||||||8140/3||||||||233|,9505|1|Sistema Nacional de Salud|-
220054|HOSPITAL DE BARBASTRO|226606|||23/10/2024|2|22400|26/10/2024||24|1|PED|||||||||||27/10/2024|PED|PED|PED|76970719T|1||P59.9|S|||||||||||||||||||||||||||||||||||||||6A600ZZ||||||||||||||||||||||||||||||||||||640|,1011|1|Sistema Nacional de Salud|-
220054|HOSPITAL DE BARBASTRO|142533|FRCN790167862014||27/01/1979|2|22500|23/10/2024||27|2|CGD|||||||||||27/10/2024|CGD|CGD|CGD|50883390F|1|24/10/2024|N32.1|S|K66.0|S|Z72.0|E|||||||||||||||||||||||||||||||||||0DQN4ZZ|0DN84ZZ|0DNN4ZZ||||||||||||||||||||||||||||||||||447|1,2903|1|Sistema Nacional de Salud|-
220054|HOSPITAL DE BARBASTRO|218188|||10/06/2022|2|22400|26/10/2024||21|1|PED|||||||||||27/10/2024|PED|PED|PED|76970719T|1||R50.9|S|||||||||||||||||||||||||||||||||||||||||||||||||||||||||||||||||||||||||||722|,3896|1|Sistema Nacional de Salud|-
220054|HOSPITAL DE BARBASTRO|12818|CLLR360364910015||24/03/1936|2|22500|23/10/2024||21|1|MIR|||||||||||27/10/2024|MIR|MIR|MIR|17702334Q|4||A41.51|S|R65.21|S|N39.0|S|B96.20|S|Z16.12|S|E86.0|S|E87.0|S|E87.6|S|E83.51|S|I10|S|E11.9|S|J45.909|S|F09|S|Z86.73|E|Z59.3|E|||||||||||3E03329|3E0F7SF|3E0337Z|3E033NZ|3E013VG|3E0333Z|3E0F7GC|3E033GC|||||||||||||||||||||||||||||720|1,0915|1|Sistema Nacional de Salud|-
220054|HOSPITAL DE BARBASTRO|14556|RRFR721242910017||02/12/1972|2|22300|29/10/2024||27|2|CGD|||||||||||29/10/2024|CGD|CGD|CGD|18025531V|1||K80.20|S|K04.7|S|Z53.09|S|||||||||||||||||||||||||||||||||||||||||||||||||||||||||||||||||||||||284|,6359|1|Sistema Nacional de Salud|-
220054|HOSPITAL DE BARBASTRO|126790|GRCN540217910016||17/02/1954|1|22500|14/10/2024||21|1|MIR|||||||||||30/10/2024|MIR|MIR|MIR|45942132T|4||A41.9|S|R65.20|S|J18.9|S|Y95|E|J96.00|S|G93.41|S|I13.0|S|I50.33|S|E11.22|S|D63.1|S|N18.4|S|E11.51|S|I70.245|S|L97.529|S|N17.9|N|T50.905A|N|I27.20|S|F32.A|S|L82.1|S|K42.9|S|3E03329|BW24ZZZ|4A02X4Z|3E0333Z|3E033NZ|3E033GC|3E0F7GC|3E0F7SF|3E0337Z|3E013GC|||||||||||||||||||||||||||720|2,0958|1|Sistema Nacional de Salud|-
220054|HOSPITAL DE BARBASTRO|204113|||10/10/1992|2|22300|30/10/2024||27|2|CGD|||||||||||30/10/2024|CGD|CGD|CGD|73210877Z|1|30/10/2024|D24.2|S|||||||||||||||||||||||||||||||||||||||0HBU0ZZ||||||||||||||||||||||||||||9010/0||||||||363|1,1044|1|Sistema Nacional de Salud|-
220054|HOSPITAL DE BARBASTRO|59141|PLSN480661910014||21/06/1948|2|22430|29/10/2024||27|2|NRL|||||||||||31/10/2024|NRL|NRL|NRL|72993238R|1||G20|S|I10|S|E03.9|S|Z85.3|E|||||||||||||||||||||||||||||||||3E013GC||||||||||||||||||||||||||||||||||||042|,6275|1|Sistema Nacional de Salud|-
220054|HOSPITAL DE BARBASTRO|219466|||09/03/2007|1|22300|30/10/2024||21|1|CGD|||||||||||01/11/2024|CGD|CGD|CGD|77133926E|1|30/10/2024|K35.33|S|||||||||||||||||||||||||||||||||||||||0DTJ4ZZ||||||||||||||||||||||||||||||||||||233|,9505|1|Sistema Nacional de Salud|-
220054|HOSPITAL DE BARBASTRO|205103||8090234007000319|10/02/1999|2|22500|31/10/2024||21|1|OBS|||||||||||04/11/2024|OBS|OBS|OBS|18073112B|1||O42.92|S|O48.0|S|O99.214|S|O63.1|N|O70.1|N|O90.81|N|Z3A.40|E|Z37.0|E|Z67.10|E|||||||||||||||||||||||10D07Z6|3E0R3BZ|3E0P7VZ|0W8NXZZ|0KQM0ZZ|4A1HXCZ|3E03329||||||||||||||||||||||||||||||560|,3169|1|Sistema Nacional de Salud|-
220054|HOSPITAL DE BARBASTRO|205632|SNCM521115910014||15/11/1952|1|22131|29/10/2024||21|1|MIR|||||||||||04/11/2024|MIR|MIR|MIR|18049390W|1||J98.8|S|C34.11|S|C77.1|S|D84.821|S|T45.1X5A|S|I10|S|E78.5|S|E11.9|S|Z79.84|E|Z87.891|E|||||||||||||||||||||3E03329|3E0F7GC|3E0333Z|3E0F7SF|4A02X4Z|3E013VG|3E033NZ|3E013GC|||||||||||||||||||||8046/3|8046/6|||||||144|,6508|1|Sistema Nacional de Salud|-
220054|HOSPITAL DE BARBASTRO|67648|CTFN630424910014||24/04/1963|1|22232|04/11/2024||27|2|URO|||||||||||05/11/2024|URO|URO|URO|Y9933326P|1|04/11/2024|N13.1|S|C78.7|S|C78.01|S|C78.02|S|C78.1|S|Z85.048|E|Z90.49|E|I10|S|J44.9|S|||||||||||||||||||||||0T9380Z||||||||||||||||||||||||||||8140/6||||||||443|1,313|1|Sistema Nacional de Salud|-
220054|HOSPITAL DE BARBASTRO|89523|BLSN521255910018||15/12/1952|2|22530|05/11/2024||27|2|GIN|||||||||||05/11/2024|GIN|GIN|GIN|43558977J|1|05/11/2024|N84.0|S|I10|S|I87.2|S|||||||||||||||||||||||||||||||||||0UB98ZZ|0UDB8ZX|||||||||||||||||||||||||||||||||||513|,8396|1|Sistema Nacional de Salud|-
220054|HOSPITAL DE BARBASTRO|141348|LTTR040262910016||22/02/2004|2|22500|06/11/2024||27|2|OFT|||||||||||06/11/2024|OFT|OFT|OFT|72985487R|1|06/11/2024|H50.9|S|||||||||||||||||||||||||||||||||||||||08SL0ZZ|08BL0ZZ|||||||||||||||||||||||||||||||||||073|,9025|1|Sistema Nacional de Salud|-
220054|HOSPITAL DE BARBASTRO|8911|SPGR560206910018||06/02/1956|1|22513|31/10/2024||21|1|MIR|04/11/2024|NML|||||||||07/11/2024|NML|NML|NML|07267217E|1||J45.901|S|K44.9|S|K21.9|S|F32.A|S|N40.0|S|E78.5|S|Z87.891|E|J84.89|S|U09.9|S|I12.9|S|N18.9|S|||||||||||||||||||3E0F7GC|3E0333Z|3E0F7SF|3E033NZ|||||||||||||||||||||||||||||||||141|,5604|1|Sistema Nacional de Salud|-
220054|HOSPITAL DE BARBASTRO|203620|VLPD030865910010||25/08/2003|2|22520|04/11/2024||27|1|OBS|||||||||||07/11/2024|OBS|OBS|OBS|43558977J|1||O36.5930|S|O70.0|N|O90.81|N|Z67.40|E|Z37.0|E|Z3A.37|E|||||||||||||||||||||||||||||10E0XZZ|10S0XZZ|10907ZC|0U7C7ZZ|3E030VJ|4A1HXCZ|0UQGXZZ|3E0R3BZ|||||||||||||||||||||||||||||560|,3169|1|Sistema Nacional de Salud|-
220054|HOSPITAL DE BARBASTRO|38175|TRGE890468910011||28/04/1989|2|22132|05/11/2024||21|1|OBS|||||||||||07/11/2024|OBS|OBS|OBS|43558977J|1||O36.93X0|N|O70.1|N|O92.5|N|O90.81|N|Z67.40|E|Z3A.38|E|Z37.0|E|||||||||||||||||||||||||||10D07Z6|0W8NXZZ|0KQM0ZZ|3E0R3BZ|4A1HXCZ||||||||||||||||||||||||||||||||560|,2876|1|Sistema Nacional de Salud|-
220054|HOSPITAL DE BARBASTRO|204861|BKBK451212528011||12/12/1945|1|22450|31/10/2024||21|1|MIR|||||||||||07/11/2024|MIR|MIR|MIR|77135659F|1||K26.4|S|D50.0|S|K44.9|S|J44.9|S|I10|S|C61|S|Z59.3|E|||||||||||||||||||||||||||0DJ08ZZ|3E033GC|30233N1||||||||||||||||||||||||||8140/3||||||||241|,5914|1|Sistema Nacional de Salud|-
220054|HOSPITAL DE BARBASTRO|3288|GRGR290654910019||14/06/1929|2|22500|03/11/2024||21|1|MIR|04/11/2024|GRT|||||||||07/11/2024|GRT|GRT|GERIATRIA|72000771F|1||J98.8|S|I13.0|S|I50.9|S|N18.9|S|R13.19|S|I48.21|S|E78.5|S|E89.0|S|M81.0|S|I69.354|E|R32|S|Z79.01|E|||||||||||||||||4A02X4Z|3E033GC|3E0F7GC|3E0337Z|3E0333Z|3E033NZ|||||||||||||||||||||||||||||||144|,9353|1|Sistema Nacional de Salud|-
220054|HOSPITAL DE BARBASTRO|57109|DLLZ520815910014||15/08/1952|1|22533|02/11/2024||21|1|MIR|04/11/2024|GRT|||||||||08/11/2024|GRT|GRT|GERIATRIA|18071569D|1||I13.0|S|I50.23|S|E11.22|S|N18.32|S|I42.0|S|J96.00|S|K76.1|S|E78.5|S|G31.84|S|I69.351|E|I69.391|E|I69.320|E|I48.21|S|I08.0|S|T82.897A|S|I36.1|S|Y83.1|S|I27.20|S|E05.90|S|E79.0|S|3E033GC|3E03329|3E0F7SF|BW40ZZZ|4A02X4Z|3E033NZ|3E0337Z|3E013VG|||||||||||||||||||||||||||||194|,9142|1|Sistema Nacional de Salud|-
220054|HOSPITAL DE BARBASTRO|72123|GRPN581112910014||12/11/1958|1|22300|29/10/2024||21|1|MIR|||||||||||08/11/2024|MIR|MIR|MIR|17702334Q|1||A48.1|S|I48.92|S|R59.0|S|L82.1|S|D18.09|S|||||||||||||||||||||||||||||||B32S1ZZ|B32T1ZZ|BW241ZZ|4A02X4Z|B246ZZZ|3E03329|3E0F7SF||||||||||||||||||||||9120/0||||||||137|,7663|1|Sistema Nacional de Salud|-
220054|HOSPITAL DE BARBASTRO|73563|PLMT481109910011||09/11/1948|1|22590|28/10/2024||21|1|MIR|||||||||||08/11/2024|MIR|MIR|MIR|25195530L|1||N39.0|S|R97.20|S|R59.0|S|I11.9|S|||||||||||||||||||||||||||||||||BW24ZZZ|0DJD8ZZ|4A02X4Z||||||||||||||||||CW3NYZZ||||||||||||||||463|,4576|1|Sistema Nacional de Salud|-
220054|HOSPITAL DE BARBASTRO|32374|LCRT770403910012||03/04/1977|1|22300|06/11/2024||21|1|MIR|06/11/2024|NRL|||||||||09/11/2024|NRL|NRL|NRL|72971573W|1||I63.81|S|G46.5|S|F17.210|S|Z79.82|E|||||||||||||||||||||||||||||||||B020ZZZ|B246ZZZ|4A12X4Z||||||||||||||||||B030ZZZ|B33RZZZ|B338ZZZ||||||||||||||045|,6846|1|Sistema Nacional de Salud|-
220054|HOSPITAL DE BARBASTRO|69464|BDPX630456910018||16/04/1963|2|22330|06/11/2024||27|2|GIN|||||||||||09/11/2024|GIN|GIN|GIN|48151267P|1|07/11/2024|N81.3|S|N81.6|S|||||||||||||||||||||||||||||||||||||0UT97ZZ|0JQC0ZZ|||||||||||||||||||||||||||||||||||513|,8396|1|Sistema Nacional de Salud|-
220054|HOSPITAL DE BARBASTRO|41737|CMLV550707904012||07/07/1955|1|22400|05/11/2024||27|2|URO|||||||||||09/11/2024|URO|URO|URO|51460077S|1|06/11/2024|N40.1|S|N13.8|S|N39.41|S|N32.81|S|D47.3|S|Z86.008|E|||||||||||||||||||||||||||||0VB08ZZ||||||||||||||||||||||||||||9962/3||||||||482|,8616|1|Sistema Nacional de Salud|-
220054|HOSPITAL DE BARBASTRO|80725|LBRD430861910010||21/08/1943|2|22300|01/11/2024||21|1|CGD|||||||||||10/11/2024|CGD|CGD|CGD|19005451E|1||L02.211|S|K80.20|S|E78.00|S|||||||||||||||||||||||||||||||||||BW211ZZ|3E03329|3E033NZ|3E033GC|3E013GC||||||||||||||||||||||||||||||||383|,4196|1|Sistema Nacional de Salud|-
220054|HOSPITAL DE BARBASTRO|48911|PRSR300718910010||16/06/1930|1|22147|30/10/2024||21|1|MIR|31/10/2024|GRT|||||||||11/11/2024|GRT|GRT|GERIATRIA|18071569D|1||J43.2|S|J47.0|S|J22|S|J96.21|S|I50.9|S|K56.41|S|Z88.6|E|Z79.52|E|||||||||||||||||||||||||3E0333Z|3E0F7SF|3E03329|BW40ZZZ|4A02X4Z|3E0F7GC|3E1H78Z|3E033GC|3E013VG|3E013GC|3E033NZ||||||||||||||||||||||||||140|,7699|1|Sistema Nacional de Salud|-
220054|HOSPITAL DE BARBASTRO|147562|RFXX900731100015||31/07/1990|1|22520|01/10/2024||21|1|MIR|||||||||||11/11/2024|MIR|MIR|MIR|18045774C|1||A08.39|S|U07.1|S|R91.8|S|J47.0|S|J69.0|S|N39.0|S|B96.5|S|E83.01|S|F02.80|S|Z93.1|E|||||||||||||||||||||0DBN8ZX|0DBP8ZX|BW241ZZ|B32S1ZZ|B32T1ZZ|3E03329|XW033E5||||||||||||||||||||||||||||||249|,8|1|Sistema Nacional de Salud|-
220054|HOSPITAL DE BARBASTRO|2134|LPRS400154910013||21/01/1940|2|22300|07/11/2024||21|1|MIR|||||||||||11/11/2024|MIR|MIR|MIR|73016622V|1||I11.0|S|I50.30|S|I48.0|S|N39.0|S|S06.9X9A|S|X58.XXXA|S|E05.90|S|M19.90|S|Z86.000|E|Z92.3|E|Z88.1|E|Z79.82|E|Z79.891|E|||||||||||||||B246ZZZ|B020ZZZ|4A02X4Z|3E033GC|3E03329||||||||||||||||||||||||||||||||194|,6399|1|Sistema Nacional de Salud|-
220054|HOSPITAL DE BARBASTRO|63511|TMTM420317910016||17/03/1942|1|22559|25/10/2024||21|1|MIR|||||||||||11/11/2024|MIR|MIR|MIR|18045774C|4||N39.0|S|B95.2|S|C61|S|C78.5|S|C79.89|S|N17.9|S|E11.22|S|N18.9|S|J69.0|N|E78.5|S|M10.9|S|N20.0|S|Z96.0|S|Z95.3|E|||||||||||||3E03329|3E033NZ|3E0337Z|3E013VG|30233N1|3E013GC|3E0333Z|3E033GC|BW211ZZ||||||||||||||||||||8140/3|8140/6|||||||463|,7681|1|Sistema Nacional de Salud|-
220054|HOSPITAL DE BARBASTRO|56506|CSDM530314910015||14/03/1953|1|22500|05/11/2024||21|1|MIR|||||||||||11/11/2024|MIR|MIR|MIR|73016622V|4||Z51.5|E|C25.0|S|C78.7|S|C77.2|S|K70.31|S|E11.9|S|E78.5|S|Z66|S|||||||||||||||||||||||||3E033NZ|3E013VG|3E0337Z||||||||||||||||||||||||||8500/3|8500/6|||||||862|,7875|1|Sistema Nacional de Salud|-
220054|HOSPITAL DE BARBASTRO|211262|||01/01/1984|1|22532|29/10/2024||21|1|MIR|11/11/2024|MIV|||||||||12/11/2024|MIV|MIV|MIV|18037519E|4||C22.0|S|A41.9|N|R65.21|N|N17.9|N|E87.5|S|E87.20|S|K74.60|S|B19.10|S|I10|S|||||||||||||||||||||||BW201ZZ|BW241ZZ|BF45ZZZ|0BH17EZ|5A1945Z|5A1D90Z|3E03329|4A02X4Z|3E013GC|3E033NZ|3E033XZ||||||||||0F9930Z|0FB03ZX|BW30YZZ|BF35YZZ|BF37YZZ||||8170/3||||||||281|1,852|1|Sistema Nacional de Salud|-
220054|HOSPITAL DE BARBASTRO|226708|||12/04/1957|2|22500|04/11/2024||21|1|MIV|07/11/2024|CAR|||||||||13/11/2024|CAR|CAR|CAR|Y6058219X|1||I21.19|S|I25.10|S|N17.9|S|T50.8X5A|S|E11.22|S|N18.9|S|I11.0|S|I50.1|S|I50.20|S|I44.1|S|J96.01|S|I95.9|N|F41.9|S|Z88.0|E|I25.3|S|||||||||||B246ZZZ|4A02X4Z|3E013VG|3E033GC|3E03329|3E013GC|4A13XB1|4A12X4Z|4A13XR1||||||||||||027136Z|02703ZZ|B2111ZZ||||||||||||||190|1,0806|6|Financiación Mixta|-
220054|HOSPITAL DE BARBASTRO|44445|TBGR630321910015||21/03/1963|1|22437|11/11/2024||27|2|CGD|||||||||||13/11/2024|CGD|CGD|CGD|19005451E|1|12/11/2024|K42.9|S|K74.60|S|||||||||||||||||||||||||||||||||||||0WUF0JZ||||||||||||||||||||||||||||||||||||228|,8181|1|Sistema Nacional de Salud|-
220054|HOSPITAL DE BARBASTRO|2646|GNJM440201911019||01/02/1944|1|22300|09/11/2024||21|1|MIR|11/11/2024|NML|||||||||13/11/2024|NML|NML|NML|07267217E|1||J44.1|S|J44.0|S|J22|S|G47.33|S|I10|S|Z99.89|E|Z85.038|E|Z90.49|E|Z99.3|E|||||||||||||||||||||||3E03329|3E0333Z|3E0F7GC|3E0F7SF|||||||||||||||||||||||||||||||||140|,4929|1|Sistema Nacional de Salud|-
220054|HOSPITAL DE BARBASTRO|5501|RLSR600312910018||12/03/1960|1|22423|11/11/2024||27|2|URO|||||||||||14/11/2024|URO|URO|URO|Y9933326P|1|11/11/2024|N43.3|S|R73.01|S|K40.90|S|M54.50|S|||||||||||||||||||||||||||||||||0VB70ZZ||||||||||||||||||||||||||||||||||||483|1,0211|1|Sistema Nacional de Salud|-
220054|HOSPITAL DE BARBASTRO|18526|BRSN720757910017||17/07/1972|2|22300|09/11/2024||21|1|MIR|||||||||||14/11/2024|MIR|MIR|MIR|17756249L|1||D50.9|S|N92.0|S|R60.0|S|T43.205A|S|I87.2|S|K76.89|S|K59.03|S|T45.4X5A|S|K20.90|S|K21.9|S|K29.50|S|E03.9|S|F41.8|S|||||||||||||||BW201ZZ|BU4CZZZ|4A02X4Z|3E033GC|||||||||||||||||||||||||||||||||663|,5007|1|Sistema Nacional de Salud|-
220054|HOSPITAL DE BARBASTRO|16955|LTMR510809910012||09/08/1951|1|22483|12/11/2024||27|2|URO|||||||||||14/11/2024|URO|URO|URO|Y9933326P|1|12/11/2024|N30.20|S|F17.210|S|F10.21|S|I10|S|I71.40|S|F43.20|S|K44.9|S|Z95.0|E|||||||||||||||||||||||||0TBB8ZZ||||||||||||||||||||||||||||||||||||446|,7682|1|Sistema Nacional de Salud|-
220054|HOSPITAL DE BARBASTRO|178006|BRTR480161910017||21/01/1948|2|22550|13/11/2024||27|2|TRA|||||||||||15/11/2024|TRA|TRA|TRA|18054714J|1|14/11/2024|M75.121|S|M65.811|S|M24.111|S|M75.51|S|||||||||||||||||||||||||||||||||0LM14ZZ|0L814ZZ|||||||||||||||||||||||||||||||||||317|,9061|1|Sistema Nacional de Salud|-
220054|HOSPITAL DE BARBASTRO|10440|DGGN810559910019||19/05/1981|2|22400|07/11/2024||21|1|MIV|08/11/2024|MIR|11/11/2024|NML|||||||15/11/2024|NML|NML|NML|18056444H|1||J10.08|S|J13|S|J96.01|S|J96.02|S|E87.21|S|N17.9|S|I95.9|S|D64.9|S|F17.210|S|||||||||||||||||||||||4A13XB1|4A12X4Z|3E0F7SF|3E03329|3E013GC||||||||||||||||||||||||||||||||139|,85|1|Sistema Nacional de Salud|-
220054|HOSPITAL DE BARBASTRO|39028|GSRB371026910013||26/11/1937|1|22512|11/11/2024||21|1|MIR|12/11/2024|NML|||||||||15/11/2024|NML|NML|NML|18056444H|1||J15.8|S|B96.20|S|I10|S|E78.5|S|I48.91|S|||||||||||||||||||||||||||||||3E03329|3E0F7SF|||||||||||||||||||||||||||||||||||137|,5921|1|Sistema Nacional de Salud|-
220054|HOSPITAL DE BARBASTRO|50148|FMCN600841910015||01/08/1960|2|22500|13/11/2024||21|1|MIR|||||||||||15/11/2024|MIR|MIR|MIR|73016622V|1||I82.411|S|I82.431|S|I82.441|S|I82.451|S|I82.461|S|E78.5|S|I45.10|S|Z86.718|E|||||||||||||||||||||||||B54BZZZ|3E013GC|||||||||||||||||||||||||||||||||||197|,6688|1|Sistema Nacional de Salud|-
220054|HOSPITAL DE BARBASTRO|96643|THVL641259604017||19/12/1964|2|22330|13/11/2024||27|2|CGD|||||||||||15/11/2024|CGD|CGD|CGD|18045029B|1|13/11/2024|K80.10|S|N80.9|S|||||||||||||||||||||||||||||||||||||0FT44ZZ|BW40ZZZ|||||||||||||||||||||||||||||||||||263|,9851|1|Sistema Nacional de Salud|-
220054|HOSPITAL DE BARBASTRO|19305|GRRC320251910018||11/02/1932|2|22400|05/11/2024||21|1|MIR|||||||||||15/11/2024|MIR|MIR|MIR|25195530L|1||K80.00|S|C50.912|S|Z17.0|E|T81.32XA|S|Y83.6|S|I10|S|E78.5|S|M06.9|S|D50.9|S|H40.9|S|H25.9|S|E22.0|S|M81.0|S|Z79.810|E|Z88.8|E|Z93.3|E|||||||||BW201ZZ|BW40ZZZ|3E03329|3E0337Z|3E033NZ|3E033GC|3E013GC||||||||||||||||||||||8500/3||||||||284|,8061|1|Sistema Nacional de Salud|-
220054|HOSPITAL DE BARBASTRO|226805|||08/11/2024|1|22366|14/11/2024||21|1|PED|||||||||||16/11/2024|PED|PED|PED|72828135S|1||P59.9|S|||||||||||||||||||||||||||||||||||||||6A600ZZ||||||||||||||||||||||||||||||||||||640|,1011|6|Financiación Mixta|-
220054|HOSPITAL DE BARBASTRO|224570|||05/01/2024|1|22338|09/11/2024||21|1|PED|||||||||||17/11/2024|PED|PED|PED|18025482Z|1||J20.0|S|J96.01|S|P27.1|S|P07.26|S|P07.14|S|||||||||||||||||||||||||||||||3E0F7GC|3E03329|3E0F7SF||||||||||||||||||||||||||||||||||132|1,0798|1|Sistema Nacional de Salud|-
220054|HOSPITAL DE BARBASTRO|75675|DRXX441066084016||26/10/1944|2|22450|23/10/2024||21|1|MIV|26/10/2024|TRA|||||||||18/11/2024|TRA|TRA|TRA|Z2347614D|1|24/10/2024|S82.141C|S|S22.41XA|S|S32.10XA|S|S01.00XA|S|S91.011A|S|S81.812A|S|T79.4XXA|S|W10.9XXA|S|Y92.018|E|F10.27|S|I48.91|S|G25.0|S|D64.9|S|F05|N|E05.90|S|||||||||||0QSG35Z|B020ZZZ|BR20ZZZ|BW241ZZ|0JQ00ZZ|0JQP0ZZ|0JQQ0ZZ|0KQS0ZZ|3E0337Z|3E033NZ|30233N1|3E04329|4A12X4Z|4A133B1|3E033GC|3E013GC|3E013VG||||||||||||||||||||912|3,1547|1|Sistema Nacional de Salud|-
220054|HOSPITAL DE BARBASTRO|225011|||18/01/1994|2|22520|14/11/2024||27|2|OBS|||||||||||18/11/2024|OBS|OBS|OBS|72781954H|1|14/11/2024|O44.03|S|O99.284|S|E03.9|S|O90.81|N|Z3A.37|E|Z37.0|E|Z67.21|E|||||||||||||||||||||||||||10D00Z1|4A1HXCZ|3E033GC||||||||||||||||||||||||||||||||||540|,5712|1|Sistema Nacional de Salud|-
220054|HOSPITAL DE BARBASTRO|226821|||15/11/2024|2|22440|17/11/2024||24|1|PED|||||||||||18/11/2024|PED|PED|PED|76970719T|1||P59.9|S|||||||||||||||||||||||||||||||||||||||6A600ZZ||||||||||||||||||||||||||||||||||||640|,1011|1|Sistema Nacional de Salud|-
220054|HOSPITAL DE BARBASTRO|91683|SLSR950460901014||20/04/1995|2|22400|17/11/2024||21|1|OBS|||||||||||19/11/2024|OBS|OBS|OBS|72781954H|1||O48.0|S|O70.1|N|O90.81|N|Z3A.40|E|Z37.0|E|Z67.10|E|Z88.0|E|||||||||||||||||||||||||||10E0XZZ|3E0R3BZ|0KQM0ZZ|4A1HXCZ|3E0H73Z||||||||||||||||||||||||||||||||560|,2876|3|Mutuas de Accidentes de trabajo|-
220054|HOSPITAL DE BARBASTRO|67897|LDSN930153910015||13/01/1993|2|22400|16/11/2024||21|1|OBS|||||||||||19/11/2024|OBS|OBS|OBS|73010241F|1||O42.112|S|Z3A.14|E|||||||||||||||||||||||||||||||||||||3E03329|BY4CZZZ|||||||||||||||||||||||||||||||||||566|,5155|1|Sistema Nacional de Salud|-
220054|HOSPITAL DE BARBASTRO|95732|RVST420651910015||11/06/1942|2|22530|14/11/2024||21|1|MIR|||||||||||19/11/2024|MIR|MIR|MIR|45942132T|1||L76.34|S|Y83.4|E|I82.412|S|I11.0|S|I50.9|S|E66.9|S|M15.9|S|F32.A|S|E79.0|S|E89.0|S|Z88.6|E|Z88.8|E|||||||||||||||||0J983ZX|BW20ZZZ|BW40ZZZ|3E013GC|||||||||||||||||||||||||||||||||813|,6979|1|Sistema Nacional de Salud|-
220054|HOSPITAL DE BARBASTRO|32046|CXMR630902910019||02/09/1963|1|22300|19/11/2024||27|2|CGD|||||||||||20/11/2024|CGD|CGD|CGD|73210877Z|1|19/11/2024|K40.91|S|K40.90|S|Z88.6|S|||||||||||||||||||||||||||||||||||0YUA4JZ||||||||||||||||||||||||||||||||||||228|,8181|1|Sistema Nacional de Salud|-
220054|HOSPITAL DE BARBASTRO|213677|RMBL800151910010||11/01/1980|2|22145|19/11/2024||22|1|GIN|||||||||||20/11/2024|GIN|GIN|GIN|72781954H|1||D25.0|S|G89.11|N|Y83.8|S|F17.210|S|||||||||||||||||||||||||||||||||0UB98ZZ||||||||||||||||||||||||||||8890/0||||||||519|,7015|1|Sistema Nacional de Salud|-
220054|HOSPITAL DE BARBASTRO|146553|GSVL370511910010||11/05/1937|1|22300|30/10/2024||21|1|CGD|||||||||||20/11/2024|CGD|CGD|CGD|73210877Z|1|06/11/2024|K81.0|S|Z53.31|E|N18.6|S|Z99.2|E|E79.0|S|E03.8|S|N40.0|S|D63.1|S|D70.9|S|D69.6|S|||||||||||||||||||||0FT40ZZ|0FJ44ZZ|BW20ZZZ|5A1D70Z|30233N1|3E03329|3E03328|3E033NZ|3E013GC|3E033GC|3E0337Z||||||||||||||||||||||||||263|1,679|1|Sistema Nacional de Salud|-
220054|HOSPITAL DE BARBASTRO|87247|RPVL690618910019||18/06/1969|1|22390|18/11/2024||21|1|MIR|||||||||||21/11/2024|MIR|MIR|MIR|18049390W|1||C18.7|S|D12.6|S|F17.210|S|||||||||||||||||||||||||||||||||||0DBN8ZX|0DBN8ZZ|BW241ZZ|3E033NZ|||||||||||||||||||||||||8480/3|8211/0|||||||240|,7521|1|Sistema Nacional de Salud|-
220054|HOSPITAL DE BARBASTRO|12101|PCSC580326910010||26/03/1958|1|22500|16/11/2024||21|1|TRA|||||||||||22/11/2024|TRA|TRA|TRA|Z2347614D|1|16/11/2024|S82.852A|S|W19.XXXA|S|Z88.6|E|||||||||||||||||||||||||||||||||||0QSH35Z|0QPH04Z|0QSK04Z|0QSH04Z|||||||||||||||||||||||||||||||||313|1,1312|1|Sistema Nacional de Salud|-
220054|HOSPITAL DE BARBASTRO|122539|TJXX680903504014||03/09/1968|1|22300|19/11/2024||21|1|NRL|||||||||||22/11/2024|NRL|NRL|NRL|29121261H|1||I63.542|S|R29.701|S|R20.1|S|E11.9|S|F10.10|S|Z79.84|E|Z79.82|E|||||||||||||||||||||||||||B020ZZZ|B33RZZZ|B348ZZZ|4A12X4Z|||||||||||||||||B030ZZZ||||||||||||||||045|,6846|1|Sistema Nacional de Salud|-
220054|HOSPITAL DE BARBASTRO|86777|PRCV450521910015||21/05/1945|1|22400|15/11/2024||21|1|MIR|||||||||||22/11/2024|MIR|MIR|MIR|18055798Q|1||J44.1|S|J44.0|S|J22|S|B96.5|S|B96.89|S|I50.9|S|I48.21|S|J96.92|S|N17.9|S|N18.31|S|F17.210|S|I08.1|S|I27.20|S|E11.9|S|Z79.84|E|Z79.01|E|Z85.49|E|Z90.79|E|Z90.49|E|Z95.820|E|3E03329|3E0F7GC|3E0333Z|3E033NZ|3E013VG|3E033GC|3E0F7SF|4A02X4Z|||||||||||||||||||||||||||||140|,7699|1|Sistema Nacional de Salud|-
220054|HOSPITAL DE BARBASTRO|97876|VNRV450613910015||13/06/1945|1|22131|21/11/2024||27|2|CGD|||||||||||23/11/2024|CGD|CGD|CGD|18025531V|1|22/11/2024|K43.2|S|N40.1|S|E79.0|S|I12.9|S|N18.9|S|E78.5|S|Z85.028|E|Z90.49|E|||||||||||||||||||||||||0WUF0JZ||||||||||||||||||||||||||||||||||||227|1,0731|1|Sistema Nacional de Salud|-
220054|HOSPITAL DE BARBASTRO|209575|||04/02/1978|2|22480|19/11/2024||27|1|OBS|||||||||||23/11/2024|OBS|OBS|OBS|18073112B|1|20/11/2024|O36.63X0|S|O24.429|S|O65.4|N|O69.82X0|S|Z67.11|E|O26.893|S|Z3A.39|E|Z37.0|E|||||||||||||||||||||||||10D00Z1|3E0P7VZ|0U7C7ZZ|10907ZC|4A1HXCZ|3E0234Z|||||||||||||||||||||||||||||||540|,4756|1|Sistema Nacional de Salud|-
220054|HOSPITAL DE BARBASTRO|206495|||19/03/2005|2|22300|21/11/2024||21|1|OBS|||||||||||23/11/2024|OBS|OBS|OBS|18073112B|1|23/11/2024|O03.4|S|||||||||||||||||||||||||||||||||||||||10D17ZZ|BY48ZZZ|||||||||||||||||||||||||||||||||||543|,431|1|Sistema Nacional de Salud|-
220054|HOSPITAL DE BARBASTRO|167051|HRBT090460910019||20/04/2009|2|22400|22/11/2024||21|1|CGD|||||||||||24/11/2024|CGD|CGD|CGD|50883390F|1|22/11/2024|K35.80|S|||||||||||||||||||||||||||||||||||||||0DTJ4ZZ|BW20ZZZ|3E033NZ|3E0337Z|||||||||||||||||||||||||||||||||234|,7668|1|Sistema Nacional de Salud|-
220054|HOSPITAL DE BARBASTRO|32237|BLLG330516910010||16/05/1933|1|22400|19/11/2024||21|1|URO|||||||||||24/11/2024|URO|URO|URO|Y9933326P|1||R31.9|S|I10|S|E78.5|S|I48.21|S|I08.0|S|Z79.01|E|Z85.028|E|Z90.3|E|Z85.46|E|Z90.79|E|||||||||||||||||||||3E1K78Z|0T9B70Z|3E03329|3E0337Z|3E033NZ|3E033GC|3E013GC||||||||||||||||||||||||||||||468|,4959|1|Sistema Nacional de Salud|-
220054|HOSPITAL DE BARBASTRO|73978|RBCL530821910019||21/08/1953|1|22300|20/11/2024||21|1|URO|||||||||||24/11/2024|URO|URO|URO|Y9933326P|1||N99.89|S|N39.0|S|N99.820|S|Y83.6|S|||||||||||||||||||||||||||||||||3E03329|0T2BX0Z|3E0337Z|3E013GC|3E033NZ||||||||||||||||||||||||||||||||466|,6138|1|Sistema Nacional de Salud|-
220054|HOSPITAL DE BARBASTRO|109711|BRMR571015910015||15/10/1957|1|22413|21/11/2024||21|1|NEF|||||||||||25/11/2024|NEF|NEF|NEF|73018568P|1||D61.811|S|T45.1X5A|S|T50.4X5A|S|I77.82|S|N01.9|S|I10|S|E78.5|S|E79.0|S|Z87.891|E|||||||||||||||||||||||30233N1|3E013GC|3E013VJ||||||||||||||||||||||||||||||||||660|,7966|1|Sistema Nacional de Salud|-
220054|HOSPITAL DE BARBASTRO|189078|||17/01/1935|1|22400|15/11/2024||21|1|MIR|||||||||||26/11/2024|MIR|MIR|MIR|18055798Q|1||J18.9|S|Y95|E|E11.22|S|N18.4|S|D63.1|S|D50.9|S|I10|S|F32.A|S|F03.B0|S|Z79.4|E|Z79.84|E|Z59.3|E|||||||||||||||||3E03329|3E0F7SF|3E033NZ|3E0F7GC|3E0333Z|3E033GC|3E0337Z||||||||||||||||||||||||||||||139|,5829|1|Sistema Nacional de Salud|-
220054|HOSPITAL DE BARBASTRO|213047|||20/01/2021|2|22400|24/11/2024||21|1|PED|||||||||||26/11/2024|PED|PED|PED|76970719T|1||R56.00|S|J98.8|S|B97.89|S|B97.10|S|||||||||||||||||||||||||||||||||3E033NZ||||||||||||||||||||||||||||||||||||053|,5154|1|Sistema Nacional de Salud|-
220054|HOSPITAL DE BARBASTRO|147813|MLTN790630910019||30/06/1979|1|22466|18/11/2024||21|1|CGD|||||||||||26/11/2024|CGD|CGD|CGD|73021831M|1||L03.116|S|M54.50|S|G89.29|S|||||||||||||||||||||||||||||||||||BW21ZZZ|BH48ZZZ|3E03329|3E033NZ|3E0337Z|3E0333Z|3E033GC|3E013GC|||||||||||||||||||||||||||||383|,4196|1|Sistema Nacional de Salud|-
220054|HOSPITAL DE BARBASTRO|67042|SLBS711144910010||04/11/1971|2|22468|27/11/2024||27|2|CGD|||||||||||27/11/2024|CGD|CGD|CGD|50883390F|1||C44.519|S|Z53.29|N|F70|S|||||||||||||||||||||||||||||||||||||||||||||||||||||||||||||||8090/3||||||||385|,434|1|Sistema Nacional de Salud|-
220054|HOSPITAL DE BARBASTRO|79646|VIZR600744910015||04/07/1960|2|22500|24/11/2024||21|1|CGD|||||||||||28/11/2024|CGD|CGD|CGD|18045029B|1||K80.12|S|K82.4|S|I10|S|E78.5|S|F32.A|S|G50.1|S|||||||||||||||||||||||||||||0FT44ZZ||||||||||||||||||||||||||||||||||||263|,9851|1|Sistema Nacional de Salud|-
220054|HOSPITAL DE BARBASTRO|74105|MRMR580360904012||20/03/1958|2|22550|23/11/2024||21|1|MIR|||||||||||28/11/2024|MIR|MIR|MIR|17702334Q|1||A41.9|S|C20|S|C78.7|S|C78.00|S|R20.2|S|K60.3|S|I10|S|E78.5|S|Z79.60|E|Z79.891|E|Z88.0|E|||||||||||||||||||3E03329|3E033NZ|3E0337Z|3E033GC|||||||||||||||||||||||||8140/6|8140/3|||||||720|,7111|1|Sistema Nacional de Salud|-
220054|HOSPITAL DE BARBASTRO|7169|SQSQ400747904018||07/07/1940|2|22535|25/11/2024||27|2|CGD|||||||||||28/11/2024|CGD|CGD|CGD|17852991T|1|26/11/2024|K80.10|S|I12.9|S|E11.22|S|N18.9|S|E78.5|S|E79.0|S|E03.9|S|K76.0|S|Z88.0|E|Z88.8|E|||||||||||||||||||||0FT44ZZ||||||||||||||||||||||||||||||||||||263|,9851|1|Sistema Nacional de Salud|-
220054|HOSPITAL DE BARBASTRO|78461|RDSC561060910011||20/10/1956|2|22532|09/11/2024||21|1|MIR|||||||||||28/11/2024|MIR|MIR|MIR|25195530L|1||J44.1|S|J44.0|S|J22|S|J96.10|S|E66.2|S|I11.0|S|I50.33|S|E11.65|S|R71.8|S|E78.1|S|E78.5|S|F32.A|S|F17.210|S|Z95.1|E|Z79.82|E|||||||||||5A0945Z|B246ZZZ|3E03329|3E0337Z|||||||||||||||||||||||||||||||||140|,7699|1|Sistema Nacional de Salud|-
220054|HOSPITAL DE BARBASTRO|36828|CTMR601244910015||04/12/1960|2|22394|23/11/2024||21|1|NRL|||||||||||28/11/2024|NRL|NRL|NRL|29121261H|1||I63.81|S|R29.700|S|R47.01|S|R53.1|S|D18.03|S|K20.90|S|K44.9|S|G43.909|S|Z88.6|E|Z88.8|E|Z91.018|E|||||||||||||||||||B246ZZZ|BW40ZZZ|B020ZZZ|BW211ZZ|4A02X4Z|4A12X4Z|||||||||||||||B030ZZZ||||||||9120/0||||||||045|,8638|1|Sistema Nacional de Salud|-
220054|HOSPITAL DE BARBASTRO|12870|MRLS310812910018||12/08/1931|1|22300|24/11/2024||21|1|MIR|||||||||||28/11/2024|MIR|MIR|MIR|73016622V|4||I13.0|S|I50.9|S|E11.22|S|N18.4|S|N17.9|S|J44.9|S|Z79.4|E|Z66|S|||||||||||||||||||||||||3E033GC|3E0337Z|3E0333Z|3E033NZ|3E0F7GC||||||||||||||||||||||||||||||||194|,6399|1|Sistema Nacional de Salud|-
220054|HOSPITAL DE BARBASTRO|225383|||02/03/2006|2|22300|26/11/2024||21|1|OBS|||||||||||29/11/2024|OBS|OBS|OBS|72781954H|1||O42.92|S|O70.0|N|O90.81|N|Z3A.39|E|Z37.0|E|Z67.20|E|||||||||||||||||||||||||||||10E0XZZ|3E0R3BZ|3E0P7VZ|0UQGXZZ|3E03329|4A1HXCZ|||||||||||||||||||||||||||||||560|,2876|1|Sistema Nacional de Salud|-
220054|HOSPITAL DE BARBASTRO|206245|||28/07/1956|1|22310|22/11/2024||21|1|MIR|||||||||||29/11/2024|MIR|MIR|MIR|25195530L|1||M65.141|S|B96.89|S|I10|S|E78.5|S|E03.8|S|E79.0|S|F31.9|S|||||||||||||||||||||||||||3E03329||||||||||||||||||||||||||||||||||||351|,5067|1|Sistema Nacional de Salud|-
220054|HOSPITAL DE BARBASTRO|28436|SLLT320223910017||23/02/1932|1|22300|25/11/2024||21|1|MIR|26/11/2024|GRT|||||||||29/11/2024|GRT|GRT|GERIATRIA|18048054T|1||J44.1|S|J96.00|S|J00|S|I25.2|E|I48.21|S|I50.32|S|E05.80|S|Z79.01|E|Z79.52|E|||||||||||||||||||||||3E0F7GC|3E03329|3E0333Z|3E033GC|3E013VG||||||||||||||||||||||||||||||||140|,7699|1|Sistema Nacional de Salud|-
220054|HOSPITAL DE BARBASTRO|186650|AR100751203R||05/05/1947|2|22500|25/11/2024||21|1|MIR|26/11/2024|NML|||||||||29/11/2024|NML|NML|NML|18056444H|1||J43.9|S|J98.8|S|J96.21|S|I10|S|E78.5|S|Z87.891|E|F32.A|S|Z99.81|E|||||||||||||||||||||||||3E03329|3E0F7GC|3E0333Z|3E033NZ|3E0F7SF|3E013GC|3E013VG|4A02X4Z|||||||||||||||||||||||||||||140|,7699|1|Sistema Nacional de Salud|-
220054|HOSPITAL DE BARBASTRO|51298|CMJN601105910011||05/11/1960|1|22410|28/11/2024||27|2|CGD|||||||||||30/11/2024|CGD|CGD|CGD|18045029B|1|28/11/2024|C20|S|K86.0|S|K86.81|S|J44.9|S|J96.10|S|F32.A|S|Z99.81|E|Z99.89|E|Z88.1|E|||||||||||||||||||||||0DBP7ZZ||||||||||||||||||||||||||||8140/3||||||||226|1,624|1|Sistema Nacional de Salud|-
220054|HOSPITAL DE BARBASTRO|26443|MRBL520331910015||31/03/1952|1|22587|26/11/2024||27|2|MIR|||||||||||30/11/2024|MIR|MIR|MIR|18055770B|1||K55.21|S|D50.0|S|E11.9|S|I10|S|I48.0|S|F17.210|S|Z79.01|E|Z79.84|E|Z95.0|E|||||||||||||||||||||||3E033GC|3E013VG|||||||||||||||||||0DJD7ZZ||||||||||||||||253|,6996|1|Sistema Nacional de Salud|-
220054|HOSPITAL DE BARBASTRO|226986|||23/06/1958|1|50016|30/11/2024||21|1|TRA|||||||||||01/12/2024|TRA|TRA|TRA|18054714J|2||S72.22XA|S|V19.88XA|E|Y92.828|E|||||||||||||||||||||||||||||||||||2W6MX0Z|3E033NZ|||||||||||||||||||||||||||||||||||340|,4366|6|Financiación Mixta|-
220054|HOSPITAL DE BARBASTRO|7061|RDPB500328910016||28/03/1950|1|22500|29/11/2024||27|2|URO|||||||||||01/12/2024|URO|URO|URO|Y9933326P|1|29/11/2024|D09.0|S|I12.9|S|N18.30|S|E78.5|S|E79.0|S|I82.501|S|Z79.01|E|Z88.0|E|Z88.1|E|||||||||||||||||||||||0TBB8ZZ||||||||||||||||||||||||||||8130/2||||||||446|,9801|1|Sistema Nacional de Salud|-
220054|HOSPITAL DE BARBASTRO|100232|SLGM820843910018||03/08/1982|2|22400|29/11/2024||27|1|OBS|||||||||||02/12/2024|OBS|OBS|OBS|72781954H|1|30/11/2024|O34.219|S|O48.0|S|O24.429|S|O99.284|S|E06.3|S|O99.334|S|F17.210|S|Z3A.40|E|Z37.0|E|Z67.10|E|||||||||||||||||||||10D00Z1|4A1HXCZ|||||||||||||||||||||||||||||||||||540|,4756|1|Sistema Nacional de Salud|-
220054|HOSPITAL DE BARBASTRO|108187|SLFL380357910018||17/03/1938|2|22533|23/11/2024||21|1|TRA|||||||||||03/12/2024|TRA|TRA|TRA|Y2004544Q|2|26/11/2024|S72.102A|S|W19.XXXA|E|D64.9|S|L97.919|S|L97.929|S|I10|S|E78.5|S|I48.91|S|Z79.01|E|G30.9|S|F02.C0|S|Z59.3|E|Z79.84|E|||||||||||||||0QS736Z|3E013GC|3E033VJ|3E033NZ|3E03329|3E013VG|3E033GC|3E033NZ|3E0337Z|F07L6ZZ|F07Z9ZZ||||||||||||||||||||||||||308|1,4102|1|Sistema Nacional de Salud|-
220054|HOSPITAL DE BARBASTRO|129237|GRGR360418910016||18/04/1936|1|22300|21/11/2024||27|2|CGD|||||||||||03/12/2024|CGD|CGD|CGD|72889973Y|1|22/11/2024|C18.8|S|C78.4|S|C78.6|S|C77.2|S|K91.89|N|K56.0|N|Y83.6|N|E78.5|S|K21.9|S|E79.0|S|N40.0|S|Z86.73|E|K57.30|S|K29.40|S|||||||||||||0DTF4ZZ|0DBB4ZZ|0DBW4ZZ|3E03329|3E0337Z|3E033NZ|3E013GC|3E0336Z|||||||||||||||||||||8510/3|8510/6|||||||230|1,7507|1|Sistema Nacional de Salud|-
220054|HOSPITAL DE BARBASTRO|100570|VLVL680331904013||31/03/1968|1|22440|26/11/2024||27|2|TRA|||||||||||03/12/2024|TRA|TRA|TRA|50873405G|1|27/11/2024|M17.11|S|||||||||||||||||||||||||||||||||||||||0SRC0JZ||||||||||||||||||||||||||||||||||||326|1,2262|1|Sistema Nacional de Salud|-
220054|HOSPITAL DE BARBASTRO|226995|||11/04/2022|1|22510|03/12/2024||21|1|PED|||||||||||04/12/2024|PED|PED|PED|18161158J|1||J04.0|S|||||||||||||||||||||||||||||||||||||||3E0F7GC||||||||||||||||||||||||||||||||||||113|,3364|1|Sistema Nacional de Salud|-
220054|HOSPITAL DE BARBASTRO|171027|YLTR540356901012||16/03/1954|2|22420|27/11/2024||27|2|TRA|||||||||||04/12/2024|TRA|TRA|TRA|Z2347614D|1|28/11/2024|M17.11|S|I12.9|S|N18.9|S|Z96.652|S|Z88.0|E|Z88.6|E|||||||||||||||||||||||||||||0SRC0JZ||||||||||||||||||||||||||||||||||||326|1,2262|1|Sistema Nacional de Salud|-
220054|HOSPITAL DE BARBASTRO|123519|CVPY590617901016||17/06/1959|1|22520|30/11/2024||21|1|CGD|||||||||||04/12/2024|CGD|CGD|CGD|73021831M|1||K56.600|S|N39.0|S|B95.2|S|I10|S|E78.1|S|I48.21|S|K76.0|S|I42.0|S|C79.51|S|Z85.038|E|Z90.49|E|Z93.3|E|Z85.51|E|Z90.6|E|Z93.6|E|Z79.01|E|||||||||BW201ZZ|3E0DXGC|3E03329|3E033NZ|3E013GC|3E0337Z|3E033GC||||||||||||||||||||||8120/6||||||||247|,9669|1|Sistema Nacional de Salud|-
220054|HOSPITAL DE BARBASTRO|176582|PCGN980920910015||20/09/1998|1|22550|02/12/2024||27|2|TRA|||||||||||04/12/2024|TRA|TRA|TRA|Z2347614D|1|03/12/2024|S62.022A|S|W19.XXXA|E|Z88.1|E|||||||||||||||||||||||||||||||||||0PSN04Z|3E033NZ|3E0333Z|3E03329|||||||||||||||||||||||||||||||||316|,8026|1|Sistema Nacional de Salud|-
220054|HOSPITAL DE BARBASTRO|171483|PYNS360249910017||09/02/1936|2|22300|29/11/2024||21|1|MIR|||||||||||04/12/2024|MIR|MIR|MIR|17702334Q|1||U07.1|S|J98.8|S|E86.0|S|E87.0|S|F03.C0|S|I12.9|S|N18.9|S|L89.153|S|I69.351|E|Z93.1|E|Z99.81|E|I44.7|S|F32.A|S|M15.9|S|Z79.82|E|Z59.3|E|Z74.09|S|||||||3E0337Z|3E03329|3E033NZ|3E0333Z|3E013GC|4A02X4Z|3E0F7SF|3E0G76Z|||||||||||||||||||||||||||||137|1,0895|1|Sistema Nacional de Salud|-
220054|HOSPITAL DE BARBASTRO|47342|AR500126158J||05/05/1990|1|22300|04/12/2024||27|2|CGD|||||||||||04/12/2024|CGD|CGD|CGD|72889973Y|1|04/12/2024|N62|S|||||||||||||||||||||||||||||||||||||||0HBV0ZZ||||||||||||||||||||||||||||||||||||363|1,1044|1|Sistema Nacional de Salud|-
220054|HOSPITAL DE BARBASTRO|53510|BGFR570204910015||04/02/1957|1|22300|04/12/2024||27|2|CGD|||||||||||05/12/2024|CGD|CGD|CGD|50883390F|1|04/12/2024|K43.2|S|Z95.5|E|I10|S|Z85.51|E|Z85.028|E|Z90.3|E|Z92.21|E|D35.01|S|D35.02|S|D35.2|S|Z87.891|E|I73.9|S|Z86.711|E|Z79.02|E|||||||||||||0WUF0JZ||||||||||||||||||||||||||||||||||||227|1,0731|1|Sistema Nacional de Salud|-
220054|HOSPITAL DE BARBASTRO|39579|ZNLP700828901016||28/08/1970|1|22423|02/12/2024||21|1|MIR|||||||||||05/12/2024|MIR|MIR|MIR|18052661F|1||C20|S|C78.5|S|K91.89|S|K63.3|S|D50.0|S|I10|S|E78.5|S|Z85.038|E|Z90.49|E|||||||||||||||||||||||3E033GC|3E0337Z|||||||||||||||||||||||||||8140/3|8140/6|||||||240|,8515|1|Sistema Nacional de Salud|-
220054|HOSPITAL DE BARBASTRO|127483|CHRN011046910014||06/10/2001|2|22300|03/12/2024||27|2|TRA|||||||||||05/12/2024|TRA|TRA|TRA|Z2347614D|1|04/12/2024|Q78.4|E|F41.8|S|G40.909|S|F17.210|S|||||||||||||||||||||||||||||||||0QBC0ZZ|0QUC0JZ|||||||||||||||||||||||||||||||||||309|1,3123|1|Sistema Nacional de Salud|-
220054|HOSPITAL DE BARBASTRO|42457|MNSN320368910015||28/03/1932|2|22300|30/11/2024||21|1|MIR|||||||||||05/12/2024|MIR|MIR|MIR|18049390W|1||J22|S|R78.81|S|B96.20|S|Z16.12|S|I12.9|S|N18.9|S|I25.2|E|I42.0|S|I27.20|S|I34.0|S|I87.2|S|M15.9|S|M62.84|S|R54|S|Z79.82|E|Z88.0|E|Z59.3|E|Z74.09|S|Z66|S|||3E03329|3E0F7GC|3E0F7SF|3E033NZ|3E0333Z|3E033GC|3E0337Z||||||||||||||||||||||||||||||144|,9353|1|Sistema Nacional de Salud|-
220054|HOSPITAL DE BARBASTRO|96531|PCSL470208910015||08/02/1947|1|22330|27/11/2024||21|1|MIR|||||||||||07/12/2024|MIR|MIR|MIR|72987424Y|1||I50.31|S|J96.20|S|J98.8|S|J84.112|S|I27.23|S|K44.9|S|M15.9|S|Z77.090|S|N40.0|S|Z99.81|E|Z86.711|E|Z86.718|E|||||||||||||||||3E033GC|3E0F7SF|B246ZZZ|4A02X4Z|3E03329|3E033NZ|3E0333Z|3E013GC|3E013VG|3E0F7GC|||||||||||||||||||||||||||194|,9142|1|Sistema Nacional de Salud|-
220054|HOSPITAL DE BARBASTRO|3357|HRLB490515901013||15/05/1949|1|22400|07/12/2024||21|1|MIR|||||||||||08/12/2024|MIR|MIR|MIR|45942132T|4||J69.0|S|J96.90|S|G20|S|R13.19|S|N39.0|S|G47.33|S|E11.9|S|E78.5|S|F09|S|Z59.3|E|Z99.89|E|||||||||||||||||||3E03329|3E033NZ|3E0F7GC|3E0337Z|3E0333Z|3E013VG|||||||||||||||||||||||||||||||137|1,0895|1|Sistema Nacional de Salud|-
220054|HOSPITAL DE BARBASTRO|108145|108145||04/09/1988|2|22400|05/12/2024||27|2|OBS|||||||||||09/12/2024|OBS|OBS|OBS|73003838K|1|06/12/2024|O24.424|S|O36.63X0|S|O41.03X0|S|O34.211|S|O99.284|S|E66.9|S|E03.9|S|O92.5|N|O90.81|N|Z67.40|E|Z3A.38|E|Z37.0|E|||||||||||||||||10D00Z1|4A1HXCZ|3E033GC||||||||||||||||||||||||||||||||||540|,5712|1|Sistema Nacional de Salud|-
220054|HOSPITAL DE BARBASTRO|29871|HRQV880855910010||15/08/1988|2|22300|08/12/2024||21|1|OBS|||||||||||10/12/2024|OBS|OBS|OBS|72781954H|1|08/12/2024|O00.101|S|||||||||||||||||||||||||||||||||||||||10T24ZZ|0UT54ZZ|||||||||||||||||||||||||||||||||||547|,5392|1|Sistema Nacional de Salud|-
220054|HOSPITAL DE BARBASTRO|15018|MLRM410802904011||08/08/1941|1|22550|07/12/2024||21|1|MIR|||||||||||10/12/2024|MIR|MIR|MIR|18049390W|1||I13.0|S|I50.9|S|J96.20|S|N17.9|S|D69.49|S|E11.22|S|N18.32|S|D63.1|S|I48.91|S|I34.0|S|E87.5|S|I27.20|S|K76.6|S|K31.89|S|E79.0|S|E78.5|S|I70.0|S|E66.9|S|Z85.51|E|Z92.3|E|3E033GC|3E013VG|||||||||||||||||||||||||||||||||||194|1,4978|1|Sistema Nacional de Salud|-
220054|HOSPITAL DE BARBASTRO|38544|DRBF890601910014||01/06/1989|1|22390|10/12/2024||27|2|URO|||||||||||11/12/2024|URO|URO|URO|51460077S|1|10/12/2024|Q55.22|E|||||||||||||||||||||||||||||||||||||||0VSC0ZZ||||||||||||||||||||||||||||||||||||483|1,0211|1|Sistema Nacional de Salud|-
220054|HOSPITAL DE BARBASTRO|153044|LTVS430619901013||19/06/1943|1|22583|08/12/2024||21|1|MIR|||||||||||11/12/2024|MIR|MIR|MIR|18055798Q|1||J98.8|S|J33.8|S|I10|S|I48.0|S|J45.909|S|Z87.891|E|Z79.01|E|||||||||||||||||||||||||||3E03329|3E0F7GC|3E013GC|3E0333Z|||||||||||||||||||||||||||||||||144|,5063|1|Sistema Nacional de Salud|-
220054|HOSPITAL DE BARBASTRO|21558|MRSL341268910016||28/12/1934|2|22500|04/12/2024||21|1|MIR|05/12/2024|GRT|||||||||11/12/2024|GRT|GRT|GERIATRIA|72000771F|1||J18.9|S|D64.9|S|I10|S|E03.9|S|G20|S|F43.21|S|G54.7|S|Z89.612|E|Z79.82|E|Z99.3|E|||||||||||||||||||||3E03329|3E033NZ|3E0F7GC|3E0F7SF|30233N1|3E0337Z|3E033GC|3E013GC|||||||||||||||||||||||||||||139|,5829|1|Sistema Nacional de Salud|-
220054|HOSPITAL DE BARBASTRO|13374|AR900399260X||17/02/1961|2|22300|06/12/2024||21|1|MIR|||||||||||11/12/2024|MIR|MIR|MIR|25195530L|1||K83.09|S|R78.81|S|B96.20|S|R93.2|S|I10|S|E11.9|S|E78.5|S|I25.2|E|I25.10|S|E06.3|S|J44.9|S|D75.1|S|K76.0|S|Z79.84|E|||||||||||||3E03329|3E0337Z|3E033NZ||||||||||||||||||||||||||||||||||284|,8061|1|Sistema Nacional de Salud|-
220054|HOSPITAL DE BARBASTRO|78181|PLPS280966910014||26/09/1928|2|22400|28/11/2024||21|1|MIR|29/11/2024|GRT|||||||||11/12/2024|GRT|GRT|GERIATRIA|72000771F|4||I13.0|S|I50.33|S|E11.22|S|N18.30|S|N39.0|S|I48.91|S|M10.9|S|E06.3|S|E03.2|S|T46.2X5S|E|Z85.820|E|Z86.16|E|Z85.038|E|Z99.81|E|Z79.4|E|Z59.3|E|||||||||3E033GC|3E033NZ|3E0337Z|3E0333Z|3E0F7GC|3E03329|3E013VJ||||||||||||||||||||||||||||||194|,4787|1|Sistema Nacional de Salud|-
220054|HOSPITAL DE BARBASTRO|195420|||15/11/1995|1|22400|11/12/2024||27|2|CGD|||||||||||12/12/2024|CGD|CGD|CGD|17852991T|1|11/12/2024|K60.1|S|||||||||||||||||||||||||||||||||||||||0D8R0ZZ||||||||||||||||||||||||||||||||||||226|,8052|1|Sistema Nacional de Salud|-
220054|HOSPITAL DE BARBASTRO|9730|BSPR430625910014||25/06/1943|1|22422|10/12/2024||27|2|URO|||||||||||12/12/2024|URO|URO|URO|Y9933326P|1|11/12/2024|N20.0|S|Z96.0|S|I10|S|||||||||||||||||||||||||||||||||||0TF38ZZ|0TP580Z|0T9380Z||||||||||||||||||||||||||||||||||443|1,0933|1|Sistema Nacional de Salud|-
220054|HOSPITAL DE BARBASTRO|167643|STXX860844642030||04/08/1986|2|22400|09/12/2024||21|1|MIR|10/12/2024|NML|||||||||12/12/2024|NML|NML|NML|18056444H|1||R04.2|S|J98.8|S|R92.2|S|K44.9|S|K21.9|S|K41.90|S|J45.909|S|F43.20|S|F41.8|S|F17.210|S|Z88.8|E|||||||||||||||||||BW241ZZ|3E03329|3E0F7GC||||||||||||||||||||||||||||||||||145|,473|1|Sistema Nacional de Salud|-
220054|HOSPITAL DE BARBASTRO|160350|FFXX060107910010||07/01/2006|1|22500|12/12/2024||27|2|CGD|||||||||||13/12/2024|CGD|CGD|CGD|18045029B|1|12/12/2024|L05.92|S|||||||||||||||||||||||||||||||||||||||0JB90ZZ||||||||||||||||||||||||||||||||||||383|,4196|1|Sistema Nacional de Salud|-
220054|HOSPITAL DE BARBASTRO|104101|LMSS390408901018||08/04/1939|1|22500|09/12/2024||21|1|URO|||||||||||13/12/2024|URO|URO|URO|Y9933326P|1||R31.0|S|D50.0|S|Z79.01|E|I48.0|S|I10|S|Z95.0|E|K57.30|S|M15.9|S|M81.0|S|N40.0|S|Z90.49|E|||||||||||||||||||3E1K78Z|0T9B70Z|30233N1|3E033GC|3E03329|3E0337Z|3E013GC||||||||||||||||||||||||||||||468|,4959|1|Sistema Nacional de Salud|-
220054|HOSPITAL DE BARBASTRO|108345|CSVL520121910017||21/01/1952|1|22452|06/12/2024||21|1|MIR|10/12/2024|NML|||||||||13/12/2024|NML|NML|NML|18056444H|1||J43.8|S|J98.8|S|J96.00|S|I27.20|S|R91.8|S|I10|S|E78.5|S|N40.1|S|N39.3|S|F10.21|S|Z87.891|E|Z99.81|E|Z79.52|E|||||||||||||||B32S1ZZ|B32T1ZZ|4A02X4Z|3E0333Z|3E03329||||||||||||||||||||||||||||||||140|,7699|1|Sistema Nacional de Salud|-
220054|HOSPITAL DE BARBASTRO|31977|BYMR431153910019||13/11/1943|2|22234|18/11/2024||27|2|NEF|||||||||||13/12/2024|NEF|NEF|NEF|25470560S|1||T80.211A|S|L02.413|S|L02.212|S|L02.31|S|K65.1|S|B95.61|S|N39.0|S|B96.20|S|Z16.12|S|E11.22|S|N18.6|S|Z99.2|E|I11.0|S|I50.9|S|F05|S|E78.5|S|I48.91|S|R06.00|N|R50.2|N|T36.95XA|N|02PYX3Z|BW241ZZ|B246ZZ4|3E03329|3E033NZ|3E033GC|3E013GC||||||||||||||||||||||||||||||721|1,2369|1|Sistema Nacional de Salud|-
220054|HOSPITAL DE BARBASTRO|204861|BKBK451212528011||12/12/1945|1|22450|20/11/2024||21|1|MIR|||||||||||14/12/2024|MIR|MIR|MIR|17756249L|1||I26.99|S|I82.432|S|J98.8|S|Y95|S|D64.9|S|N39.0|N|B96.20|S|A04.72|N|I48.91|S|F09|S|L89.152|S|E46|S|J44.9|S|I10|S|C61|S|Z79.01|E|Z59.3|E|Z79.82|E|Z79.818|E|||BW241ZZ|4A02X4Z|3E03329|30233N1|3E0337Z|3E03328|||||||||||||||||||||||8140/3||||||||134|1,0692|1|Sistema Nacional de Salud|-
220054|HOSPITAL DE BARBASTRO|98270|JSML371208910012||08/12/1937|1|22300|03/12/2024||21|1|MIR|||||||||||15/12/2024|MIR|MIR|MIR|25195530L|4||J18.9|S|N17.9|S|I11.0|S|I50.9|S|E11.9|S|E78.5|S|D64.9|S|M10.9|S|E03.9|S|Z85.51|E|Z87.891|E|||||||||||||||||||BW24ZZZ|3E03329|3E033GC|3E0337Z|3E033NZ|3E013VG|3E013GC||||||||||||||||||||||||||||||139|,5829|1|Sistema Nacional de Salud|-
220054|HOSPITAL DE BARBASTRO|74862|CMMR710642910017||02/06/1971|2|22400|11/12/2024||21|1|MIR|||||||||||17/12/2024|MIR|MIR|MIR|18052661F|1||J20.9|S|J96.01|S|F17.210|S|||||||||||||||||||||||||||||||||||3E03329|3E0F7GC|3E0333Z|3E0F7SF|||||||||||||||||||||||||||||||||145|,78|1|Sistema Nacional de Salud|-
220054|HOSPITAL DE BARBASTRO|208856|||11/06/1935|1|22400|09/12/2024||21|1|MIR|10/12/2024|GRT|||||||||18/12/2024|GRT|GRT|GERIATRIA|18047202E|4||E11.01|S|J18.9|S|E78.5|S|D50.9|S|G31.83|S|F02.80|S|I51.7|S|I27.20|S|R13.10|S|T17.918A|N|Z86.73|E|Z79.4|E|||||||||||||||||3E03329|3E0337Z|3E033GC|3E013GC|3E033NZ||||||||||||||||||||||||||||||||420|,7905|1|Sistema Nacional de Salud|-
220054|HOSPITAL DE BARBASTRO|11501|TOMN441017910014||17/10/1944|1|22310|10/12/2024||21|1|MIR|||||||||||18/12/2024|MIR|MIR|MIR|17202610J|1||I50.20|S|J06.9|S|I42.0|S|I48.21|S|I25.9|S|Z95.5|E|I08.0|S|I10|S|E78.5|S|Z95.810|E|G30.9|S|F02.80|S|Z86.73|E|N40.0|S|Z79.01|E|L23.1|S|||||||||3E033GC|3E0F7GC|3E03329|3E0337Z|3E013VG|3E033NZ|||||||||||||||||||||||||||||||194|,4787|1|Sistema Nacional de Salud|-
220054|HOSPITAL DE BARBASTRO|82001|MRLC480626910013||26/06/1948|1|22232|04/12/2024||27|2|TRA|||||||||||18/12/2024|TRA|TRA|TRA|18054714J|1|05/12/2024|Z47.33|E|T84.54XD|E|I10|S|E78.5|S|N40.0|S|G47.33|S|Z99.89|E|||||||||||||||||||||||||||0SRD0JZ|0SPD08Z|3E013GC|3E03329|3E0337Z||||||||||||||||||||||||||||||||325|2,2593|1|Sistema Nacional de Salud|-
220054|HOSPITAL DE BARBASTRO|22872|NSMR450118910011||18/01/1945|1|22300|17/12/2024||27|2|URO|||||||||||18/12/2024|URO|URO|URO|28626568D|1|17/12/2024|N20.1|S|Z96.0|S|I10|S|Z85.51|E|Z85.46|E|Z92.3|E|||||||||||||||||||||||||||||0TF68ZZ|0TP580Z|0T9380Z||||||||||||||||||||||||||||||||||443|1,0933|1|Sistema Nacional de Salud|-
220054|HOSPITAL DE BARBASTRO|126001|MRTR000125910018||25/01/2000|1|22500|17/12/2024||27|2|CGD|||||||||||18/12/2024|CGD|CGD|CGD|19005451E|1|17/12/2024|K40.90|S|||||||||||||||||||||||||||||||||||||||0YU64JZ||||||||||||||||||||||||||||||||||||228|,8181|1|Sistema Nacional de Salud|-
220054|HOSPITAL DE BARBASTRO|43597|LLPR380228910010||28/02/1938|1|22400|17/12/2024||21|1|MIR|18/12/2024|NRL|||||||||19/12/2024|NRL|NRL|NRL|72971573W|4||I61.0|S|R40.2413|S|H53.47|S|H51.8|S|G81.91|S|G51.0|S|R47.01|S|I48.91|S|I12.0|S|E11.22|S|N18.5|S|D63.1|S|F43.23|S|Z86.73|E|Z85.46|E|Z92.3|E|Z79.01|E|||||||B020ZZZ|3E033GC|3E033NZ|3E0337Z|||||||||||||||||||||||||||||||||044|1,377|1|Sistema Nacional de Salud|-
220054|HOSPITAL DE BARBASTRO|74283|MRFR421014901017||14/10/1942|1|22300|12/12/2024||27|2|CGD|||||||||||19/12/2024|CGD|CGD|CGD|77133926E|1|13/12/2024|C18.1|S|K66.0|S|K91.71|N|E11.9|S|Z79.82|E|Z79.84|E|||||||||||||||||||||||||||||0DTF4ZZ|0DBB0ZZ|3E03329|3E033NZ|3E013GC|3E033GC|||||||||||||||||||||||8140/3||||||||230|1,2548|1|Sistema Nacional de Salud|-
220054|HOSPITAL DE BARBASTRO|218869|||15/07/2013|1|22550|19/12/2024||21|1|PED|||||||||||20/12/2024|PED|PED|PED|76970719T|1||G40.909|S|F84.0|S|||||||||||||||||||||||||||||||||||||||||||||||||||||||||||||||||||||||||053|,6385|1|Sistema Nacional de Salud|-
220054|HOSPITAL DE BARBASTRO|137443|BRRR350454910010||14/04/1935|2|22511|12/12/2024||21|1|TRA|||||||||||20/12/2024|TRA|TRA|TRA|50873405G|1|16/12/2024|S72.012A|S|W19.XXXA|S|D50.0|N|E53.8|S|E55.9|S|I10|S|G31.83|S|F02.80|S|Z79.82|E|||||||||||||||||||||||0SRS0J9|3E033NZ|3E013GC|F07L6ZZ|F07Z9ZZ||||||||||||||||||||||||||||||||323|1,6211|1|Sistema Nacional de Salud|-
220054|HOSPITAL DE BARBASTRO|42258|PRLJ640813910016||13/08/1964|1|22533|18/12/2024||21|1|MIR|19/12/2024|MIV|||||||||20/12/2024|MIV|MIV|MIV|52109312Y|2||A41.9|S|R65.21|S|K80.42|S|D68.9|S|D69.6|S|C22.0|S|C77.2|S|K70.9|S|G47.33|S|I48.0|S|E66.9|S|Z68.34|E|N62|S|N40.0|S|E55.9|S|D50.9|S|Z79.82|E|Z79.60|E|||||BW201ZZ|3E04329|3E0437Z|3E043XZ|30243N1|30243R1|4A133B1|4A12X4Z|4A13XR1|0T9B70Z|||||||||||BF35ZZZ|BF37ZZZ|||||||8180/3|8180/6|||||||720|1,0915|1|Sistema Nacional de Salud|-
220054|HOSPITAL DE BARBASTRO|36126|MDLP490421910013||21/04/1949|1|22400|18/12/2024||21|1|MIV|19/12/2024|CAR|||||||||20/12/2024|CAR|CAR|CAR|73005036T|1||I21.4|S|I25.10|S|I10|S|E78.5|S|E10.65|S|E10.319|S|E10.40|S|Z79.4|E|||||||||||||||||||||||||4A02X4Z|B246ZZZ|||||||||||||||||||027035Z|B2111ZZ|||||||||||||||190|,7973|1|Sistema Nacional de Salud|-
220054|HOSPITAL DE BARBASTRO|201125|KNXX801220466017||20/12/1980|1|22500|16/12/2024||27|2|MIR|||||||||||20/12/2024|MIR|MIR|MIR|18055798Q|1||R59.1|S|R10.13|S|K29.50|S|K31.A0|S|||||||||||||||||||||||||||||||||BW241ZZ|BW2F1ZZ|0DB68ZX||||||||||||||||||CW3NYZZ||||||||||||||||663|,5007|1|Sistema Nacional de Salud|-
220054|HOSPITAL DE BARBASTRO|225088|||28/05/1993|2|22588|18/12/2024||21|1|OBS|||||||||||21/12/2024|OBS|OBS|OBS|73010241F|1||O42.02|S|O99.72|S|L40.9|S|O70.20|N|Z3A.40|E|Z67.10|E|Z37.0|E|||||||||||||||||||||||||||10E0XZZ|0DQR0ZZ|3E0P7VZ|4A1HXCZ|||||||||||||||||||||||||||||||||542|,3901|1|Sistema Nacional de Salud|-
220054|HOSPITAL DE BARBASTRO|214324|||14/05/2021|1|22500|19/12/2024||21|1|PED|||||||||||21/12/2024|PED|PED|PED|72828135S|1||B00.2|S|P07.17|S|||||||||||||||||||||||||||||||||||||3E0337Z|3E033NZ|||||||||||||||||||||||||||||||||||114|,4103|1|Sistema Nacional de Salud|-
220054|HOSPITAL DE BARBASTRO|31240|SNRZ800367910018||27/03/1980|2|22300|12/12/2024||21|1|MIR|||||||||||22/12/2024|MIR|MIR|MIR|18055798Q|1||K85.10|S|K75.9|S|E78.5|S|F32.A|S|F17.210|S|||||||||||||||||||||||||||||||BW40ZZZ|BW201ZZ|3E03329|3E033NZ|3E013GC|3E0337Z|||||||||||||||||||||||||||||||282|,481|1|Sistema Nacional de Salud|-
220054|HOSPITAL DE BARBASTRO|216527|||18/05/1986|2|22330|20/12/2024||27|1|OBS|||||||||||22/12/2024|OBS|OBS|OBS|73087164H|1|20/12/2024|O34.219|S|O99.02|S|O99.283|S|E55.9|S|O48.0|S|Z3A.41|E|Z67.11|E|Z37.0|E|||||||||||||||||||||||||10D00Z1|4A1HXCZ|||||||||||||||||||||||||||||||||||540|,4756|1|Sistema Nacional de Salud|-
220054|HOSPITAL DE BARBASTRO|79926|FRPL360152904012||12/01/1936|2|22500|13/12/2024||21|1|TRA|||||||||||23/12/2024|TRA|TRA|TRA|50873405G|1|19/12/2024|S72.341A|S|M97.11XA|S|W19.XXXA|S|Y92.10|S|D64.9|N|I13.0|S|I50.9|S|E11.22|S|N18.9|S|I27.20|S|J47.9|S|E78.5|S|I48.21|S|I45.10|S|F03.90|S|M81.0|S|G31.84|S|F32.A|S|Z86.73|E|Z59.3|E|0QSB04Z|30233N1|3E033GC|3E013VJ|||||||||||||||||||||||||||||||||308|1,4102|1|Sistema Nacional de Salud|-
220054|HOSPITAL DE BARBASTRO|50478|FRLZ590330910015||30/03/1959|1|22533|17/12/2024||21|1|NML|||||||||||23/12/2024|NML|NML|NML|18056444H|1||R91.8|S|I77.811|S|I10|S|N40.0|S|Z87.891|E|||||||||||||||||||||||||||||||BW241ZZ|0B918ZX|||||||||||||||||||||||||||||||||||144|,5063|1|Sistema Nacional de Salud|-
220054|HOSPITAL DE BARBASTRO|148660|MRRZ470343904014||03/03/1947|2|22549|26/11/2024||21|1|MIR|||||||||||23/12/2024|MIR|MIR|MIR|17702334Q|1||C34.90|S|C79.31|S|N39.0|S|B96.20|S|M47.12|S|I10|S|E79.0|S|E66.9|S|E11.9|S|E03.8|S|J44.9|S|G47.33|S|G82.20|S|B91|E|Z79.4|E|Z79.82|E|Z99.3|E|Z86.718|E|||||3E1F88X|BW241ZZ|B020ZZZ|3E033NZ|3E0337Z|3E03328|3E0333Z|3E013GC|||||||||||||B030YZZ|BR30YZZ|BP38ZZZ|BP39ZZZ|CW3NYZZ||||8000/3|8000/6|||||||136|,8863|1|Sistema Nacional de Salud|-
220054|HOSPITAL DE BARBASTRO|41421|SLLN490444910019||04/04/1949|2|22300|17/12/2024||27|2|TRA|||||||||||24/12/2024|TRA|TRA|TRA|Z2347614D|1|18/12/2024|M17.11|S|Z88.0|E|||||||||||||||||||||||||||||||||||||0SRC0J9||||||||||||||||||||||||||||||||||||326|1,2262|1|Sistema Nacional de Salud|-
220054|HOSPITAL DE BARBASTRO|102051|CLPR750953910010||13/09/1975|2|22300|17/12/2024||21|1|TRA|||||||||||24/12/2024|TRA|TRA|TRA|50873405G|1|18/12/2024|M84.552A|S|C79.51|S|C78.00|S|C78.7|S|C79.02|S|C38.3|S|Z85.3|E|Z90.12|E|Z79.811|E|Z79.630|E|Z92.3|E|||||||||||||||||||0QS736Z|3E033NZ|3E0333Z||||||||||||||||||||||||||8500/6|8890/3|||||||308|1,4102|1|Sistema Nacional de Salud|-
220054|HOSPITAL DE BARBASTRO|8918|LLPR541230910014||30/12/1954|1|22549|01/12/2024||21|1|ORL|||||||||||24/12/2024|ORL|ORL|ORL|26283260X|1|05/12/2024|C12|S|Z92.3|E|||||||||||||||||||||||||||||||||||||0B110F4|0CBPXZX|0DH63UZ|3E03329|3E0333Z|3E0337Z|3E0F7GC||||||||||||||CW3NYZZ||||||||8070/3||||||||097|,5411|1|Sistema Nacional de Salud|-
220054|HOSPITAL DE BARBASTRO|1824|MRVN460917910017||17/09/1946|1|22420|22/10/2024||21|1|NRL|04/11/2024|MIR|11/11/2024|MIV|14/11/2024|MIR|||||26/12/2024|MIR|MIR|MIR|45942132T|5||S06.5X0A|S|W19.XXXA|S|R48.2|S|I26.99|N|I27.24|N|I82.422|N|I82.220|N|I82.412|N|I82.432|N|N17.9|N|E87.21|N|G72.81|N|E88.09|N|B34.9|N|I80.9|N|F32.A|N|I10|S|E11.9|S|G47.33|S|M19.90|S|B020ZZZ|B32S1ZZ|B32T1ZZ|B246ZZZ|B54CZZZ|BW241ZZ|B549ZZZ|0T9B70Z|F07Z9FZ|F07Z8ZZ|3E0437Z|3E013GC|3E0F7SF|3E0333Z|BW40ZZZ|4A13XB1|4A13XR1|4A10X4Z|0TPBX0Z||06H03DZ|B5191ZZ|||||||||||||||055|2,8057|1|Sistema Nacional de Salud|-
220054|HOSPITAL DE BARBASTRO|227188|||23/03/1942|2|22300|23/12/2024||21|1|MIR|25/12/2024|NRL|||||||||27/12/2024|NRL|NRL|NRL|72971573W|1||I63.81|S|G46.5|S|I10|S|E03.9|S|||||||||||||||||||||||||||||||||B020ZZZ|B32RZZZ|4A12X4Z|3E0337Z|3E033NZ||||||||||||||||||||||||||||||||045|,6846|3|Mutuas de Accidentes de trabajo|-
220054|HOSPITAL DE BARBASTRO|35077|LPMS470713910011||13/07/1947|1|22300|17/12/2024||21|1|MIR|||||||||||27/12/2024|MIR|MIR|MIR|18052661F|1||J15.1|S|D50.9|S|K55.20|S|K57.30|S|K64.8|S|K64.4|S|K74.69|S|K70.30|S|I85.10|S|K76.6|S|K31.89|S|E11.9|S|Z88.0|E|Z79.84|E|||||||||||||3E03329|3E0F7GC|3E0F7SF|BW201ZZ|0DJ08ZZ|0DJD8ZZ|30233N1|3E033GC|3E013GC|3E013VG|||||||||||||||||||||||||||137|,7663|1|Sistema Nacional de Salud|-
220054|HOSPITAL DE BARBASTRO|131117|MRBR580804910011||04/08/1958|1|22452|13/11/2024||21|1|MIV|16/12/2024|MIR|||||||||28/12/2024|MIR|MIR|MIR|18052661F|1|28/11/2024|A41.52|S|R65.21|S|J15.1|S|J96.00|S|N17.9|S|D68.9|S|N39.0|S|B96.20|S|I48.91|S|E66.9|S|||||||||||||||||||||0B110F4|5A1D90Z|3E03329|3E033GC|3E033NZ|3E0G76Z|3E0F7SF|B246ZZZ|||||||||||||||||||||||||||||710|4,7321|1|Sistema Nacional de Salud|-
220054|HOSPITAL DE BARBASTRO|226847|MLBR920469910018||29/04/1992|2|22430|24/12/2024||21|1|OBS|||||||||||28/12/2024|OBS|OBS|OBS|73003838K|1|25/12/2024|O42.02|S|O65.4|S|O75.2|N|O90.81|N|Z67.40|E|Z3A.38|E|Z37.0|E|||||||||||||||||||||||||||10D00Z1|4A1HXCZ|||||||||||||||||||||||||||||||||||540|,5712|1|Sistema Nacional de Salud|-
220054|HOSPITAL DE BARBASTRO|224991|||14/09/1998|2|22400|27/12/2024||21|1|OBS|||||||||||29/12/2024|OBS|OBS|OBS|25153470A|1||O34.83|S|Z67.40|E|Z3A.39|E|Z37.0|E|||||||||||||||||||||||||||||||||10E0XZZ|10907ZC|4A1HXCZ||||||||||||||||||||||||||||||||||560|,2876|1|Sistema Nacional de Salud|-
220054|HOSPITAL DE BARBASTRO|226310|||17/07/2024|1|22550|27/12/2024||21|1|PED|||||||||||29/12/2024|PED|PED|PED|73005661G|1||K52.9|S|E86.0|S|E87.0|S|Z87.74|E|Z14.8|E|||||||||||||||||||||||||||||||3E0337Z||||||||||||||||||||||||||||||||||||249|,5347|1|Sistema Nacional de Salud|-
220054|HOSPITAL DE BARBASTRO|218161|||15/06/1957|1|22400|11/12/2024||21|1|NRL|||||||||||30/12/2024|NRL|NRL|NRL|72971573W|5||I63.9|S|G81.91|S|R47.01|S|R29.711|S|G93.89|S|G40.909|S|E11.22|S|N18.6|S|I10|S|Z99.2|E|E78.5|S|E11.51|S|G31.84|S|Z79.4|E|F05|N|Z86.73|E|||||||||B020ZZZ|B32R1ZZ|4A12X4Z|3E0337Z|3E033GC|3E033NZ|3E03329||||||||||||||||||||||||||||||045|,8638|1|Sistema Nacional de Salud|-
220054|HOSPITAL DE BARBASTRO|106603|TRMC420528910017||28/05/1942|1|22550|25/12/2024||21|1|MIR|||||||||||30/12/2024|MIR|MIR|MIR|73016622V|1||J47.1|S|B90.9|E|Z99.81|E|E11.9|S|Z79.84|E|I10|S|E78.5|S|I48.91|S|N40.0|S|G31.84|S|E80.4|S|||||||||||||||||||3E0333Z|3E0F7GC|3E03329|3E0F7SF|||||||||||||||||||||||||||||||||140|,6174|1|Sistema Nacional de Salud|-
220054|HOSPITAL DE BARBASTRO|2706|GNJM380152908014||12/01/1938|2|22300|25/12/2024||21|1|MIR|||||||||||30/12/2024|MIR|MIR|MIR|25195530L|1||I50.33|S|J98.8|S|B97.89|S|I48.91|S|Z79.01|E|I25.9|S|I35.1|S|I27.20|S|E03.9|S|Z99.81|E|||||||||||||||||||||3E033GC|3E0337Z|3E0F7GC|3E03329|3E033NZ|3E0333Z|||||||||||||||||||||||||||||||194|,6399|1|Sistema Nacional de Salud|-
220054|HOSPITAL DE BARBASTRO|226953|||06/05/1960|1|22400|20/12/2024||21|1|CAR|||||||||||30/12/2024|CAR|CAR|CAR|Y6058219X|2||I31.39|S|I31.4|S|E85.4|S|I43|S|I11.0|S|I51.7|S|J44.9|S|F17.210|S|Z60.3|S|||||||||||||||||||||||B246ZZZ|3E033GC|3E033NZ|3E013GC|3E03329||||||||||||||||C23YYZZ||||||||||||||||207|,9396|1|Sistema Nacional de Salud|-
220054|HOSPITAL DE BARBASTRO|61230|SLVX350868910018||28/08/1935|2|22400|14/12/2024||21|1|TRA|||||||||||30/12/2024|TRA|TRA|TRA|50873405G|1|18/12/2024|S72.101A|S|W07.XXXA|S|Y92.001|S|D64.9|N|D46.B|S|D53.9|S|E11.22|S|I10|S|F43.21|S|||||||||||||||||||||||0QS636Z|30233N1|3E033GC|3E023GC|||||||||||||||||||||||||9989/3||||||||308|1,4102|1|Sistema Nacional de Salud|-
220054|HOSPITAL DE BARBASTRO|167758|SBSB060217910016||17/02/2006|1|22300|29/12/2024||21|1|CGD|||||||||||31/12/2024|CGD|CGD|CGD|73021831M|1|29/12/2024|K35.33|S|||||||||||||||||||||||||||||||||||||||0DTJ4ZZ|BW40ZZZ|||||||||||||||||||||||||||||||||||233|,9505|1|Sistema Nacional de Salud|-
220105|CENTRO SANITARIO DE FRAGA|54456|RBCH360755910017||15/08/1936|2|22550|26/09/2024||30|1|MIR|||||||||||05/10/2024|MIR|MIR|MIR|50966617C|2||Z48.3|E|Z85.038|E|Z90.49|E|M62.59|S|I48.91|S|R19.7|N|E86.0|N|I95.9|N|R57.1|N|I13.0|S|I50.9|S|N18.9|S|R32|S|F32.A|S|Z96.0|S|||||||||||4A02X4Z|3E0F7SF|3E03329||||||||||||||||||||||||||||||||||862|1,1773|1|Sistema Nacional de Salud|-
220105|CENTRO SANITARIO DE FRAGA|115684|RYCL270622910014||22/06/1927|1|22520|16/09/2024||21|1|MIR|||||||||||06/10/2024|MIR|MIR|MIR|50966617C|4||C67.8|S|C79.19|S|C79.01|S|C79.51|S|Z51.5|E|I10|S|Z87.440|E|Z79.891|E|||||||||||||||||||||||||3E033NZ|3E0337Z|3E033GC||||||||||||||||||||||||||8000/3|8000/6|||||||461|,8134|1|Sistema Nacional de Salud|-
220105|CENTRO SANITARIO DE FRAGA|54456|RBCH360755910017||15/08/1936|2|22550|05/10/2024||30|1|MIR|||||||||||10/11/2024|MIR|MIR|MIR|50966617C|4||I13.0|S|I50.9|S|N18.9|S|Z48.3|E|Z85.038|E|Z90.49|E|M62.59|S|F05|S|I82.402|N|I48.91|S|K91.870|S|Y83.2|S|F32.A|S|||||||||||||||3E033NZ|3E0G76Z|3E033GC|3E013GC|||||||||||||||||||||||||||||||||194|,9142|1|Sistema Nacional de Salud|-
220105|CENTRO SANITARIO DE FRAGA|211565|||11/11/1947|1|22520|24/10/2024||30|1|MIR|||||||||||13/11/2024|MIR|MIR|MIR|50966617C|1||S72.012D|E|X58.XXXD|S|R13.10|S|C34.90|S|I48.91|S|E11.9|S|Z85.01|E|Z79.01|E|Z79.4|E|Z79.52|E|||||||||||||||||||||F07L6ZZ|F07Z9ZZ|||||||||||||||||||||||||||8000/3||||||||860|,7804|1|Sistema Nacional de Salud|-
220105|CENTRO SANITARIO DE FRAGA|132886|BRLB320910910016||10/09/1932|1|22520|14/11/2024||21|1|MIR|||||||||||14/11/2024|MIR|MIR|MIR|50966617C|4||J98.8|S|J96.00|S|B37.0|S|I12.9|S|N18.30|S|E11.22|S|Z86.73|E|||||||||||||||||||||||||||3E033NZ||||||||||||||||||||||||||||||||||||144|,6508|1|Sistema Nacional de Salud|-
220105|CENTRO SANITARIO DE FRAGA|127453|RNPL320729910010||29/07/1932|1|22530|05/12/2024||30|1|MIR|||||||||||08/12/2024|MIR|MIR|MIR|50966617C|4||A41.59|S|N39.0|S|B96.1|S|C67.9|S|C79.89|S|K80.20|S|||||||||||||||||||||||||||||3E03329|3E013NZ|3E033NZ|3E0337Z|3E033GC|3E013GC|||||||||||||||||||||||8000/3|8000/6|||||||720|,7111|1|Sistema Nacional de Salud|-
220105|CENTRO SANITARIO DE FRAGA|113620|BRRR400958910014||18/09/1940|2|22234|08/12/2024||21|1|MIR|||||||||||13/12/2024|MIR|MIR|MIR|50966617C|1||J20.9|S|I10|S|G30.9|S|F02.80|S|F05|S|Z79.01|E|||||||||||||||||||||||||||||3E03329|3E0333Z|3E0F7GC|3E033NZ|3E033GC|3E0337Z|||||||||||||||||||||||||||||||145|,5709|1|Sistema Nacional de Salud|-
220054|HOSPITAL DE BARBASTRO|133912|GSGB281207910015||07/12/1928|1|22467|10/08/2024||21|1|MIR|10/08/2024|TRA|10/08/2024|MIR|12/08/2024|GRT|||||01/10/2024|GRT|GRT|GERIATRIA|72000771F|1||K59.81|S|R33.9|S|M62.59|N|D64.9|S|N39.0|S|T80.219A|N|B95.62|N|B96.5|N|Z16.24|N|Z22.322|E|N35.919|S|I10|S|I48.21|S|F32.A|S|I44.0|S|I45.10|S|||||||||BW20ZZZ|BR2CZZZ|BW201ZZ|B54DZZZ|3E1H78Z|4A02X4Z|0DJD8ZZ|06HM33Z|3E0436Z|30233N1|3E033NZ|3E03329|0T9B70Z|3E0337Z|3E013GC|3E033GC|||||||||||||||||||||254|,6628|1|Sistema Nacional de Salud|-
220054|HOSPITAL DE BARBASTRO|12776|MRSS431115910012||15/11/1943|1|22300|23/09/2024||21|1|MIR|||||||||||01/10/2024|MIR|MIR|MIR|17702334Q|1||K80.00|S|I72.4|S|Z86.711|E|Z86.718|E|Z90.49|E|G25.81|S|||||||||||||||||||||||||||||BW211ZZ|BW40ZZZ|B246ZZZ|3E03329|3E033NZ|3E0337Z|3E013GC||||||||||||||||||||||||||||||284|,6359|1|Sistema Nacional de Salud|-
220054|HOSPITAL DE BARBASTRO|36209|GRML420153910024||13/01/1942|2|22533|27/09/2024||21|1|MIR|||||||||||01/10/2024|MIR|MIR|MIR|45942132T|1||I82.412|S|I82.432|S|L03.116|S|G31.84|S|D32.0|S|I50.9|S|M79.7|S|D50.9|S|M15.9|S|M81.0|S|F32.A|S|Z90.710|E|E66.9|S|Z72.3|E|||||||||||||B54CZZZ|B020ZZZ|3E013GC|3E03329|3E033NZ||||||||||||||||||||||||9530/0||||||||197|,6688|1|Sistema Nacional de Salud|-
220054|HOSPITAL DE BARBASTRO|36048|BDBR400116910012||16/01/1940|1|22400|24/09/2024||21|1|MIR|25/09/2024|GRT|||||||||01/10/2024|GRT|GRT|GERIATRIA|18047202E|1||N39.0|S|B96.20|S|Z16.12|S|I11.0|S|I50.9|S|N40.0|S|I48.0|S|E11.9|S|G47.33|S|F09|S|I35.8|S|I34.89|S|Z79.4|E|Z59.3|E|Z79.01|E|Z79.84|E|||||||||3E03329|3E033NZ|3E033GC|3E013GC|||||||||||||||||||||||||||||||||463|,5581|1|Sistema Nacional de Salud|-
220054|HOSPITAL DE BARBASTRO|80061|CNGR520216910012||16/02/1952|1|22512|01/10/2024||27|2|CGD|||||||||||02/10/2024|CGD|CGD|CGD|18025531V|1|01/10/2024|K40.90|S|I10|S|N40.0|S|E79.0|S|F32.A|S|||||||||||||||||||||||||||||||0YU80JZ||||||||||||||||||||||||||||||||||||228|,8181|1|Sistema Nacional de Salud|-
220054|HOSPITAL DE BARBASTRO|47475|CSBN330458910018||18/04/1933|2|22400|25/09/2024||21|1|MIR|26/09/2024|GRT|||||||||02/10/2024|GRT|GRT|GERIATRIA|72000771F|1||J98.8|S|J96.91|S|Z22.322|E|K59.00|S|F03.C0|S|I10|S|E11.9|S|E78.5|S|F32.A|S|Z98.2|E|G91.9|S|Z59.3|E|R32|S|R15.9|S|||||||||||||3E03329|3E033GC|3E1H78Z|3E0F7SF|3E0337Z|3E033NZ|3E0F7GC|3E013VG|||||||||||||||||||||||||||||144|,6508|1|Sistema Nacional de Salud|-
220054|HOSPITAL DE BARBASTRO|226305|||01/01/1977|1|22500|26/09/2024||21|1|MIR|||||||||||03/10/2024|MIR|MIR|MIR|18045774C|1||E05.90|S|D50.9|S|Z86.19|E|||||||||||||||||||||||||||||||||||BG44ZZZ|3E033NZ|||||||||||||||||||||||||||||||||||427|,4636|1|Sistema Nacional de Salud|-
220054|HOSPITAL DE BARBASTRO|223637|||10/05/1993|1|22400|02/10/2024||27|2|CGD|||||||||||03/10/2024|CGD|CGD|CGD|18045029B|1|02/10/2024|K40.90|S|||||||||||||||||||||||||||||||||||||||0YU64JZ||||||||||||||||||||||||||||||||||||228|,8181|1|Sistema Nacional de Salud|-
220054|HOSPITAL DE BARBASTRO|122438|SLCS391022910011||22/10/1939|1|22330|27/09/2024||21|1|MIR|||||||||||03/10/2024|MIR|MIR|MIR|18049390W|1||U07.1|S|I50.33|S|I11.0|S|E11.22|S|N18.4|S|I48.91|S|D50.9|S|Z79.01|E|E78.5|S|Z85.038|E|Z90.49|E|I45.10|S|Z79.4|E|||||||||||||||3E03329|3E033NZ|3E0F7GC|3E033GC|4A02X4Z||||||||||||||||||||||||||||||||137|1,0895|1|Sistema Nacional de Salud|-
220054|HOSPITAL DE BARBASTRO|143440|||02/02/1971|1|22149|03/10/2024||27|2|CGD|||||||||||04/10/2024|CGD|CGD|CGD|73210877Z|1|03/10/2024|K35.80|S|||||||||||||||||||||||||||||||||||||||0DTJ4ZZ||||||||||||||||||||||||||||||||||||234|,7668|3|Mutuas de Accidentes de trabajo|-
220054|HOSPITAL DE BARBASTRO|78443|FLRN641252901018||12/12/1964|2|22400|03/10/2024||21|1|CGD|||||||||||04/10/2024|CGD|CGD|CGD|73210877Z|1|03/10/2024|N99.840|S|Y83.6|S|C50.212|S|F32.A|S|E03.9|S|I10|S|E78.1|S|E88.89|S|Z85.3|E|Z80.3|E|Z80.0|E|Z80.52|E|Z17.0|E|||||||||||||||0HCU0ZZ|0W380ZZ|||||||||||||||||||||||||||8500/3||||||||793|1,2701|1|Sistema Nacional de Salud|-
220054|HOSPITAL DE BARBASTRO|28967|SRSR350629910012||29/06/1935|1|22500|27/09/2024||21|1|MIR|30/09/2024|GRT|||||||||04/10/2024|GRT|GRT|GERIATRIA|18071569D|1||L89.153|S|B96.5|S|I11.0|S|I50.9|S|E43|S|M62.3|S|E11.9|S|I48.91|S|F03.90|S|R91.1|S|D29.1|S|H91.90|S|Z79.84|E|Z79.82|E|||||||||||||3E03329|3E033GC|3E0337Z|3E013VG|3E033NZ||||||||||||||||||||||||8140/0||||||||380|,6741|1|Sistema Nacional de Salud|-
220054|HOSPITAL DE BARBASTRO|8251|SNMR830469910014||29/04/1983|2|22400|02/10/2024||21|1|OBS|||||||||||06/10/2024|OBS|OBS|OBS|73010241F|1|02/10/2024|O42.92|S|O33.9|S|O34.211|S|O99.12|S|D68.61|S|O99.284|S|E03.9|S|O26.893|S|O90.81|N|Z3A.39|E|Z37.0|E|Z67.41|E|Z88.2|E|Z79.01|E|||||||||||||10D00Z1|3E0234Z|4A1HXCZ||||||||||||||||||||||||||||||||||540|,5712|1|Sistema Nacional de Salud|-
220054|HOSPITAL DE BARBASTRO|222637|||19/07/1934|1|22550|22/09/2024||21|1|TRA|24/09/2024|GRT|||||||||07/10/2024|GRT|GRT|GERIATRIA|18047202E|2||S12.120A|S|S12.190A|S|W10.8XXA|S|R33.9|S|F05|S|M62.59|S|I35.1|S|I35.0|S|I27.20|S|E55.9|S|I11.0|S|I50.32|S|F10.21|S|||||||||||||||B020ZZZ|B246ZZZ|||||||||||||||||||||||||||||||||||347|,9932|1|Sistema Nacional de Salud|-
220054|HOSPITAL DE BARBASTRO|76772|BRNT380826917014||26/08/1938|1|22400|16/09/2024||21|1|MIR|||||||||||07/10/2024|MIR|MIR|MIR|18049390W|1||J98.8|S|R78.81|S|B96.1|S|B96.20|S|R54|S|G30.9|S|F02.C0|S|I45.10|S|Z74.8|S|Z79.82|E|||||||||||||||||||||BW241ZZ|3E03329|3E0333Z|3E0F7GC|3E0F7SF|3E0337Z|3E033NZ|3E013GC|||||||||||||||||||||||||||||144|,6508|1|Sistema Nacional de Salud|-
220054|HOSPITAL DE BARBASTRO|104609|HRCV530910910012||10/09/1953|1|22300|25/09/2024||21|1|NRL|||||||||||07/10/2024|NRL|NRL|NRL|72993238R|1||S06.2X0A|S|F05|S|W17.89XA|S|||||||||||||||||||||||||||||||||||B020ZZZ|3E033NZ|3E013GC|3E0337Z|||||||||||||||||B030ZZZ|BR37ZZZ|BR39ZZZ||||||||||||||057|,8178|1|Sistema Nacional de Salud|-
220054|HOSPITAL DE BARBASTRO|28352|BLLT280661910014||21/06/1928|2|22300|04/10/2024||21|1|MIR|07/10/2024|GRT|||||||||08/10/2024|GRT|GRT|GERIATRIA|72000771F|1||I11.0|S|I50.9|S|I25.9|S|E78.5|S|F03.90|S|M81.0|S|C50.912|S|Z79.811|E|||||||||||||||||||||||||3E033GC|3E0337Z|3E013GC||||||||||||||||||||||||||8500/3||||||||194|,4787|1|Sistema Nacional de Salud|-
220054|HOSPITAL DE BARBASTRO|192412|||27/02/1985|2|22520|05/10/2024||21|1|OBS|||||||||||08/10/2024|OBS|OBS|OBS|72781954H|1||O99.214|S|Z68.30|E|O70.1|N|O69.2XX0|N|O92.5|N|Z67.41|E|Z3A.37|E|Z37.0|E|||||||||||||||||||||||||10E0XZZ|3E0R3BZ|0KQM0ZZ|4A1HXCZ|||||||||||||||||||||||||||||||||560|,3169|1|Sistema Nacional de Salud|-
220054|HOSPITAL DE BARBASTRO|20668|MTPX670406910011||06/04/1967|1|22400|02/10/2024||21|1|MIR|||||||||||08/10/2024|MIR|MIR|MIR|72987424Y|1||R09.1|S|R91.8|S|E11.9|S|I10|S|E78.5|S|Z21|S|F11.20|S|Z86.19|E|K86.89|S|Z87.891|E|Z85.51|E|Z90.6|E|Z90.5|E|Z93.6|E|Z79.84|E|Z79.899|E|||||||||BW241ZZ|3E033NZ|3E013GC||||||||||||||||||||||||||||||||||145|,5709|1|Sistema Nacional de Salud|-
220054|HOSPITAL DE BARBASTRO|16579|BXLB820947910010||07/09/1982|2|22400|05/10/2024||21|1|OBS|||||||||||08/10/2024|OBS|OBS|OBS|72781954H|1||O99.824|S|O63.1|N|O90.81|N|Z67.11|E|O26.893|S|Z3A.38|E|Z37.0|E|||||||||||||||||||||||||||10D07Z6|4A1HXCZ|0W8NXZZ|3E0R3BZ|3E0234Z||||||||||||||||||||||||||||||||560|,3169|1|Sistema Nacional de Salud|-
220054|HOSPITAL DE BARBASTRO|203307|||05/05/1989|2|22300|08/10/2024||27|2|GIN|||||||||||08/10/2024|GIN|GIN|GIN|73010241F|1|08/10/2024|N87.1|S|B97.7|S|R87.810|S|||||||||||||||||||||||||||||||||||0UBC7ZZ||||||||||||||||||||||||||||||||||||532|,4436|1|Sistema Nacional de Salud|-
220054|HOSPITAL DE BARBASTRO|223513|||27/09/1954|2|22400|03/10/2024||21|1|TRA|||||||||||09/10/2024|TRA|TRA|TRA|73090858D|1|08/10/2024|S82.002A|S|W19.XXXA|S|I10|S|E78.5|S|F32.A|S|||||||||||||||||||||||||||||||0QSF04Z||||||||||||||||||||||||||||||||||||320|,9833|1|Sistema Nacional de Salud|-
220054|HOSPITAL DE BARBASTRO|65201|CRBN381209910014||09/12/1938|1|22131|09/10/2024||27|2|TRA|||||||||||09/10/2024|TRA|TRA|TRA|25196873M|1|09/10/2024|T84.033A|S|||||||||||||||||||||||||||||||||||||||0S9D3ZZ||||||||||||||||||||||||||||||||||||349|,5038|1|Sistema Nacional de Salud|-
220054|HOSPITAL DE BARBASTRO|92301|RGMR931002910011||02/01/1993|1|22550|09/10/2024||27|2|CGD|||||||||||10/10/2024|CGD|CGD|CGD|18025531V|1|09/10/2024|L05.92|S|||||||||||||||||||||||||||||||||||||||0JB90ZZ||||||||||||||||||||||||||||||||||||383|,4196|1|Sistema Nacional de Salud|-
220054|HOSPITAL DE BARBASTRO|87518|BNST660817901011||17/08/1966|1|22349|07/10/2024||21|1|CGD|||||||||||10/10/2024|CGD|CGD|CGD|72889973Y|1||S22.42XA|S|S27.321A|S|V48.5XXA|S|E66.01|S|I42.0|S|J44.9|S|G47.33|S|I10|S|Z86.19|E|||||||||||||||||||||||B020ZZZ|BR20ZZZ|BW241ZZ|3E033NZ|3E0F7SF|3E0337Z|3E0333Z|3E03329|3E013GC||||||||||||||||||||||||||||135|,7002|5|Privado|-
220054|HOSPITAL DE BARBASTRO|97782|LCPR550548910011||08/05/1955|2|22430|09/10/2024||27|2|CGD|||||||||||10/10/2024|CGD|CGD|CGD|73204652E|1|09/10/2024|D05.11|S|I10|S|F32.A|S|||||||||||||||||||||||||||||||||||0HBT0ZX|0HHT3YZ|||||||||||||||||||||||||||8500/2||||||||363|1,1044|1|Sistema Nacional de Salud|-
220054|HOSPITAL DE BARBASTRO|11104|ZRCX830828910011||28/08/1983|1|22500|08/10/2024||27|2|URO|||||||||||10/10/2024|URO|URO|URO|28626568D|1|09/10/2024|N20.1|S|L40.9|S|N40.0|S|||||||||||||||||||||||||||||||||||0TC68ZZ||||||||||||||||||||||||||||||||||||446|,7682|1|Sistema Nacional de Salud|-
220054|HOSPITAL DE BARBASTRO|2013|LZCS490809904019||09/08/1949|1|22300|30/09/2024||27|2|TRA|||||||||||11/10/2024|TRA|TRA|TRA|Y2004544Q|8|01/10/2024|M17.12|S|L29.9|N|I12.0|S|N18.6|S|Z99.2|E|E78.5|S|R73.09|S|D47.2|S|Z90.5|E|||||||||||||||||||||||0SRD0J9|30233N1|5A1D70Z||||||||||||||||||||||||||9765/1||||||||326|1,3457|1|Sistema Nacional de Salud|-
220054|HOSPITAL DE BARBASTRO|171994|VRFN581157917015||17/11/1958|2|22340|06/10/2024||21|1|MIR|||||||||||11/10/2024|MIR|MIR|MIR|18045774C|1||U07.1|S|R76.8|S|F32.A|S|E78.5|S|||||||||||||||||||||||||||||||||XW033E5|3E0333Z|3E0337Z|3E033NZ|3E013GC||||||||||||||||||||||||||||||||137|1,0895|1|Sistema Nacional de Salud|-
220054|HOSPITAL DE BARBASTRO|69905|CSPL450916901012||16/09/1945|1|22535|04/10/2024||21|1|CGD|||||||||||11/10/2024|CGD|CGD|CGD|73204652E|1||K56.609|S|T17.918A|N|I11.0|S|I50.9|S|I51.7|S|I42.1|S|J96.11|S|F79|S|M41.9|S|E79.0|S|Z99.81|E|Z59.3|E|||||||||||||||||BW201ZZ|B020ZZZ|4A02X4Z|0D9670Z|3E0337Z|3E03329|3E0333Z||||||||||||||||||||||||||||||247|,598|1|Sistema Nacional de Salud|-
220054|HOSPITAL DE BARBASTRO|128877|RFPL330346910019||06/03/1933|2|22512|07/10/2024||21|1|MIR|08/10/2024|GRT|||||||||11/10/2024|GRT|GRT|GERIATRIA|18048054T|1||D53.9|S|I50.31|S|N17.9|S|N18.32|S|E79.0|S|E55.9|S|E21.1|S|I08.1|S|I27.20|S|I48.91|S|Z79.01|E|I87.2|S|H35.30|S|K80.20|S|E53.8|S|R73.9|S|||||||||BW40ZZZ|3E033GC|3E033NZ|3E033VJ|30233N1|B246ZZZ|||||||||||||||||||||||||||||||663|,9141|1|Sistema Nacional de Salud|-
220054|HOSPITAL DE BARBASTRO|21119|LCSN331023910014||23/10/1933|1|22400|06/10/2024||21|1|MIR|||||||||||12/10/2024|MIR|MIR|MIR|18045774C|4||I11.0|S|I50.1|S|N17.9|S|J96.90|S|E87.5|S|E87.0|S|J44.9|S|J84.9|S|E78.5|S|C64.2|S|F43.23|S|F03.90|S|Z86.73|E|||||||||||||||3E033GC|3E033NZ|||||||||||||||||||||||||||8312/3||||||||194|,9142|1|Sistema Nacional de Salud|-
220054|HOSPITAL DE BARBASTRO|197390|||13/02/1994|2|22520|09/10/2024||27|1|OBS|||||||||||12/10/2024|OBS|OBS|OBS|18073112B|1||O36.8230|S|O36.1930|S|O34.83|S|N90.812|S|O70.0|N|O90.81|N|Z3A.39|E|Z37.0|E|Z67.40|E|||||||||||||||||||||||10E0XZZ|3E0R3BZ|0U7C7ZZ|10907ZC|0HQ9XZZ|4A1HXCZ|||||||||||||||||||||||||||||||560|,2876|1|Sistema Nacional de Salud|-
220054|HOSPITAL DE BARBASTRO|78639|PRSR720147910011||07/01/1972|2|22400|10/10/2024||27|2|CGD|||||||||||12/10/2024|CGD|CGD|CGD|73210877Z|1|10/10/2024|K81.1|S|Z91.041|E|||||||||||||||||||||||||||||||||||||0FT44ZZ||||||||||||||||||||||||||||||||||||263|,9851|1|Sistema Nacional de Salud|-
220054|HOSPITAL DE BARBASTRO|108419|PYGR550613910018||13/06/1955|1|22300|01/10/2024||27|2|URO|||||||||||12/10/2024|URO|URO|URO|28626568D|1|02/10/2024|C64.1|S|G97.1|N|T81.31XA|N|Y83.6|N|Z91.09|E|||||||||||||||||||||||||||||||0TT04ZZ|0WUF0JZ|||||||||||||||||||||||||||8310/3||||||||442|1,2835|1|Sistema Nacional de Salud|-
220054|HOSPITAL DE BARBASTRO|179251|CHBR700162910019||22/01/1970|2|22300|10/10/2024||27|2|CGD|||||||||||12/10/2024|CGD|CGD|CGD|73204652E|1|11/10/2024|C43.72|S|F79|S|||||||||||||||||||||||||||||||||||||0JBP0ZZ|07BJ0ZX|3E013KZ||||||||||||||||||||||||||8720/3||||||||364|,7312|1|Sistema Nacional de Salud|-
220054|HOSPITAL DE BARBASTRO|27541|SPBR430266910012||26/02/1943|2|22400|26/09/2024||30|1|CAR|28/09/2024|MIV|03/10/2024|MIR|04/10/2024|CAR|04/10/2024|GRT|||12/10/2024|GRT|GRT|GERIATRIA|18048054T|1||Z51.89|E|F05|S|R40.0|S|I25.2|E|I48.91|N|I42.9|S|I63.9|N|F01.50|S|Z22.322|E|M62.84|S|T46.0X5A|S|K59.00|S|Z95.5|E|N18.9|S|I08.1|S|I27.20|S|F43.20|S|Z85.038|E|I12.9|S|E11.22|S|4A12X4Z|4A133B1|8E0ZXY6|B020ZZZ|3E033GC|3E033RZ|3E013GC||||||||||||||||||||||||||||||862|1,1773|1|Sistema Nacional de Salud|-
220054|HOSPITAL DE BARBASTRO|21387|LMRS531145910013||05/11/1953|2|22400|07/10/2024||21|1|MIR|||||||||||13/10/2024|MIR|MIR|MIR|17702334Q|4||K92.0|S|G72.81|S|C78.4|S|C78.6|S|C79.51|S|C78.89|S|C79.2|S|C50.919|S|Z79.620|E|Z79.634|E|Z51.5|E|||||||||||||||||||3E033NZ|3E0337Z|3E0333Z|3E033GC|||||||||||||||||||||||||8520/3|8520/6|||||||253|1,0355|1|Sistema Nacional de Salud|-
220054|HOSPITAL DE BARBASTRO|221192|||12/03/1969|2|22300|10/10/2024||27|2|GIN|||||||||||13/10/2024|GIN|GIN|GIN|43558977J|1|11/10/2024|N81.2|S|N87.0|S|R87.810|S|N72|S|E78.5|S|Z68.32|E|Z98.84|E|||||||||||||||||||||||||||0UT97ZZ|0JQC0ZZ|||||||||||||||||||||||||||||||||||513|,9951|1|Sistema Nacional de Salud|-
220054|HOSPITAL DE BARBASTRO|205038|||05/08/1984|2|22300|13/10/2024||21|1|OBS|||||||||||14/10/2024|OBS|OBS|OBS|72781954H|1|13/10/2024|O90.1|S|||||||||||||||||||||||||||||||||||||||0HQ9XZZ||||||||||||||||||||||||||||||||||||561|,2603|1|Sistema Nacional de Salud|-
220054|HOSPITAL DE BARBASTRO|38066|PRMR491118910011||18/11/1949|1|22400|14/10/2024||27|2|URO|||||||||||14/10/2024|URO|URO|URO|Y9933326P|1||R82.89|S|Z85.51|E|Z53.09|S|I82.509|S|Z79.01|E|E11.9|S|G71.11|S|Z87.891|E|Z79.84|E|||||||||||||||||||||||||||||||||||||||||||||||||||||||||||468|,4959|1|Sistema Nacional de Salud|-
220054|HOSPITAL DE BARBASTRO|140145|SRXX010901910011||01/09/2001|1|22300|12/10/2024||21|1|CGD|||||||||||14/10/2024|CGD|CGD|CGD|72889973Y|1|12/10/2024|K35.80|S|||||||||||||||||||||||||||||||||||||||0DTJ4ZZ|BW40ZZZ|||||||||||||||||||||||||||||||||||234|,7668|1|Sistema Nacional de Salud|-
220054|HOSPITAL DE BARBASTRO|198586|CMPN561029901011||29/10/1956|1|22520|09/10/2024||27|2|CGD|||||||||||14/10/2024|CGD|CGD|CGD|77133926E|1|10/10/2024|K62.89|S|K43.5|S|K40.90|S|K66.0|S|K91.71|N|Y83.8|N|I10|S|I48.92|S|E78.5|S|E66.9|S|F17.210|S|Z85.048|E|Z93.3|E|Z90.49|E|Z86.73|E|Z79.01|E|||||||||0DBP4ZX|0WUF4JZ|0DQP4ZZ|0DN84ZZ|||||||||||||||||||||||||||||||||226|1,1376|1|Sistema Nacional de Salud|-
220054|HOSPITAL DE BARBASTRO|8176|SLCB671012910018||12/10/1967|1|22300|09/10/2024||21|1|MIR|10/10/2024|NML|||||||||15/10/2024|NML|NML|NML|18055770B|1||J20.9|S|R91.8|S|J96.01|S|F17.210|S|Z88.8|E|||||||||||||||||||||||||||||||3E03329|3E0F7GC|3E0333Z|3E0F7SF|3E033NZ||||||||||||||||||||||||||||||||145|,78|1|Sistema Nacional de Salud|-
220054|HOSPITAL DE BARBASTRO|3617|BRLN460359910015||19/03/1946|2|22148|07/10/2024||21|1|MIR|08/10/2024|NML|||||||||15/10/2024|NML|NML|NML|18055770B|1||J13|S|I48.91|S|I10|S|E78.5|S|Z85.72|E|Z92.21|E|Z91.041|E|||||||||||||||||||||||||||BW24ZZZ|3E03329|3E0F7SF|3E0F7GC|4A02X4Z|3E0337Z|3E0333Z|3E013GC|||||||||||||||||||||||||||||139|,4269|1|Sistema Nacional de Salud|-
220054|HOSPITAL DE BARBASTRO|118137|PRPR470557910015||17/05/1947|2|22367|12/10/2024||21|1|MIR|13/10/2024|MIV|||||||||15/10/2024|MIV|MIV|MIV|52109312Y|2||I44.1|S|J22|S|I10|S|M35.00|S|D50.9|S|E79.0|S|Z86.16|E|||||||||||||||||||||||||||B246ZZZ|4A12X4Z|4A13XB1|3E0F7GC|3E033NZ|3E03329|3E0333Z|3E013GC|||||||||||||||||||||||||||||201|,5604|1|Sistema Nacional de Salud|-
220054|HOSPITAL DE BARBASTRO|147104|JVCM380357910018||17/03/1938|2|22500|10/10/2024||21|1|MIR|13/10/2024|GRT|||||||||16/10/2024|GRT|GRT|GERIATRIA|72000771F|1||N17.9|S|G25.3|S|G40.909|S|I12.0|S|N18.5|S|E78.5|S|J45.909|S|G25.81|S|G21.4|S|F03.90|S|F32.A|S|||||||||||||||||||B020ZZZ|3E0337Z|3E03329||||||||||||||||||||||||||||||||||469|,5905|1|Sistema Nacional de Salud|-
220054|HOSPITAL DE BARBASTRO|226483|||02/06/1963|1|22500|12/10/2024||21|1|MIR|||||||||||16/10/2024|MIR|MIR|MIR|18045774C|1||J18.9|S|E11.9|S|D47.2|S|||||||||||||||||||||||||||||||||||4A02X4Z|3E03329|||||||||||||||||||||||||||9765/1||||||||139|,4269|1|Sistema Nacional de Salud|-
220054|HOSPITAL DE BARBASTRO|196388|||08/10/1963|1|22400|06/10/2024||21|1|MIR|||||||||||16/10/2024|MIR|MIR|MIR|45942132T|1||J44.1|S|J44.0|S|J20.9|S|B20|S|Z79.899|E|F43.23|S|T50.995A|N|T38.0X5A|N|R73.03|S|M79.7|S|N52.9|S|M47.814|S|R91.8|S|F17.210|S|F12.10|S|||||||||||BW241ZZ|4A02X4Z|B246ZZZ|3E03329|3E0333Z|3E0F7GC|3E033NZ||||||||||||||||||||||||||||||140|,6174|1|Sistema Nacional de Salud|-
220054|HOSPITAL DE BARBASTRO|3042|RZGS640557910015||17/05/1964|2|22300|15/10/2024||27|2|URO|||||||||||17/10/2024|URO|URO|URO|51460077S|1|16/10/2024|N20.0|S|E03.8|S|E78.5|S|I87.2|S|F32.A|S|Z85.038|E|Z90.49|E|Z92.21|E|||||||||||||||||||||||||0TF38ZZ|0T9380Z|||||||||||||||||||||||||||||||||||443|1,0933|1|Sistema Nacional de Salud|-
220054|HOSPITAL DE BARBASTRO|103947|103947||27/12/1947|1|22423|14/10/2024||21|1|MIR|||||||||||17/10/2024|MIR|MIR|MIR|45942132T|1||N13.6|S|K52.9|S|I67.3|S|F03.90|S|F20.0|S|E53.8|S|Z74.09|S|Z59.3|E|||||||||||||||||||||||||3E033NZ|3E033GC|3E0337Z|3E013GC|||||||||||||||||||||||||||||||||463|,5581|1|Sistema Nacional de Salud|-
220054|HOSPITAL DE BARBASTRO|70380|GVMX940251910010||11/02/1994|2|22300|16/10/2024||22|1|CGD|||||||||||17/10/2024|CGD|CGD|CGD|18045029B|1||K42.9|S|G89.18|N|E66.01|S|Z68.37|E|||||||||||||||||||||||||||||||||0WUF0JZ||||||||||||||||||||||||||||||||||||228|,8181|1|Sistema Nacional de Salud|-
220054|HOSPITAL DE BARBASTRO|212670|||14/08/1945|1|22467|11/10/2024||21|1|MIR|||||||||||17/10/2024|MIR|MIR|MIR|18049390W|1||I13.0|S|I50.9|S|N18.9|S|K76.0|S|K83.1|S|I25.10|S|J44.9|S|E11.9|S|E78.5|S|I73.9|S|M10.9|S|Z79.4|E|Z79.01|E|Z95.4|E|Z87.891|E|||||||||||3E033GC|B246ZZZ|4A02X4Z|3E013GC|||||||||||||||||||||||||||||||||194|,6399|1|Sistema Nacional de Salud|-
220054|HOSPITAL DE BARBASTRO|90643|LNVL481115910016||15/11/1940|1|22520|23/09/2024||21|1|URO|27/09/2024|MIR|||||||||17/10/2024|MIR|MIR|MIR|73016622V|1|24/09/2024|R31.0|S|N32.89|S|E11.9|S|I42.9|S|I48.21|S|I73.9|S|K70.30|S|K76.6|S|K31.89|S|I85.01|N|K62.89|S|K55.21|N|K64.4|S|K64.8|S|E03.8|S|Q63.1|E|M10.9|S|R33.9|N|E83.51|N|Z79.01|E|0W3R8ZZ|0TCB8ZZ|06L38CZ|0DJD8ZZ|30233N1|3E033GC|3E013GC|0T9B70Z|3E1K78Z|3E0337Z|3E03329|3E033NZ|||||||||||||||||||||||||445|1,7581|1|Sistema Nacional de Salud|-
220054|HOSPITAL DE BARBASTRO|68870|CLPY480908910019||08/09/1948|1|22513|08/10/2024||21|1|MIR|09/10/2024|NML|||||||||17/10/2024|NML|NML|NML|18055770B|1||J44.0|S|J18.9|S|I50.31|S|G47.33|S|Z99.89|E|Z88.0|E|Z87.891|E|||||||||||||||||||||||||||3E03329|3E0333Z|3E0F7SF|3E0F7GC|B246ZZZ|4A02X4Z|3E013VG|3E033GC|3E0337Z|3E033NZ|||||||||||||||||||||||||||140|,6174|1|Sistema Nacional de Salud|-
220054|HOSPITAL DE BARBASTRO|195054|||16/07/1990|2|22534|15/10/2024||21|1|OBS|||||||||||18/10/2024|OBS|OBS|OBS|72781954H|1||O42.92|S|O69.82X0|S|O70.1|N|O90.81|N|O92.5|N|Z3A.39|E|Z37.0|E|Z67.10|E|||||||||||||||||||||||||10E0XZZ|3E0R3BZ|4A1HXCZ|0KQM0ZZ|||||||||||||||||||||||||||||||||560|,2876|1|Sistema Nacional de Salud|-
220054|HOSPITAL DE BARBASTRO|6693|VSLV600669910018||29/06/1960|2|22300|16/10/2024||27|2|TRA|||||||||||18/10/2024|TRA|TRA|TRA|Y2004544Q|1|17/10/2024|M18.11|S|M81.0|S|E78.5|S|F17.210|S|||||||||||||||||||||||||||||||||0RRS0JZ||||||||||||||||||||||||||||||||||||316|,8026|1|Sistema Nacional de Salud|-
220054|HOSPITAL DE BARBASTRO|216533|||03/02/1963|1|22330|08/10/2024||21|1|MIR|||||||||||18/10/2024|MIR|MIR|MIR|18055798Q|1||C43.52|S|C78.00|S|I10|S|E11.9|S|E78.5|S|Z86.19|E|Z79.622|E|||||||||||||||||||||||||||B02010Z|4A02X4Z|||||||||||||||||||B030YZZ||||||||8721/3|8721/6|||||||381|,4134|1|Sistema Nacional de Salud|-
220054|HOSPITAL DE BARBASTRO|226408|||04/10/2024|1|22440|18/10/2024||21|1|PED|||||||||||19/10/2024|PED|PED|PED|25359168N|1||J06.9|S|||||||||||||||||||||||||||||||||||||||||||||||||||||||||||||||||||||||||||113|,3364|6|Financiación Mixta|-
220054|HOSPITAL DE BARBASTRO|224590|||25/12/1943|1|22330|18/10/2024||27|2|CGD|||||||||||20/10/2024|CGD|CGD|CGD|19005451E|1|18/10/2024|K43.9|S|N40.0|S|||||||||||||||||||||||||||||||||||||0WUF4JZ||||||||||||||||||||||||||||||||||||227|1,0731|1|Sistema Nacional de Salud|-
220054|HOSPITAL DE BARBASTRO|82596|PDPR740808901016||08/08/1974|1|22500|12/10/2024||21|1|CGD|||||||||||20/10/2024|CGD|CGD|CGD|72889973Y|1|12/10/2024|K61.0|S|E11.9|S|E78.5|S|E79.0|S|H40.9|S|||||||||||||||||||||||||||||||0J9B0ZZ|0JBB0ZZ|BW201ZZ|3E03329|||||||||||||||||||||||||||||||||951|1,0271|1|Sistema Nacional de Salud|-
220054|HOSPITAL DE BARBASTRO|145841|MRCR580222911025||22/02/1958|1|22452|19/10/2024||21|1|MIR|21/10/2024|NML|||||||||21/10/2024|NML|NML|NML|18055770B|1||J43.2|S|J98.8|S|J96.90|S|F41.8|S|F17.210|S|Z88.8|E|||||||||||||||||||||||||||||4A02X4Z|3E0F7SF|3E03329|3E0F7GC|||||||||||||||||||||||||||||||||140|,7699|1|Sistema Nacional de Salud|-
220054|HOSPITAL DE BARBASTRO|195361|||16/06/1937|2|22416|11/10/2024||21|1|MIR|||||||||||21/10/2024|MIR|MIR|MIR|45942132T|1||J96.20|S|J44.0|S|J20.9|S|E11.65|S|T38.0X5A|S|I50.9|S|E78.5|S|I35.8|S|E03.9|S|D50.9|S|K44.9|S|F32.A|S|G31.84|S|M17.11|S|M81.0|S|Z87.440|E|Z99.81|E|Z79.84|E|Z79.82|E|||4A02X4Z|3E0F7GC|3E0F7SF|3E03329|||||||||||||||||||||||||||||||||133|,6847|1|Sistema Nacional de Salud|-
220054|HOSPITAL DE BARBASTRO|197143|||10/02/2015|2|22520|22/10/2024||27|1|PED|||||||||||22/10/2024|PED|PED|PED|18036541X|1||Z00.70|E|R62.52|S|Z68.52|E|||||||||||||||||||||||||||||||||||||||||||||||||||||||||||||||||||||||861|,4785|1|Sistema Nacional de Salud|-
220054|HOSPITAL DE BARBASTRO|217083|||01/03/1961|1|22528|21/10/2024||27|2|CGD|||||||||||22/10/2024|CGD|CGD|CGD|77133926E|1|21/10/2024|K64.3|S|||||||||||||||||||||||||||||||||||||||06BY0ZC||||||||||||||||||||||||||||||||||||226|,8052|1|Sistema Nacional de Salud|-
220054|HOSPITAL DE BARBASTRO|224341|||27/12/1990|2|22363|20/10/2024||21|1|GIN|21/10/2024|OBS|||||||||22/10/2024|OBS|OBS|OBS|43558977J|1||O48.0|S|O63.1|N|Z67.40|E|Z3A.40|E|Z37.0|E|||||||||||||||||||||||||||||||10D07Z6|0W8NXZZ|3E0R3BZ|4A1HXCZ|||||||||||||||||||||||||||||||||560|,3169|1|Sistema Nacional de Salud|-
220054|HOSPITAL DE BARBASTRO|140062|LNSN511220910010||20/12/1951|1|22300|16/10/2024||21|1|MIR|||||||||||22/10/2024|MIR|MIR|MIR|18049390W|1||I48.91|S|I50.32|S|E11.10|S|J44.1|S|J84.112|S|E11.22|S|N18.4|S|K44.9|S|K31.819|S|B90.9|E|F10.10|S|F17.210|S|Z95.5|E|Z91.14|E|Z79.4|E|Z79.02|E|||||||||3E033GC||||||||||||||||||||||||||||||||||||201|,8358|1|Sistema Nacional de Salud|-
220054|HOSPITAL DE BARBASTRO|15365|TNMR490516910015||16/05/1949|1|22300|19/10/2024||21|1|MIR|21/10/2024|NML|||||||||22/10/2024|NML|NML|NML|18055770B|1||J98.8|S|J96.91|S|F05|S|I10|S|K21.9|S|K57.90|S|K64.9|S|K76.0|S|M35.00|S|G31.83|S|F02.80|S|Z86.73|E|||||||||||||||||4A02X4Z|3E0F7SF|||||||||||||||||||||||||||||||||||144|,6508|1|Sistema Nacional de Salud|-
220054|HOSPITAL DE BARBASTRO|31559|VDNG531023901012||23/10/1953|1|22430|08/10/2024||21|1|MIR|||||||||||22/10/2024|MIR|MIR|MIR|18055798Q|1||R19.7|S|C78.80|S|C34.12|S|C79.72|S|C79.51|S|N17.9|S|I10|S|J44.9|S|E78.5|S|I71.43|S|I25.82|S|I42.0|S|I25.5|S|I25.2|E|I73.9|S|K57.30|S|Z85.21|E|Z90.02|E|Z87.891|E|||BW24ZZZ|4A02X4Z|3E0337Z||||||||||||||||||||||||||8000/3|8000/6|||||||249|,5347|1|Sistema Nacional de Salud|-
220054|HOSPITAL DE BARBASTRO|226519|||09/07/2022|1|22500|23/10/2024||27|2|PED|||||||||||23/10/2024|PED|PED|PED|25359168N|1||Z01.82|E|||||||||||||||||||||||||||||||||||||||||||||||||||||||||||||||||||||||||||861|,4785|1|Sistema Nacional de Salud|-
220054|HOSPITAL DE BARBASTRO|17358|BSRS870218910011||18/02/1987|1|22300|22/10/2024||27|2|CGD|||||||||||23/10/2024|CGD|CGD|CGD|77133926E|1|22/10/2024|K43.2|S|||||||||||||||||||||||||||||||||||||||0WUF0JZ||||||||||||||||||||||||||||||||||||227|1,0731|1|Sistema Nacional de Salud|-
220054|HOSPITAL DE BARBASTRO|20286|SNPR280546910018||06/05/1928|2|22430|16/10/2024||21|1|MIR|||||||||||23/10/2024|MIR|MIR|MIR|17702334Q|1||J18.9|S|I10|S|E11.9|S|Z85.3|E|Z90.11|E|Z59.3|E|||||||||||||||||||||||||||||4A02X4Z|3E03329|3E0F7SF|3E0F7GC|||||||||||||||||||||||||||||||||139|,4269|1|Sistema Nacional de Salud|-
220054|HOSPITAL DE BARBASTRO|28583|JMRT350713904017||17/07/1935|1|22300|14/10/2024||21|1|MIR|||||||||||23/10/2024|MIR|MIR|MIR|18055798Q|1||U07.1|S|J98.8|S|I11.0|S|I50.9|S|J96.01|S|E11.9|S|Z88.0|E|Z88.6|E|Z88.1|E|Z79.84|E|Z85.46|E|Z92.3|E|Z95.0|E|||||||||||||||B246ZZZ|4A02X4Z|XW033E5|3E0333Z|3E03329|3E033GC|3E0F7GC|3E033NZ|3E0F7SF||||||||||||||||||||||||||||137|1,0895|1|Sistema Nacional de Salud|-
220054|HOSPITAL DE BARBASTRO|160940|DLLM991247214016||07/12/1999|2|22300|21/10/2024||21|1|OBS|||||||||||24/10/2024|OBS|OBS|OBS|48151267P|1||O70.0|N|Z3A.39|E|Z67.40|E|Z37.0|E|||||||||||||||||||||||||||||||||10E0XZZ|0HQ9XZZ|3E0R3BZ|4A1HXCZ|||||||||||||||||||||||||||||||||560|,2876|1|Sistema Nacional de Salud|-
220054|HOSPITAL DE BARBASTRO|194754|||17/05/1934|2|22430|18/10/2024||21|1|MIR|||||||||||24/10/2024|MIR|MIR|MIR|73016622V|1||I13.0|S|I50.33|S|N17.9|S|N18.9|S|J06.9|S|I25.9|S|I44.0|S|D64.9|S|I44.7|S|G31.84|S|I87.2|S|M88.821|S|Z85.3|E|Z90.12|E|Z66|S|Z79.82|E|Z59.3|E|||||||3E033GC|3E0F7SF|0T9B70Z|4A02X4Z|BW40ZZZ|30233N1|0TPBX0Z|3E0F7GC|3E0333Z|3E0337Z|3E033NZ|3E013GC|||||||||||||||||||||||||194|,6399|1|Sistema Nacional de Salud|-
220054|HOSPITAL DE BARBASTRO|69035|CBLM520169904011||29/01/1952|2|22400|17/10/2024||21|1|MIR|18/10/2024|NML|||||||||24/10/2024|NML|NML|NML|07267217E|1||J10.1|S|J18.9|S|J96.90|S|I10|S|E78.5|S|I87.2|S|C54.1|S|D63.0|S|Z79.69|E|||||||||||||||||||||||3E03329|3E0F7GC|3E0333Z|3E0F7SF|||||||||||||||||||||||||8441/3||||||||113|,7367|1|Sistema Nacional de Salud|-
220054|HOSPITAL DE BARBASTRO|81611|CVBR551216910011||16/12/1955|1|22132|22/10/2024||27|2|URO|||||||||||26/10/2024|URO|URO|URO|28626568D|1|23/10/2024|C61|S|I10|S|E78.1|S|I70.219|S|||||||||||||||||||||||||||||||||0VT04ZZ|07TC4ZZ|0VT34ZZ||||||||||||||||||||||||||8550/3||||||||480|1,1363|1|Sistema Nacional de Salud|-
220054|HOSPITAL DE BARBASTRO|10185|BLRZ711163901017||23/11/1971|2|22400|26/10/2024||21|1|MIR|26/10/2024|NML|||||||||29/10/2024|NML|NML|NML|07267217E|1||J47.1|S|J98.11|S|M45.A0|S|L40.9|S|F17.210|S|||||||||||||||||||||||||||||||BW24ZZZ|4A02X4Z|3E0F7SF|3E03329|3E0333Z|3E0F7GC|||||||||||||||||||||||||||||||140|,6174|1|Sistema Nacional de Salud|-
220054|HOSPITAL DE BARBASTRO|53086|CMSP370463910010||23/04/1937|2|22500|24/10/2024||21|1|MIR|||||||||||29/10/2024|MIR|MIR|MIR|18055798Q|1||K31.811|S|D62|S|I97.88|N|I95.89|N|Y65.8|N|I11.9|S|I51.7|S|I35.0|S|I48.21|S|E11.9|S|E78.5|S|E05.90|S|Z79.01|E|||||||||||||||0W3P8ZZ|30233N1|||||||||||||||||||||||||||||||||||253|,6996|1|Sistema Nacional de Salud|-
220054|HOSPITAL DE BARBASTRO|12249|SNJM620328910013||28/03/1962|1|22300|27/10/2024||27|2|ORL|||||||||||29/10/2024|ORL|ORL|ORL|26283260X|1|28/10/2024|J38.3|S|F17.210|S|||||||||||||||||||||||||||||||||||||0CBV8ZZ|0CBV8ZX|||||||||||||||||||||||||||||||||||115|,4819|1|Sistema Nacional de Salud|-
220054|HOSPITAL DE BARBASTRO|35385|RBCB360128910012||28/01/1936|1|22300|25/10/2024||21|1|CGD|||||||||||29/10/2024|CGD|CGD|CGD|50883390F|1||K57.32|S|I10|S|E66.9|S|Z86.73|E|Z85.46|E|Z92.3|E|||||||||||||||||||||||||||||BW20ZZZ|3E0337Z|3E033NZ|3E03329|3E013GC||||||||||||||||||||||||||||||||244|,4809|1|Sistema Nacional de Salud|-
220054|HOSPITAL DE BARBASTRO|59644|CHRL460366910018||26/03/1946|2|22412|24/10/2024||27|2|CGD|||||||||||29/10/2024|CGD|CGD|CGD|73204652E|1|25/10/2024|K31.84|S|K66.0|S|Y83.8|S|I10|S|E66.9|S|I48.0|S|G20|S|Z79.01|E|||||||||||||||||||||||||0D770ZZ||||||||||||||||||||||||||||||||||||222|,7002|1|Sistema Nacional de Salud|-
220054|HOSPITAL DE BARBASTRO|187851|LRGM630317910011||17/03/1963|1|22520|21/10/2024||21|1|MIR|||||||||||30/10/2024|MIR|MIR|MIR|45942132T|1||I11.0|S|I50.23|S|I51.7|S|I34.0|S|J98.11|S|J90|S|J43.9|S|K70.30|S|B18.2|S|K86.0|S|F10.21|S|F14.91|S|F11.91|S|Z87.891|E|I81|S|E46|S|D53.9|S|S42.291A|S|W19.XXXA|S|Y92.009|S|B246ZZZ|4A02X4Z|3E033GC|3E033NZ|3E0337Z|3E0F7GC|||||||||||||||||||||||||||||||194|,9142|1|Sistema Nacional de Salud|-
220054|HOSPITAL DE BARBASTRO|226645|||28/10/2024|2|22400|28/10/2024||24|1|PED|||||||||||31/10/2024|PED|PED|PED|76970719T|1||Z76.3|E|Z76.2|E|||||||||||||||||||||||||||||||||||||||||||||||||||||||||||||||||||||||||640|,1011|1|Sistema Nacional de Salud|-
220054|HOSPITAL DE BARBASTRO|33987|MLJR881257910018||17/12/1988|2|22300|28/10/2024||21|1|OBS|||||||||||31/10/2024|OBS|OBS|OBS|72781954H|1||O48.0|S|O99.284|S|E03.9|S|O70.0|N|O90.81|N|Z67.10|E|Z3A.41|E|Z37.0|E|||||||||||||||||||||||||10E0XZZ|0HQ9XZZ|4A1HXCZ|3E0R3BZ|||||||||||||||||||||||||||||||||560|,2876|3|Mutuas de Accidentes de trabajo|-
220054|HOSPITAL DE BARBASTRO|139366|BRXX960663012012||23/06/1996|2|22300|28/10/2024||27|1|OBS|||||||||||31/10/2024|OBS|OBS|OBS|72781954H|1|29/10/2024|O34.219|S|O48.0|S|O99.284|S|E03.9|S|O90.81|N|Z3A.40|E|Z37.0|E|Z67.20|E|||||||||||||||||||||||||10D00Z1|4A1HXCZ|||||||||||||||||||||||||||||||||||540|,4756|1|Sistema Nacional de Salud|-
220054|HOSPITAL DE BARBASTRO|224854|||19/01/1988|2|22300|29/10/2024||21|1|OBS|||||||||||01/11/2024|OBS|OBS|OBS|76974873Z|1||O76|N|O70.1|N|O90.81|N|Z3A.39|E|Z67.20|E|Z37.0|E|||||||||||||||||||||||||||||10D07Z6|3E033VJ|10907ZC|3E0R3BZ|||||||||||||||||||||||||||||||||560|,2876|1|Sistema Nacional de Salud|-
220054|HOSPITAL DE BARBASTRO|224735|||17/07/2000|2|22500|30/10/2024||27|1|OBS|||||||||||02/11/2024|OBS|OBS|OBS|73021577G|1|31/10/2024|O30.043|S|O32.8XX1|S|O99.824|S|Z3A.37|E|Z37.2|E|Z67.40|E|||||||||||||||||||||||||||||10D00Z1|4A1HXCZ|||||||||||||||||||||||||||||||||||540|,5712|1|Sistema Nacional de Salud|-
220054|HOSPITAL DE BARBASTRO|95407|VXBR820457910016||17/04/1982|2|22400|01/11/2024||21|1|OBS|||||||||||03/11/2024|OBS|OBS|OBS|76974873Z|1||O99.284|S|E03.9|S|O99.02|S|D50.9|S|O69.2XX0|N|O77.0|S|O99.844|S|O26.893|S|Z3A.40|E|Z37.0|E|Z67.41|E|||||||||||||||||||10E0XZZ|0W8NXZZ|10907ZC|3E0234Z|4A1HXCZ||||||||||||||||||||||||||||||||560|,2876|1|Sistema Nacional de Salud|-
220054|HOSPITAL DE BARBASTRO|206455|RTSN300755910016||15/07/1930|2|22147|31/10/2024||21|1|MIR|||||||||||03/11/2024|MIR|MIR|MIR|17202610J|4||S06.5X0A|S|S06.6X0A|S|W19.XXXA|S|I25.2|E|Z79.02|E|I10|S|E78.5|S|J45.909|S|E89.0|S|T38.2X5S|E|||||||||||||||||||||3E033NZ|3E0337Z|B020ZZZ||||||||||||||||||||||||||||||||||055|,6709|1|Sistema Nacional de Salud|-
220054|HOSPITAL DE BARBASTRO|2920|TRPC540152910018||12/01/1954|2|22300|28/10/2024||21|1|MIR|||||||||||04/11/2024|MIR|MIR|MIR|72987424Y|1||A41.51|S|N39.0|S|B96.20|S|Z16.24|S|N17.9|S|R09.02|S|G93.40|S|D68.9|S|E11.65|N|T38.0X5A|N|Z79.84|E|F32.9|S|G21.19|S|T50.905A|S|Z85.3|E|Z92.21|E|Z92.3|E|K80.20|S|E55.9|S|||B020ZZZ|BW201ZZ|4A02X4Z|3E03329|3E0333Z|3E0F7GC|3E0F7SF|3E013VG|||||||||||||||||||||||||||||720|1,0915|1|Sistema Nacional de Salud|-
220054|HOSPITAL DE BARBASTRO|57083|VDLR670308910014||08/03/1967|1|22400|03/11/2024||27|2|URO|||||||||||05/11/2024|URO|URO|URO|28626568D|1|04/11/2024|N20.0|S|Z96.0|S|E78.5|S|E55.9|S|||||||||||||||||||||||||||||||||0TF48ZZ|0TP580Z|0T9480Z||||||||||||||||||||||||||||||||||443|1,0933|1|Sistema Nacional de Salud|-
220054|HOSPITAL DE BARBASTRO|160559|CTND670106910017||06/01/1967|1|22440|31/10/2024||21|1|MIR|04/11/2024|NML|||||||||05/11/2024|NML|NML|NML|07267217E|1||J44.1|S|F17.210|S|F12.90|S|F11.21|S|N04.9|S|I73.9|S|I25.2|E|Z95.5|E|||||||||||||||||||||||||3E0333Z|3E03329|3E0F7GC||||||||||||||||||||||||||||||||||140|,6174|1|Sistema Nacional de Salud|-
220054|HOSPITAL DE BARBASTRO|194647|||28/12/1944|1|22533|28/10/2024||21|1|MIR|||||||||||05/11/2024|MIR|MIR|MIR|45942132T|1||J18.9|S|I11.0|S|I50.9|S|J96.02|S|J96.01|S|I25.2|E|Z95.1|E|E78.5|S|E11.9|S|G30.9|S|F02.C0|S|G20|S|R32|S|R15.9|S|Z79.4|E|Z79.82|E|Z59.3|E|||||||4A02X4Z|3E03329|3E0F7GC|3E0F7SF|3E0333Z|3E033GC|||||||||||||||||||||||||||||||139|,85|1|Sistema Nacional de Salud|-
220054|HOSPITAL DE BARBASTRO|15797|MNBL380767910015||27/07/1938|2|22400|04/11/2024||21|1|MIR|||||||||||05/11/2024|MIR|MIR|MIR|18055798Q|4||C54.1|S|D63.0|S|I50.9|S|I35.0|S|Z89.611|E|Z89.612|E|||||||||||||||||||||||||||||3E033GC|3E033NZ|3E0337Z|3E013GC|3E013VG||||||||||||||||||||||||8140/3||||||||530|,603|1|Sistema Nacional de Salud|-
220054|HOSPITAL DE BARBASTRO|216532|||05/12/1979|1|22400|28/10/2024||21|1|MIR|05/11/2024|MIV|||||||||06/11/2024|MIV|MIV|MIV|18037519E|4|05/11/2024|D3A.8|S|A41.9|N|R65.21|N|K65.9|N|N17.9|N|D68.9|N|E87.21|N|E16.2|N|F17.210|S|F10.20|S|||||||||||||||||||||0DBB0ZZ|BW241ZZ|3E043XZ|3E0433Z|3E043NZ|5A1D90Z|3E04329|5A1945Z|0BH17EZ|4A12X4Z|4A133B1|4A13XR1|3E0437Z|3E033NZ|3E0337Z|3E033GC|3E03329|3E013GC|||||||||||8249/3||||||||681|6,587|1|Sistema Nacional de Salud|-
220054|HOSPITAL DE BARBASTRO|86245|DEVL351253910013||13/12/1935|2|22420|27/10/2024||21|1|TRA|||||||||||06/11/2024|TRA|TRA|TRA|73090858D|5|28/10/2024|S72.101A|S|W19.XXXA|S|D64.9|N|E53.8|S|E55.9|S|I10|S|E78.5|S|I35.0|S|K21.9|S|I87.2|S|M15.9|S|||||||||||||||||||0QS636Z|3E033NZ|3E013GC||||||||||||||||||||||||||||||||||308|1,2066|1|Sistema Nacional de Salud|-
220054|HOSPITAL DE BARBASTRO|225357|||05/01/1961|1|22520|05/11/2024||27|2|CGD|||||||||||06/11/2024|CGD|CGD|CGD|77133926E|1|05/11/2024|K40.90|S|E78.5|S|||||||||||||||||||||||||||||||||||||0YU60JZ||||||||||||||||||||||||||||||||||||228|,8181|1|Sistema Nacional de Salud|-
220054|HOSPITAL DE BARBASTRO|32149|GNFR420356913011||16/03/1942|2|22300|31/10/2024||21|1|NRL|||||||||||07/11/2024|NRL|NRL|NRL|72971573W|1||G50.0|S|G30.9|S|F02.B0|S|F32.A|S|I10|S|Z90.710|E|Z90.722|E|Z90.49|E|||||||||||||||||||||||||3E033NZ|3E0337Z|||||||||||||||||||||||||||||||||||048|,6158|1|Sistema Nacional de Salud|-
220054|HOSPITAL DE BARBASTRO|94815|LBLB491101910011||01/11/1949|1|22340|04/11/2024||21|1|MIR|04/11/2024|NRL|||||||||07/11/2024|NRL|NRL|NRL|73195071D|1||I63.81|S|G46.5|S|G46.6|S|G81.94|S|R47.1|S|I48.0|S|R29.705|S|I10|S|E78.5|S|E66.9|S|||||||||||||||||||||B020ZZZ|B328ZZZ|B246ZZZ|4A02X4Z|4A12X4Z||||||||||||||||||||||||||||||||045|,8638|1|Sistema Nacional de Salud|-
220054|HOSPITAL DE BARBASTRO|199061|CBLX561129910017||29/11/1956|1|22520|06/11/2024||27|2|CGD|||||||||||07/11/2024|CGD|CGD|CGD|77133926E|1|06/11/2024|K40.91|S|||||||||||||||||||||||||||||||||||||||0YU54JZ||||||||||||||||||||||||||||||||||||228|,8181|1|Sistema Nacional de Salud|-
220054|HOSPITAL DE BARBASTRO|75419|PYVL380661910012||21/06/1938|2|22559|29/10/2024||21|1|MIR|||||||||||07/11/2024|MIR|MIR|MIR|17702334Q|1||K80.51|S|R93.2|S|I11.9|S|I45.10|S|R73.01|S|I69.998|E|H54.61|S|M81.0|S|R32|S|I87.2|S|Z90.710|E|||||||||||||||||||BW21ZZZ|BW40ZZZ|3E0337Z||||||||||||||||||||||||||||||||||284|,6359|1|Sistema Nacional de Salud|-
220054|HOSPITAL DE BARBASTRO|14336|CVCM860948910010||08/09/1986|2|22300|05/11/2024||21|1|OBS|||||||||||07/11/2024|OBS|OBS|OBS|43558977J|1||O48.0|S|O33.5XX0|S|O77.0|N|O70.0|N|O90.81|N|Z3A.40|E|Z37.0|E|Z67.41|E|||||||||||||||||||||||||10E0XZZ|3E0R3BZ|0HQ9XZZ|4A1HXCZ|||||||||||||||||||||||||||||||||560|,2876|1|Sistema Nacional de Salud|-
220054|HOSPITAL DE BARBASTRO|217022|||25/06/2000|2|22300|07/11/2024||27|2|GIN|||||||||||07/11/2024|GIN|GIN|GIN|48151267P|1|07/11/2024|Z30.2|E|Z30.46|E|||||||||||||||||||||||||||||||||||||0UT74ZZ|0JHF3HZ|||||||||||||||||||||||||||||||||||850|1,6787|1|Sistema Nacional de Salud|-
220054|HOSPITAL DE BARBASTRO|78570|RSZQ351111910013||11/11/1935|1|22400|06/11/2024||21|1|MIR|||||||||||08/11/2024|MIR|MIR|MIR|45942132T|1||I82.411|S|I82.811|S|I11.9|S|D50.9|S|I71.40|S|K57.30|S|G31.84|S|N40.0|S|I87.2|S|Z86.718|E|Z86.711|E|||||||||||||||||||B54BZZZ|4A02X4Z|3E013GC||||||||||||||||||||||||||||||||||197|,5149|1|Sistema Nacional de Salud|-
220054|HOSPITAL DE BARBASTRO|38305|HRCS440713904010||13/07/1944|1|22500|31/10/2024||21|1|MIR|||||||||||08/11/2024|MIR|MIR|MIR|45942132T|1||J44.0|S|J13|S|I50.9|S|J96.91|S|N17.9|S|I12.9|S|E11.22|S|N18.4|S|E87.20|S|E53.8|S|I71.40|S|I87.2|S|Z95.820|E|Z86.711|E|Z79.01|E|Z79.82|E|Z87.891|E|||||||3E03329|3E0F7SF|3E0F7GC|3E033GC|3E0337Z|3E0333Z|||||||||||||||||||||||||||||||140|,7699|1|Sistema Nacional de Salud|-
220054|HOSPITAL DE BARBASTRO|137442|LYGL840762901012||22/07/1984|2|22400|28/10/2024||21|1|CGD|||||||||||08/11/2024|CGD|CGD|CGD|73210877Z|1||K57.33|S|K62.89|S|||||||||||||||||||||||||||||||||||||0DBP8ZX|BW20ZZZ|3E03329||||||||||||||||||||||||||||||||||244|,4809|1|Sistema Nacional de Salud|-
220054|HOSPITAL DE BARBASTRO|147306|VZXX771114642013||14/11/1977|1|22364|01/11/2024||21|1|MIR|||||||||||09/11/2024|MIR|MIR|MIR|73016622V|4||M84.58XA|S|C34.12|S|C77.0|S|C77.1|S|C79.31|S|C78.7|S|C79.01|S|C79.02|S|C79.51|S|G89.3|S|I10|S|E78.5|S|Z74.8|S|Z99.81|E|Z79.52|E|||||||||||2W35X3Z|BR29ZZZ|3E033NZ|3E033GC|3E0F7GC|3E013GC|3E0337Z||||||||||||||||||||||8041/3|8041/6|||||||343|1,4144|1|Sistema Nacional de Salud|-
220054|HOSPITAL DE BARBASTRO|45458|TRHR580626910014||26/06/1958|1|22400|27/10/2024||27|2|URO|||||||||||09/11/2024|URO|URO|URO|28626568D|1|28/10/2024|C61|S|I10|S|M19.90|S|K59.81|N|R33.9|N|R31.9|N|||||||||||||||||||||||||||||0VT04ZZ|0VT34ZZ|30233N1|0T2BX0Z|3E1K78Z|3E0337Z|3E0336Z|3E1H78Z|0D9P70Z|3E0DXGC|||||||||||||||||||8550/3||||||||480|1,1363|1|Sistema Nacional de Salud|-
220054|HOSPITAL DE BARBASTRO|759|SRLB470326910016||26/03/1947|1|22417|10/11/2024||27|2|URO|||||||||||10/11/2024|URO|URO|URO|51460077S|1||N40.1|S|R33.8|S|Z53.09|S|Z79.01|E|I10|S|E78.5|S|E11.9|S|R91.1|S|E89.0|S|Z96.0|S|Z85.850|E|Z95.1|E|Z95.2|E|||||||||||||||||||||||||||||||||||||||||||||||||||501|,4581|1|Sistema Nacional de Salud|-
220054|HOSPITAL DE BARBASTRO|26229|CLGM870268910018||28/02/1987|2|22300|09/11/2024||21|1|OBS|||||||||||11/11/2024|OBS|OBS|OBS|73010241F|1||O90.81|N|Z67.10|E|Z3A.38|E|Z37.0|E|||||||||||||||||||||||||||||||||10E0XZZ|4A1HXCZ|3E033GC||||||||||||||||||||||||||||||||||560|,2876|1|Sistema Nacional de Salud|-
220054|HOSPITAL DE BARBASTRO|10189|PYMR440669910017||29/06/1944|2|22400|02/11/2024||21|1|TRA|||||||||||11/11/2024|TRA|TRA|TRA|Y2004544Q|1|05/11/2024|S72.401A|S|M97.11XA|S|W18.2XXA|S|T81.590A|N|Y79.3|N|D50.0|N|M62.3|N|I10|S|E78.5|S|K44.9|S|I49.49|S|G47.00|S|M81.0|S|||||||||||||||0QSB04Z|0QUB07Z|3E033NZ|3E013GC|30233N1||||||||||||||||||||||||||||||||308|1,4102|1|Sistema Nacional de Salud|-
220054|HOSPITAL DE BARBASTRO|96409|LPSR700559910013||19/05/1970|2|22400|07/11/2024||27|2|GIN|||||||||||12/11/2024|GIN|GIN|GIN|72781954H|1|08/11/2024|D25.9|S|N39.0|N|M06.9|S|Z88.0|E|||||||||||||||||||||||||||||||||0UT90ZZ|0UT70ZZ|3E03329||||||||||||||||||||||||||8890/0||||||||519|,7015|1|Sistema Nacional de Salud|-
220054|HOSPITAL DE BARBASTRO|1773|CRGR451250910019||10/12/1945|2|22390|06/11/2024||21|1|MIR|||||||||||12/11/2024|MIR|MIR|MIR|18049390W|1||R50.9|S|R34|S|L89.159|S|B95.4|S|G82.20|S|N31.9|S|R15.9|S|S24.112S|E|W17.89XS|E|I10|S|E66.3|S|M15.9|S|N83.9|S|||||||||||||||3E03329|3E0337Z|3E033NZ|3E013GC|3E033GC||||||||||||||||||||||||||||||||722|,7837|1|Sistema Nacional de Salud|-
220054|HOSPITAL DE BARBASTRO|52687|CSCZ511049910019||09/10/1951|2|22367|03/11/2024||21|1|MIR|||||||||||12/11/2024|MIR|MIR|MIR|18045774C|1||J18.9|S|I48.91|S|I27.20|S|I07.1|S|J96.21|S|I11.0|S|I50.31|S|I27.81|S|E04.2|S|C88.0|S|M81.0|S|Z88.0|E|||||||||||||||||4A02X4Z|B246ZZZ|3E033GC|3E03329|3E0F7SF|3E013GC|||||||||||||||||||||||9761/3||||||||139|1,3566|1|Sistema Nacional de Salud|-
220054|HOSPITAL DE BARBASTRO|67237|CSMR470814901016||14/08/1947|1|22549|11/10/2024||21|1|MIR|31/10/2024|CAR|||||||||12/11/2024|CAR|CAR|CAR|Y6058219X|2||T82.03XA|S|T82.6XXA|S|I33.0|S|R78.81|S|B96.1|S|Z16.12|S|B96.89|S|I08.1|S|I50.9|S|I48.21|S|I27.20|S|I51.7|S|N18.9|S|Z79.01|E|||||||||||||B246ZZZ|B246ZZ4|B3201ZZ|4A02X4Z|3E033GC|3E0337Z|3E03329|3E033NZ|||||||||||||||||||||||||||||206|2,2675|1|Sistema Nacional de Salud|-
220054|HOSPITAL DE BARBASTRO|190194|GLNX780453901011||13/04/1978|2|22430|11/11/2024||27|2|CGD|||||||||||13/11/2024|CGD|CGD|CGD|50883390F|1|12/11/2024|D35.1|S|E21.0|S|M79.7|S|||||||||||||||||||||||||||||||||||0GTN0ZZ||||||||||||||||||||||||||||8140/0||||||||404|,8716|1|Sistema Nacional de Salud|-
220054|HOSPITAL DE BARBASTRO|109762|SNCS540718910019||18/07/1954|1|22450|05/11/2024||21|1|MIR|||||||||||14/11/2024|MIR|MIR|MIR|18052661F|1||A41.51|S|N41.0|S|B96.20|S|L02.31|S|E11.65|S|R33.9|S|E11.22|S|N18.2|S|I49.49|S|I69.393|E|R32|S|Z79.82|E|||||||||||||||||3E0333Z|3E03329|||||||||||||||||||||||||||||||||||720|,7111|1|Sistema Nacional de Salud|-
220054|HOSPITAL DE BARBASTRO|54134|FGMR460101910014||01/01/1946|1|22500|16/10/2024||27|2|CGD|21/10/2024|MIV|01/11/2024|MIR|||||||14/11/2024|MIR|MIR|MIR|73016622V|1|17/10/2024|C18.7|S|K91.89|N|T81.32XA|N|T81.43XA|N|K65.8|N|T81.44XA|N|T81.12XA|N|J96.00|N|N17.9|N|D68.9|N|Y83.6|N|R31.9|N|F05|N|D64.9|N|I51.81|N|E11.9|S|E66.9|S|E78.5|S|M79.602|S|K62.7|S|0DTN4ZZ|0DBM4ZZ|0D1M4Z4|3E1M48Z|3E1M48X|BW20ZZZ|3E04329|3E0437Z|3E043XZ|3E043GC|3E0F7SF|B246ZZZ|B54DZZZ|4A12X4Z|0T9B70Z|0TPBX0Z|3E1K78Z|3E043NZ|3E0436Z|4A133B1|||||||||8140/3||||||||231|4,4003|1|Sistema Nacional de Salud|-
220054|HOSPITAL DE BARBASTRO|41434|LGNR671009901010||09/10/1967|1|22400|06/11/2024||21|1|CGD|||||||||||15/11/2024|CGD|CGD|CGD|73204652E|2||T87.81|S|T87.42|S|L03.116|S|B95.2|S|B96.89|S|Z16.11|S|E11.51|S|J43.9|S|E66.9|S|K70.30|S|Z79.4|E|Z89.421|E|||||||||||||||||3E03329|3E03328|BW40ZZZ|4A02X4Z|3E033NZ||||||||||||||||||||||||||||||||349|,7358|1|Sistema Nacional de Salud|-
220054|HOSPITAL DE BARBASTRO|6569|PNGL711128910013||28/11/1971|1|22400|11/11/2024||21|1|MIR|||||||||||15/11/2024|MIR|MIR|MIR|18045774C|1||T87.44|S|L03.116|S|E11.51|S|E11.21|S|E11.610|S|I10|S|E11.42|S|E66.9|S|E78.5|S|F17.210|S|Z79.4|E|||||||||||||||||||0Y9J3ZZ|0YBJ3ZZ|3E03329|3E03328|||||||||||||||||||||||||||||||||317|1,2439|1|Sistema Nacional de Salud|-
220054|HOSPITAL DE BARBASTRO|219978|||06/12/2022|1|22350|15/11/2024||21|1|PED|||||||||||15/11/2024|PED|PED|PED|18036541X|1||J00|S|B97.10|S|||||||||||||||||||||||||||||||||||||||||||||||||||||||||||||||||||||||||113|,3364|1|Sistema Nacional de Salud|-
220054|HOSPITAL DE BARBASTRO|70980|DLMR641052910015||12/10/1964|2|22300|15/11/2024||27|2|URO|||||||||||16/11/2024|URO|URO|URO|28626568D|1|15/11/2024|D09.0|S|F31.9|S|Z91.51|E|||||||||||||||||||||||||||||||||||0TBB8ZZ||||||||||||||||||||||||||||8130/2||||||||446|,7682|1|Sistema Nacional de Salud|-
220054|HOSPITAL DE BARBASTRO|37387|PCPL570319910018||19/03/1957|1|22580|12/11/2024||21|1|URO|||||||||||17/11/2024|URO|URO|URO|Y9933326P|4||C67.8|S|C77.2|S|R31.9|S|I10|S|E78.5|S|||||||||||||||||||||||||||||||3E0337Z|3E033NZ|||||||||||||||||||||||||||8120/3|8120/6|||||||461|,8134|1|Sistema Nacional de Salud|-
220054|HOSPITAL DE BARBASTRO|226842|||18/11/2024|2|22520|19/11/2024||24|1|PED|||||||||||19/11/2024|PED|PED|PED|76970719T|2||P84|S|R25.8|S|||||||||||||||||||||||||||||||||||||5A09457||||||||||||||||||||||||||||||||||||580|,2571|1|Sistema Nacional de Salud|-
220054|HOSPITAL DE BARBASTRO|102736|DLBN890531910011||31/05/1989|1|22500|14/11/2024||21|1|NML|||||||||||19/11/2024|NML|NML|NML|07267217E|1||A15.0|S|F17.210|S|||||||||||||||||||||||||||||||||||||BW241ZZ|3E0F7GC|3E013GC|3E033NZ|||||||||||||||||||||||||||||||||137|,5921|1|Sistema Nacional de Salud|-
220054|HOSPITAL DE BARBASTRO|79887|PNCL450330910016||30/03/1945|1|22511|15/11/2024||27|2|URO|||||||||||19/11/2024|URO|URO|URO|28626568D|1|15/11/2024|N40.1|S|N35.912|S|D50.0|N|I10|S|E11.21|S|E11.319|S|E66.9|S|G20|S|F41.8|S|Z86.711|E|||||||||||||||||||||0VB00ZZ|30233N1|||||||||||||||||||||||||||||||||||484|1,2558|1|Sistema Nacional de Salud|-
220054|HOSPITAL DE BARBASTRO|218178|||15/06/2022|1|22315|19/11/2024||21|1|PED|||||||||||19/11/2024|PED|PED|PED|18161158J|1||R56.00|S|G40.909|S|||||||||||||||||||||||||||||||||||||4A0ZXKZ|3E0F7SF|||||||||||||||||||||||||||||||||||053|,5154|1|Sistema Nacional de Salud|-
220054|HOSPITAL DE BARBASTRO|32281|LGCS870456910017||16/04/1987|2|22300|20/11/2024||21|1|OBS|||||||||||20/11/2024|OBS|OBS|OBS|48151267P|1|20/11/2024|O02.1|S|||||||||||||||||||||||||||||||||||||||10D17ZZ|BY49ZZZ|||||||||||||||||||||||||||||||||||543|,431|1|Sistema Nacional de Salud|-
220054|HOSPITAL DE BARBASTRO|104612|NCSL580925910012||25/09/1958|1|22300|18/11/2024||27|2|TRA|||||||||||20/11/2024|TRA|TRA|TRA|25196873M|1|19/11/2024|M65.831|S|||||||||||||||||||||||||||||||||||||||0RBL4ZZ||||||||||||||||||||||||||||||||||||315|,898|1|Sistema Nacional de Salud|-
220054|HOSPITAL DE BARBASTRO|137829|||30/04/2003|2|22400|20/11/2024||27|2|TRA|||||||||||20/11/2024|TRA|TRA|TRA|25191069C|3|20/11/2024|M20.11|S|M20.5X1|S|||||||||||||||||||||||||||||||||||||0QSN0ZZ|0QSN04Z|||||||||||||||||||||||||||||||||||314|1,0916|1|Sistema Nacional de Salud|-
220054|HOSPITAL DE BARBASTRO|55170|LRZR910565910012||25/05/1991|2|22300|20/11/2024||27|2|CGD|||||||||||21/11/2024|CGD|CGD|CGD|17852991T|1|20/11/2024|K43.2|S|||||||||||||||||||||||||||||||||||||||0WUF0JZ||||||||||||||||||||||||||||||||||||227|1,0731|1|Sistema Nacional de Salud|-
220054|HOSPITAL DE BARBASTRO|205109|||14/10/1977|2|22300|18/11/2024||21|1|URO|||||||||||21/11/2024|URO|URO|URO|28626568D|1|18/11/2024|N20.1|S|G43.909|S|G47.00|S|F32.A|S|||||||||||||||||||||||||||||||||0T9480Z|3E03329|3E033NZ||||||||||||||||||||||||||||||||||443|1,0933|1|Sistema Nacional de Salud|-
220054|HOSPITAL DE BARBASTRO|90820|CLGB921163910018||23/11/1992|2|22300|21/11/2024||21|1|OBS|||||||||||21/11/2024|OBS|OBS|OBS|25153470A|1||O02.1|S|||||||||||||||||||||||||||||||||||||||10D17ZZ|BY49ZZZ|3E0234Z||||||||||||||||||||||||||||||||||543|,431|1|Sistema Nacional de Salud|-
220054|HOSPITAL DE BARBASTRO|157703|LLGR850362901016||22/03/1985|2|22330|21/11/2024||21|1|OBS|||||||||||21/11/2024|OBS|OBS|OBS|25153470A|1|21/11/2024|O02.1|S|Z88.0|E|||||||||||||||||||||||||||||||||||||10D17ZZ||||||||||||||||||||||||||||||||||||543|,431|1|Sistema Nacional de Salud|-
220054|HOSPITAL DE BARBASTRO|76936|FBGS850622910014||22/06/1985|1|22400|22/11/2024||27|2|URO|||||||||||22/11/2024|URO|URO|URO|28626568D|1|22/11/2024|Z30.2|E|||||||||||||||||||||||||||||||||||||||0VBQ0ZZ||||||||||||||||||||||||||||||||||||861|,4785|1|Sistema Nacional de Salud|-
220054|HOSPITAL DE BARBASTRO|226827|||17/11/2024|1|22300|20/11/2024||27|1|PED|||||||||||22/11/2024|PED|PED|PED|18025482Z|1||P59.9|S|P13.3|S|Q38.1|E|||||||||||||||||||||||||||||||||||6A600ZZ|2W39XYZ|0CN7XZZ||||||||||||||||||||||||||||||||||640|,1011|1|Sistema Nacional de Salud|-
220054|HOSPITAL DE BARBASTRO|221225|||05/12/1973|2|22550|21/11/2024||27|2|TRA|||||||||||23/11/2024|TRA|TRA|TRA|73090858D|1|22/11/2024|M18.9|S|||||||||||||||||||||||||||||||||||||||0PTN0ZZ|0LX60ZZ|||||||||||||||||||||||||||||||||||316|,8026|1|Sistema Nacional de Salud|-
220054|HOSPITAL DE BARBASTRO|224578|||05/09/1995|2|22520|25/11/2024||21|1|OBS|||||||||||25/11/2024|OBS|OBS|OBS|47919222X|1||O47.1|S|O48.0|S|Z3A.40|E|||||||||||||||||||||||||||||||||||4A1HXCZ|0UJD7ZZ|||||||||||||||||||||||||||||||||||566|,2688|1|Sistema Nacional de Salud|-
220054|HOSPITAL DE BARBASTRO|64991|GRLP761253910023||13/12/1976|2|22500|20/11/2024||27|2|CGD|||||||||||25/11/2024|CGD|CGD|CGD|18045029B|1|21/11/2024|C18.2|S|C77.2|S|I10|S|E66.9|S|F32.A|S|Q43.3|E|||||||||||||||||||||||||||||0DTF4ZZ||||||||||||||||||||||||||||8263/3|8263/6|||||||231|1,6606|1|Sistema Nacional de Salud|-
220054|HOSPITAL DE BARBASTRO|47211|CLGM660917910017||17/09/1966|1|22300|24/11/2024||21|1|CAR|||||||||||25/11/2024|CAR|CAR|CAR|73005036T|1||R07.89|S|I25.10|S|I11.9|S|I51.7|S|E78.5|S|E11.9|S|J44.9|S|I35.8|S|F17.210|S|Z95.5|E|Z88.6|E|Z86.16|E|Z79.84|E|||||||||||||||B246ZZZ|4A02X4Z|3E033GC||||||||||||||||||||||||||||||||||198|,4962|1|Sistema Nacional de Salud|-
220054|HOSPITAL DE BARBASTRO|218089|||15/09/1991|2|22466|22/11/2024||21|1|OBS|||||||||||25/11/2024|OBS|OBS|OBS|72781954H|1||O48.0|S|O69.2XX0|S|O36.93X0|N|O70.0|N|O90.81|N|Z3A.40|E|Z67.40|E|Z37.0|E|||||||||||||||||||||||||10D07Z6|0UQGXZZ|3E0R3BZ|10907ZC|4A1HXCZ||||||||||||||||||||||||||||||||560|,2876|1|Sistema Nacional de Salud|-
220054|HOSPITAL DE BARBASTRO|219736|||02/09/1949|1|22300|24/11/2024||27|2|ORL|||||||||||25/11/2024|ORL|ORL|ORL|26283260X|1|25/11/2024|J38.3|S|Z87.891|E|||||||||||||||||||||||||||||||||||||0CBT8ZX||||||||||||||||||||||||||||||||||||115|,4819|1|Sistema Nacional de Salud|-
220054|HOSPITAL DE BARBASTRO|15052|BJCX361270904015||30/12/1936|2|22400|19/11/2024||21|1|MIR|20/11/2024|GRT|||||||||26/11/2024|GRT|GRT|GERIATRIA|18071569D|1||J18.9|S|J96.00|S|I10|S|G31.84|S|Z59.3|E|Z90.49|E|||||||||||||||||||||||||||||3E03329|3E0F7GC|3E0333Z|3E013GC|3E033GC|3E033NZ|3E0F7SF||||||||||||||||||||||||||||||139|,85|1|Sistema Nacional de Salud|-
220054|HOSPITAL DE BARBASTRO|52964|RNDL581262910017||22/12/1958|2|22430|22/11/2024||27|2|MIR|||||||||||26/11/2024|MIR|MIR|MIR|18055798Q|1||R63.4|S|K63.5|S|M79.7|S|F17.210|S|Z85.43|E|Z90.710|E|Z90.722|E|||||||||||||||||||||||||||0DBE8ZZ||||||||||||||||||||CW3NYZZ|BW3GYZZ|||||||||||||||421|,4604|1|Sistema Nacional de Salud|-
220054|HOSPITAL DE BARBASTRO|6275|MRLS340657910014||17/06/1934|2|22424|19/11/2024||21|1|MIR|||||||||||26/11/2024|MIR|MIR|MIR|18052661F|1||K83.8|S|K80.50|S|K59.00|S|I10|S|E78.5|S|I25.9|S|C91.Z0|S|M51.17|S|M15.9|S|M81.0|S|I44.7|S|F41.9|S|Z88.1|E|Z79.82|E|||||||||||||BW20ZZZ|BW241ZZ|4A02X4Z|3E033NZ|3E0337Z|3E1H78Z|||||||||||||||BF35ZZZ|BF37ZZZ|||||||9823/3||||||||284|,8061|1|Sistema Nacional de Salud|-
220054|HOSPITAL DE BARBASTRO|42382|NGTR330524910016||24/05/1933|1|22400|17/11/2024||21|1|MIR|||||||||||26/11/2024|MIR|MIR|MIR|18049390W|1||J44.1|S|B37.0|S|I10|S|E78.5|S|D50.9|S|E55.9|S|Z86.008|E|||||||||||||||||||||||||||3E0333Z|3E0F7GC|3E03329|3E033NZ|3E0F7SF|3E033GC|||||||||||||||||||||||||||||||140|,6174|1|Sistema Nacional de Salud|-
220054|HOSPITAL DE BARBASTRO|166056|CRPC480229911013||29/02/1948|1|22520|21/11/2024||21|1|MIR|||||||||||26/11/2024|MIR|MIR|MIR|18049390W|1||D01.2|S|E78.5|S|||||||||||||||||||||||||||||||||||||0DBP8ZX|BW201ZZ|||||||||||||||||||||||||||8210/2||||||||254|,5043|1|Sistema Nacional de Salud|-
220054|HOSPITAL DE BARBASTRO|35292|BRMN700703910011||03/07/1970|1|22300|26/11/2024||27|2|URO|||||||||||27/11/2024|URO|URO|URO|Y9933326P|1|26/11/2024|N20.0|S|E78.5|S|G47.33|S|||||||||||||||||||||||||||||||||||0TF48ZZ|0T9480Z|||||||||||||||||||||||||||||||||||443|1,0933|1|Sistema Nacional de Salud|-
220054|HOSPITAL DE BARBASTRO|8498|MRSN650363910013||23/03/1965|2|22300|25/11/2024||27|2|URO|||||||||||27/11/2024|URO|URO|URO|28626568D|1|26/11/2024|N20.0|S|M79.7|S|M81.0|S|D56.9|S|Z88.6|E|Z88.8|E|||||||||||||||||||||||||||||0T9380Z||||||||||||||||||||||||||||||||||||443|1,0933|1|Sistema Nacional de Salud|-
220054|HOSPITAL DE BARBASTRO|185428|DMPY470102910017||02/01/1947|1|22430|05/11/2024||21|1|MIR|06/11/2024|NRL|18/11/2024|MIR|||||||27/11/2024|MIR|MIR|MIR|73016622V|1||S06.5XAA|S|S22.43XA|S|S00.03XA|S|V48.5XXA|S|J18.9|N|Y95|N|J94.2|N|R40.4|N|T43.505A|N|T82.838A|N|D53.9|S|E53.8|S|I10|S|E11.3299|S|N40.1|S|N39.498|S|E79.0|S|I77.810|S|F10.20|S|F09|S|B020ZZZ|BR20ZZZ|BW24ZZZ|4A02X4Z|30233N1|3E033GC|0W993ZZ|3E03329|3E03328|3E0F7SF|3E033NZ|3E0337Z|3E0F7GC|3E0333Z|3E013GC|F01ZCZZ|F01ZDZZ|3E013VG|||B030ZZZ||||||||||||||||930|1,4498|5|Privado|-
220054|HOSPITAL DE BARBASTRO|5101|NRPR510343910013||03/03/1951|2|22300|24/11/2024||27|2|CGD|||||||||||27/11/2024|CGD|CGD|CGD|72889973Y|1|25/11/2024|K81.1|S|I10|S|E78.5|S|F41.9|S|J44.9|S|I25.2|E|Z95.5|E|Z80.0|E|||||||||||||||||||||||||0FT44ZZ||||||||||||||||||||||||||||||||||||263|,9851|1|Sistema Nacional de Salud|-
220054|HOSPITAL DE BARBASTRO|214720|||14/07/2021|1|22500|28/11/2024||27|2|PED|||||||||||28/11/2024|PED|PED|PED|25359168N|1||Z01.82|E|||||||||||||||||||||||||||||||||||||||||||||||||||||||||||||||||||||||||||861|,4785|1|Sistema Nacional de Salud|-
220054|HOSPITAL DE BARBASTRO|207937|||03/06/2019|1|22300|22/11/2024||21|1|PED|||||||||||28/11/2024|PED|PED|PED|72828135S|1||J15.7|S|J12.0|S|Z87.74|E|Z79.01|E|||||||||||||||||||||||||||||||||3E03329|3E0F7SF|||||||||||||||||||||||||||||||||||139|,4269|1|Sistema Nacional de Salud|-
220054|HOSPITAL DE BARBASTRO|21891|GRBL500416910017||16/04/1950|1|22300|18/11/2024||21|1|MIR|||||||||||28/11/2024|MIR|MIR|MIR|17702334Q|1||J98.8|S|K12.32|S|T45.1X5A|S|J96.01|S|J96.02|S|I50.9|S|K59.00|S|R41.0|S|T39.2X5A|S|C34.82|S|C78.2|S|J91.0|S|C79.51|S|N40.0|S|Z51.5|E|Z79.52|E|Z79.891|E|Z87.891|E|||||B020ZZZ|3E0F7SF|3E0F7GC|3E0333Z|3E033GC|3E03329|||||||||||||||||||||||8140/3|8140/6|||||||144|,6508|1|Sistema Nacional de Salud|-
220054|HOSPITAL DE BARBASTRO|208800|||14/12/1985|2|22400|25/11/2024||21|1|OBS|||||||||||28/11/2024|OBS|OBS|OBS|72781954H|1||O14.14|S|O26.833|S|N17.9|S|O63.1|N|O24.424|S|O99.284|S|E03.9|S|O70.1|N|O90.81|N|Z3A.37|E|Z37.0|E|Z67.20|E|||||||||||||||||10D07Z6|3E0R3BZ|10907ZC|0KQM0ZZ|4A1HXCZ||||||||||||||||||||||||||||||||560|,3169|1|Sistema Nacional de Salud|-
220054|HOSPITAL DE BARBASTRO|212771|||30/06/1971|1|22300|23/11/2024||21|1|MIR|||||||||||29/11/2024|MIR|MIR|MIR|73016622V|4||L89.154|S|I69.318|E|I69.354|E|I69.391|E|R13.19|S|I42.2|S|E11.9|S|E66.9|S|Z86.73|E|Z95.810|E|Z87.891|E|Z59.3|E|||||||||||||||||3E03329|B020ZZZ|3E0337Z|3E013GC|3E033GC|3E033NZ|||||||||||||||||||||||||||||||380|,6741|1|Sistema Nacional de Salud|-
220054|HOSPITAL DE BARBASTRO|89688|MRBL641167910019||27/11/1964|2|22400|27/11/2024||27|2|CGD|||||||||||29/11/2024|CGD|CGD|CGD|73204652E|1|27/11/2024|C50.212|S|Z17.0|E|E21.0|S|E06.3|S|E55.9|S|F41.8|S|Z79.60|E|||||||||||||||||||||||||||0HBU0ZZ|0HSV0ZZ|07B60ZX|3E013KZ|3E013KZ||||||||||||||||||||||||8500/3||||||||363|1,1044|1|Sistema Nacional de Salud|-
220054|HOSPITAL DE BARBASTRO|144420|LYMR671105901012||05/11/1967|1|22400|28/11/2024||27|2|CGD|||||||||||29/11/2024|CGD|CGD|CGD|18045029B|1|28/11/2024|K40.90|S|||||||||||||||||||||||||||||||||||||||0YU64JZ||||||||||||||||||||||||||||||||||||228|,8181|1|Sistema Nacional de Salud|-
220054|HOSPITAL DE BARBASTRO|222185|||19/11/1975|2|22423|25/11/2024||21|1|MIR|||||||||||30/11/2024|MIR|MIR|MIR|18045774C|1||I82.432|S|I82.442|S|I26.93|S|I67.6|S|T38.4X5A|S|D25.9|S|I87.2|S|||||||||||||||||||||||||||B54DZZZ|B32S1ZZ|B32T1ZZ|4A02X4Z|3E013GC||||||||||||||||B030YZZ|B33RYZZ|||||||8895/0||||||||197|,6688|1|Sistema Nacional de Salud|-
220054|HOSPITAL DE BARBASTRO|30084|GLSS680351910013||11/03/1968|2|22400|28/11/2024||21|1|CGD|||||||||||30/11/2024|CGD|CGD|CGD|18045029B|1||T81.43XA|S|N61.0|S|T81.31XA|S|Y83.6|S|E66.9|S|F41.8|S|J45.909|S|E89.0|S|Z88.6|E|Z88.1|E|||||||||||||||||||||3E03329|3E033NZ|||||||||||||||||||||||||||||||||||721|,7563|1|Sistema Nacional de Salud|-
220054|HOSPITAL DE BARBASTRO|34910|SLMC400862910019||22/08/1940|2|22300|16/11/2024||21|1|TRA|||||||||||02/12/2024|TRA|TRA|TRA|Z2347614D|5|18/11/2024|S72.101A|S|W19.XXXA|S|D64.9|N|I10|S|E11.9|S|E78.5|S|G30.9|S|F02.80|S|E03.8|S|K21.9|S|Z79.4|E|Z79.82|E|M81.0|S|Z90.49|E|Z90.710|E|||||||||||0QS636Z|3E013GC|3E033NZ|3E033GC|3E0337Z|30233N1|||||||||||||||||||||||||||||||308|1,4102|1|Sistema Nacional de Salud|-
220054|HOSPITAL DE BARBASTRO|226967|||28/11/2024|2|22400|29/11/2024||24|1|PED|||||||||||02/12/2024|PED|PED|PED|25359168N|1||P05.07|S|P07.39|S|||||||||||||||||||||||||||||||||||||||||||||||||||||||||||||||||||||||||614|1,4165|1|Sistema Nacional de Salud|-
220054|HOSPITAL DE BARBASTRO|226953|||06/05/1960|1|22400|28/11/2024||21|1|MIR|||||||||||03/12/2024|MIR|MIR|MIR|17202610J|1||J44.0|S|J18.9|S|I11.0|S|I50.30|S|I51.7|S|E85.4|S|I43|S|I42.5|S|F17.210|S|Z60.3|S|||||||||||||||||||||3E03329|3E0F7GC|3E0333Z|B246ZZZ|3E033GC|3E0F7SF|3E033NZ||||||||||||||||||||||||||||||140|,7699|1|Sistema Nacional de Salud|-
220054|HOSPITAL DE BARBASTRO|219144|||16/09/2022|2|22300|03/12/2024||27|2|PED|||||||||||03/12/2024|PED|PED|PED|18161158J|1||Z01.82|E|||||||||||||||||||||||||||||||||||||||||||||||||||||||||||||||||||||||||||861|,4785|1|Sistema Nacional de Salud|-
220054|HOSPITAL DE BARBASTRO|175925|LABR091244910014||04/12/2009|2|22400|30/11/2024||21|1|MIV|02/12/2024|PED|||||||||03/12/2024|PED|PED|PED|18036541X|1||E10.10|S|J03.90|S|||||||||||||||||||||||||||||||||||||3E03329|3E033NZ|4A12X4Z|4A13XB1|4A13XR1|4A10X4Z|||||||||||||||||||||||||||||||420|,5197|1|Sistema Nacional de Salud|-
220054|HOSPITAL DE BARBASTRO|4321|GRTR330127910019||27/01/1933|1|22300|28/11/2024||21|1|MIR|||||||||||04/12/2024|MIR|MIR|MIR|25195530L|1||J69.0|S|R13.10|S|F01.50|S|R82.71|S|B96.1|S|Z16.12|S|C18.9|S|Z99.81|E|I10|S|E11.9|S|E78.5|S|I48.0|S|E46|S|R32|S|R15.9|S|I65.23|S|N40.0|S|Z86.73|E|L12.0|S|Z59.3|E|3E03329|3E0F7GC|3E0333Z|3E033NZ|3E033GC|3E013VG|3E0F7SF|3E0337Z|||||||||||||||||||||8000/3||||||||137|,7663|1|Sistema Nacional de Salud|-
220054|HOSPITAL DE BARBASTRO|6718|BRST850822910014||22/08/1985|1|22500|03/12/2024||27|2|CGD|||||||||||04/12/2024|CGD|CGD|CGD|77133926E|1|03/12/2024|K40.90|S|||||||||||||||||||||||||||||||||||||||0YU64JZ||||||||||||||||||||||||||||||||||||228|,8181|1|Sistema Nacional de Salud|-
220054|HOSPITAL DE BARBASTRO|189324|||12/11/2013|1|22468|29/11/2024||21|1|PED|30/11/2024|CGD|03/12/2024|PED|||||||04/12/2024|PED|PED|PED|25359168N|1|30/11/2024|K35.33|S|J15.7|N|Y95|N|||||||||||||||||||||||||||||||||||0DTJ4ZZ|BW40ZZZ|3E03329|3E033NZ|3E0337Z||||||||||||||||||||||||||||||||233|1,2401|1|Sistema Nacional de Salud|-
220054|HOSPITAL DE BARBASTRO|224386|||21/06/1985|2|22300|04/12/2024||27|2|CGD|||||||||||05/12/2024|CGD|CGD|CGD|72889973Y|1|04/12/2024|D24.2|S|E03.9|S|||||||||||||||||||||||||||||||||||||0HBU0ZZ||||||||||||||||||||||||||||9020/0||||||||363|1,1044|1|Sistema Nacional de Salud|-
220054|HOSPITAL DE BARBASTRO|76793|BRBL940605910013||05/06/1994|1|22310|04/12/2024||27|2|CGD|||||||||||05/12/2024|CGD|CGD|CGD|18045029B|1|04/12/2024|K80.10|S|K42.9|S|L40.9|S|||||||||||||||||||||||||||||||||||0FT44ZZ|0WQF0ZZ|||||||||||||||||||||||||||||||||||263|,9851|1|Sistema Nacional de Salud|-
220054|HOSPITAL DE BARBASTRO|222346|||01/03/2023|1|22500|05/12/2024||27|2|PED|||||||||||05/12/2024|PED|PED|PED|25359168N|1||Z01.82|E|||||||||||||||||||||||||||||||||||||||||||||||||||||||||||||||||||||||||||861|,4785|1|Sistema Nacional de Salud|-
220054|HOSPITAL DE BARBASTRO|27517|SVLH390247910017||07/02/1939|2|22400|27/11/2024||21|1|MIR|||||||||||05/12/2024|MIR|MIR|MIR|17702334Q|1||J96.90|S|J18.9|S|Y95|E|J69.0|S|I48.91|S|I11.0|S|I50.30|S|G31.83|S|F02.80|S|G20|S|I27.81|S|E66.9|S|I87.2|S|M81.0|S|Z91.09|E|E05.90|S|M15.9|S|E53.8|S|Z79.01|E|||3E03329|3E0F7GC|3E033GC|3E013GC|3E0333Z|3E0F7SF|||||||||||||||||||||||||||||||133|1,0294|1|Sistema Nacional de Salud|-
220054|HOSPITAL DE BARBASTRO|47475|CSBN330458910018||18/04/1933|2|22400|30/11/2024||21|1|MIR|||||||||||05/12/2024|MIR|MIR|MIR|45942132T|1||J98.8|S|N39.0|S|F05|S|F03.C0|S|I10|S|E11.9|S|E78.5|S|F32.A|S|Z98.2|E|G91.9|S|Z59.3|E|R32|S|R15.9|S|Z99.81|E|||||||||||||3E03329|3E0F7GC|3E0333Z|3E0F7SF|3E0337Z|3E033GC|3E013VG||||||||||||||||||||||||||||||144|,6508|1|Sistema Nacional de Salud|-
220054|HOSPITAL DE BARBASTRO|11147|GBMN401024910013||24/10/1940|1|22422|01/12/2024||27|2|URO|||||||||||06/12/2024|URO|URO|URO|28626568D|1|02/12/2024|C64.1|S|N20.1|S|Z96.0|S|I10|S|E03.9|S|E78.5|S|E66.9|S|Z85.46|E|||||||||||||||||||||||||0TT04ZZ||||||||||||||||||||||||||||8310/3||||||||442|1,4891|1|Sistema Nacional de Salud|-
220054|HOSPITAL DE BARBASTRO|58891|CHLB911053910019||13/10/1991|2|22520|04/12/2024||27|2|GIN|||||||||||06/12/2024|GIN|GIN|GIN|73003838K|1|05/12/2024|D27.0|S|||||||||||||||||||||||||||||||||||||||0UB04ZZ||||||||||||||||||||||||||||8441/0||||||||513|,8396|1|Sistema Nacional de Salud|-
220054|HOSPITAL DE BARBASTRO|64617|CSSN920861910011||21/08/1992|2|22300|05/12/2024||21|1|OBS|||||||||||06/12/2024|OBS|OBS|OBS|72781954H|1||O13.5|S|||||||||||||||||||||||||||||||||||||||||||||||||||||||||||||||||||||||||||561|,2603|1|Sistema Nacional de Salud|-
220054|HOSPITAL DE BARBASTRO|225913|||03/10/1985|2|22530|05/12/2024||27|2|CGD|||||||||||06/12/2024|CGD|CGD|CGD|19005451E|1|05/12/2024|K64.3|S|||||||||||||||||||||||||||||||||||||||06BY0ZC||||||||||||||||||||||||||||||||||||226|,8052|1|Sistema Nacional de Salud|-
220054|HOSPITAL DE BARBASTRO|4964|MRRD670226909018||26/02/1967|1|22400|18/10/2024||27|2|NRL|09/11/2024|MIV|18/11/2024|NRL|||||||07/12/2024|NRL|NRL|NRL|72971573W|4||G12.20|S|J96.02|S|J69.0|S|B96.5|S|E78.5|S|N40.0|S|||||||||||||||||||||||||||||0B113F4|0DH63UZ|BW211ZZ|3E03329|3E03328|3E0333Z|5A1945Z|4A133B1|4A12X4Z||||||||||||||||||||||||||||042|2,5845|1|Sistema Nacional de Salud|-
220054|HOSPITAL DE BARBASTRO|170353|PLBL331228909016||28/12/1933|1|22400|04/12/2024||21|1|CGD|||||||||||11/12/2024|CGD|CGD|CGD|19005451E|1|04/12/2024|C23|S|I10|S|E78.00|S|R73.09|S|Z79.82|E|||||||||||||||||||||||||||||||0FT44ZZ|BW21ZZZ|||||||||||||||||||||||||||8140/3||||||||263|,9851|1|Sistema Nacional de Salud|-
220054|HOSPITAL DE BARBASTRO|3911|BLBR520466910018||26/04/1952|2|22300|06/12/2024||21|1|MIR|10/12/2024|NML|||||||||12/12/2024|NML|NML|NML|18056444H|1||J45.901|S|J98.8|S|J96.00|S|E03.9|S|Z85.72|E|Z92.21|E|Z91.048|E|G62.0|S|T45.1X5S|E|||||||||||||||||||||||3E0F7GC|3E0F7SF|4A02X4Z||||||||||||||||||||||||||||||||||141|,7353|1|Sistema Nacional de Salud|-
220054|HOSPITAL DE BARBASTRO|70829|SHSH280568910018||28/05/1928|2|22430|08/12/2024||21|1|MIR|10/12/2024|GRT|||||||||12/12/2024|GRT|GRT|GERIATRIA|72000771F|1||J44.0|S|J18.9|S|J44.1|S|I11.0|S|I50.9|S|I48.91|S|G30.9|S|F02.A0|S|Z88.8|E|Z99.81|E|Z59.3|E|||||||||||||||||||3E03329|3E0333Z|3E0F7SF|3E0F7GC|3E033GC|3E033NZ|||||||||||||||||||||||||||||||140|,6174|1|Sistema Nacional de Salud|-
220054|HOSPITAL DE BARBASTRO|38019|FBCN560545910013||05/05/1956|2|22300|11/12/2024||27|2|CGD|||||||||||12/12/2024|CGD|CGD|CGD|73204652E|1|11/12/2024|D05.81|S|I10|S|E78.5|S|M32.9|S|Z87.891|E|Z80.3|E|Z79.82|E|||||||||||||||||||||||||||0HBU0ZZ|07B60ZX|3E013KZ|3E013KZ|||||||||||||||||||||||||8343/3||||||||363|1,1044|1|Sistema Nacional de Salud|-
220054|HOSPITAL DE BARBASTRO|152564|FRTR581067904017||27/10/1958|2|22300|11/12/2024||21|1|CGD|||||||||||13/12/2024|CGD|CGD|CGD|73204652E|1|11/12/2024|K35.33|S|N61.0|S|N60.31|S|N64.1|S|I10|S|E11.9|S|F32.A|S|Z85.3|E|Z92.21|E|Z79.52|E|||||||||||||||||||||0DTJ4ZZ|0HBT0ZZ|BW40ZZZ|4A02X4Z|||||||||||||||||||||||||||||||||233|,9505|1|Sistema Nacional de Salud|-
220054|HOSPITAL DE BARBASTRO|96604|HSLT501219910014||19/12/1950|1|22400|02/12/2024||21|1|NML|||||||||||13/12/2024|NML|NML|NML|18056444H|1||C34.32|S|C78.01|S|C78.02|S|C77.1|S|C79.51|S|C79.71|S|Z87.891|E|I10|S|||||||||||||||||||||||||0BBJ8ZX|3E013GC|3E033NZ||||||||||||||||||CW3NYZZ||||||||8140/3||||||||136|,8863|1|Sistema Nacional de Salud|-
220054|HOSPITAL DE BARBASTRO|30665|BDPL311129910014||29/11/1931|1|22423|12/12/2024||21|1|URO|||||||||||15/12/2024|URO|URO|URO|25483156F|1||R31.0|S|T45.515A|S|I48.91|S|Z85.46|E|Z92.3|E|||||||||||||||||||||||||||||||3E1K78Z|3E03329|||||||||||||||||||||||||||||||||||468|,4959|1|Sistema Nacional de Salud|-
220054|HOSPITAL DE BARBASTRO|2028|SSDL670130910014||30/01/1967|1|22400|10/12/2024||21|1|MIR|11/12/2024|NML|||||||||17/12/2024|NML|NML|NML|18055770B|1||C34.11|S|C77.1|S|I10|S|I48.0|S|Z94.0|E|Z79.01|E|Z79.52|E|Z79.621|E|F17.210|S|||||||||||||||||||||||BB4BZZZ|3E0F7SF|3E013GC|3E03329|||||||||||||||||CW3NYZZ||||||||8000/3|8000/6|||||||136|,8863|1|Sistema Nacional de Salud|-
220054|HOSPITAL DE BARBASTRO|184173|GRDL390765910017||25/07/1939|2|22400|10/12/2024||21|1|MIR|||||||||||17/12/2024|MIR|MIR|MIR|45942132T|1||L89.204|S|B96.89|S|L89.523|S|E77.8|S|E87.1|S|I10|S|E78.5|S|M47.9|S|Z88.6|E|Z88.8|E|Z59.3|E|||||||||||||||||||3E03329|3E03328|3E033NZ|3E0F7GC|3E013GC||||||||||||||||||||||||||||||||380|,6741|1|Sistema Nacional de Salud|-
220054|HOSPITAL DE BARBASTRO|24026|LMMZ501226910011||26/12/1950|1|22300|10/12/2024||27|2|URO|||||||||||17/12/2024|URO|URO|URO|51460077S|1|11/12/2024|N40.1|S|N13.8|S|R03.0|N|S37.30XA|N|R31.0|N|X58.XXXA|N|N32.89|N|E78.00|S|||||||||||||||||||||||||0VB08ZZ|0VJ43ZZ|3E03329||||||||||||||||||||||||||||||||||482|,8616|1|Sistema Nacional de Salud|-
220054|HOSPITAL DE BARBASTRO|227114|||15/10/1973|1|08840|15/12/2024||21|1|MIR|16/12/2024|NML|||||||||18/12/2024|NML|NML|NML|18056444H|1||J13|S|J96.91|S|R74.8|S|E11.9|S|E78.5|S|Z85.6|E|||||||||||||||||||||||||||||3E03329|4A02X4Z|3E0F7GC|3E013GC|3E0F7SF||||||||||||||||||||||||||||||||139|,85|1|Sistema Nacional de Salud|-
220054|HOSPITAL DE BARBASTRO|179569|KTXX880554466015||14/05/1988|2|22300|26/11/2024||27|2|TRA|||||||||||18/12/2024|TRA|TRA|TRA|18054714J|3||M86.662|S|L97.921|S|B96.5|S|D57.40|S|M87.052|S|Z96.641|S|K76.9|S|Z90.710|E|Z90.722|E|||||||||||||||||||||||3E033NZ|3E013GC|||||||||||||||||||CW3NYZZ||||||||||||||||344|,8465|1|Sistema Nacional de Salud|-
220054|HOSPITAL DE BARBASTRO|26709|BRBR690416910017||16/04/1969|1|22148|17/12/2024||27|2|URO|||||||||||19/12/2024|URO|URO|URO|51460077S|1|18/12/2024|N13.2|S|E78.00|S|||||||||||||||||||||||||||||||||||||0TC78ZZ|0T9480Z|||||||||||||||||||||||||||||||||||443|1,0933|1|Sistema Nacional de Salud|-
220054|HOSPITAL DE BARBASTRO|227153|||07/04/2022|2|22500|19/12/2024||21|1|PED|||||||||||19/12/2024|PED|PED|PED|73005661G|1||T45.0X1A|S|||||||||||||||||||||||||||||||||||||||4A02X4Z||||||||||||||||||||||||||||||||||||812|,3637|1|Sistema Nacional de Salud|-
220054|HOSPITAL DE BARBASTRO|35065|LPLR320329910011||29/03/1932|1|22439|13/12/2024||21|1|MIR|||||||||||19/12/2024|MIR|MIR|MIR|17202610J|1||J98.8|S|I11.0|S|I50.9|S|I44.0|S|I69.320|E|I69.351|E|Z90.79|E|Z79.82|E|||||||||||||||||||||||||3E03329|3E0F7GC|3E033GC|4A02X4Z|||||||||||||||||||||||||||||||||144|,6508|1|Sistema Nacional de Salud|-
220054|HOSPITAL DE BARBASTRO|96516|CRTD611055910010||15/10/1961|2|22320|05/12/2024||21|1|TRA|||||||||||20/12/2024|TRA|TRA|TRA|50873405G|1|05/12/2024|S72.101A|S|S32.301A|S|S32.601A|S|S32.501A|S|W17.89XA|S|I10|S|E11.9|S|E78.5|S|E03.9|S|||||||||||||||||||||||0QS636Z|B020ZZZ|BR20ZZZ|BW211ZZ|3E013VG|3E0337Z|3E033NZ|3E03329|3E013GC|3E033GC|||||||||||||||||||||||||||912|1,9539|1|Sistema Nacional de Salud|-
220054|HOSPITAL DE BARBASTRO|162064|BRXX820949642026||09/09/1982|2|22400|19/12/2024||27|2|CGD|||||||||||20/12/2024|CGD|CGD|CGD|19005451E|1|19/12/2024|K40.90|S|E03.9|S|||||||||||||||||||||||||||||||||||||0YU64JZ||||||||||||||||||||||||||||||||||||228|,8181|1|Sistema Nacional de Salud|-
220054|HOSPITAL DE BARBASTRO|42020|SNST691044904014||04/10/1969|2|22500|11/12/2024||21|1|CGD|||||||||||20/12/2024|CGD|CGD|CGD|19005451E|1||K80.50|S|F41.8|S|||||||||||||||||||||||||||||||||||||3E013GC|3E033NZ|3E033GC|3E0337Z|3E0333Z|3E03329|||||||||||||||0FC98ZZ|BF35ZZZ|BF37ZZZ||||||||||||||284|,6359|1|Sistema Nacional de Salud|-
220054|HOSPITAL DE BARBASTRO|500|MRCD600551904016||11/05/1960|2|22300|19/12/2024||27|2|CAR|||||||||||20/12/2024|CAR|CAR|CAR|18045946P|1||I48.19|S|I50.30|S|I08.0|S|E66.3|S|||||||||||||||||||||||||||||||||5A2204Z||||||||||||||||||||||||||||||||||||201|,5604|1|Sistema Nacional de Salud|-
220054|HOSPITAL DE BARBASTRO|152046|AR400219501C||19/11/1941|1|22550|08/12/2024||21|1|MIV|10/12/2024|MIR|||||||||20/12/2024|MIR|MIR|MIR|18052661F|1||A41.9|S|J18.9|S|D68.9|S|S37.30XA|N|R31.9|N|X58.XXXA|N|K83.1|N|T36.95XA|N|I10|S|E11.9|S|I48.91|S|E05.90|S|E78.5|S|I27.20|S|Z86.73|E|G47.33|S|Z88.8|E|Z85.72|E|Z95.5|E|Z95.2|E|3E0F7SF|3E03329|BW241ZZ|4A02X4Z|4A13XB1|4A12X4Z|||||||||||||||||||||||||||||||720|1,0915|1|Sistema Nacional de Salud|-
220054|HOSPITAL DE BARBASTRO|39788|RGCS370424910013||24/04/1937|1|22400|15/12/2024||21|1|MIR|||||||||||20/12/2024|MIR|MIR|MIR|18055798Q|1||K31.811|S|D62|S|K57.30|S|K64.8|S|I10|S|E11.9|S|J44.9|S|E03.8|S|I48.0|S|Z79.01|E|I44.0|S|Z86.73|E|Z79.84|E|||||||||||||||BW24ZZZ|0DJ08ZZ|0DJD8ZZ|4A02X4Z|30233N1|3E033GC|3E013VG|3E013GC|3E033GC|3E0337Z|||||||||||||||||||||||||||253|,6996|1|Sistema Nacional de Salud|-
220054|HOSPITAL DE BARBASTRO|25025|LMLL451226910010||26/12/1945|1|22510|18/12/2024||21|1|MIR|||||||||||20/12/2024|MIR|MIR|MIR|72987424Y|1||K44.9|S|D50.0|S|K25.9|S|G25.81|S|K62.7|S|Y84.2|S|Z92.3|E|||||||||||||||||||||||||||0DJ08ZZ|3E033GC|BW24ZZZ|30233N1|3E0337Z||||||||||||||||||||||||||||||||254|,5043|1|Sistema Nacional de Salud|-
220054|HOSPITAL DE BARBASTRO|223109|||22/10/2003|2|22310|18/12/2024||21|1|OBS|||||||||||21/12/2024|OBS|OBS|OBS|73010241F|1||O23.03|S|B96.20|S|Z16.24|S|Z3A.33|E|||||||||||||||||||||||||||||||||BY4FZZZ|3E03329|3E033NZ|3E0337Z|||||||||||||||||||||||||||||||||566|,2688|1|Sistema Nacional de Salud|-
220054|HOSPITAL DE BARBASTRO|1996|PRLH751269910015||29/12/1975|2|22300|20/12/2024||27|2|URO|||||||||||21/12/2024|URO|URO|URO|28626568D|1|20/12/2024|N20.1|S|G40.909|S|G50.0|S|||||||||||||||||||||||||||||||||||0TJ58ZZ||||||||||||||||||||||||||||||||||||465|,5095|1|Sistema Nacional de Salud|-
220054|HOSPITAL DE BARBASTRO|138666|AR101003945L||26/04/2001|2|22400|17/12/2024||21|1|NEF|||||||||||21/12/2024|NEF|NEF|NEF|73018568P|1||T86.13|S|N10|S|B95.61|S|T86.12|S|N18.32|S|Y83.0|S|N31.9|S|N36.44|S|K42.9|S|F41.8|S|Q76.49|E|Z87.74|E|Z87.440|E|Z79.621|E|Z79.624|E|||||||||||3E03329|3E0337Z|3E033NZ|3E033GC|BW40ZZZ||||||||||||||||||||||||||||||||466|,6138|1|Sistema Nacional de Salud|-
220054|HOSPITAL DE BARBASTRO|55364|GRLH800352910011||12/03/1980|2|22144|21/12/2024||21|1|CGD|||||||||||21/12/2024|CGD|CGD|CGD|73021831M|1|21/12/2024|K35.33|S|E10.9|S|||||||||||||||||||||||||||||||||||||0DTJ4ZZ|BW211ZZ|||||||||||||||||||||||||||||||||||233|,9505|1|Sistema Nacional de Salud|-
220054|HOSPITAL DE BARBASTRO|7540|DLGS530250910017||10/02/1953|2|22510|18/12/2024||27|2|TRA|||||||||||23/12/2024|TRA|TRA|TRA|Z2347614D|1|18/12/2024|M17.11|S|||||||||||||||||||||||||||||||||||||||0SRC0J9||||||||||||||||||||||||||||||||||||326|1,2262|1|Sistema Nacional de Salud|-
220054|HOSPITAL DE BARBASTRO|166537|CLVR590567218018||27/05/1959|2|22300|03/12/2024||21|1|MIR|12/12/2024|CGD|||||||||23/12/2024|CGD|CGD|CGD|19005451E|1||K85.90|S|E78.5|S|I87.2|S|M19.90|S|||||||||||||||||||||||||||||||||BW201ZZ|BW20ZZZ|3E03329|3E033NZ|3E013GC|3E0337Z|||||||||||||||BF35ZZZ|BF37ZZZ|||||||||||||||282|,481|1|Sistema Nacional de Salud|-
220054|HOSPITAL DE BARBASTRO|86496|MRLC950922910017||22/09/1995|1|22500|17/12/2024||21|1|NRL|||||||||||23/12/2024|NRL|NRL|NRL|29121261H|1||I63.512|S|G81.91|S|R29.704|S|F14.10|S|E80.4|S|||||||||||||||||||||||||||||||B020ZZZ|4A12X4Z|B246ZZZ|009U3ZX|BW241ZZ||||||||||||||||B338ZZZ|B33RZZZ|B33RZZZ||||||||||||||045|,8638|1|Sistema Nacional de Salud|-
220054|HOSPITAL DE BARBASTRO|26798|GLGB310961910013||21/09/1931|2|22330|18/12/2024||21|1|MIR|19/12/2024|GRT|||||||||25/12/2024|GRT|GRT|GERIATRIA|18047202E|4||A41.51|S|N39.0|S|B96.20|S|Z16.12|S|J98.8|S|I10|S|F05|S|Z59.3|E|||||||||||||||||||||||||3E03329|3E033NZ|3E013GC|3E0337Z|3E033GC|3E013VJ|||||||||||||||||||||||||||||||720|,7111|1|Sistema Nacional de Salud|-
220054|HOSPITAL DE BARBASTRO|42020|SNST691044904014||04/10/1969|2|22500|21/12/2024||21|1|CGD|||||||||||26/12/2024|CGD|CGD|CGD|73204652E|1||K80.20|S|F41.8|S|||||||||||||||||||||||||||||||||||||BW21ZZZ|3E033NZ|3E013GC|3E033GC|3E0333Z|3E0337Z|||||||||||||||BF35ZZZ|BF37ZZZ|||||||||||||||284|,6359|1|Sistema Nacional de Salud|-
220054|HOSPITAL DE BARBASTRO|178473|CTCS910151901013||11/01/1991|2|50170|27/12/2024||27|2|HEM|||||||||||27/12/2024|HEM|HEM|HEM|Y0207534L|1||Z29.8|E|D84.9|S|Z85.71|E|Z92.21|E|E55.9|S|||||||||||||||||||||||||||||||3E0F729|3E0333Z|3E033GC|8E0ZXY6|||||||||||||||||||||||||||||||||861|,5873|1|Sistema Nacional de Salud|-
220054|HOSPITAL DE BARBASTRO|42636|PLRN360354910016||14/03/1936|2|22550|02/12/2024||21|1|MIR|||||||||||28/12/2024|MIR|MIR|MIR|18052661F|4||J98.8|S|T17.918A|S|E87.0|S|R13.10|S|G30.9|S|F02.C0|S|F01.C0|S|I10|S|E11.9|S|E78.5|S|G47.30|S|Z99.89|E|K57.30|S|Z85.038|E|Z90.49|E|Z59.3|E|||||||||B020ZZZ|3E03329|3E0F7GC|3E0333Z|3E013GC|3E033GC|3E0337Z|3E013VG|||||||||||||||||||||||||||||144|,6508|1|Sistema Nacional de Salud|-
220054|HOSPITAL DE BARBASTRO|224967|||16/10/2004|2|22435|26/12/2024||21|1|OBS|||||||||||28/12/2024|OBS|OBS|OBS|73003838K|1||O48.0|S|O70.1|N|Z67.10|E|Z3A.40|E|Z37.0|E|||||||||||||||||||||||||||||||10E0XZZ|0KQM0ZZ|3E0R3BZ|4A1HXCZ|||||||||||||||||||||||||||||||||560|,2876|1|Sistema Nacional de Salud|-
220054|HOSPITAL DE BARBASTRO|219929|||19/02/2021|1|22558|27/12/2024||21|1|PED|||||||||||28/12/2024|PED|PED|PED|76970719T|1||K52.9|S|||||||||||||||||||||||||||||||||||||||3E033NZ||||||||||||||||||||||||||||||||||||249|,4412|1|Sistema Nacional de Salud|-
220054|HOSPITAL DE BARBASTRO|74105|MRMR580360904012||20/03/1958|2|22550|30/11/2024||21|1|MIR|||||||||||28/12/2024|MIR|MIR|MIR|18049390W|4||C79.31|S|C78.7|S|C78.00|S|C77.9|S|C20|S|A41.4|S|Z51.5|E|||||||||||||||||||||||||||B020ZZZ|3E0333Z|3E033NZ|3E033GC|3E0337Z|3E03329|||||||||||||||||||||||8140/6|8140/3|||||||041|1,1173|1|Sistema Nacional de Salud|-
220054|HOSPITAL DE BARBASTRO|214727|RDMN050548910010||08/05/2005|2|22340|27/12/2024||27|2|CGD|||||||||||29/12/2024|CGD|CGD|CGD|73204652E|1|27/12/2024|E04.9|S|E28.2|S|||||||||||||||||||||||||||||||||||||0GTG0ZZ||||||||||||||||||||||||||||||||||||404|,8716|1|Sistema Nacional de Salud|-
220054|HOSPITAL DE BARBASTRO|163366|AR901989163K||08/06/1985|2|22520|04/11/2024||21|1|MIR|12/11/2024|MIV|||||||||30/12/2024|MIV|MIV|MIV|07952586Z|4|04/12/2024|N39.0|S|B96.20|S|C71.6|S|A43.9|N|Z16.29|N|G06.0|N|G93.2|N|B59|N|B44.9|N|Y95|N|D64.9|N|D69.6|N|T36.8X5A|N|D68.9|N|E78.1|N|E87.0|N|J96.01|N|J96.02|N|R32|S|K12.0|S|3E04328|3E04329|3E0G76Z|5A1955Z|0BH17EZ|5A0945A|30233N1|3E033GC|B020ZZZ|BW241ZZ|BW24ZZZ|3E0436Z|3E043NZ|3E0F7SF|3E0F7GC|3E043GC|||||||||||||9470/3||||||||463|1,4026|1|Sistema Nacional de Salud|-
220054|HOSPITAL DE BARBASTRO|27517|SVLH390247910017||07/02/1939|2|22400|28/12/2024||21|1|MIR|||||||||||31/12/2024|MIR|MIR|MIR|17702334Q|4||A41.9|S|R65.20|S|J98.8|S|J96.00|S|E86.0|S|E87.0|S|I11.0|S|I50.32|S|I48.91|S|J45.909|S|I27.81|S|E66.9|S|E05.80|S|E53.8|S|I87.2|S|M81.0|S|G31.83|S|F02.80|S|G20|S|H81.90|S|3E03329|3E0337Z|3E033GC|3E0F7SF|3E0F7GC|3E0333Z|||||||||||||||||||||||||||||||720|1,0915|1|Sistema Nacional de Salud|-
220105|CENTRO SANITARIO DE FRAGA|198885|||13/11/1960|1|22520|18/09/2024||30|1|MIR|||||||||||04/10/2024|MIR|MIR|MIR|45942132T|1||Z51.89|E|Z60.2|S|Z74.8|S|E46|S|E86.0|S|F33.9|S|N12|S|N18.4|S|I50.9|S|G93.40|S|I11.0|S|E11.9|S|E78.5|S|F10.20|S|Z79.82|E|Z87.891|E|||||||||GZ14ZZZ|3E0337Z|GZ3ZZZZ||||||||||||||||||||||||||||||||||862|1,1773|1|Sistema Nacional de Salud|-
220105|CENTRO SANITARIO DE FRAGA|47055|LSBR650913910011||13/09/1965|1|22400|26/12/2024||30|1|MIR|||||||||||27/12/2024|MIR|MIR|MIR|50966617C|2||Z59.89|E|Z59.02|E|Z73.89|E|Z63.8|E|M17.12|S|M25.061|S|S72.002A|D|X58.XXXA|D|T18.5XXA|D|F17.213|N|B20|S|G94|S|G31.84|S|I10|S|F10.20|S|F11.21|S|F12.10|S|F14.90|S|F60.9|S|K74.60|S|3E033NZ|3E0333Z|BQ01ZZZ||||||||||||||||||||||||||||||||||861|,8364|1|Sistema Nacional de Salud|-
220105|CENTRO SANITARIO DE FRAGA|110377|GRGR370768910012||28/07/1937|2|50170|29/11/2024||30|1|MIR|||||||||||27/12/2024|MIR|MIR|MIR|50966617C|1||A42.89|S|N76.82|S|K56.41|S|R33.0|S|I11.0|S|I50.9|S|I48.91|S|R00.1|N|T46.0X5A|N|E11.9|S|G31.84|S|F32.A|S|L74.0|S|Z79.01|E|Z79.84|E|Z88.0|E|Z88.8|E|||||||3E03329|3E03328|0T9B70Z|0DPDX0Z|0DCP7ZZ|F07M3ZZ|3E013GC|3E0337Z|3E033GC|3E033NZ|3E013NZ|3E1H78Z|||||||||||||||||||||||||724|,679|1|Sistema Nacional de Salud|-
220054|HOSPITAL DE BARBASTRO|125433|GRBR540925910011||25/09/1954|1|22300|25/09/2024||27|2|CGD|||||||||||01/10/2024|CGD|CGD|CGD|73204652E|1|26/09/2024|C18.7|S|K42.9|S|E11.9|S|E78.1|S|N40.0|S|C92.10|S|Z87.891|E|||||||||||||||||||||||||||0DBP4ZZ|0WUF0JZ|||||||||||||||||||||||||||8140/3|9863/3|||||||231|1,6606|1|Sistema Nacional de Salud|-
220054|HOSPITAL DE BARBASTRO|186481|NGXX690615384017||01/01/1959|1|22300|25/09/2024||27|2|TRA|||||||||||01/10/2024|TRA|TRA|TRA|73209536F|1|26/09/2024|M16.52|S|||||||||||||||||||||||||||||||||||||||0SRB0JA||||||||||||||||||||||||||||||||||||324|1,2616|1|Sistema Nacional de Salud|-
220054|HOSPITAL DE BARBASTRO|95114|GSNG310753910012||13/07/1931|2|22330|21/09/2024||21|1|TRA|||||||||||01/10/2024|TRA|TRA|TRA|Z1294898A|1|24/09/2024|S72.101A|S|W19.XXXA|S|I13.0|S|I50.9|S|N18.2|S|E03.8|S|I87.2|S|M62.3|N|K59.00|S|N39.0|S|E55.9|S|E21.1|S|E53.8|S|G31.84|S|M81.0|S|F05|S|F32.A|S|Z95.0|E|||||0QS636Z|0T9B70Z|0TPBX0Z||||||||||||||||||||||||||||||||||308|1,4102|1|Sistema Nacional de Salud|-
220054|HOSPITAL DE BARBASTRO|90384|DMFR640310910016||10/03/1964|1|22410|01/10/2024||27|2|CGD|||||||||||02/10/2024|CGD|CGD|CGD|17852991T|1|01/10/2024|K40.90|S|K42.9|S|E04.9|S|K57.92|S|G47.33|S|F17.210|S|Z99.89|E|||||||||||||||||||||||||||0YU50JZ|0WUF0JZ|||||||||||||||||||||||||||||||||||227|1,3673|1|Sistema Nacional de Salud|-
220054|HOSPITAL DE BARBASTRO|197235|||20/12/2016|2|22310|01/10/2024||21|1|TRA|||||||||||02/10/2024|TRA|TRA|TRA|72967765N|1|01/10/2024|S52.91XA|S|S52.201A|S|W19.XXXA|E|||||||||||||||||||||||||||||||||||0PSH34Z||||||||||||||||||||||||||||||||||||315|,898|1|Sistema Nacional de Salud|-
220054|HOSPITAL DE BARBASTRO|209778|||26/12/1973|1|22330|28/09/2024||21|1|TRA|||||||||||02/10/2024|TRA|TRA|TRA|Z2347614D|1||S22.089A|S|S42.202A|S|W20.8XXA|S|I10|S|E79.0|S|||||||||||||||||||||||||||||||BR29ZZZ|BR27ZZZ|2W35X3Z|2W3BXYZ|3E033NZ|3E013GC|||||||||||||||||||||||||||||||347|,6123|1|Sistema Nacional de Salud|-
220054|HOSPITAL DE BARBASTRO|42991|BLMD340528910012||28/05/1934|1|22300|27/09/2024||21|1|MIR|||||||||||02/10/2024|MIR|MIR|MIR|17202610J|1||I11.0|S|I50.33|S|J96.00|S|S22.31XA|S|W19.XXXA|S|Y92.009|S|J44.9|S|I48.21|S|E04.2|S|I27.20|S|N35.919|S|N40.0|S|Z86.73|E|Z95.3|E|Z79.01|E|||||||||||4A02X4Z|3E0F7GC|3E033GC|3E0F7SF|3E033NZ||||||||||||||||||||||||||||||||194|,9142|1|Sistema Nacional de Salud|-
220054|HOSPITAL DE BARBASTRO|211202|||18/06/2019|1|22430|30/09/2024||21|1|PED|||||||||||03/10/2024|PED|PED|PED|76970719T|1||J12.89|S|B97.89|S|B97.10|S|K75.4|S|Z87.718|E|||||||||||||||||||||||||||||||3E03329|3E0F7GC|||||||||||||||||||||||||||||||||||139|,5829|1|Sistema Nacional de Salud|-
220054|HOSPITAL DE BARBASTRO|32075|CRSS310261910017||21/02/1931|2|22450|27/09/2024||21|1|MIR|30/09/2024|GRT|||||||||03/10/2024|GRT|GRT|GERIATRIA|18047202E|1||J98.8|S|F32.A|S|I10|S|E78.5|S|Z59.3|E|||||||||||||||||||||||||||||||3E03329|3E0F7GC|3E013GC|3E0337Z|||||||||||||||||||||||||||||||||144|,5063|1|Sistema Nacional de Salud|-
220054|HOSPITAL DE BARBASTRO|52739|AR200667379B||18/05/1972|1|22430|01/10/2024||21|1|CGD|||||||||||04/10/2024|CGD|CGD|CGD|50883390F|1||S22.42XA|S|S41.102A|S|V68.5XXA|E|F17.210|S|||||||||||||||||||||||||||||||||BW24ZZZ|BW40ZZZ|3E033NZ||||||||||||||||||||||||||||||||||135|,7002|5|Privado|-
220054|HOSPITAL DE BARBASTRO|128340|GRGR310413910016||13/04/1931|1|22430|21/09/2024||21|1|MIR|||||||||||04/10/2024|MIR|MIR|MIR|72987424Y|1||I11.0|S|I50.33|S|I51.7|S|J96.90|S|I08.3|S|I27.20|S|I48.21|S|E61.1|S|I44.7|S|I73.9|S|D29.1|S|||||||||||||||||||4A02X4Z|B246ZZZ|3E033GC||||||||||||||||||||||||||8140/0||||||||194|,9142|1|Sistema Nacional de Salud|-
220054|HOSPITAL DE BARBASTRO|135132|MRSG340414910017||14/04/1934|1|22500|30/09/2024||21|1|MIR|||||||||||04/10/2024|MIR|MIR|MIR|17702334Q|1||I11.0|S|I50.9|S|I42.5|S|G47.33|S|I48.92|S|E78.5|S|||||||||||||||||||||||||||||4A02X4Z|B246ZZZ|3E033GC|3E0F7GC|||||||||||||||||||||||||||||||||194|,6399|1|Sistema Nacional de Salud|-
220054|HOSPITAL DE BARBASTRO|225152|||26/03/1972|1|22400|27/09/2024||21|1|TRA|||||||||||04/10/2024|TRA|TRA|TRA|Y2004544Q|1||T81.42XA|S|Y83.8|S|||||||||||||||||||||||||||||||||||||3E03329|BL43ZZZ|BL41ZZZ||||||||||||||||||||||||||||||||||721|,5653|1|Sistema Nacional de Salud|-
220054|HOSPITAL DE BARBASTRO|48822|PRLL331271910015||31/12/1933|2|22500|29/09/2024||21|1|MIR|30/09/2024|GRT|||||||||04/10/2024|GRT|GRT|GERIATRIA|18047202E|1||S06.5X0A|S|W06.XXXA|E|N39.0|S|I12.0|S|N18.30|S|I35.0|S|D64.9|S|I48.91|S|F41.8|S|Z95.3|E|Z95.0|E|Z79.01|E|||||||||||||||||B020ZZZ|4A02X4Z|3E03329|3E033NZ|3E0333Z|3E0337Z|||||||||||||||||||||||||||||||055|,9162|1|Sistema Nacional de Salud|-
220054|HOSPITAL DE BARBASTRO|97942|CRSL530325910011||25/03/1953|1|22400|26/09/2024||27|2|CGD|||||||||||04/10/2024|CGD|CGD|CGD|50883390F|1|27/09/2024|C18.4|S|K91.89|N|K56.0|N|Y83.2|N|I51.7|S|I34.0|S|G82.20|S|E78.1|S|K57.92|S|Z95.3|E|||||||||||||||||||||0DTF4ZZ||||||||||||||||||||||||||||8140/3||||||||231|1,6606|1|Sistema Nacional de Salud|-
220054|HOSPITAL DE BARBASTRO|5912|CTLN380343910015||03/03/1938|2|22460|02/10/2024||21|1|CGD|||||||||||07/10/2024|CGD|CGD|CGD|18045029B|1||K57.32|S|Z88.8|E|||||||||||||||||||||||||||||||||||||BW201ZZ|3E03329|3E0337Z|3E013GC|3E033NZ|3E033GC|||||||||||||||||||||||||||||||244|,4809|1|Sistema Nacional de Salud|-
220054|HOSPITAL DE BARBASTRO|38670|LRBR671252910019||12/12/1967|2|22430|29/09/2024||21|1|MIR|30/09/2024|NML|||||||||07/10/2024|NML|NML|NML|18055770B|1||J47.0|S|B96.4|S|J96.01|S|M31.30|S|L40.9|S|Z79.52|E|Z79.2|E|Z88.1|E|||||||||||||||||||||||||3E03329|3E0F7SF|3E0F7GC|3E013GC|3E0333Z|3E033GC|||||||||||||||||||||||||||||||140|1,207|1|Sistema Nacional de Salud|-
220054|HOSPITAL DE BARBASTRO|129237|GRGR360418910016||18/04/1936|1|22300|29/09/2024||21|1|MIR|||||||||||08/10/2024|MIR|MIR|MIR|17702334Q|1||C18.2|S|D50.9|S|E78.5|S|K44.9|S|K21.9|S|E79.0|S|K57.30|S|K29.50|S|Z86.73|E|||||||||||||||||||||||0DBK8ZX|BW241ZZ|3E013GC|3E033GC|||||||||||||||||||||||||8140/3||||||||240|,7521|1|Sistema Nacional de Salud|-
220054|HOSPITAL DE BARBASTRO|38377|LSMR340904910010||04/09/1934|1|22417|06/10/2024||21|1|MIR|||||||||||08/10/2024|MIR|MIR|MIR|72987424Y|1||I13.0|S|I50.33|S|N17.9|S|N18.31|S|D50.9|S|I48.91|S|Z79.01|E|I08.2|S|J45.909|S|||||||||||||||||||||||3E033GC|3E0F7GC|3E033GC|4A02X4Z|||||||||||||||||||||||||||||||||194|,6399|1|Sistema Nacional de Salud|-
220054|HOSPITAL DE BARBASTRO|72091|PCPL670906901014||06/09/1967|1|22580|30/08/2024||21|1|MIV|20/09/2024|MIR|||||||||08/10/2024|MIR|MIR|MIR|18049390W|1||T52.8X2A|S|E87.21|S|J80|N|N17.9|S|F05|S|F44.9|S|Z56.6|E|Z63.8|E|D64.9|S|G62.81|N|G25.3|N|T80.212A|N|B96.5|N|J18.9|N|Y95|N|I10|S|K44.9|S|K20.90|S|E78.5|S|D12.2|S|5A1955Z|0BH17EZ|5A1D90Z|5A0945A|3E0437Z|B020ZZZ|3E0F7SF|30243N1|3E013VJ|3E04329|3E0433Z|3E043GC|3E043NZ|009U3ZX|GZ14ZZZ|F0130ZZ|4A13XB1|4A12X4Z|4A13XR1|4A10X4Z|4A00X4Z||||||||8211/0||||||||817|1,538|1|Sistema Nacional de Salud|-
220054|HOSPITAL DE BARBASTRO|207198|||26/05/1997|2|22330|06/10/2024||21|1|OBS|||||||||||08/10/2024|OBS|OBS|OBS|73010241F|1||O42.02|S|O34.219|S|O69.82X0|S|O70.1|N|O90.81|N|Z67.40|E|Z3A.38|E|Z37.0|E|||||||||||||||||||||||||10E0XZZ|0KQM0ZZ|10907ZC|3E0R3BZ|4A1HXCZ|3E03329|||||||||||||||||||||||||||||||560|,2876|1|Sistema Nacional de Salud|-
220054|HOSPITAL DE BARBASTRO|56559|DRQN580227913015||27/02/1958|1|22300|09/10/2024||27|2|CGD|||||||||||10/10/2024|CGD|CGD|CGD|73210877Z|1|09/10/2024|K40.90|S|I10|S|||||||||||||||||||||||||||||||||||||0YU54JZ||||||||||||||||||||||||||||||||||||228|,8181|1|Sistema Nacional de Salud|-
220054|HOSPITAL DE BARBASTRO|138269|GBGR740630910015||30/06/1974|1|22313|08/10/2024||27|2|TRA|||||||||||10/10/2024|TRA|TRA|TRA|25196873M|1|09/10/2024|M87.272|S|M19.172|S|S92.112S|E|W17.89XS|E|M25.772|S|M62.89|S|||||||||||||||||||||||||||||0SBG4ZZ|0QQM4ZZ|0SBG4ZZ||||||||||||||||||||||||||||||||||313|1,5233|1|Sistema Nacional de Salud|-
220054|HOSPITAL DE BARBASTRO|19762|LVDL350116910018||16/01/1935|1|22300|04/10/2024||21|1|MIR|||||||||||11/10/2024|MIR|MIR|MIR|17202610J|1||I13.0|S|I50.33|S|N18.4|S|E11.22|S|I34.0|S|E78.5|S|F32.3|S|Z59.3|E|Z88.6|E|Z95.5|E|Z86.16|E|Z79.82|E|Z79.4|E|||||||||||||||4A02X4Z|B246ZZZ|||||||||||||||||||||||||||||||||||194|,6399|1|Sistema Nacional de Salud|-
220054|HOSPITAL DE BARBASTRO|215106|||02/06/1992|2|22400|08/10/2024||21|1|OBS|||||||||||11/10/2024|OBS|OBS|OBS|72781954H|1|08/10/2024|O48.0|S|O76|N|O90.81|N|Z67.10|E|Z3A.40|E|Z37.0|E|||||||||||||||||||||||||||||10D00Z1|4A1HXCZ|3E033VJ||||||||||||||||||||||||||||||||||540|,4756|1|Sistema Nacional de Salud|-
220054|HOSPITAL DE BARBASTRO|190483|||23/01/1982|1|22400|10/10/2024||27|2|CGD|||||||||||11/10/2024|CGD|CGD|CGD|19005451E|1|10/10/2024|K80.10|S|||||||||||||||||||||||||||||||||||||||0FT44ZZ||||||||||||||||||||||||||||||||||||263|,9851|1|Sistema Nacional de Salud|-
220054|HOSPITAL DE BARBASTRO|123519|CVPY590617901016||17/06/1959|1|22520|04/10/2024||21|1|MIR|||||||||||11/10/2024|MIR|MIR|MIR|17702334Q|1||D70.1|S|R50.81|S|T45.1X5A|S|C79.51|S|A41.51|S|N39.0|S|B96.20|S|Z79.630|E|Z79.631|E|K56.51|S|D48.0|S|Z93.6|E|I10|S|I48.91|S|K76.0|S|I42.0|S|E78.1|S|E79.0|S|Z85.51|E|Z85.048|E|BW211ZZ|3E03329|3E033NZ|3E013GC|3E0337Z||||||||||||||||||||||||8120/6|9250/1|||||||660|3,5155|1|Sistema Nacional de Salud|-
220054|HOSPITAL DE BARBASTRO|60627|SBMR480802910017||02/08/1948|1|22415|11/10/2024||21|1|MIR|||||||||||12/10/2024|MIR|MIR|MIR|18055798Q|4||J18.9|S|J96.91|S|I13.0|S|I50.9|S|N18.32|S|G12.20|S|E11.22|S|K29.30|S|Z79.84|E|Z86.73|E|||||||||||||||||||||3E033NZ|3E0F7GC|3E0333Z|3E033GC|3E03329||||||||||||||||||||||||||||||||139|,85|1|Sistema Nacional de Salud|-
220054|HOSPITAL DE BARBASTRO|101115|GSNZ380456901010||16/04/1938|2|22500|03/10/2024||21|1|MIR|04/10/2024|GRT|||||||||12/10/2024|GRT|GRT|GERIATRIA|18047202E|4||N39.0|S|B96.1|S|J96.90|S|I48.91|S|E87.0|S|L89.154|S|I11.0|S|I50.9|S|E11.9|S|R13.10|S|I42.0|S|I44.0|S|I44.7|S|F03.C0|S|E78.5|S|Z86.73|E|Z59.3|E|Z79.82|E|Z79.4|E|Z79.01|E|3E03329|3E033GC|3E033NZ|3E0337Z|||||||||||||||||||||||||||||||||463|1,4026|1|Sistema Nacional de Salud|-
220054|HOSPITAL DE BARBASTRO|173343|DSMR980450910011||10/04/1998|2|22300|09/10/2024||21|1|OBS|||||||||||13/10/2024|OBS|OBS|OBS|43558977J|1||O36.63X0|S|O48.0|S|O66.0|N|O63.1|N|O75.2|N|O90.81|N|Z3A.41|E|Z37.0|E|Z67.20|E|||||||||||||||||||||||10D07Z6|3E0R3BZ|10907ZC|0W8NXZZ|4A1HXCZ|3E03329|||||||||||||||||||||||||||||||560|,3169|1|Sistema Nacional de Salud|-
220054|HOSPITAL DE BARBASTRO|44710|GSDP891064910017||24/10/1989|2|22310|11/10/2024||21|1|OBS|||||||||||13/10/2024|OBS|OBS|OBS|43558977J|1||O71.7|S|||||||||||||||||||||||||||||||||||||||0U9G7ZZ|0UCG7ZZ|3E033NZ|3E03329|3E0333Z|3E033GC|3E0337Z|BW4GZZZ|||||||||||||||||||||||||||||548|,3401|1|Sistema Nacional de Salud|-
220054|HOSPITAL DE BARBASTRO|122755|CRBD000307910013||07/03/2000|1|22400|11/10/2024||21|1|CGD|||||||||||14/10/2024|CGD|CGD|CGD|72889973Y|1||K57.32|S|||||||||||||||||||||||||||||||||||||||3E03329|3E033NZ|3E033GC|3E0333Z|3E0337Z||||||||||||||||||||||||||||||||244|,4809|1|Sistema Nacional de Salud|-
220054|HOSPITAL DE BARBASTRO|72296|PRSN640252910017||12/02/1964|2|22330|11/10/2024||27|2|CGD|||||||||||14/10/2024|CGD|CGD|CGD|19005451E|1|11/10/2024|K43.2|S|E78.5|S|Z85.038|E|Z90.49|E|||||||||||||||||||||||||||||||||0WUF4JZ||||||||||||||||||||||||||||||||||||227|1,0731|1|Sistema Nacional de Salud|-
220054|HOSPITAL DE BARBASTRO|142788|BYDK680101270015||01/01/1968|1|22500|14/10/2024||22|1|TRA|||||||||||15/10/2024|TRA|TRA|TRA|18054714J|1||M23.342|S|M23.362|S|I10|S|Z86.73|E|||||||||||||||||||||||||||||||||0SBD4ZZ||||||||||||||||||||||||||||||||||||313|1,1312|1|Sistema Nacional de Salud|-
220054|HOSPITAL DE BARBASTRO|54451|PRGM460309910018||09/03/1946|1|22535|08/10/2024||21|1|MIR|||||||||||15/10/2024|MIR|MIR|MIR|72987424Y|1||K76.0|S|R18.8|S|K76.6|S|K31.89|S|I85.10|S|D64.9|S|E11.22|S|N18.31|S|E78.5|S|E66.9|S|I48.0|S|E03.9|S|E53.8|S|E55.9|S|Z79.82|E|Z88.6|E|||||||||0W9G3ZX|3E013GC|3E013VG||||||||||||||||||||||||||||||||||283|,6468|1|Sistema Nacional de Salud|-
220054|HOSPITAL DE BARBASTRO|200864|NALA 0 500101 01||01/01/1950|1|22312|14/10/2024||27|2|ORL|||||||||||15/10/2024|ORL|ORL|ORL|26283260X|1|14/10/2024|C09.9|S|C77.0|S|I10|S|E78.5|S|I25.9|S|||||||||||||||||||||||||||||||0CTPXZZ||||||||||||||||||||||||||||8082/3|8082/6|||||||097|,7815|1|Sistema Nacional de Salud|-
220054|HOSPITAL DE BARBASTRO|70774|HRGM571123910015||23/11/1957|1|22422|13/10/2024||27|2|ORL|||||||||||15/10/2024|ORL|ORL|ORL|26283260X|1|14/10/2024|C32.1|S|F17.210|S|Z88.6|E|||||||||||||||||||||||||||||||||||0CBR8ZX||||||||||||||||||||||||||||8071/3||||||||110|,7547|1|Sistema Nacional de Salud|-
220054|HOSPITAL DE BARBASTRO|212580|||31/05/1957|2|22300|02/10/2024||27|2|MIR|||||||||||15/10/2024|MIR|MIR|MIR|18052661F|1||D56.3|S|D50.9|S|E05.20|S|R78.81|N|B96.20|N|Z16.12|N|Y95|N|K57.30|S|I42.0|S|F25.9|S|F79|S|Z59.3|E|M19.90|S|Z90.49|E|||||||||||||0DB68ZX|0DJD8ZZ|3E03329||||||||||||||||||||||||||||||||||663|,9141|1|Sistema Nacional de Salud|-
220054|HOSPITAL DE BARBASTRO|151|RVGL360269910013||29/02/1936|2|22550|14/10/2024||21|1|MIR|||||||||||17/10/2024|MIR|MIR|MIR|18049390W|1||K80.00|S|I10|S|E78.5|S|E11.9|S|E66.9|S|Z79.84|E|||||||||||||||||||||||||||||BW40ZZZ|3E033NZ|3E03329|3E0337Z|3E013VG||||||||||||||||||||||||||||||||284|,6359|1|Sistema Nacional de Salud|-
220054|HOSPITAL DE BARBASTRO|37365|BRMR781268910015||28/12/1978|2|22580|14/10/2024||21|1|URO|||||||||||18/10/2024|URO|URO|URO|Y9933326P|1||N10|S|Z90.710|E|Z90.722|E|||||||||||||||||||||||||||||||||||3E03329||||||||||||||||||||||||||||||||||||463|,4576|1|Sistema Nacional de Salud|-
220054|HOSPITAL DE BARBASTRO|12942|GRST441253910013||13/12/1944|2|22500|12/10/2024||21|1|TRA|||||||||||18/10/2024|TRA|TRA|TRA|73090858D|1|15/10/2024|S52.122A|S|S52.042A|S|W19.XXXA|S|||||||||||||||||||||||||||||||||||0PCJ0ZZ|0RSM04Z|0RRM0JZ|BP2HZZZ|||||||||||||||||||||||||||||||||322|1,4866|1|Sistema Nacional de Salud|-
220054|HOSPITAL DE BARBASTRO|86462|CMPR580305910013||05/03/1958|1|22400|16/10/2024||27|2|TRA|||||||||||18/10/2024|TRA|TRA|TRA|18054714J|1|17/10/2024|M18.9|S|||||||||||||||||||||||||||||||||||||||0RRT0JZ||||||||||||||||||||||||||||||||||||316|,8026|1|Sistema Nacional de Salud|-
220054|HOSPITAL DE BARBASTRO|193828|||01/01/1982|1|22500|17/10/2024||27|2|CGD|||||||||||18/10/2024|CGD|CGD|CGD|18045029B|1|17/10/2024|K38.9|S|||||||||||||||||||||||||||||||||||||||0DTJ4ZZ||||||||||||||||||||||||||||||||||||234|,7668|1|Sistema Nacional de Salud|-
220054|HOSPITAL DE BARBASTRO|188114|LPDL530803916015||03/08/1953|1|22300|13/10/2024||21|1|MIR|14/10/2024|NML|||||||||18/10/2024|NML|NML|NML|07267217E|1||C34.12|S|C78.1|S|C78.2|S|C78.01|S|C79.51|S|I89.0|S|I47.1|S|M10.9|S|F17.210|S|||||||||||||||||||||||BW241ZZ|0BB88ZX|3E013GC|3E033NZ|3E033GC||||||||||||||||||||||||8070/3|8070/6|||||||136|1,2477|1|Sistema Nacional de Salud|-
220054|HOSPITAL DE BARBASTRO|15205|MNMR460503910018||03/05/1946|1|22300|14/10/2024||30|1|MIR|||||||||||18/10/2024|MIR|MIR|MIR|18049390W|1||Z48.89|E|I21.09|S|I25.10|S|Z95.5|E|I10|S|E11.51|S|E66.9|S|L40.9|S|C64.1|S|Z90.5|E|Z79.620|E|Z59.3|E|Z79.4|E|||||||||||||||3E033GC||||||||||||||||||||||||||||8312/3||||||||862|,7875|1|Sistema Nacional de Salud|-
220054|HOSPITAL DE BARBASTRO|103626|GRFR880551910018||11/05/1988|2|22300|18/10/2024||21|1|OBS|||||||||||21/10/2024|OBS|OBS|OBS|72781954H|1||O42.02|S|O70.1|N|O92.5|S|Z3A.40|E|Z67.10|E|Z37.0|E|||||||||||||||||||||||||||||10E0XZZ|0UQGXZZ|3E0R3BZ|3E033VJ|4A1HXCZ||||||||||||||||||||||||||||||||560|,2876|1|Sistema Nacional de Salud|-
220054|HOSPITAL DE BARBASTRO|130928|FRXX710255012011||15/02/1971|2|22520|17/10/2024||27|2|GIN|||||||||||21/10/2024|GIN|GIN|GIN|72781954H|1|18/10/2024|D25.9|S|N92.0|S|I10|S|E67.8|S|||||||||||||||||||||||||||||||||0UT90ZZ|0UT70ZZ|0UT20ZZ||||||||||||||||||||||||||8890/0||||||||519|,8856|1|Sistema Nacional de Salud|-
220054|HOSPITAL DE BARBASTRO|224965|||03/11/1979|1|22149|14/10/2024||21|1|MIR|||||||||||21/10/2024|MIR|MIR|MIR|45942132T|1||K70.31|S|I85.10|S|D68.4|S|F10.21|S|F20.81|S|F17.210|S|F19.21|S|||||||||||||||||||||||||||BW40ZZZ|0W9G3ZX|0W9G3ZZ|3E033GC|||||||||||||||||||||||||||||||||280|,6265|1|Sistema Nacional de Salud|-
220054|HOSPITAL DE BARBASTRO|226555|||13/06/1979|1|22440|18/10/2024||21|1|TRA|||||||||||21/10/2024|TRA|TRA|TRA|Z2347614D|1||S52.572A|S|S52.612A|S|S32.018A|S|S32.028A|S|S32.038A|S|S32.048A|S|W17.89XA|S|Y99.0|S|||||||||||||||||||||||||2W3BX2Z|3E033NZ|3E0333Z|3E0337Z|3E033GC|3E013GC|||||||||||||||||||||||||||||||342|,904|4|Mutualidades Públicas|-
220054|HOSPITAL DE BARBASTRO|212147|||04/01/1994|1|22549|21/10/2024||27|2|CGD|||||||||||22/10/2024|CGD|CGD|CGD|18025531V|1|21/10/2024|K64.2|S|||||||||||||||||||||||||||||||||||||||06BY0ZC||||||||||||||||||||||||||||||||||||226|,8052|1|Sistema Nacional de Salud|-
220054|HOSPITAL DE BARBASTRO|136770|LTBR340321910011||21/03/1934|1|22300|19/10/2024||21|1|MIV|||||||||||22/10/2024|MIV|MIV|MIV|18037519E|2||I44.2|S|I48.91|S|S00.83XA|S|W19.XXXA|S|I10|S|E78.5|S|E11.9|S|Z79.01|E|Z79.84|E|Z86.73|E|Z59.3|E|||||||||||||||||||B020ZZZ|3E0F7SF|3E013VG|4A13XB1|4A12X4Z|3E013GC|0T9B70Z||||||||||||||||||||||||||||||201|,5604|1|Sistema Nacional de Salud|-
220054|HOSPITAL DE BARBASTRO|129030|SLMR360505910010||05/05/1936|1|22423|16/10/2024||21|1|MIR|||||||||||22/10/2024|MIR|MIR|MIR|25195530L|1||J69.0|S|N17.9|S|R13.10|S|R33.9|S|I10|S|J44.9|S|C76.0|S|D63.0|S|F32.A|S|C79.51|S|C77.3|S|Z86.73|E|Z79.82|E|||||||||||||||0T9B70Z|3E03329|3E0F7GC||||||||||||||||||||||||||8071/6|8071/3|||||||137|,7663|1|Sistema Nacional de Salud|-
220054|HOSPITAL DE BARBASTRO|188114|LPDL530803916015||03/08/1953|1|22300|21/10/2024||27|2|NML|||||||||||23/10/2024|NML|NML|NML|07267217E|1||C34.12|S|C78.1|S|C78.2|S|C78.01|S|C79.51|S|I89.0|S|I47.1|S|M10.9|S|F17.210|S|||||||||||||||||||||||||||||||||||||||||||CW3NYZZ||||||||8070/3|8070/6|||||||136|1,2477|1|Sistema Nacional de Salud|-
220054|HOSPITAL DE BARBASTRO|6339|MCGR530361910012||21/03/1953|2|22500|22/10/2024||27|2|URO|||||||||||23/10/2024|URO|URO|URO|Y9933326P|1|22/10/2024|C67.0|S|I10|S|E03.9|S|M81.0|S|Z85.528|E|Z90.5|E|||||||||||||||||||||||||||||0TBB8ZZ||||||||||||||||||||||||||||8130/3||||||||446|,7682|1|Sistema Nacional de Salud|-
220054|HOSPITAL DE BARBASTRO|168249|TRMN600428910013||28/04/1960|1|22300|14/10/2024||21|1|CGD|||||||||||23/10/2024|CGD|CGD|CGD|73204652E|1|17/10/2024|K40.30|S|K66.0|S|I10|S|E11.9|S|F79|S|R80.9|S|Z59.3|E|Z79.84|E|||||||||||||||||||||||||0YU64JZ|0DN84ZZ|0DNU4ZZ|BW201ZZ|0D9670Z||||||||||||||||||||||||||||||||228|,8181|1|Sistema Nacional de Salud|-
220054|HOSPITAL DE BARBASTRO|9117|RTMR751007910010||07/10/1975|1|22300|22/10/2024||27|2|CGD|||||||||||23/10/2024|CGD|CGD|CGD|73210877Z|1|22/10/2024|K40.20|S|E78.5|S|M10.9|S|||||||||||||||||||||||||||||||||||0YUA4JZ||||||||||||||||||||||||||||||||||||228|,8181|1|Sistema Nacional de Salud|-
220054|HOSPITAL DE BARBASTRO|114596|MRSN430468901012||28/04/1943|2|22520|18/10/2024||27|2|CGD|||||||||||23/10/2024|CGD|CGD|CGD|19005451E|1|18/10/2024|Z43.2|E|I10|S|F32.A|S|M81.0|S|M85.80|S|G25.0|S|M19.90|S|Z85.048|E|Z90.49|E|Z92.21|E|Z92.3|E|Z79.01|E|||||||||||||||||0DQB0ZZ|0WQFXZ2|||||||||||||||||||||||||||||||||||230|1,2548|1|Sistema Nacional de Salud|-
220054|HOSPITAL DE BARBASTRO|19379|ZRLR470914901010||14/09/1947|1|22500|09/10/2024||21|1|MIV|11/10/2024|CAR|||||||||24/10/2024|CAR|CAR|CAR|73202478X|1||I21.4|S|I25.10|S|I50.1|S|I50.20|S|I23.6|S|J96.90|S|F05|N|S37.30XA|N|R31.0|N|X58.XXXA|N|D62|N|F10.20|S|F17.210|S|Z89.429|E|Z95.820|E|Z79.84|E|I08.1|S|E11.51|S|G31.84|S|M06.9|S|B246ZZZ|4A12X4Z|4A13XB1|3E0F7SF|5A0945Z|3E0F7GC|3E033GC|3E0333Z|3E013GC|3E013VG|3E03329|0T9B70Z|||||||||027034Z|B2111ZZ|||||||||||||||190|1,0806|1|Sistema Nacional de Salud|-
220054|HOSPITAL DE BARBASTRO|223830|||29/04/1961|2|22500|23/10/2024||27|2|CGD|||||||||||24/10/2024|CGD|CGD|CGD|18025531V|1|23/10/2024|K43.9|S|E11.9|S|I10|S|J45.909|S|||||||||||||||||||||||||||||||||0WUF0JZ||||||||||||||||||||||||||||||||||||227|1,0731|1|Sistema Nacional de Salud|-
220054|HOSPITAL DE BARBASTRO|22026|FRPL400417910013||17/04/1940|1|22422|20/10/2024||27|2|URO|||||||||||24/10/2024|URO|URO|URO|28626568D|1|21/10/2024|N40.0|S|I10|S|||||||||||||||||||||||||||||||||||||0VB04ZZ||||||||||||||||||||||||||||||||||||484|1,1282|1|Sistema Nacional de Salud|-
220054|HOSPITAL DE BARBASTRO|45814|CSCM470319910015||19/03/1947|1|22400|21/10/2024||27|2|CGD|||||||||||24/10/2024|CGD|CGD|CGD|18045029B|1|22/10/2024|K40.20|S|K42.9|S|||||||||||||||||||||||||||||||||||||0YUA0JZ|0WUF0JZ|||||||||||||||||||||||||||||||||||227|1,0731|1|Sistema Nacional de Salud|-
220054|HOSPITAL DE BARBASTRO|204861|BKBK451212528011||12/12/1945|1|22450|11/10/2024||21|1|MIR|||||||||||24/10/2024|MIR|MIR|MIR|17702334Q|1||J98.8|S|J96.00|S|I50.32|S|I27.20|S|K44.9|S|I10|S|J44.9|S|J45.909|S|C61|S|D18.09|S|F10.20|S|Z59.3|E|Z99.81|E|Z79.01|E|Z79.82|E|||||||||||4A02X4Z|3E0F7GC|3E0333Z|3E03329|||||||||||||||||||||||||8140/3|9120/0|||||||144|,6508|1|Sistema Nacional de Salud|-
220054|HOSPITAL DE BARBASTRO|86296|SLLL320657910013||17/06/1932|2|22430|22/10/2024||21|1|MIR|23/10/2024|GRT|||||||||24/10/2024|GRT|GRT|GERIATRIA|18048054T|4||I13.0|S|I50.9|S|E11.22|S|N18.4|S|D63.1|S|N17.9|S|J96.22|S|E78.5|S|E11.3299|S|E11.622|S|I35.0|S|I48.21|S|R79.1|S|Z79.01|E|Z79.4|E|Z99.81|E|Z95.0|E|||||||3E033GC|3E0F7SF|3E0337Z|3E033NZ|||||||||||||||||||||||||||||||||194|,9142|1|Sistema Nacional de Salud|-
220054|HOSPITAL DE BARBASTRO|226558|||03/03/1929|1|44700|20/10/2024||21|1|MIR|21/10/2024|GRT|||||||||25/10/2024|GRT|GRT|GERIATRIA|18071569D|1||I50.9|S|J98.8|S|E55.9|S|E21.1|S|E79.0|S|I48.91|S|I48.92|S|E78.5|S|Z95.5|E|Z85.46|E|||||||||||||||||||||4A02X4Z|3E033GC|3E03329||||||||||||||||||||||||||||||||||194|,6399|1|Sistema Nacional de Salud|-
220054|HOSPITAL DE BARBASTRO|91005|MRSN430125909010||25/01/1943|1|22300|17/10/2024||21|1|MIR|||||||||||25/10/2024|MIR|MIR|MIR|18049390W|1||I26.99|S|I11.9|S|I51.7|S|E11.9|S|E79.0|S|K76.0|S|K57.30|S|M47.9|S|I25.2|E|C80.1|S|Z85.89|E|Z92.3|E|Z87.891|E|||||||||||||||4A02X4Z|B246ZZZ|3E013GC||||||||||||||||||CB121ZZ||||||||8070/3||||||||134|,5446|1|Sistema Nacional de Salud|-
220054|HOSPITAL DE BARBASTRO|23419|MRLT500846910012||06/08/1950|2|22312|26/09/2024||21|1|MIV|05/10/2024|MIR|||||||||25/10/2024|MIR|MIR|MIR|18055798Q|1||I26.99|S|Y95|E|J96.92|S|T82.7XXA|N|I80.8|N|R78.81|N|B95.61|N|A04.72|N|E78.5|S|E66.9|S|K44.9|S|E03.8|S|N17.9|N|E87.6|N|E87.20|N|N18.9|S|M19.90|S|G47.33|S|F32.9|N|I48.0|S|3E013GC|3E0F7SF|3E03329|0T9B70Z|5A09457|B246ZZZ|BW40ZZZ|4A12X4Z|4A13XB1|BW4FZZZ|B32SZZZ|B32TZZZ|||||||||||||||||||||||||134|1,6233|1|Sistema Nacional de Salud|-
220054|HOSPITAL DE BARBASTRO|179015|BCXX940167642011||27/01/1994|2|22400|23/10/2024||21|1|OBS|||||||||||26/10/2024|OBS|OBS|OBS|47919222X|1||O70.21|N|O90.81|N|Z3A.37|E|Z37.0|E|Z67.10|E|||||||||||||||||||||||||||||||10E0XZZ|3E0R3BZ|10907ZC|0DQR0ZZ|3E03329||||||||||||||||||||||||||||||||542|,3291|1|Sistema Nacional de Salud|-
220054|HOSPITAL DE BARBASTRO|218187|||10/06/2022|2|22400|26/10/2024||21|1|PED|||||||||||27/10/2024|PED|PED|PED|18036541X|1||R56.00|S|||||||||||||||||||||||||||||||||||||||3E0337Z|3E033NZ|||||||||||||||||||||||||||||||||||053|,5154|1|Sistema Nacional de Salud|-
220054|HOSPITAL DE BARBASTRO|66107|CSBR590309901013||09/03/1959|1|22533|20/10/2024||21|1|MIR|||||||||||28/10/2024|MIR|MIR|MIR|25195530L|2||D68.61|S|M32.9|S|L97.229|S|I96|S|F17.210|S|R93.422|S|||||||||||||||||||||||||||||BW251ZZ|3E0334Z|3E03329|3E0333Z|3E013GC|3E033NZ|3E013VG||||||||||||||CW3NYZZ||||||||||||||||661|1,035|1|Sistema Nacional de Salud|-
220054|HOSPITAL DE BARBASTRO|224156|||05/04/1985|2|22400|21/10/2024||30|1|CAR|||||||||||28/10/2024|CAR|CAR|CAR|Y6058219X|1||Z48.812|E|Z95.828|E|Z95.4|E|I97.190|S|I21.9|S|Y83.1|S|N17.9|S|I10|S|Z88.8|E|||||||||||||||||||||||B246ZZZ|3E033GC|3E013GC||||||||||||||||||||||||||||||||||862|,7875|1|Sistema Nacional de Salud|-
220054|HOSPITAL DE BARBASTRO|1892|MRCZ240214910019||14/02/1924|1|22300|12/10/2024||21|1|MIR|14/10/2024|GRT|||||||||29/10/2024|GRT|GRT|GERIATRIA|18048054T|1||J69.0|S|J96.00|S|I50.9|S|R33.9|N|K59.00|S|N17.9|N|D64.9|S|E55.9|S|E53.8|S|I48.91|S|E78.5|S|I69.359|E|Z79.01|E|||||||||||||||3E03329|3E0333Z|3E0F7GC|3E033GC|0T9B70Z|3E0337Z|3E013GC|3E033NZ|3E1H78Z||||||||||||||||||||||||||||137|1,0895|1|Sistema Nacional de Salud|-
220054|HOSPITAL DE BARBASTRO|3617|BRLN460359910015||19/03/1946|2|22148|19/10/2024||21|1|MIR|||||||||||29/10/2024|MIR|MIR|MIR|18055798Q|1||R50.9|S|E27.9|S|I48.0|S|E89.0|S|Z85.72|E|Z92.21|E|Z91.041|E|||||||||||||||||||||||||||B246ZZZ|4A02X4Z|3E03329|3E033NZ|3E0F7GC|3E0337Z|3E013GC||||||||||||||CW3NYZZ||||||||||||||||722|,3896|1|Sistema Nacional de Salud|-
220054|HOSPITAL DE BARBASTRO|206728|||22/07/1968|1|22520|28/10/2024||27|2|URO|||||||||||29/10/2024|URO|URO|URO|51460077S|1|28/10/2024|N35.912|S|N40.1|S|R31.9|S|||||||||||||||||||||||||||||||||||0T7D8ZZ|0TJB8ZZ|||||||||||||||||||||||||||||||||||468|,4959|1|Sistema Nacional de Salud|-
220054|HOSPITAL DE BARBASTRO|209407|||01/09/1982|1|22400|23/10/2024||21|1|MIR|||||||||||29/10/2024|MIR|MIR|MIR|25195530L|1||B16.9|S|||||||||||||||||||||||||||||||||||||||||||||||||||||||||||||||||||||||||||283|,5209|1|Sistema Nacional de Salud|-
220054|HOSPITAL DE BARBASTRO|193292|GAGA 0 720529 00||29/05/1972|1|22300|28/10/2024||27|2|ORL|||||||||||29/10/2024|ORL|ORL|ORL|26283260X|1|28/10/2024|J34.2|S|J34.3|S|J34.89|S|G47.33|S|||||||||||||||||||||||||||||||||09SM0ZZ|09BL8ZZ|||||||||||||||||||||||||||||||||||098|,8964|1|Sistema Nacional de Salud|-
220054|HOSPITAL DE BARBASTRO|27541|SPBR430266910012||26/02/1943|2|22400|18/10/2024||21|1|MIR|21/10/2024|GRT|||||||||29/10/2024|GRT|GRT|GERIATRIA|18071569D|1||K11.21|S|I69.398|E|F01.50|S|I12.9|S|E11.22|S|N18.2|S|I48.91|S|E66.9|S|E78.5|S|F09|S|I42.8|S|K59.00|S|I25.2|E|Z95.5|E|Z85.038|E|Z79.84|E|Z79.02|E|Z79.01|E|Z59.3|E|||4A02X4Z|3E03329|BW2FYZZ|3E033NZ|3E0333Z||||||||||||||||||||||||||||||||115|,655|1|Sistema Nacional de Salud|-
220054|HOSPITAL DE BARBASTRO|18456|RVCL380530910018||30/05/1938|1|22300|29/10/2024||21|1|CGD|||||||||||30/10/2024|CGD|CGD|CGD|18045029B|4|29/10/2024|K40.30|S|A41.9|N|J98.8|N|N17.9|N|I12.9|S|N18.9|S|D69.6|S|C93.10|S|I48.21|S|J45.909|S|D36.10|S|Z79.01|E|Z85.46|E|Z92.3|E|Z88.0|E|Z88.1|E|||||||||0YU50JZ|3E0333Z|3E0F7GC|3E033NZ|3E0337Z||||||||||||||||||||||||9945/3|9560/0|||||||228|1,5855|1|Sistema Nacional de Salud|-
220054|HOSPITAL DE BARBASTRO|19510|BLPQ481117910017||17/11/1948|1|22400|29/10/2024||21|1|MIR|||||||||||30/10/2024|MIR|MIR|MIR|18052661F|4||A41.9|S|R65.21|S|J96.90|S|I11.0|S|I50.9|S|I27.29|S|I07.1|S|E11.9|S|Z79.84|E|E78.5|S|I48.91|S|Z79.01|E|Z87.891|E|E79.0|S|J44.9|S|Z99.81|E|J84.112|S|B90.9|E|K21.9|S|G47.30|S|3E03329|3E033XZ|3E0337Z|3E033NZ|3E0333Z|3E013VG|3E0F7GC|3E0F7SF|||||||||||||||||||||||||||||720|2,0958|1|Sistema Nacional de Salud|-
220054|HOSPITAL DE BARBASTRO|183107|FNJR111153910015||13/11/2011|2|22416|29/10/2024||21|1|PED|||||||||||31/10/2024|PED|PED|PED|76970719T|1||R10.31|S|Z91.018|E|||||||||||||||||||||||||||||||||||||BW40ZZZ|3E033NZ|3E0337Z||||||||||||||||||||||||||||||||||251|,4939|1|Sistema Nacional de Salud|-
220054|HOSPITAL DE BARBASTRO|76871|ZRFR410257910011||17/02/1941|2|22420|24/10/2024||21|1|MIR|||||||||||31/10/2024|MIR|MIR|MIR|17702334Q|1||I11.0|S|I50.22|S|I48.91|S|E11.22|S|N18.4|S|E11.319|S|E66.9|S|D50.9|S|E53.8|S|F09|S|I35.8|S|I27.20|S|Z79.4|E|Z79.84|E|Z88.8|E|||||||||||3E033GC|3E033RZ|B246ZZZ|4A02X4Z|0T9B70Z|3E013GC|||||||||||||||||||||||||||||||194|,6399|1|Sistema Nacional de Salud|-
220054|HOSPITAL DE BARBASTRO|36273|CSFR310412910015||12/04/1931|1|22550|27/10/2024||21|1|MIR|||||||||||31/10/2024|MIR|MIR|MIR|45942132T|1||I82.412|S|I82.432|S|I26.99|S|D75.1|S|E04.2|S|E78.5|S|I25.10|S|Z14.8|E|||||||||||||||||||||||||B54CZZZ|B32S1ZZ|B32T1ZZ|B246ZZZ|4A02X4Z||||||||||||||||||||||||||||||||197|,9275|1|Sistema Nacional de Salud|-
220054|HOSPITAL DE BARBASTRO|17437|GVPS600331901010||31/03/1960|1|22500|23/10/2024||21|1|MIR|||||||||||01/11/2024|MIR|MIR|MIR|18045774C|4||C16.8|S|C78.7|S|C77.2|S|K72.90|S|D50.0|S|R50.9|N|I50.9|S|T82.01XA|S|E78.5|S|F17.210|S|E66.3|S|I87.2|S|Z72.3|E|Z88.6|E|Z79.01|E|||||||||||0DB68ZX|3E0F7SF|BW211ZZ|B020ZZZ|B424ZZZ|3E03329|3E033GC|3E0337Z|3E033NZ|3E0333Z|||||||||||||||||||8140/3|8140/6|||||||240|1,2059|1|Sistema Nacional de Salud|-
220054|HOSPITAL DE BARBASTRO|94505|GNZL560302910015||02/03/1956|1|22400|15/10/2024||27|2|TRA|||||||||||01/11/2024|TRA|TRA|TRA|73209536F|1|16/10/2024|T84.53XD|E|Y83.1|S|Z89.521|E|J44.9|S|E66.9|S|E78.5|S|E11.9|S|Z79.4|E|||||||||||||||||||||||||0SPC08Z|0SRC0JZ|||||||||||||||||||||||||||||||||||326|1,2262|1|Sistema Nacional de Salud|-
220054|HOSPITAL DE BARBASTRO|192203|||17/01/2015|2|22400|30/10/2024||21|1|PED|||||||||||01/11/2024|PED|PED|PED|73005661G|1||J20.9|S|||||||||||||||||||||||||||||||||||||||3E0F7GC|3E0F7SF|||||||||||||||||||||||||||||||||||145|,473|1|Sistema Nacional de Salud|-
220054|HOSPITAL DE BARBASTRO|99235|SPBR971044910014||04/10/1997|2|22400|27/10/2024||21|1|OBS|28/10/2024|MIV|30/10/2024|OBS|||||||02/11/2024|OBS|OBS|OBS|73021577G|1|28/10/2024|O63.1|N|O72.1|N|O70.1|N|O90.81|N|O92.5|N|Z3A.38|E|Z37.0|E|Z67.40|E|||||||||||||||||||||||||10D07Z6|3E0R3BZ|0W8NXZZ|0W3R7ZZ|3E0H7GC|3E033VJ|3E033GC|0KQM0ZZ|4A1HXCZ|30233N1|3E0F7SF|4A12X4Z|4A133B1|4A13XR1|||||||||||||||||||||||542|,3901|1|Sistema Nacional de Salud|-
220054|HOSPITAL DE BARBASTRO|28037|SNLP620945910010||05/09/1962|2|22412|30/10/2024||27|2|CGD|||||||||||03/11/2024|CGD|CGD|CGD|18025531V|1|30/10/2024|K80.12|S|Z87.891|E|||||||||||||||||||||||||||||||||||||0FT44ZZ||||||||||||||||||||||||||||||||||||263|,9851|1|Sistema Nacional de Salud|-
220054|HOSPITAL DE BARBASTRO|120949|GRRR401221910015||21/12/1940|1|22414|16/10/2024||21|1|GRT|||||||||||04/11/2024|GRT|GRT|GERIATRIA|18071569D|1||K22.2|S|K59.00|S|K57.30|S|T83.090A|S|J44.9|S|N40.0|S|Z86.11|E|||||||||||||||||||||||||||BW2F1ZZ|BW241ZZ|0DJ08ZZ|0D738ZZ|0T25X0Z|3E013GC|3E0337Z|3E0F7GC|3E033NZ|3E0336Z|3E1H78Z||||||||||||||||||||||||||243|,6572|1|Sistema Nacional de Salud|-
220054|HOSPITAL DE BARBASTRO|52560|FRBR901163910010||23/11/1990|2|22300|04/11/2024||21|1|OBS|||||||||||05/11/2024|OBS|OBS|OBS|73003838K|1|04/11/2024|O99.891|S|N83.511|S|H81.09|S|O34.81|S|N83.01|S|O99.281|S|E06.3|S|Z3A.09|E|||||||||||||||||||||||||0US04ZZ|0U9040Z|3E033NZ|3E0P7VZ|||||||||||||||||||||||||||||||||547|,5392|1|Sistema Nacional de Salud|-
220054|HOSPITAL DE BARBASTRO|45297|GRJM720406916010||06/04/1972|1|22520|29/10/2024||30|1|MIV|30/10/2024|CAR|||||||||05/11/2024|CAR|CAR|CAR|18045946P|1||Z48.812|E|I21.19|S|I25.10|S|I25.82|S|Z95.5|E|Z86.74|E|F17.210|S|I10|S|E78.5|S|E11.9|S|J44.9|S|Z79.4|E|||||||||||||||||4A12X4Z|4A13XB1|4A13XR1|3E013GC|B246ZZZ|4A02X4Z|3E0337Z|3E033NZ|3E0F7GC||||||||||||||||||||||||||||862|,7875|1|Sistema Nacional de Salud|-
220054|HOSPITAL DE BARBASTRO|50514|SRRX360531910016||31/05/1936|1|22589|28/10/2024||27|2|MIR|||||||||||05/11/2024|MIR|MIR|MIR|18049390W|1||R59.1|S|I35.0|S|E66.9|S|I10|S|H91.90|S|E11.21|S|E11.40|S|M10.9|S|J45.909|S|K21.9|S|M16.9|S|N40.1|S|Z79.4|E|Z79.84|E|||||||||||||BW241ZZ|3E0337Z|3E033GC|3E033NZ|||||||||||||||||||||||||||||||||663|,5007|1|Sistema Nacional de Salud|-
220054|HOSPITAL DE BARBASTRO|74342|TMSN690966910015||26/09/1969|2|22422|03/11/2024||27|2|CGD|||||||||||06/11/2024|CGD|CGD|CGD|72889973Y|1|04/11/2024|K80.10|S|I10|S|E03.9|S|M79.7|S|F32.A|S|Z88.1|E|||||||||||||||||||||||||||||0FT44ZZ||||||||||||||||||||||||||||||||||||263|,9851|1|Sistema Nacional de Salud|-
220054|HOSPITAL DE BARBASTRO|29872|RGBF880854910013||14/08/1988|2|22300|04/11/2024||27|2|TRA|||||||||||06/11/2024|TRA|TRA|TRA|50873405G|1|05/11/2024|S52.512A|S|S52.602A|S|W19.XXXA|S|||||||||||||||||||||||||||||||||||0PSJ04Z|3E033NZ|||||||||||||||||||||||||||||||||||315|,898|1|Sistema Nacional de Salud|-
220054|HOSPITAL DE BARBASTRO|3488|LBMN390947913017||07/09/1939|2|22300|25/10/2024||21|1|MIR|||||||||||06/11/2024|MIR|MIR|MIR|72987424Y|1||I11.0|S|I50.33|S|J44.0|S|J20.9|S|E11.65|S|J96.12|S|J96.11|S|I27.20|S|I07.1|S|K86.1|S|G21.4|S|E03.8|S|E55.9|S|R29.6|S|I87.2|S|I69.351|E|F31.9|S|Z85.3|E|Z90.10|E|Z92.3|E|4A02X4Z|3E033GC|3E03329|3E0F7GC|||||||||||||||||||||||||||||||||194|,9142|1|Sistema Nacional de Salud|-
220054|HOSPITAL DE BARBASTRO|17323|GRMR330749911019||09/07/1934|2|22300|25/10/2024||21|1|MIR|28/10/2024|GRT|||||||||07/11/2024|GRT|GRT|GERIATRIA|72000771F|1||J98.8|S|U07.1|S|N39.0|S|B96.20|S|Z22.322|E|E86.0|S|E87.0|S|I12.9|S|N18.9|S|E11.22|S|E78.00|S|G47.00|S|G30.9|S|F02.C0|S|F43.22|S|||||||||||3E0337Z|3E013GC|3E03329|3E033NZ|||||||||||||||||||||||||||||||||144|,9353|1|Sistema Nacional de Salud|-
220054|HOSPITAL DE BARBASTRO|140949|GDSS740657901012||17/06/1974|2|22530|22/10/2024||21|1|TRA|||||||||||07/11/2024|TRA|TRA|TRA|50873405G|1||M51.16|S|M51.86|S|||||||||||||||||||||||||||||||||||||3E0R33Z|3E0R3NZ|3E033NZ|3E013GC|3E0337Z|3E0333Z|||||||||||||||BR39ZZZ|4A0F33Z|||||||||||||||347|,6123|1|Sistema Nacional de Salud|-
220054|HOSPITAL DE BARBASTRO|40687|LNMR640317910015||17/03/1964|1|22338|04/11/2024||21|1|URO|||||||||||07/11/2024|URO|URO|URO|28626568D|1||N10|S|B96.20|S|K44.9|S|Z87.440|E|||||||||||||||||||||||||||||||||BW40ZZZ|3E03329|3E033NZ||||||||||||||||||||||||||||||||||463|,4576|1|Sistema Nacional de Salud|-
220054|HOSPITAL DE BARBASTRO|96531|PCSL470208910015||08/02/1947|1|22330|30/10/2024||21|1|MIR|||||||||||07/11/2024|MIR|MIR|MIR|77135659F|1||J22|S|Y95|S|J84.112|S|I27.82|S|I82.509|S|K44.9|S|M15.9|S|N40.0|S|Z79.01|E|Z99.81|E|||||||||||||||||||||3E03329|3E0333Z|3E0F7GC|3E013GC|3E033GC||||||||||||||||||||||||||||||||144|,6508|1|Sistema Nacional de Salud|-
220054|HOSPITAL DE BARBASTRO|157212|RSCS870441904010||01/04/1987|2|22350|30/10/2024||21|1|MIR|||||||||||07/11/2024|MIR|MIR|MIR|25195530L|1||A09|S|K92.2|S|K76.89|S|M13.0|S|E55.9|S|L30.9|S|F17.210|S|Z79.52|E|Z88.6|E|Z88.2|E|||||||||||||||||||||BW201ZZ|0DJD8ZZ|3E033NZ||||||||||||||||||||||||||||||||||249|,5347|1|Sistema Nacional de Salud|-
220054|HOSPITAL DE BARBASTRO|75335|RVLR570130910016||30/01/1957|1|22413|04/11/2024||21|1|CGD|07/11/2024|MIV|||||||||07/11/2024|MIV|MIV|MIV|40896840B|4|07/11/2024|T81.43XA|S|K65.8|S|T81.44XA|S|A41.9|S|T81.12XA|S|K91.89|S|T81.32XA|S|T81.83XA|S|K60.4|S|Y83.6|S|L02.31|S|J96.90|N|E87.4|N|I49.01|N|K91.840|N|K66.1|N|T81.19XA|N|Y83.8|N|D62|N|D68.9|N|0D1M0Z4|0DQP0ZZ|3E1M38Z|0Y9130Z|0W9G0ZX|BW20ZZZ|0WJP8ZZ|5A1945Z|0BH17EZ|5A12012|5A19054|3E043XZ|5A2204Z|3E04329|3E04328|3E0433Z|3E043GC|3E043NZ|3E0437Z||||||||||8140/6||||||||711|4,7444|1|Sistema Nacional de Salud|-
220054|HOSPITAL DE BARBASTRO|177080|SSSR641220910016||20/12/1964|1|22540|07/11/2024||27|2|CGD|||||||||||08/11/2024|CGD|CGD|CGD|73210877Z|1|07/11/2024|K40.90|S|||||||||||||||||||||||||||||||||||||||0YU54JZ||||||||||||||||||||||||||||||||||||228|,8181|1|Sistema Nacional de Salud|-
220054|HOSPITAL DE BARBASTRO|130503|CLLM591004903011||04/10/1959|1|22520|30/10/2024||21|1|TRA|||||||||||08/11/2024|TRA|TRA|TRA|73090858D|1|30/10/2024|S72.102A|S|W22.09XA|S|I10|S|E11.319|S|E78.5|S|Z79.4|E|Z88.6|E|Z86.79|E|||||||||||||||||||||||||0QS736Z||||||||||||||||||||||||||||||||||||308|1,4102|6|Financiación Mixta|-
220054|HOSPITAL DE BARBASTRO|169704|GRMR581117904025||17/11/1958|1|22560|21/10/2024||21|1|MIR|22/10/2024|NML|||||||||08/11/2024|NML|NML|NML|07267217E|1||C34.01|S|C78.1|S|C78.01|S|C78.02|S|C79.2|S|C77.4|S|C79.51|S|D63.0|S|J43.9|S|J15.8|S|B96.89|S|I10|S|M06.9|S|F17.210|S|F10.21|S|Z59.3|E|||||||||BW241ZZ|0BB48ZX|0BD48ZX|3E1F88X|30233N1|3E03329|3E0F7GC|3E033NZ|3E0333Z||||||||||||B030YZZ|CW3NYZZ|||||||8070/6|8070/3|||||||136|1,2477|1|Sistema Nacional de Salud|-
220054|HOSPITAL DE BARBASTRO|19058|CSLC590728910011||28/07/1959|1|22430|03/11/2024||27|2|URO|||||||||||08/11/2024|URO|URO|URO|Y9933326P|1|04/11/2024|N40.1|S|N13.8|S|N21.0|S|I10|S|E78.5|S|G47.33|S|Z99.89|E|||||||||||||||||||||||||||0VB00ZZ|0TCB0ZZ|||||||||||||||||||||||||||||||||||484|1,2558|1|Sistema Nacional de Salud|-
220054|HOSPITAL DE BARBASTRO|226684|||02/11/2024|2|22300|06/11/2024||24|1|PED|||||||||||10/11/2024|PED|PED|PED|76970719T|1||P59.0|S|P92.8|S|P07.18|S|P07.39|S|||||||||||||||||||||||||||||||||6A600ZZ||||||||||||||||||||||||||||||||||||626|,7929|1|Sistema Nacional de Salud|-
220054|HOSPITAL DE BARBASTRO|226743|||27/06/2024|1|22400|07/11/2024||30|1|PED|||||||||||10/11/2024|PED|PED|PED|76970719T|1||P92.8|S|P05.03|S|P07.32|S|Q63.8|E|Z87.61|E|||||||||||||||||||||||||||||||||||||||||||||||||||||||||||||||||||421|,6268|1|Sistema Nacional de Salud|-
220054|HOSPITAL DE BARBASTRO|146239|TNZR050923910012||23/09/2005|1|22500|07/11/2024||21|1|ORL|||||||||||11/11/2024|ORL|ORL|ORL|26283260X|1||B27.00|S|||||||||||||||||||||||||||||||||||||||3E0337Z|3E033NZ|3E0333Z||||||||||||||||||||||||||||||||||723|,3666|1|Sistema Nacional de Salud|-
220054|HOSPITAL DE BARBASTRO|215568|||27/10/1982|2|22430|07/11/2024||21|1|OBS|||||||||||11/11/2024|OBS|OBS|OBS|72781954H|1|07/11/2024|O34.211|S|Z30.2|E|Z67.40|E|Z3A.38|E|Z37.0|E|||||||||||||||||||||||||||||||10D00Z1|0UB74ZZ|4A1HXCZ||||||||||||||||||||||||||||||||||539|,4854|1|Sistema Nacional de Salud|-
220054|HOSPITAL DE BARBASTRO|48822|PRLL331271910015||31/12/1933|2|22500|09/11/2024||21|1|MIR|11/11/2024|GRT|||||||||11/11/2024|GRT|GRT|GERIATRIA|18048054T|4||J18.9|S|J96.00|S|F05|S|N17.9|S|I13.10|S|N18.31|S|D63.1|S|I50.9|S|I48.91|S|I35.0|S|I27.20|S|S06.5X0D|E|W06.XXXD|S|F41.8|S|Z95.5|E|Z95.3|E|Z91.09|E|Z79.01|E|Z51.5|E|||3E03329|3E033NZ|||||||||||||||||||||||||||||||||||139|,85|1|Sistema Nacional de Salud|-
220054|HOSPITAL DE BARBASTRO|188772|||05/09/2013|1|22440|11/11/2024||21|1|PED|||||||||||12/11/2024|PED|PED|PED|25359168N|1||R10.31|S|Z91.013|E|Z91.018|E|||||||||||||||||||||||||||||||||||BW40ZZZ||||||||||||||||||||||||||||||||||||251|,4939|1|Sistema Nacional de Salud|-
220054|HOSPITAL DE BARBASTRO|197147|||23/06/1950|1|22511|11/11/2024||21|1|MIV|||||||||||12/11/2024|MIV|MIV|MIV|07952586Z|1||E87.5|S|I13.0|S|I50.9|S|N18.6|S|Z99.2|E|I48.0|S|J44.9|S|E79.0|S|I08.0|S|C61|S|C79.51|S|Z79.01|E|Z90.5|E|||||||||||||||3E0337Z|3E033GC|3E0F7GC|3E013VG|4A02X4Z|5A1D70Z|4A13XB1|4A12X4Z|3E0F7SF||||||||||||||||||||8140/3|8140/6|||||||425|,5383|1|Sistema Nacional de Salud|-
220054|HOSPITAL DE BARBASTRO|104170|RSLP880465908019||25/04/1988|2|22500|09/11/2024||21|1|OBS|||||||||||12/11/2024|OBS|OBS|OBS|25153470A|1||O41.1230|S|O99.824|S|O48.0|S|Z3A.40|E|O66.0|N|O70.1|N|Z67.40|E|Z37.0|E|||||||||||||||||||||||||10D07Z7|3E033VJ|10907ZC|0KQM0ZZ|3E0R3BZ|3E03329|4A1HXCZ||||||||||||||||||||||||||||||560|,3169|1|Sistema Nacional de Salud|-
220054|HOSPITAL DE BARBASTRO|23419|MRLT500846910012||06/08/1950|2|22312|03/11/2024||21|1|MIR|||||||||||12/11/2024|MIR|MIR|MIR|18055798Q|1||A04.71|S|I26.99|S|E78.5|S|E66.9|S|K44.9|S|E03.8|S|N18.9|S|D63.1|S|G47.33|S|M19.90|S|||||||||||||||||||||3E03329|3E0337Z|3E0F7SF|3E013GC|3E013VJ||||||||||||||||||||||||||||||||248|1,0277|1|Sistema Nacional de Salud|-
220054|HOSPITAL DE BARBASTRO|6320|SPCT480903910015||03/09/1948|1|22400|03/10/2024||21|1|MIR|||||||||||12/11/2024|MIR|MIR|MIR|18052661F|1||R19.7|S|L89.159|S|B95.2|S|K22.70|S|E11.9|S|E78.5|S|Z87.891|E|N40.0|S|I69.920|E|I69.951|E|Z90.49|E|Z95.820|E|K44.9|S|Z79.82|E|Z59.3|E|||||||||||BW201ZZ|0DJD8ZZ|0DBK8ZX|0DBL8ZX|0DBN8ZX|0DB38ZX|0DB98ZX|3E03329|3E03328|3E0337Z|3E013GC|3E033GC|3E0333Z|3E013VG|||||||||||||||||||||||249|,5347|1|Sistema Nacional de Salud|-
220054|HOSPITAL DE BARBASTRO|152169|CMBR310712910019||12/07/1931|1|22589|31/10/2024||21|1|MIR|||||||||||12/11/2024|MIR|MIR|MIR|77135659F|1||J18.9|S|J96.91|S|E61.1|S|E55.9|S|I50.33|S|I35.0|S|G25.0|S|E78.5|S|C90.00|S|C61|S|Z79.818|E|||||||||||||||||||4A02X4Z|3E03329|3E0333Z|3E0F7GC|3E033GC||||||||||||||||||||||||8000/3|9732/3|||||||139|,85|1|Sistema Nacional de Salud|-
220054|HOSPITAL DE BARBASTRO|80590|NRZC470521910017||21/05/1947|1|22464|05/11/2024||27|2|MIR|||||||||||12/11/2024|MIR|MIR|MIR|18049390W|1||K63.3|S|D50.9|S|D56.3|S|K64.8|S|K64.4|S|K44.9|S|E78.5|S|E66.9|S|E79.0|S|N40.1|S|L40.59|S|Z79.620|E|||||||||||||||||0DBH8ZX|0DJ08ZZ|BW211ZZ|3E033GC|||||||||||||||||||||||||||||||||254|,6628|1|Sistema Nacional de Salud|-
220054|HOSPITAL DE BARBASTRO|2004|CNLN531166910012||26/11/1953|2|22300|12/11/2024||27|2|URO|||||||||||13/11/2024|URO|URO|URO|51460077S|1|12/11/2024|D09.0|S|I10|S|E78.5|S|M81.0|S|Z87.891|E|||||||||||||||||||||||||||||||0TBB8ZZ|3E0K705|||||||||||||||||||||||||||8120/2||||||||446|,7682|1|Sistema Nacional de Salud|-
220054|HOSPITAL DE BARBASTRO|4975|LVCL320151910015||11/01/1932|2|22300|31/10/2024||21|1|MIR|04/11/2024|GRT|||||||||13/11/2024|GRT|GRT|GERIATRIA|18071569D|1||I26.99|S|J18.9|S|J96.91|S|I13.0|S|I50.30|S|N18.9|S|E78.5|S|F01.50|S|I47.1|S|M06.9|S|I87.2|S|Z88.0|E|Z79.82|E|||||||||||||||B54BZZZ|B246ZZZ|3E013GC|3E0F7GC|3E0333Z|3E0337Z|3E0F7SF|3E03329|3E033GC|3E033VJ|||||||||||CB121ZZ||||||||||||||||134|1,0692|1|Sistema Nacional de Salud|-
220054|HOSPITAL DE BARBASTRO|70297|CYXX600863250010||23/08/1960|2|22466|30/10/2024||30|1|MIR|||||||||||13/11/2024|MIR|MIR|MIR|18055798Q|1||C79.51|S|C77.1|S|C77.0|S|C78.7|S|G83.4|S|C34.31|S|G89.3|S|Z79.620|E|Z85.72|E|Z92.21|E|Z87.891|E|||||||||||||||||||3E0333Z|3E033NZ|3E033GC|3E0337Z|3E013GC||||||||||||||||||||||||8041/6|8041/3|||||||343|,9401|1|Sistema Nacional de Salud|-
220054|HOSPITAL DE BARBASTRO|15759|SBTR640753910013||13/07/1964|2|22430|13/11/2024||27|2|TRA|||||||||||13/11/2024|TRA|TRA|TRA|78333534L|1|13/11/2024|M06.321|S|M06.322|S|M06.341|S|||||||||||||||||||||||||||||||||||0JBG0ZZ|0JBH0ZZ|0JBJ0ZZ||||||||||||||||||||||||||||||||||316|1,0704|1|Sistema Nacional de Salud|-
220054|HOSPITAL DE BARBASTRO|110994|BYVL500712910014||12/07/1950|1|22234|10/11/2024||27|2|CGD|11/11/2024|MIV|13/11/2024|CGD|||||||14/11/2024|CGD|CGD|CGD|72889973Y|1|11/11/2024|E04.2|S|J39.8|S|E78.5|S|F10.10|S|R74.01|S|Z87.891|E|||||||||||||||||||||||||||||0GTH0ZZ|3E0333Z|4A13XB1|4A12X4Z|4A13XR1|4A10X4Z|||||||||||||||||||||||||||||||404|1,3107|1|Sistema Nacional de Salud|-
220054|HOSPITAL DE BARBASTRO|32237|BLLG330516910010||16/05/1933|1|22400|07/11/2024||27|2|CGD|||||||||||14/11/2024|CGD|CGD|CGD|50883390F|1|08/11/2024|C16.3|S|C77.2|S|I10|S|I48.21|S|I08.0|S|E78.5|S|M35.3|S|M81.0|S|Z79.01|E|||||||||||||||||||||||0DB64ZZ|0DT74ZZ|0D164ZA|0D1A4ZA|||||||||||||||||||||||||8490/3|8490/6|||||||220|1,9408|1|Sistema Nacional de Salud|-
220054|HOSPITAL DE BARBASTRO|107561|ZPFR670701910016||01/07/1967|1|22469|14/11/2024||27|2|CGD|||||||||||15/11/2024|CGD|CGD|CGD|77133926E|1|14/11/2024|K64.4|S|E78.5|S|||||||||||||||||||||||||||||||||||||06BY0ZC||||||||||||||||||||||||||||||||||||226|,8052|1|Sistema Nacional de Salud|-
220054|HOSPITAL DE BARBASTRO|11697|TRGM331262910013||22/12/1933|2|22400|11/11/2024||21|1|MIR|12/11/2024|GRT|||||||||15/11/2024|GRT|GRT|GERIATRIA|18047202E|1||J98.8|S|B95.3|S|I50.9|S|J96.91|S|N39.0|S|B96.20|S|I48.91|S|D49.4|S|F09|S|F41.1|S|Z59.3|E|||||||||||||||||||3E03329|3E033GC|3E0F7SF|3E013GC|3E033NZ||||||||||||||||||||||||8000/1||||||||144|,6508|1|Sistema Nacional de Salud|-
220054|HOSPITAL DE BARBASTRO|133335|CHVT570658218015||18/06/1957|2|22550|13/11/2024||27|2|CGD|||||||||||15/11/2024|CGD|CGD|CGD|18025531V|1|13/11/2024|K81.1|S|E78.5|S|I10|S|E03.8|S|||||||||||||||||||||||||||||||||0FT44ZZ||||||||||||||||||||||||||||||||||||263|,9851|1|Sistema Nacional de Salud|-
220054|HOSPITAL DE BARBASTRO|42457|MNSN320368910015||28/03/1932|2|22300|06/11/2024||21|1|MIR|||||||||||15/11/2024|MIR|MIR|MIR|18049390W|1||N17.9|S|T50.2X5A|S|I12.9|S|N18.9|S|I50.9|S|J98.8|S|I25.2|E|I42.0|S|I27.20|S|I34.0|S|I87.2|S|M15.9|S|Z79.82|E|Z88.0|E|Z59.3|E|Z74.09|S|Z66|S|||||||3E0337Z|3E03329|3E0333Z|3E0F7SF|3E0F7GC|3E033NZ|3E033GC||||||||||||||||||||||||||||||469|,5905|1|Sistema Nacional de Salud|-
220054|HOSPITAL DE BARBASTRO|28236|PBBL720561910015||21/05/1972|2|22400|15/11/2024||27|2|TRA|||||||||||16/11/2024|TRA|TRA|TRA|45128582Y|1|15/11/2024|S52.501A|S|W19.XXXA|S|I10|S|E66.9|S|J45.909|S|||||||||||||||||||||||||||||||0PSH04Z||||||||||||||||||||||||||||||||||||315|,898|1|Sistema Nacional de Salud|-
220054|HOSPITAL DE BARBASTRO|11058|GRCN600960910018||20/09/1960|2|22417|11/11/2024||21|1|TRA|||||||||||16/11/2024|TRA|TRA|TRA|45128582Y|1|11/11/2024|S42.251A|S|W19.XXXA|S|E78.5|S|||||||||||||||||||||||||||||||||||0RSJXZZ|0PSC04Z|||||||||||||||||||||||||||||||||||315|1,3871|1|Sistema Nacional de Salud|-
220054|HOSPITAL DE BARBASTRO|146617|SRVN720360170016||20/03/1972|2|22400|15/11/2024||27|2|CGD|||||||||||16/11/2024|CGD|CGD|CGD|73210877Z|1|15/11/2024|K40.90|S|I87.2|S|||||||||||||||||||||||||||||||||||||0YU54JZ||||||||||||||||||||||||||||||||||||228|,8181|1|Sistema Nacional de Salud|-
220054|HOSPITAL DE BARBASTRO|193200|AR001552038S||12/10/1971|2|22300|05/11/2024||21|1|CGD|||||||||||17/11/2024|CGD|CGD|CGD|17852991T|4||K80.00|S|I50.9|S|J96.90|S|C79.31|S|C77.8|S|Z85.3|E|Z90.12|E|Z79.69|E|Z79.891|E|||||||||||||||||||||||BF4CZZZ|3E03329|3E0337Z|3E033NZ|3E033GC|3E013GC|||||||||||||||B32SZZZ|B32TZZZ|||||||8500/6||||||||284|1,1556|1|Sistema Nacional de Salud|-
220054|HOSPITAL DE BARBASTRO|27517|SVLH390247910017||07/02/1939|2|22400|09/11/2024||21|1|MIR|||||||||||18/11/2024|MIR|MIR|MIR|18049390W|1||J45.901|S|I48.91|S|I11.0|S|I50.30|S|G31.83|S|F02.80|S|G20|S|I27.81|S|E66.9|S|I87.2|S|M81.0|S|Z91.09|E|E05.90|S|M15.9|S|E53.8|S|||||||||||3E0F7GC|3E0333Z|3E03329|3E0F7SF|4A02X4Z|3E013GC|3E033GC|3E0337Z|||||||||||||||||||||||||||||141|,5604|1|Sistema Nacional de Salud|-
220054|HOSPITAL DE BARBASTRO|212181|||13/03/1987|2|22520|18/11/2024||21|1|OBS|||||||||||19/11/2024|OBS|OBS|OBS|76974873Z|2||O62.3|S|O99.824|S|O34.83|S|N90.812|S|O70.0|N|||||||||||||||||||||||||||||||10E0XZZ|0HQ9XZZ|4A1HXCZ||||||||||||||||||||||||||||||||||566|,2688|1|Sistema Nacional de Salud|-
220054|HOSPITAL DE BARBASTRO|122438|SLCS391022910011||22/10/1939|1|22330|08/11/2024||21|1|MIR|||||||||||19/11/2024|MIR|MIR|MIR|18049390W|1||I50.33|S|N17.9|S|E11.22|S|N18.9|S|D63.1|S|E66.9|S|R54|S|I48.91|S|R79.1|S|Z79.01|E|Z79.4|E|Z99.81|E|Z85.038|E|Z90.49|E|Z88.8|E|Z66|S|Z86.16|E|||||||3E033GC|3E013GC|3E033NZ||||||||||||||||||||||||||||||||||194|,6399|1|Sistema Nacional de Salud|-
220054|HOSPITAL DE BARBASTRO|139762|LZPR801255910014||15/12/1980|2|22440|19/11/2024||27|2|TRA|||||||||||19/11/2024|TRA|TRA|TRA|25196873M|1|19/11/2024|M20.5X2|S|M77.42|S|||||||||||||||||||||||||||||||||||||0QSP04Z|0QSP04Z|0QSN04Z||||||||||||||||||||||||||||||||||314|1,0916|1|Sistema Nacional de Salud|-
220054|HOSPITAL DE BARBASTRO|223681|||18/12/2023|1|22469|18/11/2024||21|1|PED|||||||||||20/11/2024|PED|PED|PED|18036541X|1||R56.00|S|K52.9|S|||||||||||||||||||||||||||||||||||||3E0337Z||||||||||||||||||||||||||||||||||||053|,5154|6|Financiación Mixta|-
220054|HOSPITAL DE BARBASTRO|99407|PLGB370209901014||09/02/1937|1|22300|16/11/2024||21|1|MIR|||||||||||20/11/2024|MIR|MIR|MIR|25195530L|1||J22|S|B97.29|S|I11.0|S|J96.10|S|I50.9|S|E78.5|S|I48.21|S|I35.0|S|E03.9|S|Z95.5|E|Z88.0|E|Z79.01|E|Z79.891|E|||||||||||||||3E0F7GC|3E033GC|3E0F7SF|0T9B70Z|0TPBX0Z|3E0337Z|3E0333Z|3E013GC|||||||||||||||||||||||||||||144|,6508|1|Sistema Nacional de Salud|-
220054|HOSPITAL DE BARBASTRO|152810|TRXX620601642017||01/06/1962|1|22400|04/11/2024||21|1|MIR|||||||||||20/11/2024|MIR|MIR|MIR|18055798Q|4||J44.0|S|J22|S|N17.9|S|I13.0|S|I50.23|S|N18.9|S|J96.02|S|I42.0|S|M79.81|S|E11.40|S|I48.91|S|E03.9|S|E78.5|S|F17.210|S|F10.20|S|Z79.01|E|Z60.2|S|Z95.810|E|Z66|N|Z79.4|E|3E03329|5A09457|3E0F7GC|3E033GC|3E0333Z|3E013GC|3E0337Z||||||||||||||||||||||||||||||140|1,207|1|Sistema Nacional de Salud|-
220054|HOSPITAL DE BARBASTRO|204397|||25/02/1985|1|22400|17/11/2024||21|1|MIV|19/11/2024|CAR|||||||||21/11/2024|CAR|CAR|CAR|73202478X|1||I21.4|S|E66.3|S|E78.5|S|F17.210|S|I25.2|E|Z95.5|E|Z82.49|E|||||||||||||||||||||||||||B246ZZZ|4A02X4Z|3E013GC|4A12X4Z|4A13XB1||||||||||||||||027034Z|B2111ZZ|||||||||||||||190|,6848|1|Sistema Nacional de Salud|-
220054|HOSPITAL DE BARBASTRO|89619|RDJB960966910018||26/09/1996|2|22500|18/11/2024||21|1|OBS|||||||||||21/11/2024|OBS|OBS|OBS|72781954H|1|19/11/2024|O41.1230|S|O34.211|S|O99.824|S|O60.13X0|S|O69.0XX0|N|O90.81|N|Z37.0|E|Z3A.36|E|Z67.40|E|||||||||||||||||||||||10D00Z1|0U7C7ZZ|3E033VJ|10907ZC|4A1HXCZ|3E03329|||||||||||||||||||||||||||||||540|,5712|1|Sistema Nacional de Salud|-
220054|HOSPITAL DE BARBASTRO|80008|80008||17/07/1972|1|22430|20/11/2024||27|2|CGD|||||||||||21/11/2024|CGD|CGD|CGD|18025531V|1|20/11/2024|K43.9|S|E66.9|S|K76.0|S|R73.9|S|D75.89|S|E79.0|S|Z79.84|E|Z87.01|E|||||||||||||||||||||||||0WUF0JZ||||||||||||||||||||||||||||||||||||227|1,0731|1|Sistema Nacional de Salud|-
220054|HOSPITAL DE BARBASTRO|11140|PRGR570407910011||07/04/1957|1|22440|19/11/2024||27|2|URO|||||||||||22/11/2024|URO|URO|URO|Y9933326P|1|20/11/2024|C67.0|S|I10|S|G62.9|S|I73.9|S|E78.5|S|I25.2|E|||||||||||||||||||||||||||||0TBB8ZZ||||||||||||||||||||||||||||8120/3||||||||446|,7682|1|Sistema Nacional de Salud|-
220054|HOSPITAL DE BARBASTRO|187860|||15/02/1946|2|22311|21/11/2024||27|2|CAR|||||||||||22/11/2024|CAR|CAR|CAR|73202478X|1||I48.19|S|I11.0|S|E11.9|S|E78.5|S|E66.9|S|J44.9|S|R91.1|S|G47.33|S|Z86.19|E|Z91.09|E|Z99.89|E|||||||||||||||||||5A2204Z|B246ZZZ|||||||||||||||||||||||||||||||||||201|,4272|1|Sistema Nacional de Salud|-
220054|HOSPITAL DE BARBASTRO|210158|||11/05/1990|2|22430|19/11/2024||21|1|OBS|||||||||||22/11/2024|OBS|OBS|OBS|72781954H|1||O48.0|S|O69.2XX0|N|O72.0|N|Z91.09|E|Z3A.41|E|Z67.10|E|Z37.0|E|||||||||||||||||||||||||||10E0XZZ|3E0R3BZ|10907ZC|4A1HXCZ|10D17Z9||||||||||||||||||||||||||||||||560|,3169|1|Sistema Nacional de Salud|-
220054|HOSPITAL DE BARBASTRO|125191|TLLS480617901012||17/06/1948|1|22300|21/11/2024||27|2|CGD|||||||||||22/11/2024|CGD|CGD|CGD|19005451E|1|21/11/2024|K40.91|S|I10|S|Z85.46|E|Z90.79|E|Z85.820|E|||||||||||||||||||||||||||||||0YU54JZ||||||||||||||||||||||||||||||||||||228|,8181|1|Sistema Nacional de Salud|-
220054|HOSPITAL DE BARBASTRO|225060|||30/04/1944|2|22400|20/11/2024||21|1|CAR|||||||||||22/11/2024|CAR|CAR|CAR|73202478X|1||I48.0|S|I44.0|S|I10|S|E78.5|S|I44.7|S|E03.9|S|M12.30|S|Z79.82|E|||||||||||||||||||||||||4A12X4Z|4A02X4Z|B246ZZZ|3E033RZ|3E033NZ||||||||||||||||||||||||||||||||201|,4272|1|Sistema Nacional de Salud|-
220054|HOSPITAL DE BARBASTRO|42921|BRBD810966910012||26/09/1981|2|22400|18/11/2024||21|1|MIR|||||||||||22/11/2024|MIR|MIR|MIR|18049390W|1||D50.0|S|D25.9|S|||||||||||||||||||||||||||||||||||||BW201ZZ|0DJD8ZZ|4A02X4Z||||||||||||||||||||||||||8895/0||||||||663|,5007|1|Sistema Nacional de Salud|-
220054|HOSPITAL DE BARBASTRO|17951|GDMR380752901019||12/07/1938|2|22534|18/11/2024||21|1|CGD|||||||||||23/11/2024|CGD|CGD|CGD|77133926E|1||E11.621|S|L97.529|S|L03.032|S|E11.22|S|I12.9|S|N18.9|S|I48.91|S|Z79.01|E|E78.5|S|F32.A|S|G40.109|S|Z89.422|E|Z79.4|E|Z79.82|E|||||||||||||3E03329|3E03328|3E033NZ||||||||||||||||||||||||||||||||||380|,6741|1|Sistema Nacional de Salud|-
220054|HOSPITAL DE BARBASTRO|88155|CRLC500863910018||23/08/1950|2|22533|21/11/2024||27|2|GIN|||||||||||23/11/2024|GIN|GIN|GIN|18073112B|1|22/11/2024|N99.3|S|N39.41|S|N36.2|S|I10|S|E89.0|S|||||||||||||||||||||||||||||||0USG0ZZ|0JQC0ZZ|0JQC0ZZ||||||||||||||||||||||||||||||||||514|1,1051|1|Sistema Nacional de Salud|-
220054|HOSPITAL DE BARBASTRO|82770|||25/05/1951|2|22588|22/11/2024||27|2|CGD|||||||||||23/11/2024|CGD|CGD|CGD|73204652E|1|22/11/2024|K81.1|S|I10|S|E11.9|S|E78.5|S|E03.9|S|K44.9|S|||||||||||||||||||||||||||||0FT44ZZ||||||||||||||||||||||||||||||||||||263|,9851|1|Sistema Nacional de Salud|-
220054|HOSPITAL DE BARBASTRO|224720|SLRM880166910012||26/01/1988|2|22300|21/11/2024||21|1|OBS|||||||||||23/11/2024|OBS|OBS|OBS|18073112B|1||O48.0|S|Z3A.40|E|O90.81|N|O69.2XX0|N|O26.893|S|Z88.6|S|Z67.41|S|Z37.0|E|||||||||||||||||||||||||10907ZC|3E0R3BZ|10E0XZZ|4A1HXCZ|3E0234Z|3E033VJ|||||||||||||||||||||||||||||||560|,2876|1|Sistema Nacional de Salud|-
220054|HOSPITAL DE BARBASTRO|8081|LMMR620666916015||26/06/1962|2|22400|18/11/2024||21|1|MIR|19/11/2024|NML|||||||||25/11/2024|NML|NML|NML|18055770B|1||J44.1|S|J98.8|S|J96.22|S|E87.29|S|I50.9|S|F17.210|S|||||||||||||||||||||||||||||3E0333Z|3E0F7GC|3E03329|3E0F7SF|5A09457|3E033NZ|3E033GC|3E013GC|||||||||||||||||||||||||||||140|,7699|1|Sistema Nacional de Salud|-
220054|HOSPITAL DE BARBASTRO|18287|SCTR510750911017||10/07/1951|2|22300|08/11/2024||27|2|MIR|||||||||||25/11/2024|MIR|MIR|MIR|17756249L|1||D64.9|S|R19.5|S|D47.2|S|R33.0|N|T40.415A|N|R11.0|N|T45.4X5A|N|N83.201|S|K44.9|S|K57.30|S|D72.10|S|M48.56XA|S|J44.9|S|K21.9|S|I10|S|E78.5|S|D50.9|S|E79.0|S|E03.9|S|M79.7|S|BW40ZZZ|BW241ZZ|BU4CZZZ|0DJD8ZZ|0DJ08ZZ|4A02X4Z|2W35X3Z|3E033GC|30233N1||||||||||||||||||||9765/1||||||||663|,643|1|Sistema Nacional de Salud|-
220054|HOSPITAL DE BARBASTRO|20610|GLCR580160910018||20/01/1958|2|22400|19/11/2024||27|2|TRA|||||||||||26/11/2024|TRA|TRA|TRA|Z2347614D|1|20/11/2024|M16.12|S|E03.9|S|E21.3|S|Z88.0|E|||||||||||||||||||||||||||||||||0SRB0JA||||||||||||||||||||||||||||||||||||324|1,2616|1|Sistema Nacional de Salud|-
220054|HOSPITAL DE BARBASTRO|98392|GSSR761209901010||09/12/1976|1|22400|25/11/2024||27|2|ORL|||||||||||26/11/2024|ORL|ORL|ORL|26283260X|1|25/11/2024|R93.89|S|||||||||||||||||||||||||||||||||||||||09BN8ZX||||||||||||||||||||||||||||||||||||501|,4581|1|Sistema Nacional de Salud|-
220054|HOSPITAL DE BARBASTRO|88226|DRMG730349910019||09/03/1973|2|22580|26/11/2024||21|1|GIN|||||||||||26/11/2024|GIN|GIN|GIN|47919222X|1||N95.0|S|J45.909|S|||||||||||||||||||||||||||||||||||||0UDB7ZX||||||||||||||||||||||||||||||||||||517|,659|1|Sistema Nacional de Salud|-
220054|HOSPITAL DE BARBASTRO|73409|PRPR490905910011||05/09/1949|1|22400|21/11/2024||21|1|MIR|||||||||||27/11/2024|MIR|MIR|MIR|17756249L|1||J18.9|S|J96.01|S|D64.9|S|I10|S|E78.5|S|E03.9|S|E11.9|S|E79.0|S|G31.84|S|C79.31|S|Z85.818|E|Z86.73|E|Z87.01|E|Z79.84|E|||||||||||||3E03329|3E0F7GC|3E0F7SF|3E033NZ|3E0337Z|3E033GC|3E013GC||||||||||||||||||||||8010/6||||||||139|,85|1|Sistema Nacional de Salud|-
220054|HOSPITAL DE BARBASTRO|159114|OLRE 0 630424 00||24/04/1963|1|22436|22/11/2024||21|1|MIV|26/11/2024|CAR|||||||||28/11/2024|CAR|CAR|CAR|73005036T|1||I21.19|S|I25.10|S|I25.82|S|I97.89|N|I21.A9|N|Y84.0|N|I10|S|E79.0|S|Z87.891|E|||||||||||||||||||||||B246ZZZ|4A02X4Z|3E033GC|3E033NZ|4A13XB1|4A12X4Z|||||||||||||||027034Z|B2111ZZ|||||||||||||||190|,7973|1|Sistema Nacional de Salud|-
220054|HOSPITAL DE BARBASTRO|222028|||31/12/1939|2|22400|20/11/2024||21|1|TRA|||||||||||28/11/2024|TRA|TRA|TRA|Y2004544Q|1|22/11/2024|S72.011A|S|W19.XXXA|S|I10|S|Z85.820|E|Z94.7|E|Z79.82|E|||||||||||||||||||||||||||||0SRR0J9||||||||||||||||||||||||||||||||||||323|1,4375|1|Sistema Nacional de Salud|-
220054|HOSPITAL DE BARBASTRO|208287|||07/12/1997|2|22400|27/11/2024||27|2|NEF|||||||||||28/11/2024|NEF|NEF|NEF|73018568P|1||T82.858A|S|T86.11|S|N05.9|S|T86.12|S|Z99.2|E|N18.6|S|H35.039|S|D69.6|S|Q61.4|E|Z79.621|E|Z79.52|E|||||||||||||||||||4A02X4Z||||||||||||||||||||||||||||||||||||206|1,098|1|Sistema Nacional de Salud|-
220054|HOSPITAL DE BARBASTRO|129750|CLLP370705910013||05/07/1937|1|22533|25/11/2024||21|1|NRL|||||||||||29/11/2024|NRL|NRL|NRL|72971573W|1||I63.522|S|R47.01|S|G81.91|S|H53.461|S|R29.715|S|I35.1|S|F03.90|S|Z59.3|E|Z88.8|E|Z91.013|E|||||||||||||||||||||B020ZZZ|B246ZZZ|4A12X4Z|3E013GC|3E0337Z||||||||||||||||||||||||||||||||045|,8638|1|Sistema Nacional de Salud|-
220054|HOSPITAL DE BARBASTRO|43586|CSDS430624910016||24/06/1943|1|22300|25/11/2024||21|1|MIR|26/11/2024|NML|||||||||29/11/2024|NML|NML|NML|18056444H|1||J13|S|G20|S|G31.84|S|I10|S|M35.3|S|M06.9|S|E78.5|S|E03.9|S|N40.0|S|M81.0|S|Z87.891|E|||||||||||||||||||3E03329|3E0F7SF|||||||||||||||||||||||||||||||||||139|,4269|1|Sistema Nacional de Salud|-
220054|HOSPITAL DE BARBASTRO|47055|LSBR650913910011||13/09/1965|1|22400|18/11/2024||27|2|MIR|||||||||||29/11/2024|MIR|MIR|MIR|72987424Y|1||B20|S|G94|S|G31.84|S|I10|S|I70.91|S|F10.20|S|F11.21|S|F17.210|S|F12.90|S|F60.9|S|K74.60|S|J43.9|S|A63.0|S|Z79.899|E|Z91.199|E|Z59.02|E|Z73.89|E|Z91.51|E|Z91.81|E|Z86.19|E|BW24ZZZ|B020ZZZ|||||||||||||||||||||||||||||||||||892|,7415|1|Sistema Nacional de Salud|-
220054|HOSPITAL DE BARBASTRO|89975|PQMR370454910012||14/04/1937|2|22500|20/11/2024||21|1|MIR|||||||||||29/11/2024|MIR|MIR|MIR|17756249L|1||J18.9|S|J96.22|S|I13.0|S|I50.33|S|N18.30|S|N17.9|S|E86.0|S|E87.0|S|E53.8|S|E11.22|S|E11.42|S|E78.5|S|G20|S|F02.80|S|R13.19|S|G25.81|S|E21.3|S|I45.10|S|F41.8|S|K44.9|S|3E03329|3E0F7GC|3E033GC|3E0333Z|3E0337Z|3E013VG|3E013GC|3E0F7SF|||||||||||||||||||||||||||||139|1,3566|1|Sistema Nacional de Salud|-
220054|HOSPITAL DE BARBASTRO|223101|||31/12/1993|2|22500|28/11/2024||21|1|OBS|||||||||||30/11/2024|OBS|OBS|OBS|73003838K|1||O48.0|S|O34.83|S|N90.812|S|O90.81|N|Z3A.40|E|Z37.0|E|Z67.20|E|Z86.13|E|Z86.19|E|||||||||||||||||||||||10E0XZZ|4A1HXCZ|||||||||||||||||||||||||||||||||||560|,2876|1|Sistema Nacional de Salud|-
220054|HOSPITAL DE BARBASTRO|114445|MLLP660161910010||21/01/1966|2|22590|28/11/2024||27|2|CGD|||||||||||30/11/2024|CGD|CGD|CGD|73204652E|1|28/11/2024|K80.10|S|I10|S|||||||||||||||||||||||||||||||||||||0FT44ZZ||||||||||||||||||||||||||||||||||||263|,9851|1|Sistema Nacional de Salud|-
220054|HOSPITAL DE BARBASTRO|69023|GBGB541218910015||18/12/1954|1|22400|27/11/2024||21|1|URO|||||||||||30/11/2024|URO|URO|URO|Y9933326P|1|27/11/2024|N20.1|S|I10|S|G47.33|S|Z99.89|E|||||||||||||||||||||||||||||||||0T9480Z|BT4JZZZ|3E03329||||||||||||||||||||||||||||||||||443|1,0933|1|Sistema Nacional de Salud|-
220054|HOSPITAL DE BARBASTRO|1186|BRLL350117901011||17/01/1935|1|22300|26/11/2024||27|2|URO|||||||||||01/12/2024|URO|URO|URO|Y9933326P|1|27/11/2024|N40.1|S|I10|S|Z95.0|E|||||||||||||||||||||||||||||||||||0VB08ZZ||||||||||||||||||||||||||||||||||||482|,7238|1|Sistema Nacional de Salud|-
220054|HOSPITAL DE BARBASTRO|6038|SNPY470227910012||27/02/1947|1|22300|20/11/2024||21|1|TRA|||||||||||02/12/2024|TRA|TRA|TRA|Z2347614D|5|25/11/2024|S72.012A|S|W19.XXXA|E|I12.9|S|N18.32|S|K44.9|S|G40.909|S|Z86.711|E|Z91.09|E|||||||||||||||||||||||||0SRS039|3E013GC|3E033GC|3E033VJ|30233N1|3E033NZ|3E0337Z||||||||||||||||||||||||||||||323|1,4375|1|Sistema Nacional de Salud|-
220054|HOSPITAL DE BARBASTRO|224855|||05/08/1970|1|22512|28/11/2024||21|1|CGD|||||||||||03/12/2024|CGD|CGD|CGD|17852991T|1||K57.32|S|E78.1|S|Z88.6|E|Z88.8|E|||||||||||||||||||||||||||||||||BW24ZZZ|3E03329|3E033NZ|3E0337Z|3E013GC||||||||||||||||||||||||||||||||244|,4809|1|Sistema Nacional de Salud|-
220054|HOSPITAL DE BARBASTRO|70967|PRVL560366076013||26/03/1956|2|22311|27/11/2024||27|2|CGD|||||||||||03/12/2024|CGD|CGD|CGD|18045029B|1|28/11/2024|K43.2|S|I10|S|E66.9|S|E21.3|S|F17.210|S|||||||||||||||||||||||||||||||0WUF4JZ||||||||||||||||||||||||||||||||||||227|1,0731|1|Sistema Nacional de Salud|-
220054|HOSPITAL DE BARBASTRO|138774|WGXX820356270012||16/03/1982|2|22400|28/11/2024||27|2|GIN|||||||||||03/12/2024|GIN|GIN|GIN|72781954H|1|29/11/2024|D25.9|S|R03.0|N|||||||||||||||||||||||||||||||||||||0UT94ZZ|0UT74ZZ|||||||||||||||||||||||||||8890/0||||||||519|,7015|1|Sistema Nacional de Salud|-
220054|HOSPITAL DE BARBASTRO|61866|SPRG441109910011||09/11/1944|1|22430|27/11/2024||21|1|MIR|28/11/2024|NML|||||||||03/12/2024|NML|NML|NML|18056444H|1||J18.9|S|D69.6|S|N17.9|S|E11.22|S|N18.9|S|C84.00|S|I48.91|S|I07.1|S|I27.20|S|D50.9|S|E04.2|S|E03.9|S|E78.5|S|N40.0|S|Z79.01|E|Z79.4|E|Z79.84|E|||||||3E03329||||||||||||||||||||||||||||9700/3||||||||139|,85|1|Sistema Nacional de Salud|-
220054|HOSPITAL DE BARBASTRO|72387|ZRMR930816901017||16/08/1993|1|22558|29/11/2024||21|1|CGD|||||||||||04/12/2024|CGD|CGD|CGD|73021831M|1||J93.83|S|F17.210|S|||||||||||||||||||||||||||||||||||||0W9B30Z|0WPBX0Z|3E033NZ||||||||||||||||||||||||||||||||||143|,4727|1|Sistema Nacional de Salud|-
220054|HOSPITAL DE BARBASTRO|13236|AR700720548N||10/11/1954|1|22400|03/12/2024||27|2|CGD|||||||||||04/12/2024|CGD|CGD|CGD|73021831M|1|03/12/2024|K42.9|S|J44.9|S|I10|S|E78.5|S|F32.A|S|L40.9|S|||||||||||||||||||||||||||||0WUF0JZ||||||||||||||||||||||||||||||||||||228|,8181|1|Sistema Nacional de Salud|-
220054|HOSPITAL DE BARBASTRO|95440|SLTR440558910013||18/05/1944|2|22550|20/11/2024||21|1|MIR|||||||||||04/12/2024|MIR|MIR|MIR|17756249L|1||K91.840|S|Y84.8|S|D49.0|S|E27.9|S|I10|S|E78.5|S|E11.319|S|Z79.4|E|D50.9|S|E55.9|S|K57.30|S|K64.4|S|||||||||||||||||BW241ZZ|3E0337Z|3E033GC|3E033NZ|3E013GC||||||||||||||||CW3NYZZ||||||||8000/1||||||||810|,6705|1|Sistema Nacional de Salud|-
220054|HOSPITAL DE BARBASTRO|21516|SCQS470360901014||20/03/1947|2|22513|20/11/2024||21|1|MIR|||||||||||04/12/2024|MIR|MIR|MIR|17202610J|1||L03.115|S|B96.5|S|L97.919|S|I87.2|S|G89.29|S|E53.8|S|E61.1|S|I10|S|E11.51|S|I70.203|S|E11.42|S|G60.8|S|E78.5|S|R76.0|S|N81.4|S|N81.6|S|M17.0|S|||||||3E03329|3E0333Z|3E013GC||||||||||||||||||BR37ZZZ|BR39ZZZ|||||||||||||||383|,5698|1|Sistema Nacional de Salud|-
220054|HOSPITAL DE BARBASTRO|78564|SNRC770758910017||18/07/1977|2|22533|02/12/2024||21|1|MIR|||||||||||04/12/2024|MIR|MIR|MIR|25195530L|2||T81.42XA|S|G06.0|S|Y83.8|S|C71.8|S|Z79.52|E|Z92.3|E|Z92.21|E|||||||||||||||||||||||||||3E03329|B020ZZZ|||||||||||||||||||B030YZZ||||||||9400/3||||||||721|1,2369|1|Sistema Nacional de Salud|-
220054|HOSPITAL DE BARBASTRO|226979|||17/09/1954|1|22580|29/11/2024||21|1|NRL|||||||||||05/12/2024|NRL|NRL|NRL|72993238R|1||I61.0|S|R27.8|S|I10|S|E78.5|S|E11.9|S|Z79.84|E|||||||||||||||||||||||||||||B020ZZZ|B020ZZZ|B020ZZZ|3E013VG|3E0337Z||||||||||||||||||||||||||||||||044|,7642|1|Sistema Nacional de Salud|-
220054|HOSPITAL DE BARBASTRO|31607|MRRD560356901010||16/03/1956|2|22300|22/11/2024||21|1|MIR|25/11/2024|NML|||||||||05/12/2024|NML|NML|NML|18055770B|1||J47.1|S|K76.0|S|R49.1|S|E78.5|S|I87.2|S|G31.84|S|Z87.891|E|M81.0|S|F32.A|S|M47.816|S|R32|S|Z86.19|E|||||||||||||||||BW40ZZZ|BW24ZZZ|3E03329|3E0F7GC|3E0333Z|3E013GC|3E0F7SF|3E013VG|||||||||||||||||||||||||||||140|,6174|1|Sistema Nacional de Salud|-
220054|HOSPITAL DE BARBASTRO|147641|MRSL410617910016||17/06/1941|1|22535|27/11/2024||21|1|MIR|||||||||||05/12/2024|MIR|MIR|MIR|17702334Q|1||I11.0|S|I50.22|S|I48.21|S|J44.1|S|R45.1|S|E78.5|S|E11.9|S|N40.0|S|Z79.84|E|||||||||||||||||||||||4A02X4Z|B246ZZZ|3E033GC|3E0F7GC|3E0333Z|3E013VG|3E013GC|3E0F7SF|||||||||||||||||||||||||||||194|,6399|1|Sistema Nacional de Salud|-
220054|HOSPITAL DE BARBASTRO|123979|MLGR280161910016||21/01/1928|2|22300|27/11/2024||21|1|TRA|||||||||||05/12/2024|TRA|TRA|TRA|Z2347614D|1||M84.451A|S|K52.9|N|F20.0|S|K29.40|S|H25.9|S|I11.0|S|I50.9|S|D53.1|S|F05|S|Z22.322|E|Z79.82|E|Z59.3|E|Z74.09|S|||||||||||||||3E033NZ|3E0337Z|3E033GC|3E013GC|||||||||||||||||||||||||||||||||340|,5294|1|Sistema Nacional de Salud|-
220054|HOSPITAL DE BARBASTRO|40912|CLLJ490514904019||14/05/1949|1|22580|05/12/2024||27|2|CGD|||||||||||06/12/2024|CGD|CGD|CGD|72889973Y|1|05/12/2024|K40.90|S|K42.9|S|I10|S|J45.909|S|Z87.891|E|||||||||||||||||||||||||||||||0YU64JZ|0WQF0ZZ|||||||||||||||||||||||||||||||||||227|1,0731|1|Sistema Nacional de Salud|-
220054|HOSPITAL DE BARBASTRO|6994|ZNPY661110910012||10/11/1966|1|22400|01/12/2024||21|1|URO|||||||||||06/12/2024|URO|URO|URO|Y9933326P|1|01/12/2024|C67.0|S|N17.0|S|N13.39|S|J43.9|S|F17.210|S|F10.20|S|||||||||||||||||||||||||||||0TBB8ZZ|0T9480Z|0T9330Z|BT41ZZZ|BW20ZZZ|3E0437Z|3E033NZ|3E033GC|3E013GC|3E0F7GC|||||||||||||||||||8120/3||||||||442|2,3124|1|Sistema Nacional de Salud|-
220054|HOSPITAL DE BARBASTRO|227032|||20/06/2000|2|22300|05/12/2024||21|1|MIR|||||||||||07/12/2024|MIR|MIR|MIR|18049390W|1||B27.00|S|Z91.09|E|||||||||||||||||||||||||||||||||||||3E0337Z|3E0333Z|||||||||||||||||||||||||||||||||||723|,3666|1|Sistema Nacional de Salud|-
220054|HOSPITAL DE BARBASTRO|157323|CLCS571157910015||17/11/1957|2|22430|04/12/2024||21|1|CGD|||||||||||08/12/2024|CGD|CGD|CGD|72889973Y|1||K56.50|S|E06.3|S|E03.8|S|K52.0|S|Y84.2|S|Z85.42|E|Z90.710|E|Z92.21|E|||||||||||||||||||||||||BW201ZZ|3E0DXGC|0D9670Z|3E0337Z|3E033NZ||||||||||||||||||||||||||||||||247|,598|1|Sistema Nacional de Salud|-
220054|HOSPITAL DE BARBASTRO|43524|RPMZ720254910015||14/02/1972|2|22400|05/12/2024||27|2|GIN|||||||||||09/12/2024|GIN|GIN|GIN|73003838K|1|05/12/2024|D25.2|S|N80.102|S|Z80.3|E|Z88.6|E|||||||||||||||||||||||||||||||||0UT90ZZ|0UT20ZZ|0UT70ZZ||||||||||||||||||||||||||8895/0||||||||519|,7015|1|Sistema Nacional de Salud|-
220054|HOSPITAL DE BARBASTRO|227037|||06/12/2024|2|22400|07/12/2024||24|1|PED|||||||||||09/12/2024|PED|PED|PED|18025482Z|1||P70.1|S|||||||||||||||||||||||||||||||||||||||3E0337Z||||||||||||||||||||||||||||||||||||640|,1536|1|Sistema Nacional de Salud|-
220054|HOSPITAL DE BARBASTRO|213497|MOSA 1060228004||28/02/2006|2|22300|27/11/2024||30|1|CGD|||||||||||10/12/2024|CGD|CGD|CGD|77133926E|1|29/11/2024|K50.013|S|K50.014|S|T81.49XA|N|B95.2|N|Z16.11|N|Y83.6|N|L71.9|S|Z79.1|E|Z88.0|E|||||||||||||||||||||||0DBB4ZZ|0DTF4ZZ|BW201ZZ||||||||||||||||||||||||||||||||||230|1,2548|1|Sistema Nacional de Salud|-
220054|HOSPITAL DE BARBASTRO|69369|SRRG321148910014||08/11/1932|2|22500|06/12/2024||21|1|MIR|||||||||||10/12/2024|MIR|MIR|MIR|17202610J|1||G45.9|S|R56.9|S|B37.0|S|F05|N|G47.00|N|I35.1|S|I51.7|S|E78.5|S|E03.8|S|E04.2|S|M81.0|S|F09|S|Z85.3|E|Z79.82|E|||||||||||||B020ZZZ|4A02X4Z|3E033NZ|3E0337Z|3E033GC|3E03329|||||||||||||||||||||||||||||||047|,6778|1|Sistema Nacional de Salud|-
220054|HOSPITAL DE BARBASTRO|167328|ZSXX550159032012||19/01/1955|2|22300|02/12/2024||21|1|MIR|03/12/2024|NML|||||||||10/12/2024|NML|NML|NML|07267217E|1||J43.9|S|J22|S|J96.91|S|E66.9|S|I34.1|S|F17.210|S|D72.820|S|E78.5|S|M79.7|S|Z88.6|E|Z88.1|E|||||||||||||||||||3E03329|3E0333Z|3E0F7GC|3E0F7SF|3E0337Z||||||||||||||||||||||||||||||||140|,7699|1|Sistema Nacional de Salud|-
220054|HOSPITAL DE BARBASTRO|15358|VLVS861156910012||16/11/1986|2|22367|10/12/2024||21|1|OBS|||||||||||11/12/2024|OBS|OBS|OBS|47919222X|2||O14.13|S|O30.043|S|O99.283|S|E03.9|S|Z3A.35|E|Z67.40|E|||||||||||||||||||||||||||||4A13XB1|BY4GZZZ|||||||||||||||||||||||||||||||||||566|,3467|1|Sistema Nacional de Salud|-
220054|HOSPITAL DE BARBASTRO|165364|LNMX510322904018||22/03/1951|1|22583|14/11/2024||21|1|TRA|||||||||||11/12/2024|TRA|TRA|TRA|Z2347614D|1|25/11/2024|T84.53XA|S|B96.89|S|E11.9|S|E78.00|S|Z88.8|E|||||||||||||||||||||||||||||||0S9C0ZX|0SBC0ZZ|3E1U38Z|3E03329|3E03328||||||||||||||||||||||||||||||||313|1,5233|1|Sistema Nacional de Salud|-
220054|HOSPITAL DE BARBASTRO|12349|BSRS620728910013||28/07/1962|1|22500|10/12/2024||21|1|MIV|11/12/2024|CAR|||||||||12/12/2024|CAR|CAR|CAR|Y6058219X|1||I47.1|S|I24.9|S|R03.0|S|E79.0|S|K44.9|S|N40.0|S|Z87.891|E|||||||||||||||||||||||||||B246ZZZ|4A02X4Z|||||||||||||||||||||||||||||||||||201|,5604|1|Sistema Nacional de Salud|-
220054|HOSPITAL DE BARBASTRO|73585|CSQN440619910016||19/06/1944|1|22500|26/11/2024||21|1|MIR|27/11/2024|CAR|||||||||12/12/2024|CAR|CAR|CAR|Y6058219X|5||I11.0|S|I50.33|S|I48.21|S|S72.112A|S|M97.02XA|S|W19.XXXA|S|E11.319|S|E11.51|S|E78.5|S|E61.1|S|Z95.5|E|D64.9|S|M51.26|S|Z90.49|E|Z96.643|S|Z89.421|E|Z89.422|E|Z79.84|E|||||4A02X4Z|B246ZZZ|3E033GC|3E0333Z|3E0F7GC|3E033NZ|3E0337Z|3E013VG|||||||||||||||||||||||||||||194|,9142|1|Sistema Nacional de Salud|-
220054|HOSPITAL DE BARBASTRO|35098|FRND331222910018||22/12/1933|1|22500|30/11/2024||21|1|MIR|||||||||||12/12/2024|MIR|MIR|MIR|25195530L|1||R29.6|S|T79.6XXA|S|W19.XXXA|S|N17.9|S|F05|S|I11.0|S|I50.9|S|E11.9|S|E78.5|S|G21.4|S|G31.84|S|I25.2|E|Z95.5|E|I82.512|S|I82.532|S|Z79.01|E|Z79.4|E|Z79.84|E|||||B020ZZZ|4A02X4Z|3E0337Z|3E03329|3E013GC|3E033GC|3E033NZ||||||||||||||||||||||||||||||058|,7111|1|Sistema Nacional de Salud|-
220054|HOSPITAL DE BARBASTRO|148176|BRPN530224910013||24/02/1953|1|22530|10/12/2024||27|2|URO|||||||||||12/12/2024|URO|URO|URO|Y9933326P|1|10/12/2024|D09.0|S|C16.0|S|C78.7|S|J44.9|S|E78.1|S|F17.210|S|||||||||||||||||||||||||||||0TBB8ZZ||||||||||||||||||||||||||||8130/2|8000/6|8000/3||||||446|,7682|1|Sistema Nacional de Salud|-
220054|HOSPITAL DE BARBASTRO|43170|FRLM530450910011||10/04/1953|2|22400|11/12/2024||27|2|CGD|||||||||||12/12/2024|CGD|CGD|CGD|72889973Y|1|11/12/2024|K42.9|S|I10|S|E78.5|S|Z88.8|E|Z88.1|E|||||||||||||||||||||||||||||||0WQF0ZZ||||||||||||||||||||||||||||||||||||228|,8181|1|Sistema Nacional de Salud|-
220054|HOSPITAL DE BARBASTRO|31311|RDGN681256910022||16/12/1968|2|22500|11/12/2024||27|2|TRA|||||||||||13/12/2024|TRA|TRA|TRA|Z2347614D|1|12/12/2024|M18.11|S|G43.909|S|J30.9|S|||||||||||||||||||||||||||||||||||0RRS0JZ||||||||||||||||||||||||||||||||||||316|,8026|1|Sistema Nacional de Salud|-
220054|HOSPITAL DE BARBASTRO|160262|NSVL521003910017||03/10/1952|1|22313|30/11/2024||21|1|MIR|||||||||||13/12/2024|MIR|MIR|MIR|18052661F|1||I11.0|S|I50.33|S|J96.91|S|J44.9|S|I27.23|S|G47.33|S|I27.22|S|I48.21|S|E78.5|S|C83.19|S|Z87.891|E|Z79.01|E|Z99.89|E|||||||||||||||4A02X4Z|3E033GC|3E0F7GC|3E0337Z|3E0F7SF||||||||||||||||||||||||9673/3||||||||194|,9142|1|Sistema Nacional de Salud|-
220054|HOSPITAL DE BARBASTRO|148473|TNNM060360910012||20/03/2006|2|22500|11/12/2024||21|1|MIR|||||||||||13/12/2024|MIR|MIR|MIR|17202610J|1||J00|S|B34.9|S|G40.822|S|P91.60|S|G80.0|S|F79|S|R32|S|R15.9|S|Z99.3|E|||||||||||||||||||||||3E03329|3E033NZ|3E033GC||||||||||||||||||||||||||||||||||113|,4794|1|Sistema Nacional de Salud|-
220054|HOSPITAL DE BARBASTRO|209009|||30/07/1975|1|22400|09/12/2024||27|2|CGD|||||||||||14/12/2024|CGD|CGD|CGD|19005451E|1|10/12/2024|K57.32|S|K63.2|S|E79.0|S|M47.816|S|F41.9|S|Z90.49|E|||||||||||||||||||||||||||||0DTN4ZZ||||||||||||||||||||||||||||||||||||231|1,6606|1|Sistema Nacional de Salud|-
220054|HOSPITAL DE BARBASTRO|141766|FRRX550911910010||11/09/1955|1|22400|11/12/2024||27|2|CGD|||||||||||15/12/2024|CGD|CGD|CGD|50883390F|1|12/12/2024|K44.9|S|I10|S|G47.33|S|E78.5|S|I25.2|E|F17.210|S|Z99.89|E|||||||||||||||||||||||||||0DV44ZZ|0BQT4ZZ|0BQT4ZZ||||||||||||||||||||||||||||||||||220|1,2909|1|Sistema Nacional de Salud|-
220054|HOSPITAL DE BARBASTRO|60796|BRPN920242910014||02/02/1992|2|22500|12/12/2024||27|1|OBS|||||||||||15/12/2024|OBS|OBS|OBS|76974873Z|1||O48.0|S|Z3A.40|E|O99.824|S|O69.82X0|S|O99.72|S|L30.1|S|O70.0|N|O90.81|N|Z67.10|E|Z37.0|E|||||||||||||||||||||10E0XZZ|3E0P7VZ|0UQMXZZ|10907ZC|3E0R3BZ|4A1HXCZ|3E03329||||||||||||||||||||||||||||||560|,2876|1|Sistema Nacional de Salud|-
220054|HOSPITAL DE BARBASTRO|108183|BRSN951007910015||07/10/1995|1|22400|12/12/2024||21|1|CGD|||||||||||16/12/2024|CGD|CGD|CGD|73021831M|1|12/12/2024|K35.31|S|R78.81|S|B96.1|S|Z16.11|S|||||||||||||||||||||||||||||||||0DTJ4ZZ|BW40ZZZ|3E03329|3E033NZ|3E0337Z||||||||||||||||||||||||||||||||233|1,2401|1|Sistema Nacional de Salud|-
220054|HOSPITAL DE BARBASTRO|71933|GLLN650117910019||17/01/1965|1|22500|11/12/2024||21|1|CGD|||||||||||16/12/2024|CGD|CGD|CGD|73021831M|1|12/12/2024|K80.00|S|K42.9|S|E78.5|S|I10|S|||||||||||||||||||||||||||||||||0FT44ZZ|0WQF3ZZ|BW40ZZZ|3E03329|||||||||||||||||||||||||||||||||263|,9851|1|Sistema Nacional de Salud|-
220054|HOSPITAL DE BARBASTRO|13840|BDNV361169910011||29/11/1936|2|22580|10/11/2024||21|1|TRA|25/11/2024|GRT|||||||||16/12/2024|GRT|GRT|GERIATRIA|72000771F|1|12/11/2024|S72.102A|S|W19.XXXA|S|I11.0|S|I50.9|N|J98.8|N|E87.1|N|E46|S|K59.00|S|D64.9|S|E55.9|S|E66.9|S|K58.9|S|E06.3|S|E03.8|S|||||||||||||0QS736Z|3E013GC|3E033NZ|3E0337Z|3E013VG|3E033GC|F07L6ZZ|F07Z9ZZ|||||||||||||||||||||||||||||308|1,4102|1|Sistema Nacional de Salud|-
220054|HOSPITAL DE BARBASTRO|213705|BRSR601011910016||11/10/1960|1|22500|06/12/2024||21|1|CGD|||||||||||17/12/2024|CGD|CGD|CGD|73204652E|1|06/12/2024|C18.7|S|C78.4|S|T81.32XA|N|Y83.3|N|C78.7|S|C78.6|S|C77.5|S|E11.9|S|Z87.891|E|Z79.631|E|Z79.620|E|||||||||||||||||||0D1B0Z4|0WUF0JZ|BW20ZZZ|3E03329|3E0337Z|3E013VG|3E033NZ|3E013GC|3E033GC||||||||||||||||||||8140/3|8140/6|||||||230|1,7507|1|Sistema Nacional de Salud|-
220054|HOSPITAL DE BARBASTRO|128734|ZDXX541007504014||07/10/1954|1|22400|06/12/2024||21|1|TRA|||||||||||17/12/2024|TRA|TRA|TRA|50873405G|1|06/12/2024|M00.861|S|I10|S|L40.9|S|I11.9|S|||||||||||||||||||||||||||||||||3E1U48Z|0S9C3ZZ|0S9C3ZX|3E03329|3E033NZ|3E033GC|3E0337Z|3E013GC|||||||||||||||||||||||||||||344|,6726|1|Sistema Nacional de Salud|-
220054|HOSPITAL DE BARBASTRO|43641|MRML350316910016||16/03/1935|1|22300|08/12/2024||21|1|MIR|10/12/2024|NRL|||||||||17/12/2024|NRL|NRL|NRL|72971573W|1||A41.9|S|N39.0|S|F05|S|F09|S|E11.9|S|I10|S|Z79.01|E|Q21.12|E|Z79.4|E|Z86.73|E|I95.2|N|T50.905A|N|||||||||||||||||B020ZZZ|3E03329|3E033NZ|3E013GC|3E0337Z||||||||||||||||||||||||||||||||720|,7111|1|Sistema Nacional de Salud|-
220054|HOSPITAL DE BARBASTRO|27591|LPRB370113904019||13/01/1937|1|22300|11/11/2024||21|1|MIR|||||||||||17/12/2024|MIR|MIR|MIR|18052661F|1||A41.9|S|J98.8|S|J96.90|S|J44.9|S|N17.9|S|N18.32|S|D45|S|G30.9|S|F02.80|S|R13.10|S|F32.A|S|M81.0|S|Z99.81|E|Z59.3|E|Z86.16|E|Z87.01|E|Z79.01|E|||||||3E03329|3E0F7GC|3E0333Z|3E0F7SF|4A02X4Z||||||||||||||||||||||||9950/3||||||||720|1,0915|1|Sistema Nacional de Salud|-
220054|HOSPITAL DE BARBASTRO|10192|SLRN271261910016||21/12/1927|2|22300|12/12/2024||21|1|MIR|||||||||||17/12/2024|MIR|MIR|MIR|18049390W|1||I13.0|S|I50.9|S|N17.9|S|N18.9|S|E66.3|S|M81.0|S|F43.23|S|Z59.3|E|||||||||||||||||||||||||4A02X4Z|3E033GC|3E0333Z|3E0F7GC|||||||||||||||||||||||||||||||||194|,6399|1|Sistema Nacional de Salud|-
220054|HOSPITAL DE BARBASTRO|163954|STXX960456642012||16/04/1996|2|22520|15/12/2024||21|1|OBS|||||||||||17/12/2024|OBS|OBS|OBS|72781954H|1||O41.03X0|S|O99.844|S|O90.81|N|Z3A.39|E|Z37.0|E|Z67.20|E|||||||||||||||||||||||||||||10E0XZZ|3E0R3BZ|3E033VJ|4A1HXCZ|||||||||||||||||||||||||||||||||560|,2876|1|Sistema Nacional de Salud|-
220054|HOSPITAL DE BARBASTRO|60789|TRMT640809910010||09/08/1964|1|22300|16/12/2024||21|1|CGD|||||||||||18/12/2024|CGD|CGD|CGD|17852991T|1|16/12/2024|K42.0|S|||||||||||||||||||||||||||||||||||||||0WUF0JZ|3E033NZ|3E0337Z||||||||||||||||||||||||||||||||||228|,8181|4|Mutualidades Públicas|-
220054|HOSPITAL DE BARBASTRO|37030|VLRT320742913014||02/07/1932|2|22400|13/12/2024||21|1|MIR|||||||||||18/12/2024|MIR|MIR|MIR|17702334Q|1||A41.9|S|A09|S|N17.9|S|E86.0|S|E87.0|S|R40.2113|S|R40.2213|S|R40.2313|S|I10|S|I48.20|S|E11.9|S|I69.354|E|Z22.322|E|Z59.3|E|Z87.440|E|Z79.82|E|Z79.4|E|||||||3E03329|B020ZZZ|4A02X4Z|3E0337Z|3E013GC|3E033GC|||||||||||||||||||||||||||||||720|2,0958|1|Sistema Nacional de Salud|-
220054|HOSPITAL DE BARBASTRO|23854|CPGM711117901017||17/11/1971|1|22560|13/12/2024||21|1|MIV|||||||||||19/12/2024|MIV|MIV|MIV|18037519E|2||T17.918A|S|I46.8|S|G93.1|S|N28.0|S|R40.2113|S|R40.2213|S|R40.2313|S|I11.0|S|I50.9|S|I48.91|S|I45.10|S|E87.1|S|T85.528A|N|Y84.5|N|E11.9|S|||||||||||5A12012|5A19054|5A1955Z|0BH17EZ|3E04329|3E0437Z|0DH67UZ|0DW6XUZ|3E0G76Z|3E043NZ|4A10X4Z|4A12X4Z|3E013GC|4A13XR1|0T9B70Z|B020ZZZ|3E043XZ|B246ZZZ|3E043GC|3E0F7GC|4A00X4Z|F01Z9JZ|B020ZZZ||||||||||||||130|5,2621|1|Sistema Nacional de Salud|-
220054|HOSPITAL DE BARBASTRO|79611|BRSR710404910010||04/04/1971|1|22310|15/12/2024||21|1|MIR|||||||||||19/12/2024|MIR|MIR|MIR|18049390W|1||J18.9|S|E11.9|S|E66.01|S|F17.210|S|Z79.84|E|Z79.4|E|||||||||||||||||||||||||||||3E03329|3E0333Z|||||||||||||||||||||||||||||||||||139|,4269|1|Sistema Nacional de Salud|-
220054|HOSPITAL DE BARBASTRO|98196|BLCS341161910019||21/11/1934|2|22450|11/12/2024||21|1|MIR|12/12/2024|GRT|||||||||19/12/2024|GRT|GRT|GERIATRIA|18047202E|4||J98.8|S|I13.0|S|I50.9|S|E11.22|S|J96.90|S|N18.32|S|Z86.73|E|Z59.3|E|E03.9|S|Z79.84|E|||||||||||||||||||||3E03329|3E0F7SF|3E013VG|3E013GC|3E033NZ|3E033GC|3E0337Z||||||||||||||||||||||||||||||144|,6508|1|Sistema Nacional de Salud|-
220054|HOSPITAL DE BARBASTRO|2624|GRLP520223910011||23/02/1952|1|22400|10/12/2024||21|1|CGD|||||||||||20/12/2024|CGD|CGD|CGD|18045029B|4|19/12/2024|K43.3|S|C21.1|S|C79.89|S|E66.01|S|K91.71|N|I12.9|S|N18.9|S|E78.5|S|E79.0|S|J42|S|Z60.2|S|||||||||||||||||||0DS84ZZ|0WUF4JZ|0DQ84ZZ|BW20ZZZ|0D9670Z|3E0DXGC|3E0436Z|3E033NZ|3E0337Z|3E013GC|3E033GC||||||||||||||||||8480/3|8480/6|||||||230|1,7507|1|Sistema Nacional de Salud|-
220054|HOSPITAL DE BARBASTRO|36496|BRLB371048910014||08/10/1937|2|22312|15/12/2024||21|1|TRA|||||||||||20/12/2024|TRA|TRA|TRA|50873405G|5|16/12/2024|S72.102A|S|W01.0XXA|S|Y92.009|S|I10|S|E11.9|S|E78.5|S|E79.0|S|K59.00|S|Z79.84|E|D64.9|N|Z91.81|E|||||||||||||||||||0QS736Z|3E013VG|3E1H78Z||||||||||||||||||||||||||||||||||308|1,4102|1|Sistema Nacional de Salud|-
220054|HOSPITAL DE BARBASTRO|151515|CVBR490914910016||14/09/1949|1|22300|19/12/2024||27|2|CGD|||||||||||20/12/2024|CGD|CGD|CGD|19005451E|1|19/12/2024|K40.90|S|I10|S|K20.90|S|||||||||||||||||||||||||||||||||||0YU54JZ||||||||||||||||||||||||||||||||||||228|,8181|1|Sistema Nacional de Salud|-
220054|HOSPITAL DE BARBASTRO|227140|||17/12/2024|2|22330|18/12/2024||24|1|PED|||||||||||20/12/2024|PED|PED|PED|76970719T|1||P55.1|S|||||||||||||||||||||||||||||||||||||||6A600ZZ||||||||||||||||||||||||||||||||||||640|,1536|1|Sistema Nacional de Salud|-
220054|HOSPITAL DE BARBASTRO|91527|LTBS520362910019||22/03/1952|2|22311|08/12/2024||21|1|MIR|||||||||||20/12/2024|MIR|MIR|MIR|18049390W|1||I13.0|S|I50.9|S|E11.22|S|N18.9|S|N17.9|S|J44.9|S|G47.33|S|I27.23|S|I27.82|S|I27.24|S|I48.91|S|I44.7|S|I87.2|S|E66.01|S|M17.9|S|Z99.89|E|Z74.09|S|Z85.72|E|Z85.3|E|Z92.21|E|3E033GC|0T9B70Z|3E033NZ||||||||||||||||||||||||||||||||||194|,6399|1|Sistema Nacional de Salud|-
220054|HOSPITAL DE BARBASTRO|205316|SNXX981056901015||16/10/1998|2|22500|16/12/2024||21|1|MIR|||||||||||20/12/2024|MIR|MIR|MIR|18052661F|1||J18.9|S|R82.71|S|B95.3|S|M32.9|S|I73.00|S|D50.9|S|E66.01|S|G43.909|S|Z79.52|E|||||||||||||||||||||||3E03329|3E0333Z|3E013GC||||||||||||||||||||||||||||||||||139|,4269|1|Sistema Nacional de Salud|-
220054|HOSPITAL DE BARBASTRO|12738|CLMR480619911015||19/06/1948|1|22300|15/12/2024||27|2|URO|||||||||||20/12/2024|URO|URO|URO|28626568D|1|16/12/2024|D09.0|S|N13.30|S|I25.2|E|I48.91|S|J44.9|S|I11.9|S|Z95.5|E|Z79.01|E|||||||||||||||||||||||||0TBB8ZZ||||||||||||||||||||||||||||8130/2||||||||446|,9801|1|Sistema Nacional de Salud|-
220054|HOSPITAL DE BARBASTRO|99455|VLFM240651910015||11/06/1924|2|22500|09/12/2024||21|1|MIR|||||||||||20/12/2024|MIR|MIR|MIR|73016622V|1||N39.0|S|R78.81|S|B96.20|S|J20.9|S|J96.01|S|N17.9|S|E46|S|K83.1|S|E11.65|S|T38.0X5A|S|K52.1|N|T36.95XA|N|I10|S|E78.5|S|D64.9|S|F09|S|F42.9|S|Z86.73|E|Z59.3|E|Z79.4|E|3E03329|3E0F7SF|4A02X4Z|0T9B70Z|3E0337Z|3E0F7GC|3E033NZ|3E0333Z|3E013GC||||||||||||||||||||||||||||463|1,4026|1|Sistema Nacional de Salud|-
220054|HOSPITAL DE BARBASTRO|105259|LLBL560107910018||07/01/1956|1|22500|20/12/2024||27|2|URO|||||||||||21/12/2024|URO|URO|URO|28626568D|1|20/12/2024|Z46.6|E|N20.0|S|I10|S|E78.5|S|Z85.038|E|Z87.891|E|||||||||||||||||||||||||||||0TP580Z|0T9380Z|||||||||||||||||||||||||||||||||||443|1,0933|1|Sistema Nacional de Salud|-
220054|HOSPITAL DE BARBASTRO|40503|SPCM760855910019||15/08/1976|2|22534|19/12/2024||27|2|GIN|||||||||||21/12/2024|GIN|GIN|GIN|73010241F|1|20/12/2024|D39.11|S|Z85.3|E|Z97.8|E|Z92.21|E|||||||||||||||||||||||||||||||||0UT24ZZ|0UT74ZZ|||||||||||||||||||||||||||9080/0||||||||513|,8396|1|Sistema Nacional de Salud|-
220054|HOSPITAL DE BARBASTRO|18140|CLSN671022910019||22/10/1967|1|22300|12/12/2024||21|1|CGD|||||||||||21/12/2024|CGD|CGD|CGD|50883390F|2||T81.9XXA|S|Y83.6|S|E78.5|S|E66.9|S|N18.9|S|I87.2|S|K22.70|S|Z90.49|E|||||||||||||||||||||||||BW201ZZ|BW201ZZ|3E03329|3E033NZ|3E0337Z||||||||||||||||0W9G30Z|BW40ZZZ|BF35ZZZ|BF37ZZZ|||||||||||||813|,5609|1|Sistema Nacional de Salud|-
220054|HOSPITAL DE BARBASTRO|211325|||07/12/1983|2|22520|19/12/2024||21|1|OBS|||||||||||22/12/2024|OBS|OBS|OBS|47919222X|1||O99.02|S|O99.284|S|E55.9|S|O99.12|S|D69.6|S|O48.0|S|O77.0|N|O70.1|N|Z3A.40|E|Z37.0|E|Z67.40|E|||||||||||||||||||10E0XZZ|3E0R3BZ|0W8NXZZ|0KQM0ZZ|4A1HXCZ||||||||||||||||||||||||||||||||560|,3169|1|Sistema Nacional de Salud|-
220054|HOSPITAL DE BARBASTRO|18126|SCMR551050910014||10/10/1955|2|22520|07/12/2024||21|1|MIR|||||||||||22/12/2024|MIR|MIR|MIR|18055798Q|1||K55.9|S|N39.0|S|M05.9|S|M81.0|S|I10|S|E78.5|S|E89.0|S|R92.8|S|Z85.038|E|Z90.49|E|||||||||||||||||||||0DBL8ZX|0DBM8ZX|BW40ZZZ|BW251ZZ|BH01ZZZ|BH42ZZZ|3E03329|3E0337Z|3E033NZ|3E013GC|||||||||||||||||||||||||||246|,5623|1|Sistema Nacional de Salud|-
220054|HOSPITAL DE BARBASTRO|195431|||20/09/1983|2|22533|19/12/2024||27|2|GIN|||||||||||22/12/2024|GIN|GIN|GIN|47919222X|1|20/12/2024|D25.9|S|Z78.0|E|E11.9|S|I10|S|||||||||||||||||||||||||||||||||0UT94ZZ|0UT24ZZ|0UT74ZZ||||||||||||||||||||||||||8890/0||||||||519|,7015|1|Sistema Nacional de Salud|-
220054|HOSPITAL DE BARBASTRO|64862|NEBZ740912910014||12/09/1974|1|22300|18/12/2024||21|1|CGD|||||||||||23/12/2024|CGD|CGD|CGD|72889973Y|1||L03.115|S|||||||||||||||||||||||||||||||||||||||3E03329|B54BZZZ|3E033NZ|3E0337Z|3E013GC|3E033GC|||||||||||||||||||||||||||||||383|,4196|1|Sistema Nacional de Salud|-
220054|HOSPITAL DE BARBASTRO|217350|||26/05/1978|1|22400|18/12/2024||21|1|MIR|||||||||||23/12/2024|MIR|MIR|MIR|17702334Q|1||K85.90|S|R74.01|S|E78.1|S|F10.21|S|F17.210|S|||||||||||||||||||||||||||||||BW40ZZZ|4A02X4Z|3E013GC|3E033NZ|||||||||||||||||||||||||||||||||282|,481|1|Sistema Nacional de Salud|-
220054|HOSPITAL DE BARBASTRO|78957|PLVL330267910012||27/02/1933|2|22550|17/12/2024||21|1|MIR|18/12/2024|GRT|||||||||23/12/2024|GRT|GRT|GERIATRIA|18047202E|1||I13.0|S|I50.9|S|N18.4|S|J98.8|S|I35.1|S|E78.5|S|E03.9|S|I48.20|S|Z79.01|E|Z86.16|E|Z59.3|E|||||||||||||||||||3E033GC|3E03329|3E0333Z|3E033NZ|3E0337Z|3E013GC|||||||||||||||||||||||||||||||194|,4787|1|Sistema Nacional de Salud|-
220054|HOSPITAL DE BARBASTRO|72730|JSSN911224910016||24/12/1991|1|22320|16/12/2024||21|1|MIV|21/12/2024|NRL|||||||||23/12/2024|NRL|NRL|NRL|29121261H|1||A86|S|F05|S|||||||||||||||||||||||||||||||||||||B020ZZZ|009U3ZX|5A1945Z|0BH17EZ|0DH67UZ|3E0G76Z|3E043GC|3E04329|3E043NZ|4A10X4Z|4A12X4Z|4A13XR1|4A13XB1||||||||B030ZZZ||||||||||||||||050|2,0611|1|Sistema Nacional de Salud|-
220054|HOSPITAL DE BARBASTRO|96524|BLSN331264910010||24/11/1933|2|22400|13/12/2024||21|1|CGD|19/12/2024|GRT|||||||||23/12/2024|GRT|GRT|GERIATRIA|18047202E|4||K56.600|S|I11.0|S|I50.9|S|N17.9|S|Q61.02|E|N18.4|S|A41.9|N|R65.20|N|J96.00|N|I48.91|S|K44.9|S|Z66|S|||||||||||||||||BW21ZZZ|0D9670Z|3E03329|3E0337Z|3E033NZ|3E0DXGC|3E0F7GC|3E033GC|3E013GC|3E013VJ|||||||||||||||||||||||||||247|1,8617|1|Sistema Nacional de Salud|-
220054|HOSPITAL DE BARBASTRO|47754|RCCV470426901011||26/04/1947|1|22361|20/12/2024||21|1|MIR|||||||||||24/12/2024|MIR|MIR|MIR|25195530L|1||K52.1|S|T45.1X5A|S|E87.6|S|C20|S|I10|S|E11.9|S|E78.5|S|Z79.4|E|Z79.84|E|Z86.73|E|Z88.6|E|||||||||||||||||||BW241ZZ|3E0337Z|3E033NZ|3E033GC|3E013GC||||||||||||||||||||||||8140/3||||||||249|,4412|1|Sistema Nacional de Salud|-
220054|HOSPITAL DE BARBASTRO|226662|||30/10/1986|2|22580|22/12/2024||21|1|OBS|||||||||||24/12/2024|OBS|OBS|OBS|48151267P|1||O24.424|S|O69.82X0|S|O70.0|N|O90.81|N|Z3A.38|E|Z37.0|E|Z67.20|E|||||||||||||||||||||||||||10E0XZZ|3E0R3BZ|10907ZC|0UQGXZZ|4A1HXCZ||||||||||||||||||||||||||||||||560|,2876|1|Sistema Nacional de Salud|-
220054|HOSPITAL DE BARBASTRO|189424|||02/12/2013|1|22300|19/12/2024||21|1|PED|||||||||||24/12/2024|PED|PED|PED|18025482Z|1||B02.21|S|F90.9|S|||||||||||||||||||||||||||||||||||||3E03329|3E0333Z|3E033NZ|3E0337Z|3E033GC||||||||||||||||||||||||||||||||050|,6276|1|Sistema Nacional de Salud|-
220054|HOSPITAL DE BARBASTRO|120269|PLMS410571910013||31/05/1941|2|22400|23/12/2024||27|2|CGD|23/12/2024|GIN|||||||||24/12/2024|GIN|GIN|GIN|22551423S|1|23/12/2024|C50.212|S|Z17.1|E|I10|S|||||||||||||||||||||||||||||||||||0HBU0ZZ|07B60ZX|3E013KZ|0HHU3YZ|BH41ZZZ||||||||||||||||||||||||8500/3||||||||363|1,1044|1|Sistema Nacional de Salud|-
220054|HOSPITAL DE BARBASTRO|53394|RZXP910543910013||03/05/1991|2|22310|22/12/2024||21|1|OBS|||||||||||26/12/2024|OBS|OBS|OBS|72781954H|1||O42.02|S|O99.284|S|E03.9|S|O48.0|S|Z3A.40|E|O70.0|N|O90.81|N|Z67.41|E|Z37.0|E|||||||||||||||||||||||10E0XZZ|3E0P7VZ|0UQGXZZ|3E0R3BZ|4A1HXCZ||||||||||||||||||||||||||||||||560|,2876|1|Sistema Nacional de Salud|-
220054|HOSPITAL DE BARBASTRO|227137|||30/09/1954|1|22512|23/12/2024||30|1|TRA|||||||||||26/12/2024|TRA|TRA|TRA|50873405G|1||S75.011D|E|S72.101D|E|X58.XXXD|S|I82.509|S|I27.82|S|Z79.01|E|Z59.3|E|||||||||||||||||||||||||||3E033NZ|3E013GC|3E0337Z||||||||||||||||||||||||||||||||||862|,7875|1|Sistema Nacional de Salud|-
220054|HOSPITAL DE BARBASTRO|189078|||17/01/1935|1|22400|20/12/2024||21|1|MIR|23/12/2024|GRT|||||||||27/12/2024|GRT|GRT|GERIATRIA|18071569D|4||J18.9|S|J69.0|N|J96.00|N|R13.19|S|E11.22|S|N18.4|S|I10|S|F32.A|S|F03.B0|S|Z59.3|E|Z99.81|E|Z79.84|E|Z79.4|E|||||||||||||||3E03329|3E0F7GC|3E0337Z|3E033GC|3E0333Z|3E033NZ|||||||||||||||||||||||||||||||139|,85|1|Sistema Nacional de Salud|-
220054|HOSPITAL DE BARBASTRO|226239|||10/02/1989|2|22512|20/12/2024||21|1|OBS|||||||||||27/12/2024|OBS|OBS|OBS|72781954H|1||O21.1|S|E87.6|S|Z3A.13|E|||||||||||||||||||||||||||||||||||BY49ZZZ|3E0337Z|||||||||||||||||||||||||||||||||||566|,2688|1|Sistema Nacional de Salud|-
220054|HOSPITAL DE BARBASTRO|159519|AR000149096A||09/12/1971|2|22400|11/11/2024||21|1|MIV|12/11/2024|MIR|||||||||27/12/2024|MIR|MIR|MIR|18049390W|1||A41.9|S|R65.20|S|N17.9|S|E87.1|S|C78.6|S|Z85.048|E|Z90.49|E|I25.2|E|K76.0|S|Z92.3|E|K57.30|S|Z88.1|E|F17.210|S|Z90.710|E|Z90.722|E|||||||||||BW40ZZZ|BW20ZZZ|4A12X4Z|4A13XB1|0D9670Z|3E03329|3E0337Z|3E04305|3E033NZ|30233N1|3E013GC|3E033GC|3E1H78Z||||||||||||||||8140/6||||||||720|,7111|1|Sistema Nacional de Salud|-
220054|HOSPITAL DE BARBASTRO|67144|MRBR520363910011||23/03/1952|2|22300|21/12/2024||21|1|MIV|24/12/2024|CAR|||||||||27/12/2024|CAR|CAR|CAR|18045946P|1||I21.4|S|I25.42|S|I10|S|E78.5|S|K44.9|S|M79.7|S|F32.A|S|Z91.041|E|||||||||||||||||||||||||B246ZZZ|3E013GC|||||||||||||||||||B2111ZZ||||||||||||||||190|1,0806|1|Sistema Nacional de Salud|-
220054|HOSPITAL DE BARBASTRO|108345|CSVL520121910017||21/01/1952|1|22452|20/12/2024||21|1|MIR|23/12/2024|NML|||||||||27/12/2024|NML|NML|NML|18055770B|1||J43.8|S|J98.8|S|B97.4|S|I27.20|S|R91.8|S|I10|S|E78.5|S|N40.1|S|N39.3|S|F10.21|S|Z87.891|E|Z99.81|E|Z79.52|E|||||||||||||||3E03329|3E0F7SF|3E0F7GC||||||||||||||||||||||||||||||||||140|,6174|1|Sistema Nacional de Salud|-
220054|HOSPITAL DE BARBASTRO|63038|VLBR370254910011||14/02/1937|2|22313|11/12/2024||21|1|MIR|||||||||||27/12/2024|MIR|MIR|MIR|72987424Y|4||I11.0|S|I50.9|S|J96.90|S|I48.91|S|E66.9|S|J98.8|S|J47.9|S|K56.7|N|J45.909|S|||||||||||||||||||||||3E033GC|3E0333Z|3E0F7GC|3E03329|3E033NZ|3E0F7SF|3E013GC|3E1H78Z|||||||||||||||||||||||||||||194|,9142|1|Sistema Nacional de Salud|-
220054|HOSPITAL DE BARBASTRO|1497|ZQZZ570360910013||20/03/1957|2|22310|27/12/2024||27|2|URO|||||||||||29/12/2024|URO|URO|URO|Y9933326P|1|27/12/2024|N20.0|S|K64.9|S|L82.1|S|M54.30|S|F32.A|S|||||||||||||||||||||||||||||||0TF48ZZ|0T9480Z|||||||||||||||||||||||||||||||||||443|1,0933|1|Sistema Nacional de Salud|-
220054|HOSPITAL DE BARBASTRO|76668|MRBR630801910017||01/08/1963|1|22400|27/12/2024||21|1|MIR|||||||||||31/12/2024|MIR|MIR|MIR|73016622V|1||J22|S|I48.91|S|J96.20|S|B97.4|S|Z87.891|E|||||||||||||||||||||||||||||||3E03329|3E033NZ|4A02X4Z|3E0333Z|3E033GC|3E0F7GC|||||||||||||||||||||||||||||||144|,6508|1|Sistema Nacional de Salud|-
220054|HOSPITAL DE BARBASTRO|221317|||25/04/2023|1|22314|30/12/2024||21|1|PED|||||||||||31/12/2024|PED|PED|PED|25359168N|1||J04.0|S|||||||||||||||||||||||||||||||||||||||3E0F7GC||||||||||||||||||||||||||||||||||||113|,3364|1|Sistema Nacional de Salud|-
220054|HOSPITAL DE BARBASTRO|213373|||01/04/1972|2|22400|20/12/2024||27|2|CGD|23/12/2024|MIV|24/12/2024|CGD|||||||31/12/2024|CGD|CGD|CGD|50883390F|1|20/12/2024|D35.1|S|E21.0|S|C73|S|C77.0|S|E78.5|S|E89.2|N|Y83.6|N|||||||||||||||||||||||||||0GTL0ZZ|0GTN0ZZ|0GTH0ZZ|0GTJ0ZZ|07B10ZZ|3E0337Z|4A12X4Z|4A13XB1|0T9B70Z||||||||||||||||||||8260/3|8140/0|8260/6||||||404|1,3107|1|Sistema Nacional de Salud|-
220054|HOSPITAL DE BARBASTRO|95440|SLTR440558910013||18/05/1944|2|22550|25/12/2024||27|2|CGD|||||||||||31/12/2024|CGD|CGD|CGD|72889973Y|1|26/12/2024|C18.2|S|E27.9|S|I10|S|E78.5|S|E11.319|S|Z79.4|E|D50.9|S|E55.9|S|K57.30|S|K64.4|S|||||||||||||||||||||0DTF4ZZ||||||||||||||||||||||||||||8140/3||||||||231|1,6606|1|Sistema Nacional de Salud|-
220105|CENTRO SANITARIO DE FRAGA|110403|RLSR300962910018||29/09/1930|2|22520|08/10/2024||21|1|MIR|||||||||||06/11/2024|MIR|MIR|MIR|50966617C|1||I11.0|S|I50.9|S|J18.9|S|J96.90|S|R33.9|S|R64|S|M62.84|S|R54|S|F05|N|G24.3|S|E11.9|S|J84.112|S|I48.91|S|E03.8|S|F03.90|S|Z79.4|E|Z79.01|E|Z99.81|E|||||3E0F7SF|3E03329|3E033NZ|3E0337Z|3E0F7GC|3E033GC|||||||||||||||||||||||||||||||194|,9142|1|Sistema Nacional de Salud|-
220105|CENTRO SANITARIO DE FRAGA|77292|MRSL490955910019||15/08/1949|2|22520|18/10/2024||30|1|MIR|||||||||||07/11/2024|MIR|MIR|MIR|50966617C|1||I69.354|E|I12.9|S|E11.22|S|N18.4|S|E78.5|S|I48.0|S|E66.9|S|G47.33|S|K90.0|S|Z99.89|E|Z79.01|E|Z79.84|E|||||||||||||||||B020ZZZ|F0727ZZ|F0717ZZ|3E013GC|||||||||||||||||||||||||||||||||058|,7111|1|Sistema Nacional de Salud|-
220105|CENTRO SANITARIO DE FRAGA|226801|||20/06/1963|2|22520|14/11/2024||30|1|MIR|||||||||||29/11/2024|MIR|MIR|MIR|50966617C|1||I69.351|E|I10|S|E11.9|S|E66.9|S|Z79.4|E|Z79.84|E|||||||||||||||||||||||||||||F0727ZZ|F0717ZZ|||||||||||||||||||||||||||||||||||058|,7111|1|Sistema Nacional de Salud|-
220105|CENTRO SANITARIO DE FRAGA|54134|FGMR460101910014||01/01/1946|1|22500|14/11/2024||30|1|MIR|||||||||||29/11/2024|MIR|MIR|MIR|50966617C|1||Z48.815|E|Z48.3|E|R10.9|N|Z85.038|E|F01.50|S|I10|S|E78.5|S|E11.9|S|Z93.3|E|Z90.49|E|Z85.46|E|Z92.3|E|||||||||||||||||BW201ZZ|3E03329|B020ZZZ|3E0333Z|3E013GC||||||||||||||||||||||||||||||||862|,5723|1|Sistema Nacional de Salud|-
220105|CENTRO SANITARIO DE FRAGA|116932|VLSR420927910013||27/09/1942|1|22520|29/11/2024||30|1|MIR|||||||||||17/12/2024|MIR|MIR|MIR|50966617C|1||Z48.815|E|C61|S|Z93.3|E|K59.00|S|M10.079|N|J20.9|N|Y95|N|I48.91|S|C20|S|G91.2|S|Z79.60|E|Z79.818|E|Z79.01|E|Z87.891|E|Z88.0|E|||||||||||F07M3ZZ|3E0333Z|3E0F7GC|3E033GC|3E0337Z|3E013GC|3E033NZ||||||||||||||||||||||8140/3||||||||862|,7875|1|Sistema Nacional de Salud|-
220105|CENTRO SANITARIO DE FRAGA|113102|GLML370325910017||25/03/1937|1|22520|03/12/2024||30|1|MIR|||||||||||23/12/2024|MIR|MIR|MIR|50966617C|1||S72.012D|E|W19.XXXD|E|Z96.642|S|I10|S|I48.91|S|D53.1|S|C61|S|Z87.891|E|Z79.01|E|Z85.51|E|M19.90|S|||||||||||||||||||F07L6ZZ|F07Z9ZZ|||||||||||||||||||||||||||8010/3||||||||860|,9682|1|Sistema Nacional de Salud|-
220054|HOSPITAL DE BARBASTRO|68365|PRFN310461910015||21/04/1931|2|22300|25/09/2024||21|1|MIR|||||||||||01/10/2024|MIR|MIR|MIR|73016622V|1||J18.9|S|Y95|S|C20|S|C78.7|S|G31.84|S|I10|S|E78.5|S|E79.0|S|F32.A|S|Z86.73|E|Z85.038|E|||||||||||||||||||3E03329|3E0F7SF|B32S1ZZ|B32T1ZZ|3E0337Z|3E0F7GC|3E033GC|3E013GC|3E033NZ||||||||||||||||||||8140/3|8140/6|||||||139|,4269|1|Sistema Nacional de Salud|-
220054|HOSPITAL DE BARBASTRO|61241|FRRY481219910015||19/12/1948|1|22400|24/09/2024||21|1|MIR|||||||||||01/10/2024|MIR|MIR|MIR|17702334Q|1||K20.91|S|K44.9|S|K60.2|S|I10|S|I42.2|S|I48.21|S|E78.5|S|G20|S|F32.A|S|Z79.01|E|||||||||||||||||||||4A02X4Z|0DJ08ZZ|30233N1||||||||||||||||||||||||||||||||||243|,6572|1|Sistema Nacional de Salud|-
220054|HOSPITAL DE BARBASTRO|85110|GRPC680951904015||11/09/1968|2|22430|30/09/2024||21|1|CGD|||||||||||01/10/2024|CGD|CGD|CGD|50883390F|1|30/09/2024|K41.30|S|I10|S|I34.1|S|I08.1|S|G43.909|S|F41.8|S|||||||||||||||||||||||||||||0YU70JZ|3E033NZ|3E0337Z||||||||||||||||||||||||||||||||||228|,8181|1|Sistema Nacional de Salud|-
220054|HOSPITAL DE BARBASTRO|123408|SNTM450710910017||10/07/1945|1|22400|25/09/2024||27|2|GRT|||||||||||02/10/2024|GRT|GRT|GERIATRIA|72000771F|1||N39.0|S|B96.5|S|Z16.24|S|I11.0|S|I50.9|S|I48.91|S|Z79.01|E|J44.9|S|Z95.2|E|G25.0|S|E05.90|S|M47.9|S|M51.36|S|M51.27|S|K59.00|S|R13.10|S|Z90.49|E|Z96.0|S|||||3E03329|3E033GC|0T2BX0Z||||||||||||||||||||||||||||||||||463|,4576|1|Sistema Nacional de Salud|-
220054|HOSPITAL DE BARBASTRO|87868|BXPR320864910017||24/08/1932|2|22500|24/09/2024||21|1|MIR|25/09/2024|GRT|||||||||02/10/2024|GRT|GRT|GERIATRIA|72000771F|1||N39.0|S|B95.2|S|B96.20|S|Z16.12|S|J98.8|S|K56.41|S|M62.3|S|R32|S|I10|S|I48.91|S|F03.90|S|F43.21|S|F05|S|Z79.01|E|||||||||||||3E03329|3E0F7GC|3E1H78Z|3E0337Z|3E033NZ|3E033GC|3E013GC||||||||||||||||||||||||||||||463|,5581|1|Sistema Nacional de Salud|-
220054|HOSPITAL DE BARBASTRO|189109|||08/10/2011|1|22400|02/10/2024||27|2|PED|||||||||||02/10/2024|PED|PED|PED|18036541X|1||Z00.70|E|Z00.71|E|||||||||||||||||||||||||||||||||||||||||||||||||||||||||||||||||||||||||861|,4785|1|Sistema Nacional de Salud|-
220054|HOSPITAL DE BARBASTRO|78524|LSBN281170910017||30/11/1928|2|22300|29/09/2024||21|1|MIR|30/09/2024|GRT|||||||||02/10/2024|GRT|GRT|GERIATRIA|18047202E|1||I11.0|S|I50.9|S|T50.A95A|S|D64.9|S|I48.91|S|E87.6|S|F09|S|H40.9|S|Z86.73|E|Z59.3|E|||||||||||||||||||||3E033NZ|3E033GC|3E013GC||||||||||||||||||||||||||||||||||194|,4787|1|Sistema Nacional de Salud|-
220054|HOSPITAL DE BARBASTRO|174588|MNLS091005910019||05/10/2009|1|22412|02/10/2024||27|2|TRA|||||||||||03/10/2024|TRA|TRA|TRA|78333534L|1|02/10/2024|S82.392D|E|X58.XXXD|E|||||||||||||||||||||||||||||||||||||0QPH34Z||||||||||||||||||||||||||||||||||||850|1,6787|1|Sistema Nacional de Salud|-
220054|HOSPITAL DE BARBASTRO|122215|CMRR580925910010||25/09/1958|1|22400|01/10/2024||27|2|TRA|||||||||||03/10/2024|TRA|TRA|TRA|78333534L|1|02/10/2024|M23.306|S|M17.11|S|||||||||||||||||||||||||||||||||||||0SBC4ZZ|0SBC4ZZ|||||||||||||||||||||||||||||||||||313|1,1312|1|Sistema Nacional de Salud|-
220054|HOSPITAL DE BARBASTRO|146747|JRBR410710910014||10/07/1941|1|22530|26/09/2024||21|1|MIR|||||||||||03/10/2024|MIR|MIR|MIR|17702334Q|1||J44.0|S|J18.9|S|D84.9|S|C18.6|S|C78.5|S|C78.7|S|C79.51|S|C77.1|S|C77.2|S|K59.03|S|T40.605A|S|N99.114|S|Y84.2|S|Z88.8|E|||||||||||||3E03329|3E033NZ|3E013GC|3E0337Z|3E0F7GC|3E033GC|3E013VG||||||||||||||||||||||8261/3|8261/6|||||||140|,7699|1|Sistema Nacional de Salud|-
220054|HOSPITAL DE BARBASTRO|208301|||08/02/1973|1|22400|02/10/2024||27|2|CGD|||||||||||03/10/2024|CGD|CGD|CGD|19005451E|1|02/10/2024|K64.9|S|D17.1|S|||||||||||||||||||||||||||||||||||||06BY0ZC|0JB80ZZ|||||||||||||||||||||||||||8850/0||||||||226|,8052|1|Sistema Nacional de Salud|-
220054|HOSPITAL DE BARBASTRO|114596|MRSN430468901012||28/04/1943|2|22520|26/09/2024||30|1|MIR|||||||||||03/10/2024|MIR|MIR|MIR|17702334Q|1||N17.9|S|E86.0|S|E87.1|S|E87.5|S|E83.42|S|K94.19|S|R19.7|S|Y83.3|S|I10|S|E78.5|S|E03.9|S|F32.A|S|M81.0|S|M85.80|S|G25.0|S|M19.90|S|Z85.048|E|Z90.49|E|Z92.21|E|Z92.3|E|3E0337Z||||||||||||||||||||||||||||||||||||469|,5905|1|Sistema Nacional de Salud|-
220054|HOSPITAL DE BARBASTRO|44710|GSDP891064910017||24/10/1989|2|22310|01/10/2024||21|1|MIR|02/10/2024|NRL|||||||||04/10/2024|NRL|NRL|NRL|72993238R|1||O89.4|S|O90.81|S|R90.89|S|||||||||||||||||||||||||||||||||||B020ZZZ|3E033NZ|3E0333Z|30233N1|||||||||||||||||B030YZZ||||||||||||||||561|,2603|1|Sistema Nacional de Salud|-
220054|HOSPITAL DE BARBASTRO|133304|PLMR390429250011||29/04/1939|1|22583|20/09/2024||21|1|MIR|||||||||||04/10/2024|MIR|MIR|MIR|18049390W|1||C78.01|S|J93.12|S|C79.51|S|Z51.5|E|I10|S|E78.5|S|Z85.51|E|E79.0|S|Z99.81|E|||||||||||||||||||||||3E033NZ|3E0337Z|||||||||||||||||||||||||||8000/6||||||||136|,8863|1|Sistema Nacional de Salud|-
220054|HOSPITAL DE BARBASTRO|31118|CSPR680965910029||25/09/1968|2|22416|04/10/2024||27|2|GIN|||||||||||04/10/2024|GIN|GIN|GIN|47919222X|1|04/10/2024|N87.1|S|R87.810|S|B97.7|S|E03.9|S|D50.9|S|||||||||||||||||||||||||||||||0UBC7ZZ||||||||||||||||||||||||||||||||||||532|,4436|1|Sistema Nacional de Salud|-
220054|HOSPITAL DE BARBASTRO|211330|||21/06/2020|2|22420|02/10/2024||21|1|PED|||||||||||05/10/2024|PED|PED|PED|25359168N|1||J04.0|S|||||||||||||||||||||||||||||||||||||||3E0333Z|3E0F7GC|3E0337Z||||||||||||||||||||||||||||||||||113|,3364|1|Sistema Nacional de Salud|-
220054|HOSPITAL DE BARBASTRO|138426|CLXO680820901010||20/08/1968|1|22438|03/10/2024||27|2|TRA|||||||||||06/10/2024|TRA|TRA|TRA|18054714J|1|04/10/2024|M23.612|S|M23.304|S|I10|S|Z86.19|E|||||||||||||||||||||||||||||||||0MRP47Z|0SBD4ZZ|||||||||||||||||||||||||||||||||||313|1,1312|1|Sistema Nacional de Salud|-
220054|HOSPITAL DE BARBASTRO|203141|||04/06/2018|1|22300|03/10/2024||21|1|PED|||||||||||06/10/2024|PED|PED|PED|25359168N|1||J20.0|S|J96.00|S|||||||||||||||||||||||||||||||||||||3E0F7SF|3E0F7GC|3E0337Z||||||||||||||||||||||||||||||||||145|,78|1|Sistema Nacional de Salud|-
220054|HOSPITAL DE BARBASTRO|225476|||02/07/2024|1|22510|03/10/2024||21|1|PED|||||||||||06/10/2024|PED|PED|PED|72828135S|1||A37.00|S|J21.8|S|J96.00|S|||||||||||||||||||||||||||||||||||3E03329|3E0F7GC|3E0F7SF||||||||||||||||||||||||||||||||||144|,9353|1|Sistema Nacional de Salud|-
220054|HOSPITAL DE BARBASTRO|205038|||05/08/1984|2|22300|04/10/2024||21|1|OBS|||||||||||06/10/2024|OBS|OBS|OBS|73021577G|1||O48.0|S|O63.1|N|Z3A.40|E|Z67.40|E|Z37.0|E|||||||||||||||||||||||||||||||10D07Z6|10907ZC|0W8NXZZ|4A1HXCZ|||||||||||||||||||||||||||||||||560|,3169|1|Sistema Nacional de Salud|-
220054|HOSPITAL DE BARBASTRO|205742|||04/04/1992|2|22440|04/10/2024||21|1|OBS|||||||||||06/10/2024|OBS|OBS|OBS|73021577G|1||O36.63X0|S|O70.0|N|O90.81|N|Z67.10|E|Z3A.39|E|Z37.0|E|||||||||||||||||||||||||||||10E0XZZ|0HQ9XZZ|3E0R3BZ|4A1HXCZ|||||||||||||||||||||||||||||||||560|,2876|1|Sistema Nacional de Salud|-
220054|HOSPITAL DE BARBASTRO|160228|HRXX880744642017||04/07/1988|2|22534|04/10/2024||21|1|OBS|||||||||||06/10/2024|OBS|OBS|OBS|73021577G|1||O48.0|S|O70.1|S|O90.81|S|Z3A.41|E|Z67.10|E|Z37.0|E|||||||||||||||||||||||||||||10E0XZZ|0KQM0ZZ|3E0R3BZ|4A1HXCZ|||||||||||||||||||||||||||||||||560|,2876|1|Sistema Nacional de Salud|-
220054|HOSPITAL DE BARBASTRO|31763|GRSN501202910014||02/12/1950|1|22300|02/10/2024||27|2|CGD|||||||||||07/10/2024|CGD|CGD|CGD|73210877Z|1|03/10/2024|K44.9|S|J44.9|S|I10|S|E11.9|S|E78.5|S|F17.210|S|||||||||||||||||||||||||||||0DV44ZZ||||||||||||||||||||||||||||||||||||232|,9664|1|Sistema Nacional de Salud|-
220054|HOSPITAL DE BARBASTRO|79475|CRNS590829910010||29/08/1959|1|22400|02/10/2024||21|1|MIR|03/10/2024|CAR|04/10/2024|MIR|||||||08/10/2024|MIR|MIR|MIR|17202610J|1||I48.92|S|I97.89|N|I44.2|N|T46.2X5A|N|Y84.8|N|C78.6|S|R18.0|S|K70.31|S|C78.7|S|C78.01|S|C78.02|S|C77.8|S|Z85.038|E|Z90.49|E|I85.10|S|K76.6|S|K31.89|S|E11.9|S|I10|S|I42.0|S|5A2204Z|3E033RZ|4A02X4Z|3E0337Z|3E013VG|3E033NZ|||||||||||||||||||||||8140/6||||||||201|,8358|1|Sistema Nacional de Salud|-
220054|HOSPITAL DE BARBASTRO|22498|GRMN580413910011||13/04/1958|1|22394|04/10/2024||21|1|MIR|07/10/2024|NRL|||||||||08/10/2024|NRL|NRL|NRL|29121261H|1||I61.1|S|R47.01|S|R27.8|S|J06.9|S|J44.9|S|I10|S|E78.5|S|E66.9|S|I69.198|E|G40.802|S|||||||||||||||||||||4A02X4Z|B020ZZZ|||||||||||||||||||B030ZZZ|B33RZZZ|||||||||||||||044|,9871|1|Sistema Nacional de Salud|-
220054|HOSPITAL DE BARBASTRO|186221|PRSN430103919014||03/01/1943|1|22300|30/09/2024||21|1|MIR|01/10/2024|GRT|||||||||08/10/2024|GRT|GRT|GERIATRIA|18071569D|1||K56.2|S|T46.0X5A|S|Z79.899|E|J96.10|S|I10|S|K70.30|S|I85.10|S|Q24.0|E|K42.9|S|J44.9|S|E11.9|S|E78.5|S|G31.84|S|Z86.73|E|Z99.81|E|Z59.3|E|Z79.84|E|Z79.82|E|||||0DSN8ZZ|3E1H78Z|3E033NZ|3E03329|3E0F7GC|3E033GC|3E0337Z||||||||||||||||||||||||||||||247|,9669|1|Sistema Nacional de Salud|-
220054|HOSPITAL DE BARBASTRO|194846|BSBS690825910019||25/08/1969|1|22300|08/10/2024||27|2|URO|||||||||||08/10/2024|URO|URO|URO|Y9933326P|1|08/10/2024|R97.20|S|||||||||||||||||||||||||||||||||||||||0VB07ZX|BV49ZZZ|||||||||||||||||||||||||||||||||||861|,4785|1|Sistema Nacional de Salud|-
220054|HOSPITAL DE BARBASTRO|94554|GLCR481067904015||27/10/1948|2|22532|07/10/2024||21|1|CGD|||||||||||09/10/2024|CGD|CGD|CGD|72889973Y|1|07/10/2024|K42.0|S|L03.311|S|M06.9|S|E03.9|S|Z88.8|E|||||||||||||||||||||||||||||||0WQF0ZZ|0DBU0ZZ|BW201ZZ|BH49ZZZ|3E03329|3E033NZ|3E0337Z||||||||||||||||||||||||||||||228|1,0773|1|Sistema Nacional de Salud|-
220054|HOSPITAL DE BARBASTRO|182041|SCSR780812909012||12/08/1978|1|22338|08/10/2024||27|2|TRA|||||||||||10/10/2024|TRA|TRA|TRA|25196873M|1|09/10/2024|M23.331|S|M23.91|S|||||||||||||||||||||||||||||||||||||0SQC4ZZ||||||||||||||||||||||||||||||||||||313|1,1312|1|Sistema Nacional de Salud|-
220054|HOSPITAL DE BARBASTRO|12013|DMGB370349910016||09/03/1937|2|22300|02/10/2024||21|1|TRA|||||||||||10/10/2024|TRA|TRA|TRA|18054714J|2|04/10/2024|S72.101A|S|W19.XXXA|S|Y92.009|S|I10|S|E78.5|S|M81.0|S|E53.8|S|G50.0|S|K59.00|S|G47.00|S|D46.9|N|Z79.82|E|||||||||||||||||0QS636Z|30233N1|||||||||||||||||||||||||||||||||||308|1,4102|1|Sistema Nacional de Salud|-
220054|HOSPITAL DE BARBASTRO|52966|0VPZ910244910012||04/02/1991|2|22500|09/10/2024||27|2|CGD|||||||||||10/10/2024|CGD|CGD|CGD|17852991T|1|09/10/2024|L05.92|S|L73.2|S|||||||||||||||||||||||||||||||||||||0JB90ZZ||||||||||||||||||||||||||||||||||||383|,4196|1|Sistema Nacional de Salud|-
220054|HOSPITAL DE BARBASTRO|178642|HDMR880859218015||19/08/1988|2|22300|10/10/2024||27|2|GIN|||||||||||11/10/2024|GIN|GIN|GIN|72781954H|1|10/10/2024|Z30.2|E|||||||||||||||||||||||||||||||||||||||0UB74ZZ||||||||||||||||||||||||||||||||||||850|1,6787|1|Sistema Nacional de Salud|-
220054|HOSPITAL DE BARBASTRO|94795|PQGM720950909014||10/09/1972|2|22400|01/10/2024||27|2|TRA|||||||||||11/10/2024|TRA|TRA|TRA|Y2004544Q|1|04/10/2024|T84.623A|S|T81.83XA|S|Y83.1|E|S82.242A|S|S82.422A|S|X50.9XXA|S|Y93.41|S|||||||||||||||||||||||||||0QPH04Z|0QSH3BZ|||||||||||||||||||||||||||||||||||313|1,5233|1|Sistema Nacional de Salud|-
220054|HOSPITAL DE BARBASTRO|226347|||11/05/1940|2|22131|30/09/2024||21|1|MIR|||||||||||11/10/2024|MIR|MIR|MIR|25195530L|1||K80.50|S|C18.0|S|K91.61|N|Y84.8|N|I10|S|E78.5|S|E03.9|S|||||||||||||||||||||||||||0DBH8ZX|BW40ZZZ|BW201ZZ|3E033GC|3E033NZ|3E0337Z|3E013GC||||||||||||||0FC98ZZ|0W3P8ZZ|||||||8261/3||||||||284|,6359|1|Sistema Nacional de Salud|-
220054|HOSPITAL DE BARBASTRO|129802|BRYL820767218015||27/07/1982|2|22300|11/10/2024||27|2|URO|||||||||||13/10/2024|URO|URO|URO|Y9933326P|1|11/10/2024|N20.2|S|D50.9|S|Z85.820|E|||||||||||||||||||||||||||||||||||0TF78ZZ|0T9480Z|||||||||||||||||||||||||||||||||||443|1,0933|1|Sistema Nacional de Salud|-
220054|HOSPITAL DE BARBASTRO|74413|LZSP800658910012||18/06/1980|2|22400|10/10/2024||27|2|GIN|||||||||||13/10/2024|GIN|GIN|GIN|43558977J|1|11/10/2024|D25.9|S|||||||||||||||||||||||||||||||||||||||0UT90ZZ|0UT70ZZ|||||||||||||||||||||||||||8895/0||||||||519|,7015|1|Sistema Nacional de Salud|-
220054|HOSPITAL DE BARBASTRO|37235|SLGS890549910020||09/05/1989|2|22510|11/10/2024||21|1|OBS|||||||||||13/10/2024|OBS|OBS|OBS|47919222X|1||O48.0|S|O99.824|S|O70.1|N|O90.81|N|Z67.10|E|Z3A.41|E|||||||||||||||||||||||||||||10D07Z6|0W8NXZZ|3E0R3BZ|4A1HXCZ|||||||||||||||||||||||||||||||||566|,2688|1|Sistema Nacional de Salud|-
220054|HOSPITAL DE BARBASTRO|21745|RBSL501026910012||26/10/1950|1|22300|23/09/2024||27|2|MIR|13/10/2024|MIV|||||||||14/10/2024|MIV|MIV|MIV|18057684Q|2||D76.1|S|D61.818|S|N17.9|S|N18.9|S|K72.00|S|K75.4|S|D68.4|S|B55.0|S|R16.1|S|R73.09|N|T38.0X5A|N|A02.9|N|||||||||||||||||30233N1|3E03329|3E0333Z|30233R1|3E0436Z|3E013VG|4A12X4Z|4A13XB1|4A13XR1|4A10X4Z|0T9B70Z||||||||||||||||||||||||||661|1,745|1|Sistema Nacional de Salud|-
220054|HOSPITAL DE BARBASTRO|15182|CSDL530603910016||03/06/1953|1|22390|09/10/2024||21|1|MIR|||||||||||14/10/2024|MIR|MIR|MIR|18049390W|1||J98.8|S|I11.0|S|I50.9|S|E11.51|S|Z79.4|E|I48.20|S|Z79.01|E|G47.30|S|Z99.89|E|F32.A|S|F17.210|S|F10.21|S|E79.0|S|M19.90|S|E83.118|S|K44.9|S|M51.27|S|M81.0|S|E55.9|S|M99.83|S|B246ZZZ|3E03329|3E033GC|3E0F7GC|3E0333Z|3E0337Z|||||||||||||||||||||||||||||||144|,6508|1|Sistema Nacional de Salud|-
220054|HOSPITAL DE BARBASTRO|56506|CSDM530314910015||14/03/1953|1|22500|06/10/2024||21|1|MIR|||||||||||14/10/2024|MIR|MIR|MIR|18049390W|1||R78.81|S|B96.89|S|B96.1|S|U07.1|S|C78.7|S|C77.2|S|C25.0|S|E11.9|S|E78.5|S|K70.30|S|F10.90|S|F17.210|S|Z79.4|E|Z79.84|E|I73.9|S|M99.83|S|M47.9|S|M88.1|S|Z79.52|E|Z79.891|E|3E03329|3E0337Z|3E033NZ|BW201ZZ|||||||||||||||||||||||||8500/6|8500/3|||||||724|1,1944|1|Sistema Nacional de Salud|-
220054|HOSPITAL DE BARBASTRO|25980|BRLL440514910010||14/05/1944|1|22312|14/10/2024||27|2|CGD|||||||||||15/10/2024|CGD|CGD|CGD|50883390F|1|14/10/2024|K42.9|S|E66.9|S|I10|S|||||||||||||||||||||||||||||||||||0WUF0JZ||||||||||||||||||||||||||||||||||||228|,8181|1|Sistema Nacional de Salud|-
220054|HOSPITAL DE BARBASTRO|194038|||13/10/2015|1|22300|13/10/2024||27|2|ORL|||||||||||16/10/2024|ORL|ORL|ORL|26283260X|1|14/10/2024|J35.1|S|||||||||||||||||||||||||||||||||||||||0CTPXZZ||||||||||||||||||||||||||||||||||||097|,5411|1|Sistema Nacional de Salud|-
220054|HOSPITAL DE BARBASTRO|179756|TRNR620204910010||04/02/1962|1|50170|14/10/2024||27|2|CGD|||||||||||16/10/2024|CGD|CGD|CGD|73204652E|1|15/10/2024|C43.60|S|C77.3|S|I10|S|I25.2|E|Z79.82|E|||||||||||||||||||||||||||||||0JBD0ZZ|07B50ZX|07B10ZX|C75N1ZZ|||||||||||||||||||||||||8720/3||||||||364|,7312|1|Sistema Nacional de Salud|-
220054|HOSPITAL DE BARBASTRO|7641|SBCV410856910017||16/08/1941|2|22300|06/10/2024||21|1|MIR|07/10/2024|CAR|||||||||16/10/2024|CAR|CAR|CAR|73005036T|1||I51.81|S|I11.0|S|I50.9|S|I47.1|S|I48.0|S|K57.30|S|K29.50|S|E03.9|S|Z86.73|E|Z79.01|E|||||||||||||||||||||B448ZZZ|BW24ZZZ|B246ZZZ|4A02X4Z|3E013GC|3E033GC|||||||||||||||||||||||||||||||207|,5286|1|Sistema Nacional de Salud|-
220054|HOSPITAL DE BARBASTRO|101581|TTFJ381247904014||07/12/1938|2|22421|05/10/2024||21|1|MIR|11/10/2024|CGD|||||||||16/10/2024|CGD|CGD|CGD|72889973Y|1|10/10/2024|K92.2|S|R10.13|S|K91.71|N|K74.3|S|K57.30|S|K86.1|S|K50.90|S|K44.9|S|F32.A|S|Z95.3|E|Z90.49|E|M35.00|S|M19.90|S|Z86.11|E|||||||||||||0DQN0ZZ|0DJD0ZZ|BW201ZZ|BW20ZZZ|0DJD8ZZ|0DJ08ZZ|3E033NZ|3E03329|3E033GC|3E013GC|||||||||||||||||||||||||||223|,9688|1|Sistema Nacional de Salud|-
220054|HOSPITAL DE BARBASTRO|189464|DBCM611101910019||01/11/1961|1|22400|30/09/2024||21|1|MIR|||||||||||16/10/2024|MIR|MIR|MIR|17756249L|1||K85.20|S|K86.0|S|F10.20|S|E87.1|N|T43.505A|S|T50.2X5A|S|I10|S|K20.0|S|J44.1|S|K74.00|S|Z21|S|F99|S|F17.210|S|Z86.19|E|Z88.0|E|||||||||||BW40ZZZ|0DB18ZX|0DB38ZX|0DB68ZX|3E033NZ|3E0337Z|3E0F7GC||||||||||||||||||||||||||||||282|,6409|1|Sistema Nacional de Salud|-
220054|HOSPITAL DE BARBASTRO|226382|||01/01/1986|1|22520|02/10/2024||21|1|MIR|||||||||||17/10/2024|MIR|MIR|MIR|18045774C|1||B20|S|B59|S|A60.01|S|D61.818|S|E53.8|S|E55.9|S|E87.1|S|Z86.19|E|||||||||||||||||||||||||BW241ZZ|3E1F88X|3E0337Z|3E033NZ|||||||||||||||||||||||||||||||||892|1,0427|1|Sistema Nacional de Salud|-
220054|HOSPITAL DE BARBASTRO|3122|SNBR340266904010||26/02/1934|2|22300|08/10/2024||21|1|MIR|09/10/2024|GRT|||||||||17/10/2024|GRT|GRT|GERIATRIA|72000771F|1||J98.8|S|B95.3|S|I48.91|S|I11.0|S|I50.9|S|I35.0|S|I25.2|E|E78.5|S|F32.A|S|L89.623|S|L89.611|S|R54|S|K59.00|S|E46|S|Z79.02|E|Z95.0|E|Z59.3|E|Z74.09|S|||||4A02X4Z|3E03329|3E033NZ|3E033GC|3E0337Z|3E013GC|||||||||||||||||||||||||||||||144|,9353|1|Sistema Nacional de Salud|-
220054|HOSPITAL DE BARBASTRO|77646|MRCS300348910019||08/03/1930|2|22533|10/10/2024||21|1|MIV|12/10/2024|URO|||||||||18/10/2024|URO|URO|URO|Y9933326P|1|10/10/2024|A41.9|S|R65.20|S|N20.2|S|N17.9|S|I10|S|I48.91|S|D64.9|S|E55.9|S|F32.A|S|Z79.01|E|||||||||||||||||||||0T9480Z|4A12X4Z|4A13XB1|BW2110Z|3E03329|3E033GC|3E0337Z|3E033NZ|||||||||||||||||||||||||||||710|1,5322|1|Sistema Nacional de Salud|-
220054|HOSPITAL DE BARBASTRO|39023|BLPN591001910016||01/10/1959|1|22330|17/10/2024||27|2|CAR|||||||||||18/10/2024|CAR|CAR|CAR|Y6058219X|1||I48.19|S|Z87.891|E|||||||||||||||||||||||||||||||||||||5A2204Z||||||||||||||||||||||||||||||||||||201|,4272|1|Sistema Nacional de Salud|-
220054|HOSPITAL DE BARBASTRO|96749|RITR310369910017||29/03/1931|2|22500|22/09/2024||21|1|TRA|07/10/2024|GRT|||||||||18/10/2024|GRT|GRT|GERIATRIA|18047202E|1|27/09/2024|S72.011A|S|W19.XXXA|S|I48.91|S|R00.1|S|I13.0|S|I50.9|S|J96.92|S|E11.22|S|N18.9|S|N25.81|S|E78.5|S|I35.0|S|M17.9|S|D64.9|N|K56.41|S|F09|S|L89.152|S|B96.20|S|E55.9|S|M62.84|S|0SRR0J9|F07Z9ZZ|3E033GC|3E0F7SF|3E1H78Z|0T9B70Z|3E013VG||||||||||||||||||||||||||||||323|2,1747|1|Sistema Nacional de Salud|-
220054|HOSPITAL DE BARBASTRO|208856|||11/06/1935|1|22400|06/10/2024||21|1|MIR|||||||||||18/10/2024|MIR|MIR|MIR|17702334Q|1||N40.1|S|R39.15|S|R33.8|S|R30.0|S|N17.9|S|I50.9|S|M88.9|S|E11.9|S|E78.5|S|D50.9|S|G31.83|S|F02.80|S|K44.9|S|K20.90|S|K31.819|S|I35.2|S|Z86.73|E|Z79.4|E|Z79.84|E|||0T9B70Z|3E033NZ|3E0337Z|3E033GC|||||||||||||||||||||||||||||||||501|,5973|1|Sistema Nacional de Salud|-
220054|HOSPITAL DE BARBASTRO|224494|||25/07/1954|1|22450|07/10/2024||21|1|MIR|||||||||||20/10/2024|MIR|MIR|MIR|18052661F|4||J18.9|S|J96.90|S|G20|S|Z85.46|E|Z92.3|E|Z59.3|E|Z79.899|E|Z99.3|E|||||||||||||||||||||||||BW241ZZ|4A02X4Z|3E03329|3E0F7GC|3E0F7SF|3E0337Z|3E033GC|3E0333Z|3E013GC|3E033NZ|||||||||||||||||||||||||||139|,85|1|Sistema Nacional de Salud|-
220054|HOSPITAL DE BARBASTRO|158392|||10/10/1996|2|22400|18/10/2024||21|1|OBS|||||||||||20/10/2024|OBS|OBS|OBS|25153470A|1||O34.219|S|O48.0|S|O69.82X0|S|O70.0|N|Z3A.41|E|Z37.0|E|Z67.40|E|||||||||||||||||||||||||||10E0XZZ|3E0R3BZ|10907ZC|0UQGXZZ|4A1HXCZ||||||||||||||||||||||||||||||||560|,2876|1|Sistema Nacional de Salud|-
220054|HOSPITAL DE BARBASTRO|41102|LRGR370710910011||10/07/1937|1|22423|07/10/2024||21|1|MIR|||||||||||21/10/2024|MIR|MIR|MIR|18052661F|1||I50.9|S|I27.20|S|J44.9|S|N39.0|S|N40.0|S|Z22.322|E|Z22.39|E|E66.9|S|Z95.5|E|Z99.89|E|Z99.81|E|Z87.891|E|Z79.82|E|||||||||||||||4A02X4Z|3E033GC|3E0337Z||||||||||||||||||||||||||||||||||194|,6399|1|Sistema Nacional de Salud|-
220054|HOSPITAL DE BARBASTRO|95494|CMLL330556910010||16/05/1933|2|22400|03/10/2024||21|1|TRA|15/10/2024|GRT|||||||||21/10/2024|GRT|GRT|GERIATRIA|18048054T|1|08/10/2024|S72.102A|S|W19.XXXA|S|D64.9|N|F05|N|K59.00|S|R33.9|N|N39.0|S|B96.89|S|Z16.11|S|R13.19|S|N25.81|S|M35.3|S|I10|S|M16.9|S|M81.0|S|Z79.52|E|||||||||0QS736Z|B020ZZZ|30233N1|F07L6ZZ|0T9B70Z|3E03329|3E1H38Z||||||||||||||||||||||||||||||308|1,4102|1|Sistema Nacional de Salud|-
220054|HOSPITAL DE BARBASTRO|42991|BLMD340528910012||28/05/1934|1|22300|04/10/2024||21|1|MIR|||||||||||22/10/2024|MIR|MIR|MIR|45942132T|4||I11.0|S|I50.33|S|J44.1|S|J96.20|S|I20.0|N|I34.0|S|I48.21|S|D47.2|S|Z95.3|E|Z86.73|E|Z79.01|E|||||||||||||||||||3E0333Z|3E033GC|3E0F7GC|3E013VG|3E033NZ|3E03329|||||||||||||||||||||||9765/1||||||||194|,9142|1|Sistema Nacional de Salud|-
220054|HOSPITAL DE BARBASTRO|72958|SNSP700910910017||10/09/1970|1|22400|21/10/2024||27|2|CGD|||||||||||22/10/2024|CGD|CGD|CGD|18025531V|1|21/10/2024|K80.10|S|K76.0|S|I10|S|E11.9|S|E78.5|S|F17.210|S|Z79.84|E|||||||||||||||||||||||||||0FT44ZZ||||||||||||||||||||||||||||||||||||263|,9851|1|Sistema Nacional de Salud|-
220054|HOSPITAL DE BARBASTRO|128691|AR400823430D||16/01/1956|1|22535|17/10/2024||27|2|URO|||||||||||23/10/2024|URO|URO|URO|28626568D|1|18/10/2024|N40.1|S|N13.8|S|Z96.0|S|N21.0|S|D47.1|S|Z79.899|E|Z86.11|E|||||||||||||||||||||||||||0VB08ZZ|0TCB3ZZ|||||||||||||||||||||||||||9961/3||||||||482|,8616|1|Sistema Nacional de Salud|-
220054|HOSPITAL DE BARBASTRO|14372|RMCL440817910013||17/08/1944|1|22300|22/10/2024||27|2|URO|||||||||||23/10/2024|URO|URO|URO|Y9933326P|1|22/10/2024|N47.1|S|N48.1|S|N35.914|S|N40.0|S|I48.21|S|E79.0|S|E66.9|S|R79.1|S|Z79.01|E|Z88.6|E|||||||||||||||||||||0VNSXZZ|0VTTXZZ|0T7D8ZZ||||||||||||||||||||||||||||||||||483|1,2858|1|Sistema Nacional de Salud|-
220054|HOSPITAL DE BARBASTRO|118137|PRPR470557910015||17/05/1947|2|22367|17/10/2024||30|1|MIR|||||||||||23/10/2024|MIR|MIR|MIR|17202610J|1||Z48.812|E|Z95.0|E|J18.9|S|J22|S|I10|S|M35.00|S|D50.9|S|E79.0|S|Z86.16|E|||||||||||||||||||||||4A02X4Z|3E0F7GC|3E0333Z|3E03329|3E033GC||||||||||||||||||||||||||||||||862|,7875|1|Sistema Nacional de Salud|-
220054|HOSPITAL DE BARBASTRO|69716|NSSL520628910013||28/06/1952|1|22400|10/10/2024||21|1|MIR|||||||||||24/10/2024|MIR|MIR|MIR|18052661F|1||K83.09|S|K80.20|S|R78.81|S|B96.20|S|E11.65|S|I10|S|F17.210|S|Z85.46|E|Z90.79|E|Z79.82|E|Z79.84|E|||||||||||||||||||BW201ZZ|3E03329|3E0337Z|3E033GC|3E013GC|3E033NZ|3E013VG||||||||||||||BF35ZZZ|BF37ZZZ|||||||||||||||284|,8061|1|Sistema Nacional de Salud|-
220054|HOSPITAL DE BARBASTRO|226612|||09/11/1961|1|53276|24/10/2024||21|1|MIV|||||||||||25/10/2024|MIV|MIV|MIV|18037519E|2|24/10/2024|S32.509A|S|S33.2XXA|S|S32.10XA|S|S35.90XA|S|V27.49XA|S|Y92.410|S|I10|S|E78.5|S|||||||||||||||||||||||||0QS235Z|0QS335Z|BR2C0ZZ|BW211ZZ|3E033NZ|3E033GC|3E0337Z||||||||||||||||||||||||||||||320|2,176|6|Financiación Mixta|-
220054|HOSPITAL DE BARBASTRO|126210|GMRF010746910014||06/07/2001|2|22500|18/10/2024||21|1|URO|||||||||||25/10/2024|URO|URO|URO|28626568D|1||N10|S|Q62.5|E|||||||||||||||||||||||||||||||||||||BW40ZZZ|3E03329|3E033NZ|3E0337Z|||||||||||||||||||||||||||||||||463|,4576|1|Sistema Nacional de Salud|-
220054|HOSPITAL DE BARBASTRO|144933|FLPN290724910016||24/07/1929|1|22560|20/10/2024||21|1|MIR|21/10/2024|GRT|||||||||25/10/2024|GRT|GRT|GERIATRIA|18048054T|1||I13.0|S|I50.9|S|N17.9|S|N18.9|S|I48.92|S|E79.0|S|E55.9|S|N25.81|S|K59.00|S|E78.00|S|Z79.01|E|Z79.84|E|||||||||||||||||4A02X4Z|3E033GC|3E0333Z|3E0337Z|3E0F7GC||||||||||||||||||||||||||||||||194|,6399|1|Sistema Nacional de Salud|-
220054|HOSPITAL DE BARBASTRO|10364|JMPL440253904016||13/02/1944|2|22300|14/10/2024||21|1|MIR|||||||||||25/10/2024|MIR|MIR|MIR|17702334Q|1||L89.159|S|D50.9|S|G31.83|S|F02.80|S|I10|S|E78.5|S|E03.9|S|Z86.16|E|Z59.3|E|Z88.2|E|||||||||||||||||||||4A02X4Z|3E03329|3E033GC||||||||||||||||||||||||||||||||||380|,6741|1|Sistema Nacional de Salud|-
220054|HOSPITAL DE BARBASTRO|99769|PLBD621227910019||27/12/1962|1|22300|08/10/2024||21|1|MIR|||||||||||25/10/2024|MIR|MIR|MIR|18052661F|1||A37.00|S|R55|S|S09.90XA|S|W19.XXXA|S|J45.901|S|G47.33|S|Z99.89|E|Z87.891|E|||||||||||||||||||||||||B020ZZZ|B246ZZZ|4A02X4Z|4A12X4Z|3E0F7GC|3E0333Z|3E03329|3E033NZ|||||||||||||||||||||||||||||144|,6508|1|Sistema Nacional de Salud|-
220054|HOSPITAL DE BARBASTRO|127669|GRGR730509910011||09/05/1973|1|22364|20/10/2024||21|1|MIR|||||||||||25/10/2024|MIR|MIR|MIR|18045774C|1||N17.9|S|N11.9|S|N30.90|S|T83.83XA|S|Y84.6|S|I10|S|E11.9|S|N18.4|S|R33.9|S|E78.00|S|E79.0|S|H47.393|S|K76.0|S|F17.210|S|H52.4|S|Z80.0|E|Z79.84|E|Z91.199|E|||||3E0337Z|0T9B70Z|BW20ZZZ|BT43ZZZ|B348ZZ3|B246ZZZ|4A02X4Z|4A07X0Z|4A07XBZ|08J0XZZ|08J1XZZ|3E013VG|3E033NZ|3E033GC|||||||||||||||||||||||469|,5905|1|Sistema Nacional de Salud|-
220054|HOSPITAL DE BARBASTRO|207527|||13/01/1990|2|22300|26/10/2024||21|1|OBS|||||||||||29/10/2024|OBS|OBS|OBS|72781954H|1|26/10/2024|O65.4|S|O34.219|S|O90.81|N|Z3A.39|E|Z67.41|E|Z37.0|E|||||||||||||||||||||||||||||10D00Z1|4A1HXCZ|||||||||||||||||||||||||||||||||||540|,4756|1|Sistema Nacional de Salud|-
220054|HOSPITAL DE BARBASTRO|177076|SSBL310160910013||20/01/1931|2|22558|11/10/2024||21|1|MIR|||||||||||29/10/2024|MIR|MIR|MIR|18055798Q|1||N39.0|S|B96.20|S|Z16.12|S|I13.0|S|I50.9|S|N17.9|S|N18.4|S|E87.20|S|F05|N|M15.9|S|R07.89|S|I44.7|S|E78.5|S|F32.A|S|K44.9|S|K57.90|S|Z90.710|E|Z90.722|E|Z88.1|E|Z88.8|E|3E03329|3E0F7GC|3E0337Z|3E033NZ|3E033GC|4A02X4Z|0T9B70Z|3E0F7SF|||||||||||||||||||||||||||||463|,5581|1|Sistema Nacional de Salud|-
220054|HOSPITAL DE BARBASTRO|19876|SLRS751122910011||22/11/1975|1|22535|27/10/2024||27|2|MIR|||||||||||29/10/2024|MIR|MIR|MIR|18018095X|1||R74.01|S|||||||||||||||||||||||||||||||||||||||0FB03ZX|BF45ZZZ|||||||||||||||||||||||||||||||||||861|,4785|1|Sistema Nacional de Salud|-
220054|HOSPITAL DE BARBASTRO|164586|BLLB540407910012||07/04/1954|1|22500|29/10/2024||27|2|URO|||||||||||29/10/2024|URO|URO|URO||1|29/10/2024|C61|S|Z92.3|E|||||||||||||||||||||||||||||||||||||0VB07ZX|BV49ZZZ|||||||||||||||||||||||||||8550/3||||||||500|,6173|1|Sistema Nacional de Salud|-
220054|HOSPITAL DE BARBASTRO|226634|||24/03/2004|1|22400|28/10/2024||27|2|TRA|||||||||||30/10/2024|TRA|TRA|TRA|Y2004544Q|1|29/10/2024|S62.300A|S|W22.09XA|E|||||||||||||||||||||||||||||||||||||0PSP34Z|3E0333Z|||||||||||||||||||||||||||||||||||316|,8026|1|Sistema Nacional de Salud|-
220054|HOSPITAL DE BARBASTRO|222120|||09/09/1990|2|22349|29/10/2024||21|1|URO|||||||||||30/10/2024|URO|URO|URO|Y9933326P|1|29/10/2024|N23|S|||||||||||||||||||||||||||||||||||||||0T9480Z|BW211ZZ|3E033NZ|3E013GC|3E0337Z||||||||||||||||||||||||||||||||443|1,0933|1|Sistema Nacional de Salud|-
220054|HOSPITAL DE BARBASTRO|28355|GMVZ830611901018||11/06/1983|1|22400|27/10/2024||27|2|CGD|||||||||||30/10/2024|CGD|CGD|CGD|19005451E|1|28/10/2024|K44.9|S|K21.00|S|K42.9|S|||||||||||||||||||||||||||||||||||0DV44ZZ|0BQT4ZZ|0BQT4ZZ|0WQF0ZZ|||||||||||||||||||||||||||||||||220|1,2909|1|Sistema Nacional de Salud|-
220054|HOSPITAL DE BARBASTRO|19850|MRGL250831904015||31/08/1925|1|22300|24/10/2024||21|1|MIR|25/10/2024|GRT|||||||||30/10/2024|GRT|GRT|GERIATRIA|18071569D|1||N39.0|S|B96.1|S|Z16.12|S|I13.2|S|E11.22|S|N18.5|S|E11.40|S|E11.621|S|L97.429|S|N40.0|S|G31.84|S|M25.512|S|F05|S|I82.511|S|I82.531|S|Z85.038|E|Z90.49|E|Z95.0|E|Z59.3|E|Z99.3|E|3E03329|0T9B70Z|3E033NZ|0JDR0ZZ|BW40ZZZ|3E0337Z|3E033GC||||||||||||||||||||||||||||||951|1,467|1|Sistema Nacional de Salud|-
220054|HOSPITAL DE BARBASTRO|56374|CRRM280604910019||04/06/1928|1|22300|28/10/2024||21|1|MIR|29/10/2024|GRT|||||||||31/10/2024|GRT|GRT|GERIATRIA|18047202E|4||J93.83|S|J96.90|S|D49.1|S|Z51.5|E|Z87.891|E|E87.1|S|I10|S|E11.9|S|I48.91|S|||||||||||||||||||||||3E0337Z|3E013GC|3E033NZ||||||||||||||||||||||||||8000/1||||||||143|1,0109|1|Sistema Nacional de Salud|-
220054|HOSPITAL DE BARBASTRO|99835|RTSM261229910018||29/12/1926|1|22390|27/10/2024||21|1|MIR|28/10/2024|CAR|28/10/2024|GRT|||||||31/10/2024|GRT|GRT|GERIATRIA|18047202E|1||N39.0|S|B95.2|S|N39.3|S|I10|S|E11.22|S|E78.5|S|N40.0|S|I25.2|E|Z87.440|E|Z95.3|E|||||||||||||||||||||0T9B70Z|BT4JZZZ|3E03329||||||||||||||||||||||||||||||||||463|,5581|1|Sistema Nacional de Salud|-
220054|HOSPITAL DE BARBASTRO|53082|FRBH630469250018||29/04/1963|2|22400|29/10/2024||27|2|CGD|||||||||||31/10/2024|CGD|CGD|CGD|72889973Y|1|29/10/2024|K43.2|S|E78.5|S|||||||||||||||||||||||||||||||||||||0WUF0JZ||||||||||||||||||||||||||||||||||||227|1,0731|1|Sistema Nacional de Salud|-
220054|HOSPITAL DE BARBASTRO|226183|||03/06/1966|1|22400|29/10/2024||27|2|URO|||||||||||31/10/2024|URO|URO|URO|28626568D|1|29/10/2024|C67.6|S|C77.5|S|I10|S|E78.5|S|Z79.69|E|||||||||||||||||||||||||||||||0TB78ZZ||||||||||||||||||||||||||||8120/3|8120/6|||||||442|1,2835|1|Sistema Nacional de Salud|-
220054|HOSPITAL DE BARBASTRO|142682|NCNV460508910010||08/05/1946|1|22482|29/10/2024||27|2|URO|||||||||||31/10/2024|URO|URO|URO|28626568D|1|29/10/2024|D09.0|S|Z87.891|E|||||||||||||||||||||||||||||||||||||0TBB8ZZ||||||||||||||||||||||||||||8130/2||||||||446|,7682|1|Sistema Nacional de Salud|-
220054|HOSPITAL DE BARBASTRO|86638|PNBR500546910019||06/05/1950|2|22400|21/10/2024||21|1|TRA|||||||||||31/10/2024|TRA|TRA|TRA|73090858D|1|25/10/2024|S72.012A|S|W19.XXXA|E|E03.9|S|M25.50|S|||||||||||||||||||||||||||||||||0SRS0JZ||||||||||||||||||||||||||||||||||||323|1,4375|1|Sistema Nacional de Salud|-
220054|HOSPITAL DE BARBASTRO|79475|CRNS590829910010||29/08/1959|1|22400|27/10/2024||21|1|MIR|||||||||||01/11/2024|MIR|MIR|MIR|18052661F|4||C78.7|S|R18.0|S|I44.2|N|C78.6|S|K70.31|S|C78.01|S|C78.02|S|C77.8|S|Z85.038|E|Z90.49|E|I85.10|S|K76.6|S|K31.89|S|E11.9|S|I10|S|I42.0|S|N40.0|S|G71.228|S|Z79.01|E|Z79.84|E|0W9G3ZZ|0W9G3ZX|3E033NZ|3E033GC|3E013VG|3E0337Z|3E03329|3E1H78Z|||||||||||||||||||||8140/6||||||||281|1,1325|1|Sistema Nacional de Salud|-
220054|HOSPITAL DE BARBASTRO|4972|TJGR540842910019||02/08/1954|2|22300|25/10/2024||21|1|CGD|||||||||||01/11/2024|CGD|CGD|CGD|50883390F|1||K80.50|S|Z90.49|E|I10|S|E78.5|S|E55.9|S|F32.A|S|M31.0|S|M81.0|S|M19.90|S|N20.0|S|||||||||||||||||||||BW20ZZZ|3E0337Z|3E03329|3E033NZ|3E013GC||||||||||||||||0FC98ZZ||||||||||||||||284|,8061|1|Sistema Nacional de Salud|-
220054|HOSPITAL DE BARBASTRO|60830|GDMN570449910019||09/04/1957|2|22300|24/10/2024||27|2|TRA|||||||||||02/11/2024|TRA|TRA|TRA|18054714J|1|25/10/2024|M87.252|S|M81.8|S|||||||||||||||||||||||||||||||||||||0SRE0J9|0SRS03Z|||||||||||||||||||||||||||||||||||324|1,2616|1|Sistema Nacional de Salud|-
220054|HOSPITAL DE BARBASTRO|193483|CBLG580941904017||01/09/1958|2|22500|30/10/2024||27|2|CGD|||||||||||02/11/2024|CGD|CGD|CGD|73204652E|1|30/10/2024|K64.3|S|J43.9|S|J45.909|S|Z99.81|E|I10|S|E78.00|S|E11.9|S|F32.A|S|||||||||||||||||||||||||06BY0ZC||||||||||||||||||||||||||||||||||||226|,8052|1|Sistema Nacional de Salud|-
220054|HOSPITAL DE BARBASTRO|177009|MNGL590309910013||09/03/1959|1|22300|11/10/2024||21|1|MIR|||||||||||04/11/2024|MIR|MIR|MIR|25195530L|4||C80.1|S|C78.39|S|C78.7|S|C77.8|S|C78.1|S|C79.51|S|C78.01|S|J38.02|S|F17.210|S|||||||||||||||||||||||3E0436Z|3E033NZ|0BB38ZX|07B13ZX|BW4FZZZ|BW241ZZ|3E03305|3E0337Z|3E0F7GC|3E0333Z|3E013VG|3E03329|3E013GC|3E033GC|||||||CW3NYZZ||||||||8010/3|8010/6|||||||681|1,5983|1|Sistema Nacional de Salud|-
220054|HOSPITAL DE BARBASTRO|41102|LRGR370710910011||10/07/1937|1|22423|03/11/2024||21|1|MIR|||||||||||05/11/2024|MIR|MIR|MIR|18049390W|4||I50.9|S|J96.92|S|J44.9|S|I27.20|S|E66.9|S|Z99.81|E|Z99.89|E|Z74.09|S|||||||||||||||||||||||||3E033GC|3E0F7GC|3E033NZ|3E013GC|3E0337Z||||||||||||||||||||||||||||||||194|,9142|1|Sistema Nacional de Salud|-
220054|HOSPITAL DE BARBASTRO|129813|MRCS600822910018||22/08/1960|1|22450|26/10/2024||21|1|TRA|||||||||||05/11/2024|TRA|TRA|TRA|18054714J|1|29/10/2024|S72.012A|S|W19.XXXA|S|I10|S|||||||||||||||||||||||||||||||||||0SRB04Z||||||||||||||||||||||||||||||||||||323|1,4375|1|Sistema Nacional de Salud|-
220054|HOSPITAL DE BARBASTRO|210954|||21/05/2000|2|22540|03/11/2024||21|1|OBS|||||||||||05/11/2024|OBS|OBS|OBS|73003838K|1||O48.0|S|Z3A.41|E|O99.334|S|F17.210|S|O90.81|N|Z67.10|E|Z37.0|E|||||||||||||||||||||||||||10E0XZZ|3E0R3BZ|10907ZC|4A1HXCZ|||||||||||||||||||||||||||||||||560|,2876|1|Sistema Nacional de Salud|-
220054|HOSPITAL DE BARBASTRO|186800|SLBL840829910016||29/08/1984|1|22590|04/11/2024||27|2|ORL|||||||||||05/11/2024|ORL|ORL|ORL|26283260X|1|04/11/2024|J38.7|S|||||||||||||||||||||||||||||||||||||||0CBV8ZZ||||||||||||||||||||||||||||||||||||115|,4819|1|Sistema Nacional de Salud|-
220054|HOSPITAL DE BARBASTRO|205441|||10/12/2002|2|22400|03/11/2024||21|1|OBS|||||||||||06/11/2024|OBS|OBS|OBS|76974873Z|1||O90.81|N|Z67.40|E|Z3A.39|E|Z37.0|E|Z88.8|E|||||||||||||||||||||||||||||||10E0XZZ|0W8NXZZ|3E0R3BZ|10907ZC|4A12X4Z||||||||||||||||||||||||||||||||560|,2876|1|Sistema Nacional de Salud|-
220054|HOSPITAL DE BARBASTRO|76675|LNLT550912910017||12/09/1955|1|22330|05/11/2024||27|2|URO|||||||||||06/11/2024|URO|URO|URO|Y9933326P|1|05/11/2024|N32.0|S|N35.919|S|Z09|E|Z86.008|E|I10|S|K76.0|S|Z85.46|E|Z92.3|E|||||||||||||||||||||||||0T7C8ZZ|0T7D8ZZ|0TJB8ZZ||||||||||||||||||||||||||||||||||468|,4959|1|Sistema Nacional de Salud|-
220054|HOSPITAL DE BARBASTRO|4543|BRRR640603910014||03/06/1964|1|22400|30/10/2024||21|1|MIR|||||||||||06/11/2024|MIR|MIR|MIR|25195530L|1||A41.9|S|K83.09|S|T83.598A|S|N39.0|S|N13.9|S|C61|S|C78.7|S|C77.2|S|C79.51|S|C79.52|S|D63.0|S|D69.6|S|||||||||||||||||BW40ZZZ|B02010Z|30233N1|3E03329|3E033NZ|3E0333Z|3E033WK||||||||||||||BF35ZZZ|BF37ZZZ|||||||8140/6|8140/3|||||||720|1,0915|1|Sistema Nacional de Salud|-
220054|HOSPITAL DE BARBASTRO|146760|FRFR720527901018||27/05/1972|1|22193|06/11/2024||27|2|CGD|||||||||||07/11/2024|CGD|CGD|CGD|19005451E|1|06/11/2024|K40.90|S|||||||||||||||||||||||||||||||||||||||0YU64JZ||||||||||||||||||||||||||||||||||||228|,8181|1|Sistema Nacional de Salud|-
220054|HOSPITAL DE BARBASTRO|149672|MSXX980159642015||19/01/1998|2|22300|05/11/2024||21|1|URO|||||||||||07/11/2024|URO|URO|URO|28626568D|1||N13.2|S|N23|S|Z86.718|E|Z86.711|E|||||||||||||||||||||||||||||||||BW20ZZZ|3E033NZ|3E0337Z||||||||||||||||||||||||||||||||||465|,6169|1|Sistema Nacional de Salud|-
220054|HOSPITAL DE BARBASTRO|221683|||10/12/1990|2|22469|06/11/2024||27|2|CGD|||||||||||07/11/2024|CGD|CGD|CGD|73210877Z|1|06/11/2024|D24.2|S|Z80.3|E|||||||||||||||||||||||||||||||||||||0HBU0ZZ||||||||||||||||||||||||||||9010/0||||||||363|1,1044|1|Sistema Nacional de Salud|-
220054|HOSPITAL DE BARBASTRO|103947|103947||27/12/1947|1|22423|02/11/2024||21|1|MIR|04/11/2024|GRT|||||||||07/11/2024|GRT|GRT|GERIATRIA|18071569D|1||N13.6|S|B96.20|S|Z16.12|S|E46|S|K52.9|S|I67.3|S|F03.90|S|F20.0|S|E53.8|S|Z59.3|E|Z74.09|S|||||||||||||||||||3E03329|3E033NZ|3E013GC|3E033GC|||||||||||||||||||||||||||||||||463|,7681|1|Sistema Nacional de Salud|-
220054|HOSPITAL DE BARBASTRO|204635|||24/07/1985|2|22520|07/11/2024||27|2|GIN|||||||||||07/11/2024|GIN|GIN|GIN|73010241F|1|07/11/2024|N90.7|S|Z80.42|E|||||||||||||||||||||||||||||||||||||0UBMXZZ||||||||||||||||||||||||||||||||||||518|,7864|1|Sistema Nacional de Salud|-
220054|HOSPITAL DE BARBASTRO|26229|CLGM870268910018||28/02/1987|2|22300|07/11/2024||21|1|OBS|||||||||||08/11/2024|OBS|OBS|OBS|73010241F|1||O47.1|S|Z3A.37|E|Z37.0|E|||||||||||||||||||||||||||||||||||3E03329||||||||||||||||||||||||||||||||||||566|,2688|1|Sistema Nacional de Salud|-
220054|HOSPITAL DE BARBASTRO|15961|CSLR670221910016||21/02/1967|1|22400|06/11/2024||27|2|TRA|||||||||||08/11/2024|TRA|TRA|TRA|18054714J|1|07/11/2024|S52.572A|S|W19.XXXA|S|E10.9|S|||||||||||||||||||||||||||||||||||0PSJ04Z||||||||||||||||||||||||||||||||||||315|,898|1|Sistema Nacional de Salud|-
220054|HOSPITAL DE BARBASTRO|153400|HDST790555901012||15/05/1979|2|22300|07/11/2024||21|1|NRL|||||||||||08/11/2024|NRL|NRL|NRL|72993238R|1||R20.1|S|G81.94|S|R29.810|S|R40.2142|S|R40.2362|S|R40.2252|S|Z73.3|E|Z98.84|E|||||||||||||||||||||||||B020ZZZ|B32R1ZZ|B3281ZZ|4A02X4Z|3E033NZ||||||||||||||||B030ZZZ||||||||||||||||058|,7111|1|Sistema Nacional de Salud|-
220054|HOSPITAL DE BARBASTRO|47247|LFSL500213910011||13/02/1950|1|22338|26/10/2024||21|1|MIR|||||||||||08/11/2024|MIR|MIR|MIR|72987424Y|1||L03.116|S|R78.81|S|B95.0|S|N17.9|S|I11.0|S|I50.9|S|U07.1|S|B00.1|S|E78.5|S|G81.94|S|G40.909|S|S06.5X0S|E|I44.0|S|E55.9|S|Z91.09|E|Z88.1|E|E66.9|S|||||||3E03329|3E033NZ|3E013VG|3E0337Z|3E0333Z||||||||||||||||||||||||||||||||383|,8671|1|Sistema Nacional de Salud|-
220054|HOSPITAL DE BARBASTRO|97216|0000000000097216||01/05/1927|2|22300|23/10/2024||21|1|MIR|24/10/2024|GRT|||||||||08/11/2024|GRT|GRT|GERIATRIA|18071569D|1||I48.91|S|I11.0|S|I50.9|S|F03.B0|S|R13.19|S|L89.159|S|L08.9|S|K57.30|S|R40.0|N|T43.505A|N|R92.8|S|||||||||||||||||||BW40ZZZ|B020ZZZ|BW24ZZZ|BW2FZZZ|4A02X4Z|3E033GC|3E033NZ|3E03329|3E033RZ|3E0337Z|||||||||||||||||||||||||||201|,5604|1|Sistema Nacional de Salud|-
220054|HOSPITAL DE BARBASTRO|144946|BCRG670557910012||17/05/1967|2|22520|04/11/2024||27|2|TRA|||||||||||09/11/2024|TRA|TRA|TRA|72754952H|1|08/11/2024|S52.502A|S|S52.602A|S|W19.XXXA|S|||||||||||||||||||||||||||||||||||0PSJ04Z|0PSLXZZ|||||||||||||||||||||||||||||||||||315|,898|1|Sistema Nacional de Salud|-
220054|HOSPITAL DE BARBASTRO|11624|LLBR560305910012||05/03/1956|1|22148|06/11/2024||21|1|CGD|||||||||||10/11/2024|CGD|CGD|CGD|17852991T|1||K81.0|S|R17|S|I10|S|J44.9|S|E78.5|S|D29.1|S|||||||||||||||||||||||||||||BW201ZZ|3E013GC|3E0337Z|3E033NZ|3E03329||||||||||||||||BF35ZZZ|BF37ZZZ|||||||8140/0||||||||284|,8061|1|Sistema Nacional de Salud|-
220054|HOSPITAL DE BARBASTRO|70103|BSGR921245910010||05/12/1992|2|22500|08/11/2024||21|1|OBS|||||||||||10/11/2024|OBS|OBS|OBS|17454462S|1||O48.0|S|O90.81|N|Z3A.40|E|Z37.0|E|Z67.40|E|||||||||||||||||||||||||||||||10E0XZZ|3E0R3BZ|4A1HXCZ||||||||||||||||||||||||||||||||||560|,2876|1|Sistema Nacional de Salud|-
220054|HOSPITAL DE BARBASTRO|4669|CSGL590727910013||27/07/1959|1|22300|05/11/2024||27|2|URO|||||||||||10/11/2024|URO|URO|URO|Y9933326P|1|06/11/2024|C61|S|I10|S|||||||||||||||||||||||||||||||||||||0VT04ZZ|0VTQ4ZZ|0VT34ZZ|07TC4ZZ|||||||||||||||||||||||||8550/3||||||||480|1,1363|1|Sistema Nacional de Salud|-
220054|HOSPITAL DE BARBASTRO|87819|FRRC551265910016||25/12/1955|2|22520|04/11/2024||21|1|MIR|05/11/2024|NML|||||||||11/11/2024|NML|NML|NML|18056444H|1||U07.1|S|J12.82|S|J15.9|S|J47.0|S|J96.00|S|||||||||||||||||||||||||||||||3E03329|XW033E5|3E0F7GC|3E0333Z|3E013GC|3E033NZ|3E0F7SF|3E0337Z|||||||||||||||||||||||||||||137|1,5997|1|Sistema Nacional de Salud|-
220054|HOSPITAL DE BARBASTRO|178157|DLSL410207910023||07/02/1941|1|22540|10/11/2024||21|1|MIV|||||||||||11/11/2024|MIV|MIV|MIV|18040941V|2||I44.1|S|I10|S|||||||||||||||||||||||||||||||||||||4A12X4Z|B246ZZZ|4A13XB1|4A13XR1|3E033GC|3E0337Z|3E0F7SF||||||||||||||||||||||||||||||201|,5604|1|Sistema Nacional de Salud|-
220054|HOSPITAL DE BARBASTRO|19011|PLCR311125910017||25/11/1931|1|22148|02/11/2024||21|1|NRL|||||||||||12/11/2024|NRL|NRL|NRL|72993238R|1||I63.81|S|G46.5|S|R47.1|S|R29.704|S|G81.91|S|R40.2143|S|R40.2253|S|R40.2363|S|I12.9|S|N18.9|S|I35.1|S|R00.8|S|H26.101|S|X58.XXXS|S|||||||||||||B020ZZZ|4A12X4Z|4A02X4Z|B246ZZZ|3E033GC|3E0337Z|3E013VG|3E013GC|3E1H78Z||||||||||||||||||||||||||||045|,8638|1|Sistema Nacional de Salud|-
220054|HOSPITAL DE BARBASTRO|214114|||11/05/1964|1|22390|11/11/2024||21|1|TRA|||||||||||13/11/2024|TRA|TRA|TRA|73081613X|1|12/11/2024|S82.832A|S|W19.XXXA|S|I10|S|E66.9|S|G47.33|S|F17.210|S|Z99.89|E|Z85.46|E|||||||||||||||||||||||||0QSK04Z||||||||||||||||||||||||||||||||||||313|1,1312|1|Sistema Nacional de Salud|-
220054|HOSPITAL DE BARBASTRO|186383|MRLN720424910014||24/04/1972|1|22470|13/11/2024||27|2|CGD|||||||||||13/11/2024|CGD|CGD|CGD|77133926E|1|13/11/2024|R59.0|S|E11.9|S|K86.1|S|K86.81|S|K83.09|S|Z79.4|E|||||||||||||||||||||||||||||07B10ZX||||||||||||||||||||||||||||||||||||651|,9912|1|Sistema Nacional de Salud|-
220054|HOSPITAL DE BARBASTRO|76295|CRFR720269901012||29/02/1972|2|22520|12/11/2024||27|2|CGD|||||||||||13/11/2024|CGD|CGD|CGD|77133926E|1|12/11/2024|K64.1|S|F43.20|S|Z91.041|E|||||||||||||||||||||||||||||||||||06BY0ZC||||||||||||||||||||||||||||||||||||226|,8052|1|Sistema Nacional de Salud|-
220054|HOSPITAL DE BARBASTRO|123475|SNPL490370910011||30/03/1949|2|22423|11/11/2024||21|1|MIR|||||||||||14/11/2024|MIR|MIR|MIR|18055798Q|4||G00.1|S|J13|S|C78.6|S|C80.1|S|I10|S|D35.1|S|E21.0|S|Z85.72|E|Z90.81|E|Z79.69|E|I48.0|S|||||||||||||||||||B0201ZZ|009U3ZX|B246ZZZ|3E03329|3E0337Z|3E0333Z|3E013GC|3E0F7GC|3E033GC||||||||||||||||||||8010/3|8010/6|8140/0||||||049|1,8056|1|Sistema Nacional de Salud|-
220054|HOSPITAL DE BARBASTRO|152900|RSPN561202910014||02/12/1956|1|22500|12/11/2024||27|2|URO|||||||||||14/11/2024|URO|URO|URO|Y9933326P|1|12/11/2024|D09.0|S|I10|S|E78.5|S|M06.9|S|I49.3|S|L27.0|N|T46.4X5A|N|Z87.891|E|Z88.8|E|||||||||||||||||||||||0TBB8ZZ|3E0K705|||||||||||||||||||||||||||8130/2||||||||446|,7682|1|Sistema Nacional de Salud|-
220054|HOSPITAL DE BARBASTRO|96796|NSBR350509910019||09/05/1935|1|22423|08/11/2024||21|1|MIR|||||||||||14/11/2024|MIR|MIR|MIR|72987424Y|1||K92.2|S|D50.0|S|N17.9|S|I10|S|I48.91|S|Z79.01|E|Z95.0|E|Z59.3|E|Z85.51|E|||||||||||||||||||||||3E033GC|3E0F7SF|3E033NZ|3E0337Z|3E013GC||||||||||||||||||||||||||||||||253|,6996|1|Sistema Nacional de Salud|-
220054|HOSPITAL DE BARBASTRO|68208|BXGR460613910011||13/06/1946|1|22500|07/11/2024||21|1|MIR|08/11/2024|GRT|||||||||15/11/2024|GRT|GRT|GERIATRIA|18047202E|4||J69.0|S|J96.90|S|R13.19|S|L89.154|S|L89.204|S|I12.9|S|E11.22|S|N18.9|S|C88.4|S|E78.5|S|E66.9|S|I25.10|S|E79.0|S|J45.909|S|F03.90|S|Z86.73|E|Z79.82|E|Z79.891|E|||||3E03329|3E0F7GC|3E013VG|3E0333Z|3E0337Z|3E013GC|3E033NZ||||||||||||||||||||||9699/3||||||||137|1,5997|1|Sistema Nacional de Salud|-
220054|HOSPITAL DE BARBASTRO|77694|VLSG660545910010||05/05/1966|2|22590|14/11/2024||27|2|CGD|||||||||||15/11/2024|CGD|CGD|CGD|73210877Z|1|14/11/2024|K64.4|S|K64.8|S|Z88.0|E|||||||||||||||||||||||||||||||||||06BY0ZC||||||||||||||||||||||||||||||||||||226|,8052|1|Sistema Nacional de Salud|-
220054|HOSPITAL DE BARBASTRO|62647|MRLP600860910018||20/08/1960|2|22300|13/11/2024||27|2|CGD|||||||||||15/11/2024|CGD|CGD|CGD|73204652E|1|13/11/2024|C50.812|S|Z17.0|E|C77.3|S|Z85.3|E|Z92.21|E|Z92.3|E|||||||||||||||||||||||||||||0HTU0ZZ|0JB60ZZ|07T60ZZ|3E013KZ|3E013KZ||||||||||||||||||||||||8500/3|8500/6|||||||362|1,1028|1|Sistema Nacional de Salud|-
220054|HOSPITAL DE BARBASTRO|123014|LCCM320325910014||25/03/1932|1|22300|09/11/2024||21|1|MIR|11/11/2024|GRT|||||||||15/11/2024|GRT|GRT|GERIATRIA|18047202E|1||N39.0|S|B96.4|S|Z16.24|S|R31.0|S|N17.9|S|N13.0|S|Q62.5|E|I10|S|F32.A|S|I69.154|E|I69.192|E|I69.354|E|I69.322|E|Z87.440|E|Z79.82|E|Z99.81|E|Z59.3|E|Z74.09|S|||||3E03329|0T9B70Z|3E1K78Z|BW40ZZZ|3E033NZ|3E033GC|3E0337Z||||||||||||||||||||||||||||||463|,5581|1|Sistema Nacional de Salud|-
220054|HOSPITAL DE BARBASTRO|6415|PYRM560217910012||17/02/1956|1|22422|12/11/2024||27|2|URO|||||||||||16/11/2024|URO|URO|URO|Y9933326P|1|13/11/2024|C61|S|I10|S|F17.210|S|||||||||||||||||||||||||||||||||||0VT04ZZ|0VT34ZZ|07TC4ZZ||||||||||||||||||||||||||8550/3||||||||480|1,1363|1|Sistema Nacional de Salud|-
220054|HOSPITAL DE BARBASTRO|220961|||07/11/1996|2|22300|15/11/2024||21|1|OBS|||||||||||17/11/2024|OBS|OBS|OBS|47919222X|1||O48.0|S|O26.893|S|O90.81|N|Z3A.40|E|Z37.0|E|||||||||||||||||||||||||||||||10E0XZZ|10907ZC|3E0R3BZ|4A1HXCZ|3E0234Z||||||||||||||||||||||||||||||||560|,2876|1|Sistema Nacional de Salud|-
220054|HOSPITAL DE BARBASTRO|224779|||06/07/1988|2|22330|14/11/2024||21|1|OBS|||||||||||18/11/2024|OBS|OBS|OBS|72781954H|1|16/11/2024|O41.03X0|S|O75.2|N|O36.93X0|N|O61.1|N|O61.0|N|O90.81|N|Z3A.40|E|Z37.0|E|Z67.20|E|||||||||||||||||||||||10D00Z1|0U7C7ZZ|3E033VJ|4A1HXCZ|||||||||||||||||||||||||||||||||540|,5712|1|Sistema Nacional de Salud|-
220054|HOSPITAL DE BARBASTRO|226823|||23/06/1980|2|22300|16/11/2024||21|1|MIR|||||||||||18/11/2024|MIR|MIR|MIR|18049390W|1||D50.9|S|D25.9|S|I10|S|||||||||||||||||||||||||||||||||||4A02X4Z|30233N1|3E033GC||||||||||||||||||||||||||8895/0||||||||663|,5007|1|Sistema Nacional de Salud|-
220054|HOSPITAL DE BARBASTRO|90768|MRPR470222904013||22/02/1947|1|22435|14/10/2024||21|1|MIR|15/10/2024|NML|08/11/2024|MIR|||||||18/11/2024|MIR|MIR|MIR|45942132T|1||J44.0|S|J18.9|S|N17.8|S|T50.905A|S|K29.70|S|T36.95XA|S|R93.3|N|I10|S|E78.5|S|E79.0|S|Z86.73|E|||||||||||||||||||0DB68ZX|0B978ZX|0B968ZX|3E1F88X|BW241ZZ|3E03329|||||||||||||||CW3NYZZ||||||||||||||||140|,6174|1|Sistema Nacional de Salud|-
220054|HOSPITAL DE BARBASTRO|6119|LNGM460612901011||12/06/1946|1|22400|13/11/2024||30|1|NRL|||||||||||19/11/2024|NRL|NRL|NRL|29121261H|1||R40.4|S|R56.9|S|R55|S|J44.9|S|E78.5|S|Z79.82|E|||||||||||||||||||||||||||||B020ZZZ|4A02X4Z|B246ZZZ|B32S1ZZ|B32T1ZZ|4A12X4Z|||||||||||||||B030ZZZ|4A00X4Z|||||||||||||||052|,5727|1|Sistema Nacional de Salud|-
220054|HOSPITAL DE BARBASTRO|210199|||01/03/1999|2|22300|18/11/2024||27|2|CGD|||||||||||19/11/2024|CGD|CGD|CGD|77133926E|1|18/11/2024|K80.10|S|||||||||||||||||||||||||||||||||||||||0FT44ZZ||||||||||||||||||||||||||||||||||||263|,9851|1|Sistema Nacional de Salud|-
220054|HOSPITAL DE BARBASTRO|18985|HFXX540666756016||26/06/1954|2|22400|12/11/2024||21|1|NEF|||||||||||20/11/2024|NEF|NEF|NEF||1||R34|S|I95.9|S|N17.0|S|T39.395A|S|N01.9|S|N28.89|S|M62.82|S|I10|S|N39.0|S|B96.20|S|E87.5|S|J44.9|S|I87.2|S|E66.9|S|M15.9|S|F32.9|S|F17.210|S|Z85.3|E|Z90.11|E|Z92.21|E|BW40ZZZ|3E0337Z|3E03329||||||||||||||||||||||||||||||||||469|1,8553|1|Sistema Nacional de Salud|-
220054|HOSPITAL DE BARBASTRO|214934|||29/01/1937|2|22533|07/11/2024||21|1|MIR|||||||||||20/11/2024|MIR|MIR|MIR|25195530L|1||J44.1|S|J96.10|S|I10|S|E78.5|S|F17.210|S|F32.A|S|I87.2|S|Z99.81|E|Z59.3|E|||||||||||||||||||||||3E0333Z|3E0F7GC|3E0337Z|3E0F7SF|4A02X4Z|3E03329|3E013VG|3E013GC|3E033GC||||||||||||||||||||||||||||140|,6174|1|Sistema Nacional de Salud|-
220054|HOSPITAL DE BARBASTRO|37733|MNPN530503910014||03/05/1953|1|22143|19/11/2024||21|1|CGD|||||||||||20/11/2024|CGD|CGD|CGD|18045029B|1||K56.609|S|C78.00|S|I25.10|S|N20.0|S|K44.9|S|I10|S|E11.9|S|E78.5|S|Z85.038|E|Z90.49|E|Z85.89|E|||||||||||||||||||BW2010Z|3E0337Z|3E033NZ||||||||||||||||||||||||||8140/6||||||||247|,4466|1|Sistema Nacional de Salud|-
220054|HOSPITAL DE BARBASTRO|224717|||26/02/1991|2|22300|18/11/2024||21|1|OBS|||||||||||20/11/2024|OBS|OBS|OBS|72781954H|1||O42.12|S|O48.0|S|Z3A.40|E|O99.824|S|O69.2XX0|N|O90.81|N|O26.893|S|Z37.0|E|||||||||||||||||||||||||10E0XZZ|3E0P7VZ|4A1HXCZ|3E03329|3E0234Z||||||||||||||||||||||||||||||||560|,4463|1|Sistema Nacional de Salud|-
220054|HOSPITAL DE BARBASTRO|140062|LNSN511220910010||20/12/1951|1|22300|13/11/2024||21|1|MIR|||||||||||20/11/2024|MIR|MIR|MIR|72987424Y|1||I50.33|S|J44.1|S|J84.9|S|I48.0|S|E11.65|S|E11.22|S|N18.4|S|K31.819|S|F17.211|S|I25.2|E|Z95.5|E|Z79.4|E|Z79.01|E|Z79.02|E|||||||||||||4A02X4Z|B246ZZZ|3E03329|3E033GC|3E0F7GC|3E0333Z|||||||||||||||||||||||||||||||194|,6399|1|Sistema Nacional de Salud|-
220054|HOSPITAL DE BARBASTRO|224520|||17/08/1990|2|22300|18/11/2024||21|1|OBS|||||||||||21/11/2024|OBS|OBS|OBS|72781954H|1||O48.0|S|O69.1XX0|N|O70.1|N|O90.81|N|Z3A.41|E|Z67.40|E|Z37.0|E|||||||||||||||||||||||||||10E0XZZ|3E0P7VZ|3E033VJ|0KQM0ZZ|4A1HXCZ|3E0R3BZ|||||||||||||||||||||||||||||||560|,2876|1|Sistema Nacional de Salud|-
220054|HOSPITAL DE BARBASTRO|155842|RTXX830751642012||11/07/1983|2|22449|20/11/2024||27|2|CGD|||||||||||21/11/2024|CGD|CGD|CGD|17852991T|1|20/11/2024|L05.91|S|E73.9|S|Z91.09|E|||||||||||||||||||||||||||||||||||0JB90ZZ||||||||||||||||||||||||||||||||||||383|,4196|1|Sistema Nacional de Salud|-
220054|HOSPITAL DE BARBASTRO|96409|LPSR700559910013||19/05/1970|2|22400|12/11/2024||21|1|GIN|||||||||||22/11/2024|GIN|GIN|GIN|72781954H|1|15/11/2024|T81.42XA|S|N76.0|S|R78.81|S|B96.6|S|Y83.6|S|D64.9|S|M06.9|S|Z79.899|E|Z88.0|E|||||||||||||||||||||||0U9G0ZZ|BW211ZZ|BW40ZZZ|3E03328|3E03329|3E033NZ|3E033GC|3E0333Z|3E013GC||||||||||||||||||||||||||||711|1,3888|1|Sistema Nacional de Salud|-
220054|HOSPITAL DE BARBASTRO|226830|||22/07/1941|1|22312|18/11/2024||21|1|NRL|||||||||||22/11/2024|NRL|NRL|NRL|29121261H|1||I63.81|S|H49.02|S|I10|S|E78.5|S|||||||||||||||||||||||||||||||||B246ZZZ|4A12X45|B020ZZZ|B32RZZZ|||||||||||||||||B030ZZZ||||||||||||||||045|,8638|1|Sistema Nacional de Salud|-
220054|HOSPITAL DE BARBASTRO|10309|MNMR500247917027||07/02/1950|2|22300|22/11/2024||27|2|CGD|||||||||||23/11/2024|CGD|CGD|CGD|19005451E|1|22/11/2024|K60.2|S|K64.9|S|I10|S|E78.5|S|Z88.2|E|Z88.0|E|Z88.1|E|||||||||||||||||||||||||||0D8R0ZZ||||||||||||||||||||||||||||||||||||226|,8052|1|Sistema Nacional de Salud|-
220054|HOSPITAL DE BARBASTRO|38066|PRMR491118910011||18/11/1949|1|22400|19/11/2024||27|2|URO|||||||||||23/11/2024|URO|URO|URO|Y9933326P|1|19/11/2024|Z08|E|Z85.51|E|N35.914|S|E11.9|S|G71.11|S|Z79.84|E|I82.509|S|Z79.01|E|Z87.891|E|||||||||||||||||||||||0TBB8ZX|0T7D8ZZ|||||||||||||||||||||||||||||||||||862|,7875|1|Sistema Nacional de Salud|-
220054|HOSPITAL DE BARBASTRO|14317|HGPL561070910017||30/10/1956|2|22400|21/11/2024||27|2|GIN|||||||||||23/11/2024|GIN|GIN|GIN|18073112B|1|22/11/2024|N81.6|S|M79.7|S|M19.90|S|Z88.0|E|||||||||||||||||||||||||||||||||0JQC0ZZ||||||||||||||||||||||||||||||||||||514|,7223|1|Sistema Nacional de Salud|-
220054|HOSPITAL DE BARBASTRO|78757|CMBR611049910015||09/10/1961|2|22520|22/11/2024||27|2|GIN|||||||||||23/11/2024|GIN|GIN|GIN|18073112B|1|22/11/2024|N81.10|S|N81.89|S|Z79.82|E|||||||||||||||||||||||||||||||||||0JQC0ZZ||||||||||||||||||||||||||||||||||||514|,7223|1|Sistema Nacional de Salud|-
220054|HOSPITAL DE BARBASTRO|175058|LLFR550457910015||17/04/1955|2|22559|21/11/2024||27|2|GIN|||||||||||24/11/2024|GIN|GIN|GIN|25153470A|1|21/11/2024|C54.1|S|Z17.0|E|D25.2|S|I10|S|E03.9|S|Z68.30|E|||||||||||||||||||||||||||||0UT90ZZ|0UT20ZZ|0UT70ZZ||||||||||||||||||||||||||8380/3|8890/0|||||||512|1,3418|1|Sistema Nacional de Salud|-
220054|HOSPITAL DE BARBASTRO|11253|CRRY640424910019||24/04/1964|1|22532|19/11/2024||27|2|MIR|||||||||||25/11/2024|MIR|MIR|MIR|17702334Q|1||M47.12|S|M47.814|S|M47.816|S|M51.26|S|F17.210|S|F10.21|S|||||||||||||||||||||||||||||BP49ZZZ|3E033NZ|3E0333Z||||||||||||||||||BR30YZZ|BR37YZZ|4A01X2B||||||||||||||347|,7402|1|Sistema Nacional de Salud|-
220054|HOSPITAL DE BARBASTRO|27359|BQCS520249910014||09/02/1952|2|22400|18/11/2024||21|1|MIR|||||||||||25/11/2024|MIR|MIR|MIR|73016622V|1||J44.1|S|E61.1|S|E78.5|S|F32.A|S|Z87.01|E|Z99.81|E|Z88.8|E|Z88.1|E|||||||||||||||||||||||||3E0333Z|3E0F7GC|3E03329|3E0F7SF|3E013GC|3E013VG|||||||||||||||||||||||||||||||140|,4929|1|Sistema Nacional de Salud|-
220054|HOSPITAL DE BARBASTRO|128130|TELE 1 011130 00||30/11/2001|2|22300|22/11/2024||21|1|TRA|||||||||||25/11/2024|TRA|TRA|TRA|Y2004544Q|1||S42.002A|S|S32.019A|S|R41.3|S|V48.5XXA|S|Y92.410|S|||||||||||||||||||||||||||||||2W39XYZ|2W35X3Z|BW241ZZ|B020ZZZ|3E0333Z|3E033NZ|3E033GC|3E0337Z|||||||||||||||||||||||||||||342|,6384|5|Privado|-
220054|HOSPITAL DE BARBASTRO|171368|VLSN730226901017||26/02/1973|1|22400|21/11/2024||21|1|MIV|23/11/2024|CAR|||||||||26/11/2024|CAR|CAR|CAR|73005036T|1||I21.4|S|I25.10|S|I97.89|N|I21.A9|N|Y84.0|N|I47.20|N|F17.210|S|E78.5|S|I10|S|||||||||||||||||||||||4A02X4Z|B246ZZZ|3E013GC|4A12X4Z|4A13XB1|4A13XR1|||||||||||||||027234Z||||||||||||||||190|,7973|1|Sistema Nacional de Salud|-
220054|HOSPITAL DE BARBASTRO|87703|CSML331006910015||06/10/1933|1|22550|22/11/2024||21|1|MIR|||||||||||26/11/2024|MIR|MIR|MIR|18049390W|1||N17.9|S|E86.0|S|N18.31|S|E87.0|S|F09|S|E79.0|S|K59.00|S|R64|S|R54|S|Z59.3|E|||||||||||||||||||||3E0337Z|0T9B70Z|3E033NZ|3E033GC|||||||||||||||||||||||||||||||||469|,5905|1|Sistema Nacional de Salud|-
220054|HOSPITAL DE BARBASTRO|51455|SFMT390464910016||24/04/1939|2|22400|16/11/2024||21|1|CAR|||||||||||26/11/2024|CAR|CAR|CAR|73005036T|1||I21.19|S|I25.10|S|I25.3|S|Z95.5|E|I23.6|S|I48.91|S|F05|N|R31.0|N|E11.9|S|I10|S|Z86.73|E|Z87.74|E|E03.9|S|Z79.82|E|Z88.0|E|Z79.4|E|Z79.01|E|||||||4A02X4Z|3E033NZ|3E033GC|3E0337Z|||||||||||||||||||||||||||||||||190|,7973|1|Sistema Nacional de Salud|-
220054|HOSPITAL DE BARBASTRO|225978|||20/05/1976|1|22520|26/11/2024||27|2|CGD|||||||||||27/11/2024|CGD|CGD|CGD|77133926E|1|26/11/2024|K60.3|S|||||||||||||||||||||||||||||||||||||||0JBB0ZZ|0DQR0ZZ|||||||||||||||||||||||||||||||||||226|,8052|1|Sistema Nacional de Salud|-
220054|HOSPITAL DE BARBASTRO|63038|VLBR370254910011||14/02/1937|2|22313|12/11/2024||21|1|MIR|||||||||||27/11/2024|MIR|MIR|MIR|73016622V|1||U07.1|S|J12.82|S|J18.9|N|Y95|N|I11.0|S|I50.9|S|I48.91|S|E66.9|S|S22.080D|E|W19.XXXD|S|Z66|S|||||||||||||||||||XW033E5|3E0333Z|3E033GC|3E0F7SF|3E0F7GC|BW24ZZZ|4A02X4Z|2W35XYZ|3E03329|3E0337Z|3E033NZ|3E013GC|||||||||||||||||||||||||137|1,0895|1|Sistema Nacional de Salud|-
220054|HOSPITAL DE BARBASTRO|21144|NVNV331006910018||06/10/1933|1|22300|18/11/2024||21|1|MIR|19/11/2024|GRT|||||||||28/11/2024|GRT|GRT|GERIATRIA|18071569D|1||J43.9|S|J18.9|S|J96.00|S|D50.9|S|D53.9|S|E55.9|S|R73.9|N|T38.0X5A|N|D69.6|S|I10|S|E03.8|S|Z86.73|E|Z87.891|E|Z79.82|E|||||||||||||BW241ZZ|4A02X4Z|3E0333Z|3E03329|3E033GC|3E0F7SF|3E013GC||||||||||||||||||||||||||||||140|,7699|1|Sistema Nacional de Salud|-
220054|HOSPITAL DE BARBASTRO|220294|||01/01/1955|1|22400|20/11/2024||21|1|MIR|21/11/2024|NML|||||||||28/11/2024|NML|NML|NML|18056444H|1||J18.9|S|R10.9|S|G89.29|S|F32.A|S|Z60.3|S|||||||||||||||||||||||||||||||3E03329|3E0F7SF|3E0333Z|3E0337Z|3E0F7GC|3E013GC|3E033NZ||||||||||||||||||||||||||||||139|,4269|1|Sistema Nacional de Salud|-
220054|HOSPITAL DE BARBASTRO|41146|CMCR340329910015||29/03/1934|1|22550|21/11/2024||21|1|MIR|22/11/2024|GRT|||||||||28/11/2024|GRT|GRT|GERIATRIA|72000771F|1||K55.21|S|I11.9|S|I50.9|S|J44.9|S|I48.91|S|I44.0|S|K57.92|S|E78.5|S|Z79.01|E|||||||||||||||||||||||BW201ZZ|4A02X4Z|3E033GC|3E013GC|3E0333Z|3E03329|||||||||||||||||||||||||||||||253|,5477|1|Sistema Nacional de Salud|-
220054|HOSPITAL DE BARBASTRO|11697|TRGM331262910013||22/12/1933|2|22400|20/11/2024||21|1|MIR|21/11/2024|GRT|||||||||28/11/2024|GRT|GRT|GERIATRIA|18071569D|1||E86.0|S|E87.0|S|I50.9|S|R82.71|S|B96.20|S|F03.C0|S|R13.11|S|I48.91|S|F41.1|S|Z99.81|E|Z79.82|E|||||||||||||||||||3E0337Z|3E033GC|B020ZZZ|BW4FZZZ|4A02X4Z|3E013GC|3E033NZ||||||||||||||||||||||||||||||422|,4822|1|Sistema Nacional de Salud|-
220054|HOSPITAL DE BARBASTRO|162031|||20/05/1964|2|22482|27/11/2024||27|2|CGD|||||||||||28/11/2024|CGD|CGD|CGD|72889973Y|1|27/11/2024|K43.2|S|I10|S|E11.9|S|E78.5|S|E66.9|S|Z68.41|E|Z90.49|E|Z79.85|E|||||||||||||||||||||||||0WUF0JZ||||||||||||||||||||||||||||||||||||227|1,0731|1|Sistema Nacional de Salud|-
220054|HOSPITAL DE BARBASTRO|203157|||21/04/1986|1|22300|27/11/2024||21|1|CAR|||||||||||29/11/2024|CAR|CAR|CAR|73005036T|1||I31.9|S|||||||||||||||||||||||||||||||||||||||B246ZZZ|4A02X4Z|3E0333Z||||||||||||||||||||||||||||||||||207|,5286|1|Sistema Nacional de Salud|-
220054|HOSPITAL DE BARBASTRO|5501|RLSR600312910018||12/03/1960|1|22423|26/11/2024||21|1|URO|||||||||||29/11/2024|URO|URO|URO|Y9933326P|1|26/11/2024|N99.840|S|T81.42XA|S|B95.7|S|Y83.8|E|R73.01|S|K40.90|S|M54.50|S|||||||||||||||||||||||||||0V970ZZ|0V970ZX|0W3R0ZZ|BV44ZZZ|||||||||||||||||||||||||||||||||793|1,2701|1|Sistema Nacional de Salud|-
220054|HOSPITAL DE BARBASTRO|22445|PLBL350923910011||23/09/1935|1|22423|26/11/2024||21|1|URO|||||||||||30/11/2024|URO|URO|URO|Y9933326P|1||R31.9|S|N39.0|S|N35.919|S|Z96.0|S|J44.9|S|I48.19|S|I10|S|E78.5|S|I25.2|E|Z99.89|E|||||||||||||||||||||3E1K78Z|3E03329|||||||||||||||||||||||||||||||||||468|,4959|1|Sistema Nacional de Salud|-
220054|HOSPITAL DE BARBASTRO|210744|||08/05/1929|2|22580|22/11/2024||21|1|CGD|||||||||||30/11/2024|CGD|CGD|CGD|73204652E|4||K80.00|S|N17.9|N|I12.9|S|N18.30|S|I48.91|S|D47.2|S|E04.2|S|R32|S|Z79.01|E|Z59.3|E|||||||||||||||||||||BW40ZZZ|BW20ZZZ|4A02X4Z|3E03329|3E0337Z|3E033GC|3E033NZ|3E013GC|||||||||||||||||||||9765/1||||||||284|,8061|1|Sistema Nacional de Salud|-
220054|HOSPITAL DE BARBASTRO|81727|CSCR810505901011||05/05/1981|1|22300|17/11/2024||27|2|CGD|||||||||||02/12/2024|CGD|CGD|CGD|50883390F|1|18/11/2024|Z43.2|E|K66.0|S|Y83.6|S|K91.89|N|K56.0|N|T81.32XA|N|T81.41XA|N|Y83.2|N|F43.20|S|Z85.038|E|Z90.49|E|||||||||||||||||||0DQB0ZZ|0WQFXZ2|0DBB0ZX|0DBW0ZX|0BBT0ZX|0DBU0ZX|0D1B0Z4|BW201ZZ|0D9670Z||||||||||||||||||||||||||||230|1,7507|1|Sistema Nacional de Salud|-
220054|HOSPITAL DE BARBASTRO|17637|PRFM350759910013||19/07/1935|2|22400|23/11/2024||21|1|MIR|||||||||||02/12/2024|MIR|MIR|MIR|18052661F|1||K83.09|S|K83.8|S|B37.0|N|I11.0|S|I50.30|S|E11.9|S|I48.21|S|M31.6|S|D64.9|S|M81.0|S|Z86.73|E|H47.019|S|Z79.01|E|Z79.891|E|Z86.004|E|Z90.49|E|Z85.3|E|||||||BW201ZZ|3E03329|3E033NZ|3E013GC|3E0337Z|3E013VG|||||||||||||||BF35ZZZ|BF37ZZZ|||||||||||||||284|1,1556|1|Sistema Nacional de Salud|-
220054|HOSPITAL DE BARBASTRO|18985|HFXX540666756016||26/06/1954|2|22400|23/11/2024||21|1|MIR|||||||||||02/12/2024|MIR|MIR|MIR|18052661F|1||A04.72|S|N17.9|S|N18.9|S|E87.6|S|J44.9|S|I87.2|S|E66.9|S|M15.9|S|I10|S|F32.9|S|F17.210|S|Z85.3|E|Z90.11|E|Z92.21|E|Z92.3|E|Z74.09|S|||||||||3E033NZ|3E013GC|||||||||||||||||||||||||||||||||||248|,6849|1|Sistema Nacional de Salud|-
220054|HOSPITAL DE BARBASTRO|224679|||25/05/1959|2|22300|01/12/2024||27|2|URO|||||||||||03/12/2024|URO|URO|URO|28626568D|1|02/12/2024|D09.0|S|F17.210|S|E03.9|S|||||||||||||||||||||||||||||||||||0TBB8ZZ||||||||||||||||||||||||||||8130/2||||||||446|,7682|1|Sistema Nacional de Salud|-
220054|HOSPITAL DE BARBASTRO|180256|GRPL450119910016||19/01/1945|1|22440|02/12/2024||27|2|CGD|||||||||||03/12/2024|CGD|CGD|CGD|73021831M|1|02/12/2024|K40.90|S|E11.22|S|N18.9|S|D63.1|S|J44.9|S|I34.0|S|I48.91|S|I25.9|S|Z79.01|E|Z95.5|E|I42.0|S|Z85.46|E|Z92.3|E|||||||||||||||0YU60JZ||||||||||||||||||||||||||||||||||||228|1,0773|1|Sistema Nacional de Salud|-
220054|HOSPITAL DE BARBASTRO|61232|PNRZ350762910015||22/07/1935|2|22400|22/11/2024||21|1|MIR|||||||||||03/12/2024|MIR|MIR|MIR|18045774C|1||J18.9|S|I11.0|S|I50.9|S|J96.90|S|K59.00|S|F05|S|E11.65|N|T38.0X5A|N|E78.5|S|E66.9|S|I48.21|S|G30.9|S|F02.80|S|Z86.73|E|Z79.01|E|Z79.84|E|||||||||BW24ZZZ|4A02X4Z|3E03329|3E0333Z|3E033GC|3E0F7GC|3E033NZ|3E013VG|||||||||||||||||||||||||||||139|,85|1|Sistema Nacional de Salud|-
220054|HOSPITAL DE BARBASTRO|87377|RMBL460554910015||14/05/1946|2|22300|28/11/2024||21|1|MIR|||||||||||03/12/2024|MIR|MIR|MIR|25195530L|1||N10|S|B96.20|S|Z16.12|S|I10|S|E78.5|S|E53.8|S|K29.50|S|K31.A0|S|F09|S|Z59.3|E|||||||||||||||||||||3E03329|3E033NZ|BW40ZZZ|3E0337Z|||||||||||||||||||||||||||||||||463|,4576|1|Sistema Nacional de Salud|-
220054|HOSPITAL DE BARBASTRO|205616|||18/02/1955|2|22310|03/12/2024||21|1|CAR|||||||||||04/12/2024|CAR|CAR|CAR|73202478X|1||I48.21|S|I16.9|S|T46.0X5A|S|I11.0|S|I50.9|S|E11.9|S|E78.1|S|K31.89|S|K76.0|S|F10.20|S|Z85.3|E|Z92.3|E|F17.210|S|Z85.048|E|Z79.01|E|Z79.84|E|||||||||4A02X4Z||||||||||||||||||||||||||||||||||||201|,4272|1|Sistema Nacional de Salud|-
220054|HOSPITAL DE BARBASTRO|226526|||27/12/1940|1|22300|22/10/2024||21|1|GRT|||||||||||04/12/2024|GRT|GRT|GERIATRIA|18071569D|1||G30.9|S|F02.C11|S|F02.C18|S|F02.C4|S|J69.0|S|E53.8|S|H40.9|S|Z59.3|E|||||||||||||||||||||||||3E033NZ|3E033GC|3E03329|3E0333Z|3E0F7GC|3E0337Z|||||||||||||||||||||||||||||||042|1,1454|1|Sistema Nacional de Salud|-
220054|HOSPITAL DE BARBASTRO|121603|SNBS791056910015||16/10/1979|2|22300|04/12/2024||27|2|GIN|||||||||||04/12/2024|GIN|GIN|GIN|43558977J|1|04/12/2024|D24.2|S|Z80.3|E|||||||||||||||||||||||||||||||||||||0HBU0ZZ||||||||||||||||||||||||||||9010/0||||||||363|1,1044|1|Sistema Nacional de Salud|-
220054|HOSPITAL DE BARBASTRO|225835|||30/01/1985|2|22550|04/12/2024||27|2|CGD|||||||||||05/12/2024|CGD|CGD|CGD|18025531V|1|04/12/2024|K80.10|S|I10|S|E78.5|S|F41.9|S|||||||||||||||||||||||||||||||||0FT44ZZ||||||||||||||||||||||||||||||||||||263|,9851|1|Sistema Nacional de Salud|-
220054|HOSPITAL DE BARBASTRO|50626|TRCM370331904015||31/03/1937|1|22430|02/12/2024||21|1|MIR|||||||||||05/12/2024|MIR|MIR|MIR|17202610J|1||I50.9|S|I48.91|S|J98.8|S|I10|S|E78.5|S|C61|S|Z19.2|E|C79.51|S|||||||||||||||||||||||||4A02X4Z|3E033GC|3E033NZ|3E0337Z|||||||||||||||||||||||||8000/3|8000/6|||||||194|,6399|1|Sistema Nacional de Salud|-
220054|HOSPITAL DE BARBASTRO|186416|CRXX121003910011||03/10/2012|1|22430|03/12/2024||21|1|PED|||||||||||06/12/2024|PED|PED|PED|18036541X|1||R10.9|S|||||||||||||||||||||||||||||||||||||||BW40ZZZ||||||||||||||||||||||||||||||||||||251|,4939|1|Sistema Nacional de Salud|-
220054|HOSPITAL DE BARBASTRO|226843||8025000003017735|05/07/1936|2|22400|19/11/2024||21|1|CGD|||||||||||06/12/2024|CGD|CGD|CGD|72889973Y|1|19/11/2024|A41.9|S|K65.3|S|K25.5|S|K81.1|S|N17.9|S|S22.41XA|S|W19.XXXA|S|I10|S|G20|S|F02.80|S|Z95.5|E|||||||||||||||||||0DQ60ZZ|0FT40ZZ|0D9W0ZX|BW251ZZ|3E03329|30233N1|3E0336Z|3E033NZ|3E013GC||||||||||||||||||||||||||||710|2,47|6|Financiación Mixta|-
220054|HOSPITAL DE BARBASTRO|53571|CHCS360746910018||06/07/1936|2|22300|24/11/2024||21|1|MIR|||||||||||06/12/2024|MIR|MIR|MIR|25195530L|4||G45.9|S|I05.2|S|I09.81|S|I50.9|S|I12.9|S|N18.32|S|J96.90|S|I48.91|S|Z79.01|E|Z59.3|E|||||||||||||||||||||B020ZZZ|3E033GC|5A09457|3E0F7SF|3E013GC|3E0337Z|3E033NZ||||||||||||||||||||||||||||||047|1,5897|1|Sistema Nacional de Salud|-
220054|HOSPITAL DE BARBASTRO|67721|MTGM920908910013||08/09/1992|1|22416|05/12/2024||21|1|CGD|||||||||||07/12/2024|CGD|CGD|CGD|17852991T|1|05/12/2024|K35.33|S|||||||||||||||||||||||||||||||||||||||0DTJ4ZZ|BW40ZZZ|||||||||||||||||||||||||||||||||||233|,9505|1|Sistema Nacional de Salud|-
220054|HOSPITAL DE BARBASTRO|227035|||03/03/1990|2|22300|05/12/2024||21|1|CGD|||||||||||08/12/2024|CGD|CGD|CGD|72889973Y|1|05/12/2024|K35.33|S|J45.909|S|||||||||||||||||||||||||||||||||||||0DTJ4ZZ|BW20ZZZ|BW40ZZZ||||||||||||||||||||||||||||||||||233|,9505|1|Sistema Nacional de Salud|-
220054|HOSPITAL DE BARBASTRO|50427|SCLS530726910016||26/07/1953|1|22416|03/12/2024||27|2|URO|||||||||||08/12/2024|URO|URO|URO|51460077S|1|04/12/2024|N40.1|S|N13.8|S|R55|N|F32.A|S|Z88.0|E|||||||||||||||||||||||||||||||0VB04ZZ|3E0337Z|3E033GC||||||||||||||||||||||||||||||||||484|1,2558|1|Sistema Nacional de Salud|-
220054|HOSPITAL DE BARBASTRO|105389|GNPY990641910012||01/06/1999|2|22400|09/12/2024||21|1|OBS|||||||||||10/12/2024|OBS|OBS|OBS|48151267P|1||O26.832|S|N23|S|O34.82|S|N83.201|S|O99.612|S|K90.0|S|Z3A.27|E|Z79.02|E|||||||||||||||||||||||||BY4CZZZ|3E033NZ|3E0337Z||||||||||||||||||||||||||||||||||566|,3467|1|Sistema Nacional de Salud|-
220054|HOSPITAL DE BARBASTRO|95114|GSNG310753910012||13/07/1931|2|22330|30/11/2024||21|1|MIR|||||||||||10/12/2024|MIR|MIR|MIR|18052661F|1||J98.8|S|B97.4|S|I13.0|S|I50.9|S|N18.9|S|F05|N|K29.40|S|K59.00|S|I87.2|S|E03.8|S|F09|S|F32.A|S|R32|S|Z95.0|E|Z59.3|E|Z79.01|E|||||||||4A02X4Z|3E03329|3E0F7GC|3E0333Z|3E033GC|3E033NZ|||||||||||||||||||||||||||||||144|,6508|1|Sistema Nacional de Salud|-
220054|HOSPITAL DE BARBASTRO|78376|AR700846736E||06/11/1994|2|22585|08/12/2024||21|1|OBS|||||||||||11/12/2024|OBS|OBS|OBS|72781954H|1||O48.0|S|O63.1|N|O70.1|N|Z3A.40|E|Z37.0|E|Z67.40|E|||||||||||||||||||||||||||||10D07Z6|3E0R3BZ|10907ZC|0KQM0ZZ|4A1HXCZ||||||||||||||||||||||||||||||||560|,3169|1|Sistema Nacional de Salud|-
220054|HOSPITAL DE BARBASTRO|40248|VLGN600429904017||29/04/1960|1|22300|07/12/2024||21|1|MIR|07/12/2024|NRL|||||||||12/12/2024|NRL|NRL|NRL|72971573W|1||I63.331|S|I67.2|S|R29.701|S|F10.20|S|F17.210|S|Z86.73|E|||||||||||||||||||||||||||||B0201ZZ|B348ZZZ|B246ZZZ|4A12X4Z|3E0337Z||||||||||||||||||||||||||||||||045|,6846|1|Sistema Nacional de Salud|-
220054|HOSPITAL DE BARBASTRO|47409|SRBR371225910013||25/12/1937|1|22400|04/12/2024||21|1|MIR|||||||||||12/12/2024|MIR|MIR|MIR|18049390W|1||I11.0|S|I50.20|S|K76.1|S|M45.9|S|D84.821|S|T45.1X5A|S|N40.0|S|M41.9|S|M47.816|S|I44.7|S|Z91.041|E|||||||||||||||||||B246ZZZ|4A02X4Z|3E033GC|3E0F7SF|3E0F7GC|3E03329|3E0333Z|3E0337Z|||||||||||||||||||||||||||||194|,6399|1|Sistema Nacional de Salud|-
220054|HOSPITAL DE BARBASTRO|40831|GRFM680764910010||24/07/1968|2|22300|11/12/2024||27|2|TRA|||||||||||12/12/2024|TRA|TRA|TRA|25196873M|1|11/12/2024|M23.321|S|M23.8X1|S|||||||||||||||||||||||||||||||||||||0SBC4ZZ|0SBC4ZZ|||||||||||||||||||||||||||||||||||313|1,1312|1|Sistema Nacional de Salud|-
220054|HOSPITAL DE BARBASTRO|206623|CLSA 0 520627 00||27/06/1952|1|22500|10/12/2024||27|2|URO|||||||||||12/12/2024|URO|URO|URO|Y9933326P|1|10/12/2024|D09.0|S|N40.0|S|I10|S|E78.5|S|E11.9|S|E79.0|S|Z87.891|E|||||||||||||||||||||||||||0TBB8ZX|0VB08ZZ|||||||||||||||||||||||||||8120/2||||||||952|,8777|1|Sistema Nacional de Salud|-
220054|HOSPITAL DE BARBASTRO|181474|MRBL341258910015||18/12/1934|2|22330|29/11/2024||21|1|TRA|||||||||||13/12/2024|TRA|TRA|TRA|Y2004544Q|5|03/12/2024|S72.22XA|S|W19.XXXA|S|Y92.009|S|D64.9|N|E87.20|D|L89.151|N|E55.9|S|E53.8|S|N17.9|S|I12.9|S|E11.22|S|N18.9|S|N25.81|S|E46|S|I42.0|S|I27.20|S|I44.7|S|E78.5|S|E79.0|S|Z79.82|E|0QS736Z||||||||||||||||||||||||||||||||||||308|1,8861|1|Sistema Nacional de Salud|-
220054|HOSPITAL DE BARBASTRO|106755|BDSS480566910012||26/05/1948|2|22400|02/12/2024||21|1|MIR|||||||||||13/12/2024|MIR|MIR|MIR|45942132T|1||E87.1|S|T46.5X5A|S|I11.0|S|I50.9|S|J18.9|S|K56.41|S|M10.062|S|I35.9|S|I34.9|S|I48.91|S|E66.9|S|M81.0|S|D64.9|S|R15.9|S|R32|S|F09|S|Z86.018|E|Z90.49|E|Z79.01|E|Z59.3|E|3E0337Z|B246ZZZ|4A02X4Z|3E033GC|3E03329|3E1H78Z|3E0F7GC|3E033NZ|||||||||||||||||||||||||||||426|,5842|1|Sistema Nacional de Salud|-
220054|HOSPITAL DE BARBASTRO|6034|LVDR661001910011||01/10/1966|1|22312|13/12/2024||21|1|MIR|||||||||||14/12/2024|MIR|MIR|MIR|Y6058219X|4||A41.51|S|R65.21|S|J98.8|S|B96.20|S|Z16.24|S|N17.9|S|C15.3|S|D84.81|S|Z51.5|E|Z79.634|E|Z93.1|E|Z85.818|E|Z85.810|E|Z92.3|E|Z88.6|E|||||||||||3E03329|3E0337Z|3E033NZ|3E0F7GC|3E0F7SF||||||||||||||||||||||||8070/3||||||||720|1,0915|1|Sistema Nacional de Salud|-
220054|HOSPITAL DE BARBASTRO|42298|RDGR560530916011||30/05/1956|1|22450|11/12/2024||21|1|MIR|12/12/2024|GRT|||||||||14/12/2024|GRT|GRT|GERIATRIA|72000771F|4||J69.0|S|R40.3|S|S06.6X6S|E|S06.366S|E|V19.88XS|E|L89.152|S|K56.41|S|F03.C0|S|Z93.1|E|Z86.16|E|Z59.3|E|||||||||||||||||||3E03329|BW20ZZZ|3E0337Z|3E013GC|3E033GC|3E033NZ|3E0333Z|3E0F7GC|||||||||||||||||||||||||||||137|1,0895|1|Sistema Nacional de Salud|-
220054|HOSPITAL DE BARBASTRO|177480|AR602881399E||10/05/1954|1|22413|07/12/2024||21|1|URO|||||||||||15/12/2024|URO|URO|URO|77131926T|1||N10|S|T83.098A|S|N99.89|S|N13.5|S|Y83.2|S|E11.21|S|E11.51|S|D64.9|S|Z85.51|E|Z90.6|E|Z93.6|E|Z90.79|E|Z86.718|E|Z87.891|E|Z79.4|E|Z79.01|E|||||||||3E03329|3C1ZX8Z|30233N1|3E0337Z|3E033NZ|3E013GC|||||||||||||||||||||||||||||||463|,5581|1|Sistema Nacional de Salud|-
220054|HOSPITAL DE BARBASTRO|38484|MNCR751008910014||08/10/1975|1|22500|03/12/2024||30|1|TRA|||||||||||16/12/2024|TRA|TRA|TRA|73090858D|1|12/12/2024|S82.241A|S|S82.401A|S|S22.21XA|S|S22.32XA|S|S22.41XA|S|S22.029A|S|S22.031A|S|S22.049A|S|S22.059A|S|S22.089A|S|V23.99XA|S|Y92.410|S|||||||||||||||||0QHG36Z|0QPG35Z|2W35X3Z|3E013GC|3E033NZ||||||||||||||||||||||||||||||||912|1,9539|5|Privado|-
220054|HOSPITAL DE BARBASTRO|8254|AR200033467Z||14/01/1968|2|22400|11/12/2024||27|2|CGD|||||||||||16/12/2024|CGD|CGD|CGD|18045029B|1|12/12/2024|K80.12|S|K74.60|S|F17.210|S|F10.91|S|M45.9|S|||||||||||||||||||||||||||||||0FT44ZZ|0FB04ZX|||||||||||||||||||||||||||||||||||263|,9851|1|Sistema Nacional de Salud|-
220054|HOSPITAL DE BARBASTRO|21425|SLPR310460910010||20/04/1931|2|22512|26/11/2024||21|1|MIR|27/11/2024|GRT|||||||||16/12/2024|GRT|GRT|GERIATRIA|72000771F|1||J47.0|S|J18.9|S|I50.84|S|I50.23|S|J96.91|S|I48.91|S|I44.7|S|I34.0|S|I27.20|S|N18.30|S|M81.0|S|G31.84|S|Z99.81|E|Z22.322|E|Z86.16|E|Z59.3|E|||||||||3E03329|3E03328|B020ZZZ|3E033GC|3E033RZ|3E0F7SF|3E0F7GC|3E0333Z|3E0337Z|3E033NZ|||||||||||||||||||||||||||140|,7699|1|Sistema Nacional de Salud|-
220054|HOSPITAL DE BARBASTRO|67457|GNLC450656910010||16/06/1945|2|22500|06/12/2024||21|1|NRL|||||||||||17/12/2024|NRL|NRL|NRL|29121261H|5||I63.81|S|G46.5|S|R29.706|S|R29.707|N|G81.91|S|R47.1|S|I48.91|S|I10|S|E78.5|S|E03.8|S|Z88.6|E|||||||||||||||||||B020ZZZ|B32R1ZZ|B246ZZZ|4A12X4Z|F0727ZZ|F0717ZZ|3E013GC|3E033NZ|||||||||||||B030ZZZ||||||||||||||||045|,8638|1|Sistema Nacional de Salud|-
220054|HOSPITAL DE BARBASTRO|227112|||12/11/2022|1|22400|13/12/2024||21|1|PED|||||||||||17/12/2024|PED|PED|PED|72828135S|1||N39.0|S|N13.70|S|||||||||||||||||||||||||||||||||||||3E03329||||||||||||||||||||||||||||||||||||463|,5581|1|Sistema Nacional de Salud|-
220054|HOSPITAL DE BARBASTRO|40698|BRMN791011901016||11/10/1979|1|22500|16/12/2024||27|2|ORL|||||||||||17/12/2024|ORL|ORL|ORL|26283260X|1|16/12/2024|C82.31|S|||||||||||||||||||||||||||||||||||||||07B20ZZ||||||||||||||||||||||||||||9698/3||||||||691|1,0237|1|Sistema Nacional de Salud|-
220054|HOSPITAL DE BARBASTRO|7388|LLVS470227910011||27/02/1947|1|22589|16/12/2024||27|2|TRA|||||||||||17/12/2024|TRA|TRA|TRA|47376662C|1||R93.7|S|D46.9|S|Z85.46|E|Z90.79|E|||||||||||||||||||||||||||||||||||||||||||||||||||||0QB33ZX|BR2CZZZ|||||||9989/3||||||||351|,5067|1|Sistema Nacional de Salud|-
220054|HOSPITAL DE BARBASTRO|100868|GLGR571052910013||12/10/1957|2|22400|08/12/2024||21|1|MIR|10/12/2024|GRT|||||||||18/12/2024|GRT|GRT|GERIATRIA|18047202E|1||E86.0|S|N39.0|S|B96.1|S|J44.9|S|G30.9|S|F02.C0|S|||||||||||||||||||||||||||||3E0337Z|3E03329|||||||||||||||||||||||||||||||||||422|,3624|1|Sistema Nacional de Salud|-
220054|HOSPITAL DE BARBASTRO|226717|||27/03/1939|2|22430|11/12/2024||21|1|MIR|||||||||||18/12/2024|MIR|MIR|MIR|18052661F|1||I11.0|S|I50.33|S|N39.0|S|B96.20|S|Z16.12|S|E05.20|S|I08.1|S|I27.20|S|I48.91|S|R13.10|S|Z86.73|E|Z59.3|E|Z79.01|E|||||||||||||||4A02X4Z|3E03329|3E033GC|3E033NZ|3E013GC||||||||||||||||||||||||||||||||194|,6399|1|Sistema Nacional de Salud|-
220054|HOSPITAL DE BARBASTRO|6688|CNVN291111910014||11/11/1929|1|22131|30/11/2024||21|1|MIR|||||||||||19/12/2024|MIR|MIR|MIR|18052661F|1||J44.1|S|I50.9|S|Q43.8|E|K59.09|S|R33.9|S|J96.10|S|R13.12|S|I10|S|||||||||||||||||||||||||3E0F7GC|3E0333Z|3E033GC|3E03329|3E0F7SF|3E0337Z|3E013VG|3E033NZ|3E1H78Z||||||||||||||||||||||||||||140|,6174|1|Sistema Nacional de Salud|-
220054|HOSPITAL DE BARBASTRO|101895|RGBR530906910017||06/09/1953|1|22560|15/12/2024||27|2|URO|||||||||||19/12/2024|URO|URO|URO|28626568D|1|16/12/2024|N40.1|S|N13.8|S|||||||||||||||||||||||||||||||||||||0VB08ZZ|0VJ43ZZ|||||||||||||||||||||||||||||||||||482|,8616|1|Sistema Nacional de Salud|-
220054|HOSPITAL DE BARBASTRO|204944|||24/04/1978|1|22510|17/12/2024||27|2|CGD|||||||||||19/12/2024|CGD|CGD|CGD|72889973Y|1|18/12/2024|C43.59|S|||||||||||||||||||||||||||||||||||||||0JB70ZZ|07BH0ZX|||||||||||||||||||||||||||8720/3||||||||364|,7312|1|Sistema Nacional de Salud|-
220054|HOSPITAL DE BARBASTRO|155418|VLML700148901015||08/01/1970|2|22424|19/12/2024||27|2|GIN|||||||||||19/12/2024|GIN|GIN|GIN|73003838K|1|19/12/2024|N87.1|S|B97.7|S|N85.00|S|M35.00|S|Z97.5|E|||||||||||||||||||||||||||||||0UBC7ZZ|0UDB7ZX|0UPDXHZ||||||||||||||||||||||||||||||||||517|,659|1|Sistema Nacional de Salud|-
220054|HOSPITAL DE BARBASTRO|50612|AR900903014J||09/08/1979|1|22512|10/12/2024||21|1|TRA|||||||||||20/12/2024|TRA|TRA|TRA|50873405G|1|10/12/2024|T84.021A|S|E03.9|S|D86.9|S|M06.9|S|||||||||||||||||||||||||||||||||0SWBXJZ|0SWBXJZ|||||||||||||||||||||||||||||||||||349|,5038|1|Sistema Nacional de Salud|-
220054|HOSPITAL DE BARBASTRO|155137|AR600461362N||18/05/2000|1|22400|16/12/2024||21|1|ORL|||||||||||20/12/2024|ORL|ORL|ORL|26283260X|1||J36|S|Z88.0|E|||||||||||||||||||||||||||||||||||||3E03329|3E0333Z|3E0337Z|3E033NZ|||||||||||||||||||||||||||||||||113|,3364|1|Sistema Nacional de Salud|-
220054|HOSPITAL DE BARBASTRO|54524|BNPN520951910012||11/09/1952|2|22400|12/12/2024||21|1|TRA|||||||||||21/12/2024|TRA|TRA|TRA|Y2004544Q|1|13/12/2024|S72.012A|S|W19.XXXA|S|L27.0|N|T36.8X5A|N|I10|S|E11.9|S|E78.5|S|D64.9|S|E03.9|S|F32.A|S|Z88.0|E|Z88.1|E|||||||||||||||||0QS734Z||||||||||||||||||||||||||||||||||||308|1,4102|1|Sistema Nacional de Salud|-
220054|HOSPITAL DE BARBASTRO|227182|||11/07/2022|2|22500|20/12/2024||21|1|PED|||||||||||21/12/2024|PED|PED|PED|72828135S|1||R11.10|S|B34.9|S|||||||||||||||||||||||||||||||||||||3E0337Z||||||||||||||||||||||||||||||||||||249|,4412|1|Sistema Nacional de Salud|-
220054|HOSPITAL DE BARBASTRO|11140|PRGR570407910011||07/04/1957|1|22440|19/12/2024||21|1|URO|||||||||||23/12/2024|URO|URO|URO|28626568D|1||R31.0|S|Z85.51|E|I10|S|G62.9|S|I73.9|S|I25.2|E|E78.5|S|Z85.038|E|Z90.49|E|||||||||||||||||||||||0T9B70Z|3E1K78Z|0TPBX0Z||||||||||||||||||||||||||||||||||468|,4959|1|Sistema Nacional de Salud|-
220054|HOSPITAL DE BARBASTRO|22949|LFCS460330910019||30/03/1946|1|22430|09/12/2024||21|1|TRA|||||||||||23/12/2024|TRA|TRA|TRA|50873405G|1||S22.068A|S|S42.101A|S|S22.42XA|S|W19.XXXA|S|K56.2|N|K59.81|S|N17.9|S|I48.91|S|E89.3|S|E78.5|S|Z79.01|E|||||||||||||||||||2W35X3Z|0D9E8ZZ|BW24ZZZ|3E033NZ|3E033GC|3E0337Z|||||||||||||||||||||||||||||||347|,9932|1|Sistema Nacional de Salud|-
220054|HOSPITAL DE BARBASTRO|145102|BNXX600141504292||01/01/1960|2|22400|25/11/2024||21|1|MIV|28/11/2024|MIR|30/11/2024|MIV|30/11/2024|MIR|30/11/2024|MIV|05/12/2024|CAR|23/12/2024|MIR|MIR|MIR|72987424Y|1||J10.01|S|I21.4|S|J96.00|S|I50.31|S|I25.2|E|I25.10|S|Z98.61|E|K52.1|N|T36.95XA|N|J22|S|B96.89|S|B95.3|S|B95.1|S|I10|S|E11.22|S|N18.4|S|E11.51|S|E11.319|S|E11.65|N|T38.0X5A|N|4A13XB1|4A12X4Z|B246ZZZ|3E03329|3E03328|3E0F7SF|3E033VJ|30233N1|3E033GC|3E0F7GC|4A02X4Z|3E0333Z|3E033NZ|3E0337Z|||||||||||||||||||||||113|1,4788|1|Sistema Nacional de Salud|-
220054|HOSPITAL DE BARBASTRO|108187|SLFL380357910018||17/03/1938|2|22533|19/12/2024||21|1|TRA|||||||||||23/12/2024|TRA|TRA|TRA|50873405G|2|19/12/2024|S72.302A|S|W06.XXXA|S|Y92.230|S|S72.102D|E|W19.XXXD|S|D64.9|S|L97.919|S|L97.929|S|I10|S|E78.5|S|I48.91|S|Z79.01|E|G30.9|S|F02.C0|S|Z59.3|E|Z79.84|E|M81.0|S|||||||0QS936Z|0QP734Z|30233N1|3E033NZ|3E013GC|3E03329|||||||||||||||||||||||||||||||308|1,4102|1|Sistema Nacional de Salud|-
220054|HOSPITAL DE BARBASTRO|213662|||08/05/1926|2|22430|12/12/2024||21|1|MIR|13/12/2024|GRT|||||||||23/12/2024|GRT|GRT|GERIATRIA|18047202E|1||N39.0|S|B96.20|S|K56.600|S|F43.20|S|I12.9|S|N18.9|S|Z59.3|E|Z85.038|E|Z90.49|E|Z93.3|E|||||||||||||||||||||3E03329|3E0337Z|3E033GC|3E013VJ|3E033NZ||||||||||||||||||||||||||||||||463|,5581|1|Sistema Nacional de Salud|-
220054|HOSPITAL DE BARBASTRO|219929|||19/02/2021|1|22558|24/12/2024||21|1|PED|||||||||||24/12/2024|PED|PED|PED|18025482Z|1||K52.9|S|||||||||||||||||||||||||||||||||||||||||||||||||||||||||||||||||||||||||||249|,4412|1|Sistema Nacional de Salud|-
220054|HOSPITAL DE BARBASTRO|206449|CSML371001910016||01/10/1937|1|22420|14/12/2024||21|1|URO|||||||||||24/12/2024|URO|URO|URO|77131926T|1||R31.0|S|Z92.3|E|Z85.46|E|D50.0|S|I13.10|S|I51.89|S|N18.32|S|E53.8|S|E78.5|S|E79.0|S|M81.0|S|Z86.73|E|||||||||||||||||3E1K78Z|30233N1|||||||||||||||||||||||||||||||||||468|,4959|1|Sistema Nacional de Salud|-
220054|HOSPITAL DE BARBASTRO|10682|NVML460222910012||22/02/1946|1|22400|18/12/2024||21|1|MIR|19/12/2024|NML|||||||||26/12/2024|NML|NML|NML|18055770B|1||J13|S|J44.0|S|J44.1|S|J96.01|S|G70.00|S|Z79.624|E|I10|S|E11.9|S|Z86.711|E|Z85.46|E|Z92.3|E|Z88.0|E|Z88.1|E|Z79.84|E|||||||||||||3E03329|3E03328|3E0F7GC|3E013GC|3E0F7SF|3E0337Z|3E013VG||||||||||||||||||||||||||||||139|,85|3|Mutuas de Accidentes de trabajo|-
220054|HOSPITAL DE BARBASTRO|23420|CLSC660814910017||14/08/1966|1|22300|19/12/2024||21|1|MIR|20/12/2024|NML|||||||||26/12/2024|NML|NML|NML|18055770B|1||J43.9|S|F17.210|S|I10|S|F41.9|S|F60.9|S|Z86.11|E|||||||||||||||||||||||||||||3E0333Z|3E0F7GC|3E0F7SF|3E03329|3E033GC|3E033NZ|||||||||||||||||||||||||||||||140|,6174|1|Sistema Nacional de Salud|-
220054|HOSPITAL DE BARBASTRO|207311|||28/08/1946|1|22300|28/11/2024||30|1|MIR|||||||||||27/12/2024|MIR|MIR|MIR|18045774C|5||Z51.89|E|L89.154|S|N39.0|N|B96.5|N|L40.9|S|M62.3|S|E11.42|S|Z87.11|E|I50.9|S|Z86.16|E|N40.0|S|I87.2|S|Z79.84|E|||||||||||||||BW201ZZ|F0737ZZ|3E013GC|3E013VG|3E03329|3E033NZ|3E033GC||||||||||||||||||||||||||||||860|,9682|1|Sistema Nacional de Salud|-
220054|HOSPITAL DE BARBASTRO|8458|GRBR590563910014||23/05/1959|2|22500|08/12/2024||21|1|MIR|||||||||||27/12/2024|MIR|MIR|MIR|17202610J|1||A41.9|S|J98.8|S|J69.0|S|J70.2|S|T45.1X5A|S|C09.9|S|C79.51|S|I95.9|S|R34|S|E10.9|S|E03.9|S|F41.8|S|Z86.73|E|||||||||||||||3E03329|3E0333Z|B32S1ZZ|B32T1ZZ|BW2F1ZZ|3E033XZ|3E033GC|3E0337Z|3E0F7GC|3E013GC|3E033NZ||||||||||||||||||8070/3|8070/6|||||||720|1,0915|1|Sistema Nacional de Salud|-
220054|HOSPITAL DE BARBASTRO|174548|MRCL370359910016||19/03/1937|2|22500|19/12/2024||21|1|MIR|||||||||||27/12/2024|MIR|MIR|MIR|18049390W|1||N39.0|S|B95.2|S|I11.0|S|I09.81|S|I50.33|S|I08.0|S|I63.9|N|G81.94|N|H53.9|N|I48.21|S|J42|S|E66.9|S|F32.A|S|Z79.01|E|Z91.09|E|Z77.22|S|Z59.3|E|||||||B020ZZZ|BW241ZZ|3E03329|3E033GC|3E0F7SF||||||||||||||||||||||||||||||||463|1,4026|1|Sistema Nacional de Salud|-
220054|HOSPITAL DE BARBASTRO|121416|PRBR461218910012||18/12/1946|1|22364|14/12/2024||21|1|MIR|||||||||||27/12/2024|MIR|MIR|MIR|18055798Q|1||I11.0|S|I50.31|S|I27.29|S|I27.81|S|I48.21|S|E11.9|S|E78.5|S|E79.0|S|Z79.4|E|Z79.84|E|Z79.01|E|Z87.891|E|||||||||||||||||3E033GC|3E0F7GC|3E0337Z|3E03329|4A02X4Z|B32S1ZZ|B32T1ZZ|B246ZZZ|||||||||||||||||||||||||||||194|,6399|1|Sistema Nacional de Salud|-
220054|HOSPITAL DE BARBASTRO|227041|HRXX870720642016||20/07/1987|1|22534|09/12/2024||21|1|MIR|||||||||||27/12/2024|MIR|MIR|MIR|18052661F|1||K85.20|S|K85.80|S|E78.1|S|F10.20|S|||||||||||||||||||||||||||||||||BW211ZZ|BW201ZZ|BW201ZZ|BW201ZZ|4A02X4Z|3E03329|3E033NZ|3E013GC|3E033GC|3E0337Z|||||||||||||||||||||||||||282|,481|1|Sistema Nacional de Salud|-
220054|HOSPITAL DE BARBASTRO|25729|CRPL380365910011||25/03/1938|2|22300|11/12/2024||21|1|MIR|||||||||||27/12/2024|MIR|MIR|MIR|17202610J|1||C22.1|S|K83.1|S|C78.7|S|C78.00|S|C77.2|S|R18.0|S|I10|S|E78.00|S|I35.8|S|E79.0|S|E55.9|S|M81.0|S|Z59.3|E|||||||||||||||BW40ZZZ|BW20ZZZ|3E033NZ|3E013GC|3E033GC||||||||||||||||BF35ZZZ|BF37ZZZ|CW3NYZZ|0F7C8ZZ|0FD98ZX|0F798DZ|||8160/3|8160/6|||||||281|1,1325|1|Sistema Nacional de Salud|-
220054|HOSPITAL DE BARBASTRO|145342|SUXX940858642016||18/08/1994|2|22430|25/12/2024||21|1|OBS|||||||||||28/12/2024|OBS|OBS|OBS|73003838K|1|26/12/2024|O42.02|S|O14.14|S|O26.03|S|O61.0|N|O90.81|N|O69.2XX0|N|Z3A.38|E|Z67.10|E|Z37.0|E|||||||||||||||||||||||10D00Z1|3E0P7VZ|3E033VJ|4A1HXCZ|||||||||||||||||||||||||||||||||540|,4756|1|Sistema Nacional de Salud|-
220054|HOSPITAL DE BARBASTRO|227214||8062001121009214|21/03/2016|1|53620|27/12/2024||21|1|PED|||||||||||28/12/2024|PED|PED|PED|76970719T|1||S36.90XA|S|V09.9XXA|E|Y93.23|N|||||||||||||||||||||||||||||||||||BW40ZZZ||||||||||||||||||||||||||||||||||||254|,5043|6|Financiación Mixta|-
220054|HOSPITAL DE BARBASTRO|45426|SSMR350306910018||06/03/1935|1|22400|16/12/2024||27|2|CGD|||||||||||29/12/2024|CGD|CGD|CGD|77133926E|1|17/12/2024|C18.3|S|C78.4|S|C78.6|S|J18.9|N|Y95|N|Z53.31|E|G31.84|S|Z85.46|E|Z90.79|E|||||||||||||||||||||||0DBL0ZZ|0DBB0ZZ|0DBA0ZZ|0DBW0ZZ|0WJG4ZZ|BW241ZZ|3E03329||||||||||||||||||||||8140/6||||||||230|1,7507|1|Sistema Nacional de Salud|-
220054|HOSPITAL DE BARBASTRO|227194|||25/12/2024|2|22430|28/12/2024||24|1|PED|||||||||||30/12/2024|PED|PED|PED|25359168N|1||P59.9|S|||||||||||||||||||||||||||||||||||||||6A600ZZ||||||||||||||||||||||||||||||||||||640|,1011|1|Sistema Nacional de Salud|-
220054|HOSPITAL DE BARBASTRO|53379|RVVS720521910010||21/05/1972|1|22340|27/12/2024||21|1|MIR|||||||||||30/12/2024|MIR|MIR|MIR|17702334Q|1||R11.10|S|E78.2|S|E79.0|S|I10|S|D17.5|S|N43.3|S|||||||||||||||||||||||||||||BW20ZZZ|3E0337Z|3E03329|3E013GC|3E033NZ||||||||||||||||||||||||8850/0||||||||249|,4412|1|Sistema Nacional de Salud|-
220054|HOSPITAL DE BARBASTRO|227225|||20/04/1985|1|46008|30/12/2024||21|1|MIV|||||||||||31/12/2024|MIV|MIV|MIV|17867839J|2||R04.2|S|K92.0|S|D50.0|S|F17.210|S|||||||||||||||||||||||||||||||||B32SZZZ|B32TZZZ|3E0F7SF|3E0337Z|3E03329|4A12X4Z|4A13XB1|4A13XR1|||||||||||||||||||||||||||||145|,5709|1|Sistema Nacional de Salud|-
220105|CENTRO SANITARIO DE FRAGA|124789|TRCR270854910017||14/08/1927|2|22520|07/10/2024||21|1|MIR|||||||||||17/10/2024|MIR|MIR|MIR|50966617C|1||N39.0|S|R00.1|S|T46.0X5A|S|E86.0|S|I48.91|S|I87.2|S|F01.50|S|Z59.3|E|Z79.01|E|||||||||||||||||||||||3E03329|3E0337Z|||||||||||||||||||||||||||||||||||463|,4576|1|Sistema Nacional de Salud|-
220105|CENTRO SANITARIO DE FRAGA|165359|BRGR440369910013||29/03/1944|2|22550|19/09/2024||30|1|MIR|||||||||||18/10/2024|MIR|MIR|MIR|50966617C|1||L30.9|S|L12.0|S|L12.30|S|L29.8|S|E21.3|S|D50.9|S|E46|S|I10|S|E11.319|S|G30.9|S|F02.80|S|I25.10|S|I25.2|E|Z95.5|E|Z79.4|E|Z79.82|E|||||||||BW20ZZZ||||||||||||||||||||||||||||||||||||385|,8994|1|Sistema Nacional de Salud|-
220105|CENTRO SANITARIO DE FRAGA|113232|GRCR350301910012||01/03/1935|1|22520|31/10/2024||30|1|MIR|||||||||||06/11/2024|MIR|MIR|MIR|50966617C|4||C76.1|S|J96.90|S|C88.0|S|N04.9|S|D50.9|S|J44.9|S|I10|S|E11.9|S|K44.9|S|Z51.5|E|||||||||||||||||||||3E033NZ||||||||||||||||||||||||||||8070/3|9761/3|||||||136|1,2477|1|Sistema Nacional de Salud|-
220105|CENTRO SANITARIO DE FRAGA|112591|GLFR371042910015||02/10/1937|2|22520|06/11/2024||30|1|MIR|||||||||||29/11/2024|MIR|MIR|MIR|50966617C|1||S72.002D|E|X58.XXXD|E|F05|N|I48.0|S|I13.0|S|I50.9|S|N18.9|S|F03.90|S|F41.8|S|Z86.73|E|Z88.0|E|Z79.01|E|||||||||||||||||F07L6ZZ|F07Z9ZZ|3E013GC|3E033NZ|3E0337Z||||||||||||||||||||||||||||||||860|,9682|1|Sistema Nacional de Salud|-
220105|CENTRO SANITARIO DE FRAGA|108187|SLFL380357910018||17/03/1938|2|22533|03/12/2024||30|1|MIR|||||||||||17/12/2024|MIR|MIR|MIR|50966617C|2||S72.102D|E|W19.XXXD|E|D64.9|S|S72.92XA|N|W06.XXXA|N|Y92.230|N|L97.919|S|L97.929|S|I10|S|E78.5|S|I48.91|S|Z79.01|E|G30.9|S|F02.C0|S|Z59.3|E|Z79.84|E|||||||||3E013VG|3E013GC|F07L6ZZ|F07Z9ZZ|||||||||||||||||||||||||||||||||860|,9682|1|Sistema Nacional de Salud|-
220105|CENTRO SANITARIO DE FRAGA|112238|CTSL441024910019||24/10/1944|1|50170|29/11/2024||30|1|MIR|||||||||||20/12/2024|MIR|MIR|MIR|25195530L|1||Z51.89|E|K76.9|S|K76.6|S|E78.5|S|I10|S|E03.9|S|||||||||||||||||||||||||||||3E033NZ|3E0F7GC|3E013GC|3E033GC|3E1H78Z|F07M3ZZ|||||||||||||||||||||||||||||||860|,9682|1|Sistema Nacional de Salud|-
220054|HOSPITAL DE BARBASTRO|42258|PRLJ640813910016||13/08/1964|1|22533|23/09/2024||21|1|MIR|||||||||||01/10/2024|MIR|MIR|MIR|73016622V|1||K80.50|S|C22.0|S|C77.2|S|I48.0|S|G47.33|S|K70.9|S|F10.11|S|N62|S|E66.9|S|Z68.34|E|N40.0|S|E55.9|S|D50.9|S|Z79.620|E|Z87.891|E|Z79.82|E|||||||||BW201ZZ|3E033NZ|||||||||||||||||||BF35ZZZ|BF37ZZZ|||||||8170/3|8170/6|||||||284|,8061|1|Sistema Nacional de Salud|-
220054|HOSPITAL DE BARBASTRO|43483|CJPR480205910012||05/02/1948|1|22430|24/09/2024||21|1|CGD|||||||||||01/10/2024|CGD|CGD|CGD|50883390F|1||K57.33|S|I10|S|E11.22|S|N18.5|S|D63.1|S|D50.9|S|I27.20|S|J44.9|S|E79.0|S|E66.9|S|Z86.008|E|Z90.5|E|Z90.6|E|Z86.711|E|Z99.89|E|Z87.891|E|||||||||BW2010Z|3E033GC|||||||||||||||||||||||||||||||||||244|,6437|1|Sistema Nacional de Salud|-
220054|HOSPITAL DE BARBASTRO|15228|DFCR390148910011||08/01/1939|2|22131|22/09/2024||21|1|MIR|||||||||||02/10/2024|MIR|MIR|MIR|17702334Q|1||J98.8|S|J96.00|S|I35.1|S|J42|S|I13.0|S|I50.9|S|N18.9|S|E03.8|S|E78.5|S|M81.0|S|K21.9|S|F32.A|S|Z86.711|E|Z79.01|E|||||||||||||BW24ZZZ|3E0F7SF|3E0F7GC|B246ZZZ|3E0333Z|3E033GC|3E03329||||||||||||||||||||||||||||||144|,6508|1|Sistema Nacional de Salud|-
220054|HOSPITAL DE BARBASTRO|96531|PCSL470208910015||08/02/1947|1|22330|22/09/2024||21|1|MIR|||||||||||02/10/2024|MIR|MIR|MIR|17202610J|1||J96.20|S|J84.112|S|K21.9|S|K44.9|S|K31.819|S|K29.50|S|K76.0|S|I27.20|S|N40.0|S|Z86.711|E|Z86.718|E|Z60.2|S|Z99.81|E|||||||||||||||0DJ08ZZ|BW211ZZ|BW40ZZZ|4A02X4Z|3E0F7GC|3E0333Z|3E013GC|3E033NZ|||||||||||||||||||||||||||||133|,6847|1|Sistema Nacional de Salud|-
220054|HOSPITAL DE BARBASTRO|183368|CHTF520724901011||24/07/1952|1|50170|01/10/2024||27|2|TRA|||||||||||02/10/2024|TRA|TRA|TRA|78333534L|1|02/10/2024|M67.411|S|||||||||||||||||||||||||||||||||||||||0RBJ0ZZ||||||||||||||||||||||||||||||||||||315|,898|1|Sistema Nacional de Salud|-
220054|HOSPITAL DE BARBASTRO|85877|SNFR860821901016||21/08/1986|1|22520|02/10/2024||27|2|TRA|||||||||||02/10/2024|TRA|TRA|TRA|78333534L|1|02/10/2024|M23.304|S|||||||||||||||||||||||||||||||||||||||0SBD4ZZ||||||||||||||||||||||||||||||||||||313|1,1312|1|Sistema Nacional de Salud|-
220054|HOSPITAL DE BARBASTRO|78443|FLRN641252901018||12/12/1964|2|22400|02/10/2024||27|2|GIN|02/10/2024|CGD|||||||||03/10/2024|CGD|CGD|CGD|73204652E|1|02/10/2024|C50.212|S|Z17.0|E|E03.9|S|I10|S|E78.1|S|E88.89|S|F32.A|S|Z85.3|E|Z80.3|E|Z80.0|E|Z80.52|E|||||||||||||||||||0HBU0ZZ|07B60ZX|3E013KZ|3E013KZ|0HHU3YZ||||||||||||||||||||||||8500/3||||||||363|1,7236|1|Sistema Nacional de Salud|-
220054|HOSPITAL DE BARBASTRO|109971|PDYG560942904015||02/09/1956|2|22415|02/10/2024||27|2|CGD|||||||||||03/10/2024|CGD|CGD|CGD|19005451E|1|02/10/2024|K43.2|S|I10|S|F32.A|S|||||||||||||||||||||||||||||||||||0WUF0JZ||||||||||||||||||||||||||||||||||||227|1,0731|1|Sistema Nacional de Salud|-
220054|HOSPITAL DE BARBASTRO|226207|||28/05/1978|2|22500|12/09/2024||21|1|MIV|16/09/2024|MIR|||||||||03/10/2024|MIR|MIR|MIR|18045774C|1||I50.9|S|I50.30|S|D52.0|S|D50.0|S|I16.1|S|J96.00|S|F17.210|S|F41.9|S|E66.9|S|K44.9|S|||||||||||||||||||||B32S1ZZ|B32T1ZZ|4A02X4Z|B246ZZZ|5A0955A|30233N1|BT43ZZZ|BW201ZZ|0DJ08ZZ|0DJD8ZZ|4A13XB1|4A12X4Z|3E0333Z|3E0F7GC|3E033GC|3E0337Z|3E0F7SF||||||||||||||||||||194|,9142|6|Financiación Mixta|-
220054|HOSPITAL DE BARBASTRO|217829|||01/02/1957|2|22400|01/10/2024||27|2|MIR|||||||||||03/10/2024|MIR|MIR|MIR|18045774C|1||D47.9|S|B18.1|S|I12.9|S|N18.9|S|||||||||||||||||||||||||||||||||||||||||||||||||||||07DD8ZX|BW40ZZZ|||||||9970/1||||||||694|,6523|1|Sistema Nacional de Salud|-
220054|HOSPITAL DE BARBASTRO|31964|MRMR630855901013||15/08/1963|2|22512|25/09/2024||30|1|NRL|||||||||||04/10/2024|NRL|NRL|NRL|73195071D|5||I69.354|E|R40.2413|S|F32.A|S|||||||||||||||||||||||||||||||||||B020ZZZ|B246ZZZ|4A12X45||||||||||||||||||||||||||||||||||058|,7111|1|Sistema Nacional de Salud|-
220054|HOSPITAL DE BARBASTRO|168543|GSBR490412910016||12/04/1949|1|22510|04/10/2024||27|2|URO|||||||||||04/10/2024|URO|URO|URO|51460077S|1|04/10/2024|Z46.6|E|N13.5|S|E11.9|S|I10|S|E78.5|S|Z95.3|E|Z95.1|E|Z79.82|E|||||||||||||||||||||||||0TP580Z|0T9380Z|||||||||||||||||||||||||||||||||||443|1,0933|1|Sistema Nacional de Salud|-
220054|HOSPITAL DE BARBASTRO|62637|SPBL480128910010||28/01/1948|1|22416|26/09/2024||21|1|MIR|||||||||||04/10/2024|MIR|MIR|MIR|25195530L|1||D46.9|S|K25.4|S|I50.9|S|I73.9|S|I25.2|E|Z87.891|E|Z79.82|E|||||||||||||||||||||||||||07DR3ZX|BW241ZZ|0DJ08ZZ|3E013VJ|30233N1||||||||||||||||||||||||9989/3||||||||694|,8187|1|Sistema Nacional de Salud|-
220054|HOSPITAL DE BARBASTRO|124543|GRMX370224910013||24/02/1937|1|22482|04/10/2024||21|1|GRT|||||||||||05/10/2024|GRT|GRT|GERIATRIA|72000771F|4||I50.9|S|I48.91|S|J96.00|S|I95.89|S|||||||||||||||||||||||||||||||||3E033GC|3E033RZ|3E0F7GC|3E033NZ|3E0337Z||||||||||||||||||||||||||||||||194|,9142|1|Sistema Nacional de Salud|-
220054|HOSPITAL DE BARBASTRO|36048|BDBR400116910012||16/01/1940|1|22400|03/10/2024||21|1|MIR|04/10/2024|GRT|||||||||05/10/2024|GRT|GRT|GERIATRIA|72000771F|4||I11.0|S|I50.9|S|J96.00|S|N39.0|S|E11.9|S|I48.0|S|G47.33|S|F03.90|S|E46|S|I35.8|S|I34.89|S|Z59.3|E|Z79.01|E|Z79.4|E|Z79.84|E|Z51.5|E|||||||||3E033GC|3E03329|3E033NZ||||||||||||||||||||||||||||||||||194|1,4978|1|Sistema Nacional de Salud|-
220054|HOSPITAL DE BARBASTRO|69823|MTFR381065910018||25/10/1938|2|22400|27/09/2024||21|1|MIR|||||||||||07/10/2024|MIR|MIR|MIR|25195530L|1||I13.0|S|I50.32|S|N18.9|S|I34.0|S|L03.116|S|G40.909|S|E66.01|S|E11.9|S|I87.2|S|N95.0|S|L30.4|S|||||||||||||||||||BW24ZZZ|4A02X4Z|3E03329|3E033NZ|3E033GC|3E013GC|||||||||||||||||||||||||||||||194|,6399|1|Sistema Nacional de Salud|-
220054|HOSPITAL DE BARBASTRO|224010|PLCV760219901016||19/02/1976|1|22540|17/09/2024||21|1|MIV|25/09/2024|NML|||||||||08/10/2024|NML|NML|NML|18055770B|1||J96.22|S|J44.1|S|I11.0|S|I50.30|S|G93.41|S|E87.29|S|I27.20|S|D75.1|S|L40.9|S|Z79.620|E|Z22.322|E|K52.9|N|E78.5|S|E66.9|S|F17.210|S|||||||||||B32SZZZ|B32TZZZ|B246ZZZ|BW211ZZ|4A02X4Z|5A0955Z|4A12X4Z|4A133B1|3E03329|3E03328|3E033NZ|3E0333Z|3E0F7GC|3E013GC|3E033GC|3E0333Z|3E013VG||||||||||||||||||||133|1,0294|1|Sistema Nacional de Salud|-
220054|HOSPITAL DE BARBASTRO|226407|||04/10/2024|2|22550|06/10/2024||24|1|PED|||||||||||08/10/2024|PED|PED|PED|25359168N|1||P92.8|S|||||||||||||||||||||||||||||||||||||||||||||||||||||||||||||||||||||||||||640|,1536|1|Sistema Nacional de Salud|-
220054|HOSPITAL DE BARBASTRO|226406|||04/10/2024|2|22400|06/10/2024||24|1|PED|||||||||||08/10/2024|PED|PED|PED|25359168N|1||P59.9|S|||||||||||||||||||||||||||||||||||||||6A600ZZ||||||||||||||||||||||||||||||||||||640|,1011|1|Sistema Nacional de Salud|-
220054|HOSPITAL DE BARBASTRO|28709|GNGN470828916017||28/08/1947|1|22580|13/09/2024||21|1|MIR|||||||||||08/10/2024|MIR|MIR|MIR|18049390W|1||K91.89|S|K28.0|S|Y83.2|S|D50.0|S|Z85.09|E|Z90.49|E|Z90.411|E|Z90.3|E|R59.1|S|I10|S|D12.5|S|I88.9|S|J45.909|S|||||||||||||||0DJ08ZZ|0DBF8ZX|0DBN8ZZ|30233N1|BW241ZZ|BW4FZZZ|07B13ZX|3E03329|3E033NZ|3E0F7GC|3E0337Z||||||||||CW3NYZZ||||||||8263/0||||||||952|1,2361|1|Sistema Nacional de Salud|-
220054|HOSPITAL DE BARBASTRO|22021|CNLN560519910014||19/05/1956|1|22300|08/10/2024||27|2|URO|||||||||||09/10/2024|URO|URO|URO|Y9933326P|1|08/10/2024|N30.80|S|I10|S|I71.40|S|E11.9|S|E78.5|S|Z87.891|E|Z88.0|E|Z79.84|E|||||||||||||||||||||||||0TBB8ZZ||||||||||||||||||||||||||||||||||||446|,7682|1|Sistema Nacional de Salud|-
220054|HOSPITAL DE BARBASTRO|221816|||01/07/1945|1|22149|08/10/2024||27|2|URO|||||||||||10/10/2024|URO|URO|URO|Y9933326P|1|08/10/2024|C67.9|S|||||||||||||||||||||||||||||||||||||||0TBB8ZZ||||||||||||||||||||||||||||8130/3||||||||446|,7682|1|Sistema Nacional de Salud|-
220054|HOSPITAL DE BARBASTRO|4545|MLPS810224910017||24/02/1981|1|22500|01/10/2024||21|1|MIR|||||||||||10/10/2024|MIR|MIR|MIR|25195530L|1||C18.6|S|C78.01|S|C78.02|S|C78.7|S|C77.2|S|I82.422|S|I26.99|S|H53.2|S|||||||||||||||||||||||||0DBM8ZX|B02010Z|3E013GC|3E0F7SF|3E0F7GC|3E0333Z|3E033GC||||||||||||||B030YZZ||||||||8140/3|8140/6|||||||240|1,2059|1|Sistema Nacional de Salud|-
220054|HOSPITAL DE BARBASTRO|54492|CSBL250249913017||09/02/1925|2|22500|23/09/2024||21|1|MIR|||||||||||10/10/2024|MIR|MIR|MIR|25195530L|1||I11.0|S|I50.30|S|I48.21|S|I27.20|S|E11.9|S|J43.9|S|M81.0|S|M17.9|S|M11.20|S|D64.9|S|I25.2|E|I35.0|S|K59.00|S|N19|S|Z79.4|E|Z86.711|E|Z88.6|E|Z88.8|E|||||3E033GC|3E03329|3E0F7SF|4A02X4Z|3E033NZ|3E0337Z|3E013VG|3E0F7GC|||||||||||||||||||||||||||||194|,6399|1|Sistema Nacional de Salud|-
220054|HOSPITAL DE BARBASTRO|226454|||23/02/1979|1|22300|09/10/2024||21|1|CGD|||||||||||10/10/2024|CGD|CGD|CGD|50883390F|1|09/10/2024|K35.30|S|||||||||||||||||||||||||||||||||||||||0DTJ4ZZ|BW40ZZZ|BW201ZZ||||||||||||||||||||||||||||||||||234|,7668|1|Sistema Nacional de Salud|-
220054|HOSPITAL DE BARBASTRO|155138|RMMN060822910017||22/08/2006|1|22500|09/10/2024||27|2|CGD|||||||||||11/10/2024|CGD|CGD|CGD|17852991T|1|09/10/2024|N62|S|||||||||||||||||||||||||||||||||||||||0HBV0ZZ||||||||||||||||||||||||||||||||||||363|1,1044|1|Sistema Nacional de Salud|-
220054|HOSPITAL DE BARBASTRO|59526|LSSC430327910017||27/03/1943|1|22410|07/10/2024||21|1|MIR|08/10/2024|NML|||||||||11/10/2024|NML|NML|NML|07267217E|1||J44.0|S|J20.1|S|G31.9|S|F05|N|I11.9|S|I51.7|S|I34.0|S|I48.21|S|E78.5|S|N40.0|S|||||||||||||||||||||3E03329|3E0333Z|4A02X4Z|B020ZZZ|3E0F7GC|3E033NZ|3E013GC||||||||||||||||||||||||||||||140|,6174|1|Sistema Nacional de Salud|-
220054|HOSPITAL DE BARBASTRO|5917|SBNC420954910011||14/09/1942|2|22421|07/10/2024||21|1|MIR|||||||||||11/10/2024|MIR|MIR|MIR|18049390W|1||A41.9|S|J98.8|S|I10|S|J45.909|S|H40.9|S|I44.7|S|Z79.82|E|Z85.118|E|Z90.2|E|Z88.0|E|||||||||||||||||||||3E03329|3E0333Z|3E0F7GC|3E0337Z|3E033GC|3E013VG|||||||||||||||||||||||||||||||720|,543|1|Sistema Nacional de Salud|-
220054|HOSPITAL DE BARBASTRO|27591|LPRB370113904019||13/01/1937|1|22300|09/09/2024||21|1|MIR|||||||||||11/10/2024|MIR|MIR|MIR|17756249L|1||J69.0|S|J44.9|S|I48.91|S|E86.0|S|E87.0|S|F05|S|R82.71|S|B96.5|S|Z16.19|S|K52.9|S|D53.9|S|N18.9|S|E79.0|S|G30.9|S|F02.80|S|D45|S|F32.A|S|N40.1|S|M81.0|S|Z99.81|E|3E03329|30233N1|3E0F7GC|3E0F7SF|3E033GC|3E0337Z|3E013GC||||||||||||||||||||||9950/3||||||||137|,7663|1|Sistema Nacional de Salud|-
220054|HOSPITAL DE BARBASTRO|32237|BLLG330516910010||16/05/1933|1|22400|08/10/2024||21|1|MIR|||||||||||11/10/2024|MIR|MIR|MIR|18055798Q|1||C16.3|S|I10|S|I48.21|S|I08.0|S|E78.5|S|M35.3|S|M81.0|S|Z79.01|E|||||||||||||||||||||||||0DB68ZX|BW241ZZ|3E013GC||||||||||||||||||||||||||8140/3||||||||240|,8515|1|Sistema Nacional de Salud|-
220054|HOSPITAL DE BARBASTRO|226364|AR500675877F||02/07/1957|1|22450|01/10/2024||21|1|MIR|02/10/2024|NML|||||||||11/10/2024|NML|NML|NML|07267217E|1||C34.31|S|J44.9|S|J96.00|S|I10|S|Z87.891|E|||||||||||||||||||||||||||||||3E1F88X|0B968ZX|4A02X4Z|BW24ZZZ|||||||||||||||||CW3NYZZ||||||||8000/3||||||||136|,8863|1|Sistema Nacional de Salud|-
220054|HOSPITAL DE BARBASTRO|103939|PRBR740670910012||30/06/1974|2|22530|09/10/2024||27|2|GIN|||||||||||12/10/2024|GIN|GIN|GIN|18073112B|1|10/10/2024|N81.2|S|N72|S|N85.8|S|||||||||||||||||||||||||||||||||||0UT9FZZ|0UT7FZZ|0UT2FZZ||||||||||||||||||||||||||||||||||513|,8396|1|Sistema Nacional de Salud|-
220054|HOSPITAL DE BARBASTRO|186407|NDXX880961642013||21/09/1988|2|22430|11/10/2024||21|1|CGD|||||||||||13/10/2024|CGD|CGD|CGD|17852991T|1|11/10/2024|K35.30|S|I10|S|||||||||||||||||||||||||||||||||||||0DTJ4ZZ|BW40ZZZ|3E033NZ|3E0337Z|||||||||||||||||||||||||||||||||234|,7668|1|Sistema Nacional de Salud|-
220054|HOSPITAL DE BARBASTRO|64600|MYPR830567910015||27/05/1983|2|22400|13/10/2024||21|1|OBS|||||||||||13/10/2024|OBS|OBS|OBS|43558977J|1|13/10/2024|O02.1|S|||||||||||||||||||||||||||||||||||||||10D17ZZ||||||||||||||||||||||||||||||||||||543|,431|1|Sistema Nacional de Salud|-
220054|HOSPITAL DE BARBASTRO|42540|PYRY330366910015||26/03/1933|2|22400|06/10/2024||21|1|MIR|07/10/2024|GRT|||||||||14/10/2024|GRT|GRT|GERIATRIA|18071569D|1||A41.59|S|N39.0|S|B96.4|S|D69.59|N|I11.0|S|I50.9|S|I08.1|S|I27.20|S|N81.4|S|K59.00|N|||||||||||||||||||||3E03329|B246ZZZ|BW40ZZZ|4A02X4Z|3E033NZ|3E0333Z|3E033GC|3E013GC|3E0337Z|3E0F7GC|||||||||||||||||||||||||||720|,7111|1|Sistema Nacional de Salud|-
220054|HOSPITAL DE BARBASTRO|141046|SNLC520551917019||11/05/1952|2|22330|09/10/2024||21|1|MIR|10/10/2024|GRT|||||||||14/10/2024|GRT|GRT|GERIATRIA|18071569D|1||J13|S|J96.00|S|E46|S|E55.9|S|I10|S|G93.89|S|Y84.2|S|Z85.819|E|Z92.21|E|Z59.3|E|Z79.82|E|Z79.52|E|||||||||||||||||3E03329|3E0F7GC|3E0337Z|3E0333Z|3E033GC|3E013GC|3E0F7SF||||||||||||||||||||||||||||||139|1,3566|1|Sistema Nacional de Salud|-
220054|HOSPITAL DE BARBASTRO|46671|CSSL410360910010||20/03/1941|2|22300|07/10/2024||21|1|MIR|08/10/2024|GRT|||||||||15/10/2024|GRT|GRT|GERIATRIA|18071569D|1||J18.9|S|J20.9|S|J96.91|S|J96.92|S|I11.0|S|I50.9|S|F05|S|K44.9|S|F32.A|S|F09|S|Z88.0|E|Z59.3|E|||||||||||||||||3E03329|3E0333Z|BW241ZZ|4A02X4Z|3E0F7SF|3E0F7GC|3E033GC|3E0337Z|3E033NZ|3E013GC|||||||||||||||||||||||||||139|,85|1|Sistema Nacional de Salud|-
220054|HOSPITAL DE BARBASTRO|191014|||02/12/1985|2|22400|13/10/2024||21|1|OBS|||||||||||16/10/2024|OBS|OBS|OBS|72781954H|1|13/10/2024|O98.72|S|B20|S|O34.219|S|O34.83|S|N90.810|S|O34.13|S|D25.1|S|O90.81|N|O92.5|N|Z3A.39|E|Z37.0|E|Z67.30|E|Z79.899|E|||||||||||||||10D00Z1|3E033GC|||||||||||||||||||||||||||8895/0||||||||540|,4756|1|Sistema Nacional de Salud|-
220054|HOSPITAL DE BARBASTRO|154635|STBS331255910015||15/12/1933|2|22300|15/10/2024||21|1|MIR|16/10/2024|NRL|||||||||16/10/2024|NRL|NRL|NRL|72971573W|1||I63.421|S|R29.722|S|R29.725|N|H53.462|S|G81.94|S|I48.91|S|F03.90|S|Z59.3|E|||||||||||||||||||||||||B020ZZZ||||||||||||||||||||||||||||||||||||045|,8638|1|Sistema Nacional de Salud|-
220054|HOSPITAL DE BARBASTRO|46232|HRBR451010910011||10/10/1945|1|22500|09/10/2024||21|1|MIR|||||||||||16/10/2024|MIR|MIR|MIR|17756249L|1||K52.9|S|N17.9|S|E83.51|S|E83.42|S|K80.20|S|E11.65|N|R94.31|S|I13.0|S|I50.9|S|I51.7|S|N18.9|S|E11.22|S|M10.09|S|E87.20|S|D64.9|S|E78.1|S|E66.9|S|E79.0|S|D51.0|S|Z79.4|E|BW40ZZZ|BW21ZZZ|B246ZZZ|4A02X4Z|3E03329|3E0337Z|3E0333Z|3E033NZ|3E033GC||||||||||||||||||||||||||||249|,5347|1|Sistema Nacional de Salud|-
220054|HOSPITAL DE BARBASTRO|4543|BRRR640603910014||03/06/1964|1|22400|06/10/2024||21|1|MIR|||||||||||17/10/2024|MIR|MIR|MIR|18045774C|1||J18.9|S|D61.810|S|T45.1X5A|S|C61|S|C78.6|S|C77.2|S|C79.51|S|C78.7|S|Z19.1|E|K83.1|S|R60.0|S|Z79.630|E|Z79.633|E|||||||||||||||BW201ZZ|3E0337Z|3E03329|3E033NZ|3E033GC|3E013GC|30233N1|3E0333Z|||||||||||||CW3NYZZ||||||||8140/3|8140/6|||||||139|,85|1|Sistema Nacional de Salud|-
220054|HOSPITAL DE BARBASTRO|99724|RSVL301265910013||25/12/1930|2|22500|10/10/2024||21|1|MIR|||||||||||17/10/2024|MIR|MIR|MIR|45942132T|1||C43.59|S|C78.00|S|C78.7|S|C79.89|S|C49.A2|S|D64.9|S|Z22.322|E|I10|S|I48.91|S|E11.9|S|E78.5|S|G30.9|S|F02.80|S|F32.A|S|E03.9|S|Z79.84|E|Z51.5|E|||||||BW21ZZZ|0DB68ZX|3E033NZ|3E033GC|3E0337Z||||||||||||||||||||||||8721/3|8721/6|8936/1||||||381|,7261|1|Sistema Nacional de Salud|-
220054|HOSPITAL DE BARBASTRO|213295|||01/01/1981|1|22400|17/10/2024||27|2|CGD|||||||||||18/10/2024|CGD|CGD|CGD|77133926E|1|17/10/2024|K40.90|S|||||||||||||||||||||||||||||||||||||||0YU64JZ||||||||||||||||||||||||||||||||||||228|,8181|1|Sistema Nacional de Salud|-
220054|HOSPITAL DE BARBASTRO|107676|BYPR571245910013||05/12/1957|2|22500|18/10/2024||27|2|GIN|||||||||||18/10/2024|GIN|GIN|GIN|72781954H|1|18/10/2024|N84.0|S|N99.71|N|Y83.8|N|I10|S|E11.9|S|Z79.84|E|||||||||||||||||||||||||||||0UB98ZZ|0UQC8ZZ|||||||||||||||||||||||||||||||||||513|,8396|1|Sistema Nacional de Salud|-
220054|HOSPITAL DE BARBASTRO|223518|||11/07/1992|1|22550|16/10/2024||27|2|CGD|||||||||||18/10/2024|CGD|CGD|CGD|17852991T|1|16/10/2024|K60.5|S|L40.9|S|||||||||||||||||||||||||||||||||||||0JBB0ZZ|0J8B0ZZ|||||||||||||||||||||||||||||||||||951|1,0271|1|Sistema Nacional de Salud|-
220054|HOSPITAL DE BARBASTRO|23025|RFVL541104910016||04/11/1954|1|22300|15/10/2024||27|2|URO|||||||||||20/10/2024|URO|URO|URO|28626568D|1|16/10/2024|C61|S|K40.90|S|I10|S|M19.90|S|Z87.891|E|||||||||||||||||||||||||||||||0VT04ZZ|07BC4ZZ|||||||||||||||||||||||||||8550/3||||||||484|1,2558|1|Sistema Nacional de Salud|-
220054|HOSPITAL DE BARBASTRO|106609|LZCS440509904017||09/05/1944|1|22300|16/10/2024||21|1|NRL|||||||||||20/10/2024|NRL|NRL|NRL|29121261H|2||G45.9|S|I48.21|S|I10|S|I65.22|S|||||||||||||||||||||||||||||||||B020ZZZ|B328ZZZ|B32RZZZ|4A02X4Z|3E013GC|3E0337Z|3E033NZ||||||||||||||||||||||||||||||047|,6778|1|Sistema Nacional de Salud|-
220054|HOSPITAL DE BARBASTRO|226541|||17/10/2024|1|22400|19/10/2024||24|1|PED|||||||||||20/10/2024|PED|PED|PED|18025482Z|1||P59.9|S|||||||||||||||||||||||||||||||||||||||6A600ZZ||||||||||||||||||||||||||||||||||||640|,1011|1|Sistema Nacional de Salud|-
220054|HOSPITAL DE BARBASTRO|38036|PSCB890647910014||07/06/1989|2|22400|18/10/2024||21|1|OBS|||||||||||20/10/2024|OBS|OBS|OBS|25153470A|1||O41.03X0|S|O92.5|N|Z67.40|E|Z3A.39|E|Z37.0|E|||||||||||||||||||||||||||||||10E0XZZ|10907ZC|3E0R3BZ|3E0P7VZ|4A1HXCZ||||||||||||||||||||||||||||||||560|,2876|1|Sistema Nacional de Salud|-
220054|HOSPITAL DE BARBASTRO|95193|LQCB450725904012||25/07/1945|1|22550|15/10/2024||21|1|MIR|16/10/2024|NML|||||||||21/10/2024|NML|NML|NML|18055770B|1||J44.0|S|J18.9|S|J44.1|S|E11.9|S|E78.5|S|I87.2|S|Z87.891|E|Z79.82|E|Z79.84|E|||||||||||||||||||||||3E03329|3E0F7SF|3E0333Z|3E0F7GC|BW24ZZZ|3E013VG|||||||||||||||||||||||||||||||140|,6174|1|Sistema Nacional de Salud|-
220054|HOSPITAL DE BARBASTRO|9019|PLBR330568910018||28/05/1933|2|22300|14/10/2024||21|1|MIR|15/10/2024|GRT|||||||||21/10/2024|GRT|GRT|GERIATRIA|18047202E|1||J69.0|S|J13|S|N39.0|S|G35|S|I10|S|G30.9|S|F02.C11|S|E11.9|S|Z87.440|E|Z79.84|E|Z79.82|E|Z74.09|S|Z59.3|E|Z51.5|E|||||||||||||3E03329|3E033NZ|3E033GC|3E0337Z|3E013GC||||||||||||||||||||||||||||||||137|,7663|1|Sistema Nacional de Salud|-
220054|HOSPITAL DE BARBASTRO|57406|BSZR270651910019||11/06/1927|2|22500|01/10/2024||21|1|MIR|02/10/2024|GRT|||||||||21/10/2024|GRT|GRT|GERIATRIA|72000771F|1||I11.0|S|I50.9|S|J96.92|S|T17.918A|N|J98.8|N|G30.9|S|F02.B0|S|E05.20|S|J44.9|S|F32.A|S|R32|S|R15.9|S|Z99.81|E|Z79.82|E|||||||||||||3E033GC|3E03329|3E0F7GC|3E0333Z|3E0F7SF||||||||||||||||||||||||||||||||194|,9142|1|Sistema Nacional de Salud|-
220054|HOSPITAL DE BARBASTRO|38377|LSMR340904910010||04/09/1934|1|22417|16/10/2024||21|1|MIR|||||||||||21/10/2024|MIR|MIR|MIR|45942132T|1||I13.0|S|I50.32|S|N18.31|S|I48.91|S|Z79.01|E|I08.2|S|J45.909|S|R97.0|S|I87.2|S|K90.49|S|Z88.0|E|Z91.012|E|Z91.09|E|Z88.8|E|||||||||||||3E033GC|3E0F7GC|4A02X4Z||||||||||||||||||||||||||||||||||194|,6399|1|Sistema Nacional de Salud|-
220054|HOSPITAL DE BARBASTRO|73045|RPGZ311254901018||14/12/1931|2|22430|20/10/2024||21|1|MIR|21/10/2024|GRT|||||||||21/10/2024|GRT|GRT|GERIATRIA|18047202E|4||I13.0|S|I50.9|S|N18.9|S|N17.9|S|J90|S|I48.91|S|J96.00|S|N39.0|S|R79.1|S|Z79.01|E|||||||||||||||||||||3E033GC|3E03329|3E0F7SF|3E0F7GC|3E033NZ|3E0337Z|3E0333Z||||||||||||||||||||||||||||||194|,9142|1|Sistema Nacional de Salud|-
220054|HOSPITAL DE BARBASTRO|68208|BXGR460613910011||13/06/1946|1|22500|13/10/2024||21|1|MIR|14/10/2024|GRT|||||||||22/10/2024|GRT|GRT|GERIATRIA|18048054T|1||J69.0|S|J96.00|S|L89.152|S|L89.323|S|L89.223|S|L89.214|S|B96.5|S|N39.0|S|B96.20|S|Z16.12|S|E46|S|D64.9|S|E53.8|S|C88.4|S|I12.9|S|E11.22|S|N18.9|S|F03.C0|S|D49.4|S|J45.909|S|3E03329|3E0F7GC|3E0333Z|3E013GC|3E033NZ|3E033GC|3E0F7SF|3E0337Z|3E033VJ|0T2BX0Z|||||||||||||||||||9699/3|8000/1|||||||137|1,5997|1|Sistema Nacional de Salud|-
220054|HOSPITAL DE BARBASTRO|15287|FNRM461249910013||09/12/1946|2|22500|15/10/2024||27|2|TRA|||||||||||22/10/2024|TRA|TRA|TRA|18054714J|1|16/10/2024|M17.12|S|||||||||||||||||||||||||||||||||||||||0SUD09C||||||||||||||||||||||||||||||||||||320|,9833|1|Sistema Nacional de Salud|-
220054|HOSPITAL DE BARBASTRO|19510|BLPQ481117910017||17/11/1948|1|22400|03/10/2024||21|1|MIR|||||||||||23/10/2024|MIR|MIR|MIR|18052661F|1||I11.0|S|I50.9|S|J44.1|S|I27.29|S|I07.1|S|E11.9|S|Z79.84|E|I48.91|S|Z79.01|E|E78.5|S|E79.0|S|K21.9|S|G47.30|S|Z87.891|E|Z99.81|E|J84.112|S|B90.9|E|Z85.51|E|||||4A02X4Z|B246ZZZ|3E033GC|3E0F7GC|3E033GC|3E013VG|3E033NZ|3E0333Z|3E03329|3E0F7SF|||||||||||||||||||||||||||194|,9142|1|Sistema Nacional de Salud|-
220054|HOSPITAL DE BARBASTRO|5917|SBNC420954910011||14/09/1942|2|22421|16/10/2024||21|1|MIR|17/10/2024|MIV|||||||||23/10/2024|MIV|MIV|MIV|18057684Q|4||A41.9|S|R65.20|S|J18.9|S|I10|S|J45.909|S|I44.7|S|I48.91|N|E87.20|N|J96.91|S|Z88.0|E|Z85.118|E|Z90.2|E|Z79.82|E|||||||||||||||5A09457|3E033XZ|5A0935A|3E03328|3E03329|5A2204Z|3E033NZ|3E013GC|3E0F7GC|3E033GC|||||||||||||||||||||||||||720|1,0915|1|Sistema Nacional de Salud|-
220054|HOSPITAL DE BARBASTRO|6536|DBCM540743910014||03/07/1954|2|22400|23/10/2024||27|2|TRA|||||||||||24/10/2024|TRA|TRA|TRA|25196873M|1|23/10/2024|M20.12|S|M20.5X2|S|M77.42|S|||||||||||||||||||||||||||||||||||0QSP04Z|0SGQ04Z|0QSP04Z||||||||||||||||||||||||||||||||||314|1,0916|1|Sistema Nacional de Salud|-
220054|HOSPITAL DE BARBASTRO|19936|BLPL540509910012||09/05/1954|1|22423|20/10/2024||27|2|URO|||||||||||24/10/2024|URO|URO|URO|28626568D|1|21/10/2024|C61|S|T85.79XA|S|I10|S|||||||||||||||||||||||||||||||||||0VT04ZZ|0VT34ZZ|0W9F4ZZ|3E03329|||||||||||||||||||||||||8550/3||||||||480|1,2616|1|Sistema Nacional de Salud|-
220054|HOSPITAL DE BARBASTRO|216240|||11/09/1990|2|22300|23/10/2024||21|1|OBS|||||||||||24/10/2024|OBS|OBS|OBS|43558977J|1||O99.824|S|O70.1|N|O90.81|N|Z67.20|E|Z3A.38|E|Z37.0|E|||||||||||||||||||||||||||||10E0XZZ|4A1HXCZ|3E0R3BZ|3E03329|||||||||||||||||||||||||||||||||560|,2876|1|Sistema Nacional de Salud|-
220054|HOSPITAL DE BARBASTRO|46084|SLCB600417904011||17/04/1960|1|22300|23/10/2024||27|2|CGD|||||||||||24/10/2024|CGD|CGD|CGD|73204652E|1|23/10/2024|K40.20|S|K44.9|S|N40.0|S|||||||||||||||||||||||||||||||||||0YUA0JZ||||||||||||||||||||||||||||||||||||228|,8181|1|Sistema Nacional de Salud|-
220054|HOSPITAL DE BARBASTRO|203157|||21/04/1986|1|22300|18/10/2024||21|1|CAR|19/10/2024|MIV|19/10/2024|CAR|19/10/2024|MIV|21/10/2024|CAR|||25/10/2024|CAR|CAR|CAR|Y6058219X|1||I30.9|S|||||||||||||||||||||||||||||||||||||||B246ZZZ|3E0333Z|3E0337Z|3E033NZ|||||||||||||||||||||||||||||||||207|,5286|1|Sistema Nacional de Salud|-
220054|HOSPITAL DE BARBASTRO|75445|FJFQ831164910010||24/11/1983|2|22534|22/10/2024||21|1|OBS|||||||||||25/10/2024|OBS|OBS|OBS|76974873Z|1||O48.0|S|O24.429|S|O40.3XX0|S|O99.824|S|O70.0|N|O90.81|N|Z3A.41|E|Z37.0|E|Z67.40|E|Z88.0|E|||||||||||||||||||||10E0XZZ|3E0R3BZ|3E0P7VZ|3E033VJ|0HQ9XZZ|4A1HXCZ|||||||||||||||||||||||||||||||560|,3169|1|Sistema Nacional de Salud|-
220054|HOSPITAL DE BARBASTRO|22570|LLGS650249910018||09/02/1965|2|22400|25/09/2024||21|1|MIR|||||||||||25/10/2024|MIR|MIR|MIR|18052661F|1|08/10/2024|R18.8|S|R60.0|S|C78.7|S|C78.6|S|C77.2|S|K76.6|S|K83.1|S|K72.90|S|C56.1|S|I31.39|S|D50.9|S|N39.0|S|B96.20|S|B95.2|N|E87.6|N|T50.2X5A|N|T82.514A|N|R19.7|S|Z79.620|E|Z79.630|E|0JPT0WZ|02PYX3Z|0JH60WZ|02HV33Z|0W9G3ZZ|0W9G3ZX|3E033GC|BW201ZZ|BW241ZZ|B543ZZZ|B544ZZZ|B546ZZZ|B547ZZZ|BW40ZZZ|B52T1ZZ|B4201ZZ|B246ZZZ|3E03329|3E013GC|3E0337Z|||||||||8140/6|8000/3|||||||283|,9634|1|Sistema Nacional de Salud|-
220054|HOSPITAL DE BARBASTRO|8326|BZSN521227910013||27/12/1952|1|22300|25/10/2024||27|2|CGD|||||||||||26/10/2024|CGD|CGD|CGD|77133926E|1|25/10/2024|K40.90|S|D17.1|S|||||||||||||||||||||||||||||||||||||0YU54JZ|0YB50ZZ|||||||||||||||||||||||||||8850/0||||||||228|,8181|1|Sistema Nacional de Salud|-
220054|HOSPITAL DE BARBASTRO|225211|||27/11/1952|1|22500|25/10/2024||27|2|CGD|||||||||||26/10/2024|CGD|CGD|CGD|77133926E|1|25/10/2024|K40.20|S|||||||||||||||||||||||||||||||||||||||0YUA4JZ||||||||||||||||||||||||||||||||||||228|,8181|1|Sistema Nacional de Salud|-
220054|HOSPITAL DE BARBASTRO|2519|LNLT540146910016||06/01/1954|2|22300|24/10/2024||21|1|CGD|||||||||||26/10/2024|CGD|CGD|CGD|50883390F|1||K56.600|S|C78.6|S|K57.30|S|I10|S|E78.5|S|F41.9|S|Z85.038|E|Z90.49|E|||||||||||||||||||||||||0D9670Z|3E0DXGC|BW201ZZ|3E0337Z|3E033NZ|3E033GC|3E013GC||||||||||||||||||||||8490/6||||||||247|,4466|1|Sistema Nacional de Salud|-
220054|HOSPITAL DE BARBASTRO|88205|GRNG440945910017||05/09/1944|2|22420|10/10/2024||21|1|MIR|||||||||||28/10/2024|MIR|MIR|MIR|18052661F|1||K56.609|S|J18.9|S|I48.91|S|I34.0|S|E11.65|S|R13.10|S|B37.0|S|E78.5|S|I44.7|S|Z95.2|E|Z90.49|E|Z90.710|E|Z79.82|E|||||||||||||||BW211ZZ|4A02X4Z|B246ZZZ|3E03329|3E0F7GC|3E033GC|3E013VG|3E033NZ|||||||||||||||||||||||||||||247|,598|1|Sistema Nacional de Salud|-
220054|HOSPITAL DE BARBASTRO|76772|BRNT380826917014||26/08/1938|1|22400|13/10/2024||21|1|MIR|14/10/2024|GRT|||||||||29/10/2024|GRT|GRT|GERIATRIA|72000771F|1||N39.0|S|R33.9|S|K59.00|S|G30.1|S|F02.C0|S|R13.12|S|I12.9|S|N18.9|S|I45.10|S|E78.5|S|M81.0|S|M19.90|S|N40.0|S|R54|S|Z59.3|E|||||||||||BW241ZZ|3E013GC|3E0337Z|3E03329|3E033NZ||||||||||||||||BF35ZZZ|BF37ZZZ|||||||||||||||463|,4576|1|Sistema Nacional de Salud|-
220054|HOSPITAL DE BARBASTRO|224823|||11/07/1997|2|22500|27/10/2024||21|1|OBS|||||||||||29/10/2024|OBS|OBS|OBS|72781954H|1||O69.82X0|S|O48.0|S|O90.81|N|Z3A.40|E|Z67.10|E|Z37.0|E|||||||||||||||||||||||||||||10E0XZZ|3E0R3BZ|4A1HXCZ||||||||||||||||||||||||||||||||||560|,2876|1|Sistema Nacional de Salud|-
220054|HOSPITAL DE BARBASTRO|184486|TRGR370345910016||05/03/1937|2|22400|29/10/2024||21|1|MIR|30/10/2024|GRT|||||||||30/10/2024|GRT|GRT|GERIATRIA|18048054T|1||G45.9|S|N18.1|S|D50.9|S|E03.8|S|E55.9|S|||||||||||||||||||||||||||||||4A02X4Z|B020ZZZ|||||||||||||||||||||||||||||||||||047|,61|1|Sistema Nacional de Salud|-
220054|HOSPITAL DE BARBASTRO|25277|VLRM490227910014||27/02/1949|1|22430|25/10/2024||21|1|MIR|25/10/2024|NML|||||||||30/10/2024|NML|NML|NML|18055770B|1||J44.0|S|J18.9|S|J45.901|S|G47.30|S|Z99.89|E|E03.2|S|T46.2X5S|E|Z87.891|E|I48.0|S|Z79.01|E|D47.3|S|Z95.820|E|Z89.421|E|||||||||||||||3E03329|3E0F7GC|3E0333Z|3E013VG|3E0F7SF||||||||||||||||||||||||9962/3||||||||140|,6174|1|Sistema Nacional de Salud|-
220054|HOSPITAL DE BARBASTRO|105340|NGST980564910013||24/05/1998|2|22300|24/10/2024||21|1|OBS|28/10/2024|GIN|||||||||30/10/2024|GIN|GIN|GIN|73010241F|1||T81.43XA|S|N73.9|S|Y83.6|S|Z88.1|E|||||||||||||||||||||||||||||||||BU4CZZZ|BW211ZZ|3E03329||||||||||||||||||||||||||||||||||721|,5653|1|Sistema Nacional de Salud|-
220054|HOSPITAL DE BARBASTRO|2425|LVJV560918910014||18/09/1956|1|22300|22/10/2024||21|1|CGD|||||||||||30/10/2024|CGD|CGD|CGD|50883390F|1||K80.00|S|K25.4|S|I11.9|S|I51.7|S|I48.92|S|Z95.810|E|Z59.3|E|||||||||||||||||||||||||||3E033NZ|3E03329|3E033GC|3E013GC|3E0337Z||||||||||||||||0DJ08ZZ||||||||||||||||284|,8061|1|Sistema Nacional de Salud|-
220054|HOSPITAL DE BARBASTRO|51059|VLBR281062910012||22/10/1928|2|22400|28/10/2024||21|1|MIR|29/10/2024|GRT|||||||||30/10/2024|GRT|GRT|GERIATRIA|72000771F|4||J18.9|S|I48.91|S|N18.5|S|J96.00|S|N17.9|S|E89.0|S|I87.2|S|E79.0|S|F09|S|F32.A|S|Z59.3|E|||||||||||||||||||3E03329|3E0333Z|3E0337Z|3E033GC|3E033NZ||||||||||||||||||||||||||||||||139|,85|1|Sistema Nacional de Salud|-
220054|HOSPITAL DE BARBASTRO|96662|FNSP230948910017||08/09/1923|2|22300|31/10/2024||21|1|MIR|||||||||||31/10/2024|MIR|MIR|MIR|17202610J|4||J69.0|S|J96.00|S|I63.9|S|F03.90|S|I10|S|I48.91|S|E78.5|S|||||||||||||||||||||||||||3E033NZ|3E0F7SF|||||||||||||||||||||||||||||||||||137|1,5997|1|Sistema Nacional de Salud|-
220054|HOSPITAL DE BARBASTRO|107865|LMPL340710910013|þ|10/07/1934|1|22400|11/10/2024||21|1|MIR|||||||||||31/10/2024|MIR|MIR|MIR|18055798Q|1||R78.81|S|B96.1|S|N39.0|S|N13.9|S|Z96.0|S|I12.9|S|N18.9|S|E11.22|S|I48.91|S|E78.5|S|F32.A|S|Z79.01|E|Z59.3|E|||||||||||||||0T9B70Z|4A02X4Z|3E03329|30233N1|3E033NZ|3E0337Z|3E03328|3E013GC|3E013VJ||||||||||||||||||||||||||||724|,679|1|Sistema Nacional de Salud|-
220054|HOSPITAL DE BARBASTRO|78049|LVCM331011910010||11/10/1933|1|22340|26/10/2024||21|1|MIR|28/10/2024|GRT|||||||||31/10/2024|GRT|GRT|GERIATRIA|72000771F|1||L03.115|S|I11.0|S|I50.33|S|I27.20|S|E78.5|S|M10.9|S|D47.3|S|D18.01|S|Z95.5|E|Z79.01|E|Z79.64|E|||||||||||||||||||3E03329|3E033GC|3E0F7SF|B246ZZZ|3E0F7GC|3E013GC|||||||||||||||||||||||9962/3|9120/0|||||||383|,5698|1|Sistema Nacional de Salud|-
220054|HOSPITAL DE BARBASTRO|11698|MRGR500657910017||17/06/1950|2|22424|30/10/2024||27|2|CGD|||||||||||31/10/2024|CGD|CGD|CGD|73210877Z|1|30/10/2024|C50.811|S|Z17.0|E|E78.5|S|F41.8|S|Z80.3|E|||||||||||||||||||||||||||||||0HBT0ZZ|07B50ZX|3E013KZ|3E013KZ|0HHT3YZ||||||||||||||||||||||||8500/3||||||||363|1,1044|1|Sistema Nacional de Salud|-
220054|HOSPITAL DE BARBASTRO|36640|PTGR580756901012||16/07/1958|2|22300|31/10/2024||27|2|CGD|||||||||||01/11/2024|CGD|CGD|CGD|72889973Y|1|31/10/2024|L73.2|S|I10|S|E78.00|S|G25.81|S|F32.A|S|||||||||||||||||||||||||||||||0JBL0ZZ||||||||||||||||||||||||||||||||||||385|,434|1|Sistema Nacional de Salud|-
220054|HOSPITAL DE BARBASTRO|226642|||30/12/1996|1|22500|29/10/2024||21|1|ORL|||||||||||03/11/2024|ORL|ORL|ORL|26283260X|1||L02.11|S|||||||||||||||||||||||||||||||||||||||B0201ZZ|3E03329|3E033NZ|3E033GC|3E0133Z||||||||||||||||||||||||||||||||383|,4196|1|Sistema Nacional de Salud|-
220054|HOSPITAL DE BARBASTRO|148392|CSLC411206910010||06/12/1941|1|22338|22/10/2024||21|1|MIR|||||||||||04/11/2024|MIR|MIR|MIR|18049390W|1||J47.0|S|B96.5|S|C44.42|S|C77.0|S|Z79.620|E|Z88.6|E|||||||||||||||||||||||||||||3E1F88X|BW24ZZZ|4A02X4Z|3E0F7SF|3E013GC|3E0337Z|3E033NZ|3E0333Z|||||||||||||||||||||8070/3|8070/6|||||||140|,7699|1|Sistema Nacional de Salud|-
220054|HOSPITAL DE BARBASTRO|37951|VIBR380611250014||11/06/1938|1|22300|20/10/2024||21|1|TRA|||||||||||05/11/2024|TRA|TRA|TRA|72967765N|5|24/10/2024|S72.011A|S|W19.XXXA|S|D64.9|N|N39.0|S|N17.9|N|E55.9|S|E21.1|S|I10|S|E78.5|S|E11.9|S|Z79.4|E|I48.21|S|Z79.01|E|Z95.2|E|E79.0|S|Z87.891|E|R41.9|S|M47.9|S|K59.00|S|||0SRR0J9|F07L6ZZ|F07Z9ZZ|3E013GC|3E033NZ|3E03329|3E033GC|3E1H78Z|||||||||||||||||||||||||||||323|1,6211|1|Sistema Nacional de Salud|-
220054|HOSPITAL DE BARBASTRO|160262|NSVL521003910017||03/10/1952|1|22313|04/11/2024||27|2|CGD|||||||||||05/11/2024|CGD|CGD|CGD|19005451E|1|04/11/2024|K40.90|S|I11.0|S|I50.9|S|J44.9|S|I27.22|S|I27.23|S|G47.33|S|I48.91|S|E78.5|S|C83.19|S|Z87.891|E|||||||||||||||||||0YU50JZ||||||||||||||||||||||||||||9673/3||||||||228|1,0773|1|Sistema Nacional de Salud|-
220054|HOSPITAL DE BARBASTRO|27872|MLPR780220910017||20/02/1978|1|22300|03/11/2024||21|1|MIR|03/11/2024|URO|||||||||05/11/2024|URO|URO|URO|28626568D|1||N20.2|S|N23|S|N17.9|S|Z91.041|E|||||||||||||||||||||||||||||||||BT4JZZZ|BT23ZZZ|3E033NZ|3E0333Z|3E0337Z||||||||||||||||||||||||||||||||465|,6169|1|Sistema Nacional de Salud|-
220054|HOSPITAL DE BARBASTRO|79700|CSRM310818910014||18/08/1931|1|22400|25/10/2024||21|1|TRA|||||||||||05/11/2024|TRA|TRA|TRA|73090858D|1|29/10/2024|S72.101A|S|W19.XXXA|S|J69.0|S|D64.9|N|N17.9|N|M62.3|N|F05|N|E53.8|S|E55.9|S|E21.1|S|K59.00|S|R13.10|S|L89.159|S|D50.9|S|I50.9|S|I48.92|S|F20.9|S|R32|S|Z59.3|E|Z74.09|S|0QS636Z|30233N1|3E03329|3E0333Z|3E0F7GC|3E013GC|3E1H38Z||||||||||||||||||||||||||||||308|1,8861|1|Sistema Nacional de Salud|-
220054|HOSPITAL DE BARBASTRO|153302|LNRS440949910012||09/09/1944|2|22430|25/10/2024||21|1|MIR|||||||||||05/11/2024|MIR|MIR|MIR|72987424Y|1||K85.90|S|F05|N|R21|N|D64.9|S|M05.80|S|M81.0|S|E55.9|S|E53.8|S|F09|S|Z59.3|E|||||||||||||||||||||BW201ZZ|4A02X4Z|3E0337Z|3E033NZ|3E03329|3E033GC|3E013GC||||||||||||||||||||||||||||||282|,6409|1|Sistema Nacional de Salud|-
220054|HOSPITAL DE BARBASTRO|152734|BLVZ390729906010||29/07/1939|1|22400|26/10/2024||21|1|MIR|||||||||||05/11/2024|MIR|MIR|MIR|72987424Y|1||I50.33|S|E85.4|S|I43|S|R78.81|S|I77.89|S|B95.61|S|I71.9|S|I51.7|S|I27.20|S|I48.91|S|D47.2|S|J92.0|S|L40.9|S|Z79.01|E|||||||||||||BW201ZZ|3E033GC|3E0F7SF|4A02X4Z|3E033NZ|3E03329|3E0337Z|3E0F7GC|||||||||||||||||||||9765/1||||||||194|,9142|1|Sistema Nacional de Salud|-
220054|HOSPITAL DE BARBASTRO|53800|CVBR540722910011||22/07/1954|1|22500|03/11/2024||27|2|ORL|||||||||||05/11/2024|ORL|ORL|ORL|26283260X|1|04/11/2024|J33.0|S|M30.1|S|||||||||||||||||||||||||||||||||||||09BK8ZZ||||||||||||||||||||||||||||||||||||115|,655|1|Sistema Nacional de Salud|-
220054|HOSPITAL DE BARBASTRO|40756|NSSN360403910012||03/04/1936|1|22400|21/10/2024||21|1|NEF|||||||||||05/11/2024|NEF|NEF|NEF|73018568P|1||I13.0|S|I50.31|S|E11.22|S|N18.4|S|N17.9|S|N25.81|S|E55.9|S|E21.1|S|N39.0|S|B96.89|S|E78.5|S|E66.9|S|I25.2|E|I08.0|S|D64.9|S|J92.0|S|J44.9|S|Z79.82|E|Z79.84|E|Z87.891|E|3E033GC|BW24ZZZ|3E03329|3E013GC|||||||||||||||||||||||||||||||||194|,6399|1|Sistema Nacional de Salud|-
220054|HOSPITAL DE BARBASTRO|61510|LNLM330342910012||02/03/1933|2|22462|29/10/2024||21|1|MIR|30/10/2024|GRT|||||||||06/11/2024|GRT|GRT|GERIATRIA|18048054T|4||I13.0|S|I50.9|S|N18.32|S|J98.8|S|J96.00|S|I48.91|S|E79.0|S|M15.9|S|F09|S|Z66|S|||||||||||||||||||||3E033GC|3E033NZ|3E013GC|3E0F7GC|3E0333Z|3E03329|||||||||||||||||||||||||||||||194|,9142|1|Sistema Nacional de Salud|-
220054|HOSPITAL DE BARBASTRO|154641|BRCS070519910010||19/05/2007|1|22400|05/11/2024||27|2|TRA|||||||||||06/11/2024|TRA|TRA|TRA|78333534L|1||M25.312|S|Z53.8|N|||||||||||||||||||||||||||||||||||||||||||||||||||||||||||||||||||||||||351|,5067|1|Sistema Nacional de Salud|-
220054|HOSPITAL DE BARBASTRO|153330|LVPY011245910010||05/12/2001|2|22422|06/11/2024||27|2|GIN|||||||||||06/11/2024|GIN|GIN|GIN|18073112B|1|06/11/2024|D24.1|S|||||||||||||||||||||||||||||||||||||||0HBT0ZZ||||||||||||||||||||||||||||9010/0||||||||363|1,1044|1|Sistema Nacional de Salud|-
220054|HOSPITAL DE BARBASTRO|164605|SLXX680109686011||09/01/1968|1|22500|31/10/2024||21|1|MIR|||||||||||07/11/2024|MIR|MIR|MIR|45942132T|1||J98.8|S|B95.62|S|B96.5|S|B96.3|S|M47.9|S|M51.16|S|M51.17|S|Z86.11|E|||||||||||||||||||||||||BW241ZZ|3E03329|3E033NZ|3E013GC|||||||||||||||||BR37ZZZ|BR39ZZZ|||||||||||||||144|,5063|6|Financiación Mixta|-
220054|HOSPITAL DE BARBASTRO|2349|RMMR631215910017||15/12/1963|1|22300|30/10/2024||21|1|MIR|||||||||||07/11/2024|MIR|MIR|MIR|72987424Y|1||D50.9|S|Z79.82|E|Z79.02|E|I25.2|E|Z95.5|E|I72.8|S|I10|S|E78.5|S|Z87.891|E|||||||||||||||||||||||BW201ZZ|30233N1|3E033GC|3E0337Z|||||||||||||||||||||||||||||||||663|,643|1|Sistema Nacional de Salud|-
220054|HOSPITAL DE BARBASTRO|89619|RDJB960966910018||26/09/1996|2|22500|05/11/2024||21|1|OBS|||||||||||08/11/2024|OBS|OBS|OBS|73010241F|1||O47.03|S|Z3A.34|E|||||||||||||||||||||||||||||||||||||BY4FZZZ|3E0333Z|||||||||||||||||||||||||||||||||||566|,2688|1|Sistema Nacional de Salud|-
220054|HOSPITAL DE BARBASTRO|226463|||29/07/1983|1|22193|07/11/2024||27|2|CGD|||||||||||08/11/2024|CGD|CGD|CGD|18045029B|1|07/11/2024|K40.90|S|||||||||||||||||||||||||||||||||||||||0YU64JZ||||||||||||||||||||||||||||||||||||228|,8181|1|Sistema Nacional de Salud|-
220054|HOSPITAL DE BARBASTRO|159519|AR000149096A||09/12/1971|2|22400|30/10/2024||21|1|MIR|||||||||||09/11/2024|MIR|MIR|MIR|18055798Q|1|04/11/2024|C78.6|S|Z85.048|E|Z90.49|E|I25.2|E|K76.0|S|Z92.3|E|K57.30|S|Z88.1|E|||||||||||||||||||||||||0JH60WZ|02HV33Z|BW201ZZ|BW241ZZ|B246ZZZ|4A02X4Z|3E04305|3E033NZ|3E03329|3E013GC|3E0333Z|3E0337Z|3E0336Z||||||||||||||||8140/6||||||||240|,7521|1|Sistema Nacional de Salud|-
220054|HOSPITAL DE BARBASTRO|30084|GLSS680351910013||11/03/1968|2|22400|06/11/2024||27|2|CGD|||||||||||09/11/2024|CGD|CGD|CGD|73210877Z|1|06/11/2024|N62|S|N99.840|N|Y83.6|N|E66.9|S|J45.909|S|E89.0|S|F32.A|S|Z88.6|E|Z88.1|E|||||||||||||||||||||||0HBV0ZZ||||||||||||||||||||||||||||||||||||363|1,1044|1|Sistema Nacional de Salud|-
220054|HOSPITAL DE BARBASTRO|226745|||21/04/2006|2|22500|07/11/2024||21|1|CGD|||||||||||09/11/2024|CGD|CGD|CGD|77133926E|1|07/11/2024|K35.33|S|||||||||||||||||||||||||||||||||||||||0DTJ4ZZ|BW40ZZZ|3E0337Z|3E033NZ|||||||||||||||||||||||||||||||||233|,9505|1|Sistema Nacional de Salud|-
220054|HOSPITAL DE BARBASTRO|77056|BLHG500223910018||23/02/1950|1|22300|08/11/2024||27|2|CGD|||||||||||09/11/2024|CGD|CGD|CGD|19005451E|1|08/11/2024|K40.90|S|G20|S|M45.9|S|Z87.891|E|||||||||||||||||||||||||||||||||0YU54JZ||||||||||||||||||||||||||||||||||||228|,8181|1|Sistema Nacional de Salud|-
220054|HOSPITAL DE BARBASTRO|226538|||16/10/2006|2|22500|06/11/2024||21|1|OBS|||||||||||09/11/2024|OBS|OBS|OBS|25153470A|1||O34.83|S|N90.812|S|Z67.40|E|Z3A.38|E|Z37.0|E|||||||||||||||||||||||||||||||10E0XZZ|10907ZC|3E0R3BZ|4A1HXCZ|||||||||||||||||||||||||||||||||560|,2876|1|Sistema Nacional de Salud|-
220054|HOSPITAL DE BARBASTRO|30809|RALP570757910015||17/07/1957|2|50012|07/11/2024||21|1|URO|||||||||||10/11/2024|URO|URO|URO|28626568D|1|07/11/2024|N13.2|S|R14.0|N|I10|S|E78.5|S|||||||||||||||||||||||||||||||||0T9480Z|BW21ZZZ|3E033NZ|3E0337Z|3E03329||||||||||||||||||||||||||||||||443|1,0933|1|Sistema Nacional de Salud|-
220054|HOSPITAL DE BARBASTRO|96002|RSBL491048910011||08/10/1949|2|22400|10/11/2024||21|1|MIR|11/11/2024|CAR|||||||||11/11/2024|CAR|CAR|CAR|Y6058219X|1||I48.91|S|I10|S|E11.9|S|Z95.4|E|Z95.0|E|Z79.01|E|||||||||||||||||||||||||||||3E0337Z|3E033GC|3E013VG||||||||||||||||||||||||||||||||||201|,4272|1|Sistema Nacional de Salud|-
220054|HOSPITAL DE BARBASTRO|209395|||10/03/1968|2|22590|05/11/2024||21|1|TRA|||||||||||12/11/2024|TRA|TRA|TRA|Z2347614D|1||M51.16|S|M51.27|S|||||||||||||||||||||||||||||||||||||BR39ZZZ|BR33ZZZ|3E033NZ|3E0333Z|3E013GC||||||||||||||||||||||||||||||||347|,6123|1|Sistema Nacional de Salud|-
220054|HOSPITAL DE BARBASTRO|107035|RLRM710628901014||28/06/1971|1|22500|12/11/2024||27|2|CGD|||||||||||13/11/2024|CGD|CGD|CGD|73210877Z|1|12/11/2024|K64.1|S|E78.5|S|I10|S|||||||||||||||||||||||||||||||||||06BY0ZC||||||||||||||||||||||||||||||||||||226|,8052|1|Sistema Nacional de Salud|-
220054|HOSPITAL DE BARBASTRO|15182|CSDL530603910016||03/06/1953|1|22390|28/10/2024||21|1|TRA|||||||||||13/11/2024|TRA|TRA|TRA|Y2004544Q|1|30/10/2024|S72.011A|S|W19.XXXA|S|Y92.019|E|J18.9|N|E87.1|N|I11.0|S|I50.9|S|E11.51|S|Z79.4|E|I48.20|S|Z79.01|E|G47.30|S|Z99.89|E|F32.A|S|F17.210|S|F10.21|S|E79.0|S|M19.90|S|E83.118|S|K44.9|S|0SRR0JZ|B246ZZZ|0BJ08ZZ|3E033NZ|3E0F7GC|3E013GC|3E03329|3E0337Z|||||||||||||||||||||||||||||323|1,6211|1|Sistema Nacional de Salud|-
220054|HOSPITAL DE BARBASTRO|20117|GRBR310542910011||02/05/1931|2|22400|13/11/2024||27|2|GIN|||||||||||14/11/2024|GIN|GIN|GIN|72781954H|1|13/11/2024|C50.211|S|Z17.1|E|I10|S|J47.9|S|I48.91|S|Z79.01|E|||||||||||||||||||||||||||||0HBT0ZZ|07B50ZX|3E013KZ|3E013KZ|||||||||||||||||||||||||8500/3||||||||363|1,1044|1|Sistema Nacional de Salud|-
220054|HOSPITAL DE BARBASTRO|46882|CBRB690555910016||15/05/1969|2|22300|13/11/2024||27|2|CGD|||||||||||15/11/2024|CGD|CGD|CGD|73210877Z|1|13/11/2024|C50.811|S|C77.3|S|Z17.0|E|E11.9|S|E78.5|S|||||||||||||||||||||||||||||||0HBT0ZZ|0HBT0ZX|07T50ZZ|0HHT3YZ|BH40ZZZ||||||||||||||||||||||||8500/3|8500/6|||||||363|1,1044|1|Sistema Nacional de Salud|-
220054|HOSPITAL DE BARBASTRO|153905|AR101104355V||13/05/1955|2|22147|14/11/2024||27|2|CGD|||||||||||15/11/2024|CGD|CGD|CGD|77133926E|1|14/11/2024|K80.10|S|F17.210|S|M81.0|S|Z87.01|E|||||||||||||||||||||||||||||||||0FT44ZZ||||||||||||||||||||||||||||||||||||263|,9851|1|Sistema Nacional de Salud|-
220054|HOSPITAL DE BARBASTRO|221624|||22/02/1993|2|22300|12/11/2024||21|1|OBS|||||||||||15/11/2024|OBS|OBS|OBS|72781954H|1||O70.1|N|O90.81|N|Z67.40|E|Z3A.38|E|Z37.0|E|||||||||||||||||||||||||||||||10E0XZZ|0KQM0ZZ|3E0R3BZ|4A1HXCZ|3E03329||||||||||||||||||||||||||||||||560|,2876|1|Sistema Nacional de Salud|-
220054|HOSPITAL DE BARBASTRO|123457|PRCC470425904016||25/04/1947|1|22590|14/11/2024||27|2|CGD|||||||||||16/11/2024|CGD|CGD|CGD|19005451E|1|15/11/2024|K40.20|S|E11.9|S|I10|S|E78.5|S|N40.0|S|Z79.84|E|||||||||||||||||||||||||||||0YUA4JZ||||||||||||||||||||||||||||||||||||228|,8181|1|Sistema Nacional de Salud|-
220054|HOSPITAL DE BARBASTRO|128977|CSMZ480411910013||11/04/1948|1|22350|30/10/2024||21|1|MIR|||||||||||16/11/2024|MIR|MIR|MIR|72987424Y|1||N17.9|S|R00.1|S|T46.0X5A|S|C16.0|S|C78.7|S|R18.0|S|Z79.620|E|I48.21|S|Z79.01|E|R82.71|S|B96.1|S|Z16.24|S|G47.33|S|Z99.89|E|E79.0|S|I08.1|S|I27.20|S|Z85.51|E|Z93.6|E|Z90.6|E|BW241ZZ|BW40ZZZ|4A02X4Z|3E0337Z|3E013VG|3E033GC|3E013GC|3E033NZ|||||||||||||||||||||8140/3|8140/6|||||||469|,946|1|Sistema Nacional de Salud|-
220054|HOSPITAL DE BARBASTRO|14626|CSRT431247910010||07/12/1943|2|22400|22/10/2024||21|1|MIR|||||||||||17/11/2024|MIR|MIR|MIR|18045774C|1|31/10/2024|C18.7|S|D63.0|S|K92.2|S|C77.5|S|C78.7|S|K55.20|S|N17.9|S|E87.6|S|T80.219A|S|I10|S|Z90.49|E|K44.9|S|Z85.848|E|Z86.16|E|||||||||||||0JPT0WZ|02PYX3Z|0DJ08ZZ|0DBN8ZX|BW211ZZ|3E0337Z|3E033NZ|3E033GC|||||||||||||DD050ZZ||||||||8140/3|8140/6|||||||240|1,2059|1|Sistema Nacional de Salud|-
220054|HOSPITAL DE BARBASTRO|225593|||10/04/1989|2|22300|14/11/2024||21|1|OBS|||||||||||17/11/2024|OBS|OBS|OBS|47919222X|1||O48.0|S|O63.1|N|O66.5|N|O69.82X0|S|O90.81|N|Z67.10|E|Z3A.41|E|Z37.0|E|Z88.0|E|||||||||||||||||||||||10D07Z3|0W8NXZZ|10907ZC|3E0R3BZ|4A1HXCZ||||||||||||||||||||||||||||||||560|,3169|1|Sistema Nacional de Salud|-
220054|HOSPITAL DE BARBASTRO|55859|CRTR320760910017||20/07/1932|2|22400|14/11/2024||21|1|MIR|||||||||||18/11/2024|MIR|MIR|MIR|18052661F|4||I11.0|S|I50.9|S|J98.8|S|J96.92|S|I87.2|S|K44.9|S|Z99.3|E|Z59.3|E|||||||||||||||||||||||||3E033GC|3E03329|3E0F7GC|3E0333Z|3E013GC|3E033NZ|||||||||||||||||||||||||||||||194|,9142|1|Sistema Nacional de Salud|-
220054|HOSPITAL DE BARBASTRO|166458|MRCD680416901018||16/04/1968|1|22580|15/11/2024||21|1|MIV|16/11/2024|CAR|||||||||18/11/2024|CAR|CAR|CAR|Y6058219X|1||I24.9|S|I25.10|S|I10|S|Z88.0|E|Z88.6|E|Z88.8|E|||||||||||||||||||||||||||||3E013GC|3E0F7SF|B246ZZZ|4A12X4Z|4A13XB1|4A13XR1|||||||||||||||B2111ZZ|027036Z|||||||||||||||198|,4962|1|Sistema Nacional de Salud|-
220054|HOSPITAL DE BARBASTRO|221688|||14/11/1994|2|22440|14/11/2024||21|1|OBS|||||||||||18/11/2024|OBS|OBS|OBS|72781954H|1||O48.0|S|O70.1|N|O90.81|N|Z3A.40|E|Z67.40|E|Z37.0|E|||||||||||||||||||||||||||||10E0XZZ|0KQM0ZZ|10907ZC|4A1HXCZ|3E0R3BZ||||||||||||||||||||||||||||||||560|,2876|1|Sistema Nacional de Salud|-
220054|HOSPITAL DE BARBASTRO|212771|||30/06/1971|1|22300|18/08/2024||21|1|MIR|||||||||||19/11/2024|MIR|MIR|MIR|18052661F|1||A41.9|S|J98.8|S|T80.211A|N|B37.7|N|R78.81|N|B96.5|N|R82.71|N|B96.89|N|L89.153|S|E87.1|S|E46|S|H70.12|S|B37.0|N|K56.41|N|I69.119|E|I69.154|E|I69.191|E|R13.19|S|I42.2|S|I48.0|S|B020ZZZ|BN2FZZZ|BW241ZZ|B020ZZZ|BW241ZZ|BR29ZZZ|B246ZZZ|4A02X4Z|3E04329|3E0337Z|3E043NZ|3E0433Z|3E013VG|3E04328|3E1H78Z||||||CW3NYZZ||||||||||||||||720|1,0915|1|Sistema Nacional de Salud|-
220054|HOSPITAL DE BARBASTRO|7597|CTDL480907910013||07/09/1948|1|22510|13/11/2024||21|1|MIR|||||||||||19/11/2024|MIR|MIR|MIR|72987424Y|1||I26.99|S|I5A|S|R09.02|S|I11.9|S|I51.7|S|E55.9|S|E11.51|S|E11.22|S|N18.2|S|E11.319|S|I65.21|S|E78.5|S|G47.33|S|K76.0|S|E88.1|S|Z21|S|Z79.4|E|||||||B32SZZZ|B32TZZZ|B54DZZZ|B246ZZZ|4A02X4Z|3E013GC|3E0337Z|3E033GC|3E03329||||||||||||||||||||||||||||134|,7227|1|Sistema Nacional de Salud|-
220054|HOSPITAL DE BARBASTRO|50959|DMCL590369910019||29/03/1959|2|22300|17/11/2024||21|1|TRA|||||||||||19/11/2024|TRA|TRA|TRA|Y2004544Q|1|18/11/2024|S52.572A|S|W19.XXXA|S|E55.9|S|||||||||||||||||||||||||||||||||||0PSJ04Z||||||||||||||||||||||||||||||||||||315|,898|1|Sistema Nacional de Salud|-
220054|HOSPITAL DE BARBASTRO|220358|||22/10/1976|2|22500|19/11/2024||27|2|GIN|||||||||||19/11/2024|GIN|GIN|GIN|25153470A|1|19/11/2024|N87.0|S|R87.820|S|B97.7|S|||||||||||||||||||||||||||||||||||0UBC7ZZ||||||||||||||||||||||||||||||||||||532|,4436|1|Sistema Nacional de Salud|-
220054|HOSPITAL DE BARBASTRO|220384|||28/02/1947|1|22232|07/11/2024||21|1|MIR|||||||||||20/11/2024|MIR|MIR|MIR|17702334Q|1||K31.811|S|D50.0|S|N17.9|S|I12.9|S|E11.22|S|N18.4|S|E87.20|S|E87.5|S|E11.51|S|J98.4|S|Z79.82|E|Z87.891|E|Z79.84|E|||||||||||||||0DJ08ZZ|BW24ZZZ|0DJD8ZZ|30233N1|3E033GC|3E0337Z|3E013VG||||||||||||||||||||||||||||||253|,6996|1|Sistema Nacional de Salud|-
220054|HOSPITAL DE BARBASTRO|205537|||28/12/2018|1|22500|20/11/2024||21|1|PED|||||||||||21/11/2024|PED|PED|PED|25359168N|1||A09|S|||||||||||||||||||||||||||||||||||||||3E0337Z||||||||||||||||||||||||||||||||||||249|,4412|1|Sistema Nacional de Salud|-
220054|HOSPITAL DE BARBASTRO|165869|MLXX610223642013||23/02/1961|1|22430|18/11/2024||21|1|MIR|||||||||||21/11/2024|MIR|MIR|MIR|25195530L|1||D70.9|S|J70.3|S|T45.1X5A|S|C34.90|S|C78.7|S|C79.71|S|J44.9|S|Z87.891|E|Z79.52|E|Z79.891|E|||||||||||||||||||||3E03329|3E013VJ|||||||||||||||||||||||||||8041/3|8041/6|||||||660|,7966|1|Sistema Nacional de Salud|-
220054|HOSPITAL DE BARBASTRO|143914|GRGL310462910013||22/04/1931|2|22500|06/11/2024||21|1|TRA|||||||||||22/11/2024|TRA|TRA|TRA|Y2004544Q|5|08/11/2024|M80.052A|S|I11.0|S|I50.9|S|J96.90|S|D64.9|N|E55.9|S|E79.0|S|Z79.01|E|F32.A|S|Z79.82|E|||||||||||||||||||||0QS736Z||||||||||||||||||||||||||||||||||||308|1,8861|1|Sistema Nacional de Salud|-
220054|HOSPITAL DE BARBASTRO|134795|LBLV470902910012||02/09/1947|1|22300|19/11/2024||27|2|URO|||||||||||22/11/2024|URO|URO|URO|Y9933326P|1|19/11/2024|N32.89|S|Z85.51|E|E11.9|S|E78.5|S|||||||||||||||||||||||||||||||||0TBB8ZX||||||||||||||||||||||||||||||||||||468|,4959|1|Sistema Nacional de Salud|-
220054|HOSPITAL DE BARBASTRO|38996|FNVR601060910012||20/10/1960|2|22400|10/11/2024||21|1|MIR|||||||||||22/11/2024|MIR|MIR|MIR|25195530L|1||C15.4|S|J69.0|S|R13.10|S|F17.210|S|||||||||||||||||||||||||||||||||0DB58ZX|0DB58ZX|BW251ZZ|3E03329|||||||||||||||||CW3NYZZ||||||||8071/3||||||||240|1,2059|1|Sistema Nacional de Salud|-
220054|HOSPITAL DE BARBASTRO|131702|AR700452946F||19/01/1959|2|22430|09/11/2024||21|1|MIR|12/11/2024|MIV|14/11/2024|MIR|||||||22/11/2024|MIR|MIR|MIR|17702334Q|1||J22|S|J96.22|S|E87.21|S|N39.0|S|N17.9|S|E11.22|S|N18.31|S|E87.1|S|E87.5|S|I10|S|I48.0|S|E78.5|S|J45.909|S|K70.9|S|K76.6|S|K31.89|S|I85.10|S|D50.9|S|F17.210|S|F10.90|S|3E03329|3E0F7GC|3E0F7SF|3E033GC|B246ZZZ|4A02X4Z|5A09457|3E043RZ|3E0433Z|3E04329|3E043NZ|3E0333Z|3E0337Z|3E013GC|3E033NZ||||||||||||||||||||||144|,9353|1|Sistema Nacional de Salud|-
220054|HOSPITAL DE BARBASTRO|116560|TRGR731008901017||08/10/1973|1|22520|21/11/2024||27|2|CAR|||||||||||22/11/2024|CAR|CAR|CAR|18045946P|1||I48.19|S|Z95.818|E|||||||||||||||||||||||||||||||||||||5A2204Z|4A02X4Z|||||||||||||||||||||||||||||||||||201|,4272|1|Sistema Nacional de Salud|-
220054|HOSPITAL DE BARBASTRO|101430|DRLV550723904017|0|23/07/1955|1|22400|06/11/2024||21|1|NRL|||||||||||22/11/2024|NRL|NRL|NRL|72993238R|1||I63.81|S|R29.703|S|G46.5|S|G81.91|S|H49.02|S|I12.9|S|N18.9|S|F17.210|S|E78.5|S|Z91.51|E|Z86.002|E|Z79.02|E|||||||||||||||||B020ZZZ|B246ZZZ|4A12X45|3E013GC|3E0337Z|3E033NZ|3E03329||||||||||||||B030ZZZ||||||||||||||||045|,8638|1|Sistema Nacional de Salud|-
220054|HOSPITAL DE BARBASTRO|74264|BRLB560311910013||11/03/1956|1|22440|21/11/2024||27|2|CAR|||||||||||22/11/2024|CAR|CAR|CAR|18045946P|1||I48.21|S|I11.9|S|I51.7|S|E66.9|S|E78.5|S|||||||||||||||||||||||||||||||5A2204Z|4A02X4Z|||||||||||||||||||||||||||||||||||201|,4272|1|Sistema Nacional de Salud|-
220054|HOSPITAL DE BARBASTRO|130856|HRHR020761910026||21/07/2002|2|22400|21/11/2024||21|1|OBS|||||||||||24/11/2024|OBS|OBS|OBS|25153470A|1||O48.0|S|O34.219|S|O26.833|S|N28.89|S|Z3A.40|E|Z37.0|E|Z14.8|E|||||||||||||||||||||||||||10E0XZZ|3E0R3BZ|10907ZC|4A1HXCZ|||||||||||||||||||||||||||||||||560|,3169|1|Sistema Nacional de Salud|-
220054|HOSPITAL DE BARBASTRO|78957|PLVL330267910012||27/02/1933|2|22550|18/11/2024||21|1|MIR|19/11/2024|GRT|||||||||25/11/2024|GRT|GRT|GERIATRIA|18071569D|1||J20.9|S|I13.0|S|I50.9|S|N18.4|S|K56.41|S|E78.5|S|I35.1|S|I48.20|S|E03.9|S|G31.84|S|Z79.01|E|Z86.16|E|Z59.3|E|||||||||||||||3E03329|3E033GC|3E1H78Z|3E033NZ|3E0333Z|3E0F7GC|||||||||||||||||||||||||||||||145|,5709|1|Sistema Nacional de Salud|-
220054|HOSPITAL DE BARBASTRO|99261|TRPY630824910018||24/08/1963|1|22400|22/11/2024||27|2|URO|||||||||||25/11/2024|URO|URO|URO|Y9933326P|1|22/11/2024|N40.1|S|I10|S|E78.00|S|Z87.891|E|||||||||||||||||||||||||||||||||0VB00ZZ||||||||||||||||||||||||||||||||||||484|1,1282|1|Sistema Nacional de Salud|-
220054|HOSPITAL DE BARBASTRO|87565|VXBL371114910019||14/11/1937|1|22300|18/11/2024||21|1|MIR|19/11/2024|GRT|||||||||25/11/2024|GRT|GRT|GERIATRIA|18071569D|1||J69.0|S|R13.19|S|J96.90|S|L89.624|S|E53.8|S|D64.9|S|E87.20|S|E11.9|S|I48.0|S|G31.09|S|F02.C0|S|Z96.0|S|Z74.09|S|||||||||||||||0JDR0ZZ|4A02X4Z|5A0945A|3E0333Z|3E03329|3E033GC|||||||||||||||||||||||||||||||951|4,3439|1|Sistema Nacional de Salud|-
220054|HOSPITAL DE BARBASTRO|7386|RMMR320948917016||08/09/1932|2|22400|15/11/2024||21|1|TRA|||||||||||26/11/2024|TRA|TRA|TRA|Z2347614D|1|16/11/2024|S72.102A|S|W19.XXXA|E|D50.0|S|N18.9|S|I50.9|S|I87.2|S|Z95.0|E|||||||||||||||||||||||||||0QS736Z||||||||||||||||||||||||||||||||||||308|1,2066|1|Sistema Nacional de Salud|-
220054|HOSPITAL DE BARBASTRO|116985|VSBR640401910015||01/04/1964|1|22529|25/11/2024||27|2|CGD|||||||||||26/11/2024|CGD|CGD|CGD|18025531V|1|25/11/2024|K42.9|S|C34.11|S|C77.0|S|I10|S|E11.9|S|J44.9|S|Z86.73|E|Z79.620|E|Z87.891|E|||||||||||||||||||||||0WUF0JZ|3E0F7GC|||||||||||||||||||||||||||8070/3|8070/6|||||||228|1,0773|1|Sistema Nacional de Salud|-
220054|HOSPITAL DE BARBASTRO|11513|PLBS540454910019||14/04/1954|2|22430|26/11/2024||27|2|GIN|||||||||||26/11/2024|GIN|GIN|GIN|72781954H|1|26/11/2024|L43.0|S|||||||||||||||||||||||||||||||||||||||0UBMXZX||||||||||||||||||||||||||||||||||||385|,434|1|Sistema Nacional de Salud|-
220054|HOSPITAL DE BARBASTRO|81524|XPRB480326904015||26/03/1948|1|22400|11/10/2024||21|1|MIR|29/10/2024|MIV|08/11/2024|MIR|09/11/2024|CGD|||||27/11/2024|CGD|CGD|CGD|77133926E|5|30/10/2024|K56.2|S|K55.9|S|J96.02|N|R40.20|N|I50.9|N|I95.9|N|D50.9|N|T81.40XA|N|R78.81|N|B96.89|N|R82.71|N|B96.20|N|G62.81|N|M62.59|N|R13.10|N|F05|N|I48.20|S|E03.9|S|E78.5|S|I25.10|S|0DTN4ZZ|0D1M4Z4|0D7N8ZZ|0DJD8ZZ|BW211ZZ|4A12X4Z|4A133B1|5A1945Z|0BH17EZ|B020ZZZ|B32RZZZ|3E0F7SF|3E03328|3E03329|3E033GC|3E033RZ|3E0336Z||||||||||||||||||||231|4,4003|1|Sistema Nacional de Salud|-
220054|HOSPITAL DE BARBASTRO|178473|CTCS910151901013||11/01/1991|2|50170|27/11/2024||27|2|HEM|||||||||||27/11/2024|HEM|HEM|HEM|Y7174748G|1||Z29.8|E|Z85.71|E|Z92.21|E|D84.9|S|||||||||||||||||||||||||||||||||3E0F729|3E0333Z|3E033GC|8E0ZXY6|||||||||||||||||||||||||||||||||861|,5873|1|Sistema Nacional de Salud|-
220054|HOSPITAL DE BARBASTRO|201113|||13/04/1959|2|22400|27/11/2024||27|2|GIN|||||||||||28/11/2024|GIN|GIN|GIN|18073112B|1|27/11/2024|D05.12|S|Z17.0|E|Z86.008|E|||||||||||||||||||||||||||||||||||0HBU0ZZ|0JBF0ZX|3E013KZ|3E013KZ|0HHU3YZ|BH41ZZZ|||||||||||||||||||||||8500/2||||||||363|1,1044|1|Sistema Nacional de Salud|-
220054|HOSPITAL DE BARBASTRO|222136|||11/08/1986|2|22300|27/11/2024||27|2|CGD|||||||||||28/11/2024|CGD|CGD|CGD|72889973Y|1|27/11/2024|K64.3|S|E66.9|S|Z88.1|E|Z88.8|E|||||||||||||||||||||||||||||||||06BY0ZC||||||||||||||||||||||||||||||||||||226|,8052|1|Sistema Nacional de Salud|-
220054|HOSPITAL DE BARBASTRO|39296|RCBT371127910012||17/11/1937|1|22430|20/11/2024||21|1|MIR|||||||||||28/11/2024|MIR|MIR|MIR|73016622V|1||I11.0|S|I50.9|S|J91.8|S|J96.20|S|E87.29|S|E61.1|S|R91.1|S|E11.9|S|E78.5|S|E66.9|S|E79.0|S|I34.0|S|I95.9|S|G47.33|S|Z99.81|E|Z99.89|E|Z95.0|E|Z79.84|E|Z88.8|E|Z85.038|E|3E033GC|3E0F7SF|5A09457|0T9B70Z|BW24ZZZ|BW21ZZZ|0W993ZZ|3E0333Z|3E013VG|3E0F7GC|3E033NZ|3E013GC|||||||||||||||||||||||||194|,9142|1|Sistema Nacional de Salud|-
220054|HOSPITAL DE BARBASTRO|28968|SLDR290311910019||11/03/1929|1|22300|20/11/2024||21|1|MIR|||||||||||28/11/2024|MIR|MIR|MIR|17756249L|1||I48.91|S|I5A|S|I50.9|S|N39.0|S|B96.20|S|J20.9|N|Y95|N|I44.0|S|I35.2|S|D64.9|S|E78.5|S|I87.2|S|R32|S|G30.9|S|F02.80|S|Z85.51|E|||||||||4A02X4Z|B246ZZZ|3E013GC|3E03329|||||||||||||||||||||||||||||||||201|,5604|1|Sistema Nacional de Salud|-
220054|HOSPITAL DE BARBASTRO|68245|VLBL400505910018||05/05/1940|1|22300|21/11/2024||21|1|MIR|||||||||||28/11/2024|MIR|MIR|MIR|25195530L|1||I82.401|S|I26.99|S|K29.40|S|A04.8|S|I11.9|S|I77.819|S|E78.5|S|||||||||||||||||||||||||||B54BZZZ|BW201ZZ|0DB68ZX|3E013GC|||||||||||||||||||||||||||||||||197|,9275|1|Sistema Nacional de Salud|-
220054|HOSPITAL DE BARBASTRO|47809|GBLY350427910018||27/04/1935|1|22330|22/11/2024||21|1|MIR|||||||||||28/11/2024|MIR|MIR|MIR|25195530L|1||R40.4|S|T43.595A|S|R82.71|S|F05|S|I10|S|G47.33|S|G20|S|F01.50|S|R32|S|E66.9|S|Z99.81|E|Z99.89|E|||||||||||||||||B020ZZZ|3E0F7SF|4A02X4Z|3E0337Z|3E033NZ|3E033GC|3E03329|3E013GC|||||||||||||||||||||||||||||052|,6472|1|Sistema Nacional de Salud|-
220054|HOSPITAL DE BARBASTRO|155626|FRMX450918904010||18/09/1945|1|22300|18/11/2024||21|1|MIR|||||||||||28/11/2024|MIR|MIR|MIR|18052661F|4||C78.6|S|C78.89|S|C01|S|G89.3|S|B37.0|S|J44.9|S|I10|S|E78.5|S|E22.2|S|U09.9|S|Z85.038|E|Z90.49|E|Z92.21|E|||||||||||||||3E033NZ|3E0F7GC|3E033GC|3E0337Z|3E0333Z|3E013GC|||||||||||||||||||||||8070/3|8140/6|||||||240|,8515|1|Sistema Nacional de Salud|-
220054|HOSPITAL DE BARBASTRO|17137|SPLS380662910015||21/06/1938|2|22300|24/11/2024||21|1|MIR|||||||||||29/11/2024|MIR|MIR|MIR|17702334Q|1||I50.9|S|I35.2|S|I34.0|S|E11.22|S|I12.9|S|N18.2|S|E78.5|S|I48.91|S|Z95.1|E|Z79.82|E|Z79.84|E|||||||||||||||||||3E033GC|4A02X4Z|3E013VG||||||||||||||||||||||||||||||||||194|,4787|1|Sistema Nacional de Salud|-
220054|HOSPITAL DE BARBASTRO|98474|CRCM971109910019||09/11/1997|1|22330|19/11/2024||21|1|TRA|||||||||||29/11/2024|TRA|TRA|TRA|73090858D|2|19/11/2024|S32.422A|S|S42.302B|S|V43.92XA|E|Y92.410|E|G97.82|N|Y83.8|N|||||||||||||||||||||||||||||0SSBXZZ|0KQ80ZZ|0PSG04Z|B020ZZZ|BR20ZZZ|BW241ZZ|3E03329|3E033NZ|3E0337Z|3E013GC|3E0333Z||||||||||||||||||||||||||315|1,3871|5|Privado|-
220054|HOSPITAL DE BARBASTRO|64617|CSSN920861910011||21/08/1992|2|22300|29/11/2024||21|1|OBS|||||||||||30/11/2024|OBS|OBS|OBS|73021577G|2||O26.893|S|O70.0|N|Z67.11|E|Z3A.39|E|Z37.0|E|||||||||||||||||||||||||||||||10E0XZZ|10907ZC|3E0R3BZ|0HQ9XZZ|4A1HXCZ||||||||||||||||||||||||||||||||560|,2876|1|Sistema Nacional de Salud|-
220054|HOSPITAL DE BARBASTRO|138509|JLXX001264642016||24/12/2000|2|22400|29/11/2024||21|1|OBS|||||||||||30/11/2024|OBS|OBS|OBS|73003838K|1|29/11/2024|O01.1|S|||||||||||||||||||||||||||||||||||||||10D17ZZ||||||||||||||||||||||||||||||||||||547|,5392|1|Sistema Nacional de Salud|-
220054|HOSPITAL DE BARBASTRO|160945|CBXX561225642013||25/12/1956|1|22450|23/11/2024||21|1|MIR|25/11/2024|CAR|||||||||02/12/2024|CAR|CAR|CAR|73202478X|1||I11.0|S|I51.7|S|I25.10|S|J43.9|S|D50.9|S|I48.0|S|I48.92|S|I08.1|S|E11.9|S|Z95.5|E|E78.5|S|E66.9|S|Z79.01|E|||||||||||||||3E033GC|B246ZZZ|4A02X4Z|3E0F7GC|3E0333Z|3E03329|||||||||||||||||||||||||||||||194|,6399|1|Sistema Nacional de Salud|-
220054|HOSPITAL DE BARBASTRO|38514|GSMN300414910010||14/04/1930|1|22400|28/11/2024||21|1|MIR|29/11/2024|GRT|||||||||03/12/2024|GRT|GRT|GERIATRIA|18048054T|1||J22|S|N17.9|S|I13.0|S|I50.9|S|N18.4|S|N25.81|S|D50.9|S|I48.91|S|E53.8|S|E55.9|S|E78.5|S|F17.210|S|Z79.01|E|||||||||||||||3E03329|4A02X4Z|3E033GC|3E0333Z|3E0F7GC||||||||||||||||||||||||||||||||144|,6508|1|Sistema Nacional de Salud|-
220054|HOSPITAL DE BARBASTRO|11957|HRCR370714910016||14/07/1937|1|22510|28/11/2024||21|1|MIR|29/11/2024|NML|||||||||03/12/2024|NML|NML|NML|18056444H|1||J20.9|S|J96.91|S|I50.9|S|D50.9|S|E78.5|S|G20|S|G31.84|S|F20.9|S|F32.A|S|Z88.8|E|||||||||||||||||||||3E03329|3E0333Z|3E0F7GC|3E0F7SF|3E033GC|3E0337Z|3E013VG|3E033NZ|3E013GC||||||||||||||||||||||||||||145|,78|1|Sistema Nacional de Salud|-
220054|HOSPITAL DE BARBASTRO|221178|||06/05/1969|1|22400|15/11/2024||21|1|MIR|||||||||||04/12/2024|MIR|MIR|MIR|45942132T|1||K52.1|S|T45.1X5A|S|C79.89|S|Z85.820|E|||||||||||||||||||||||||||||||||BW241ZZ|3E0333Z|0DBK8ZX|0DBL8ZX|0DBN8ZX|3E0337Z|3E033GC|3E013GC|||||||||||||||||||||8720/6||||||||249|,5347|1|Sistema Nacional de Salud|-
220054|HOSPITAL DE BARBASTRO|224804|||10/12/1996|2|22300|02/12/2024||21|1|OBS|||||||||||04/12/2024|OBS|OBS|OBS|72781954H|1||O99.824|S|O26.893|S|O69.82X0|S|O70.1|N|O90.81|N|Z67.11|E|Z3A.39|E|Z37.0|E|||||||||||||||||||||||||10E0XZZ|0KQM0ZZ|3E0R3BZ|3E03329|4A1HXCZ|3E0234Z|||||||||||||||||||||||||||||||560|,2876|1|Sistema Nacional de Salud|-
220054|HOSPITAL DE BARBASTRO|36637|CBRV330365910014||25/03/1931|2|22300|25/11/2024||21|1|MIR|26/11/2024|GRT|||||||||04/12/2024|GRT|GRT|GERIATRIA|18071569D|1||I11.0|S|I50.9|S|J96.92|S|D52.9|S|N39.0|S|B96.20|S|Z16.12|S|B96.89|S|E46|S|E11.9|S|I48.21|S|J45.909|S|I27.20|S|H35.3133|S|M81.0|S|M17.9|S|I87.2|S|Z59.3|E|Z79.84|E|||4A02X4Z|3E033GC|3E013VG|3E03329|3E033NZ|3E0337Z|3E0F7SF||||||||||||||||||||||||||||||194|1,4978|1|Sistema Nacional de Salud|-
220054|HOSPITAL DE BARBASTRO|56832|MRTR600823910011||23/08/1960|1|22436|02/12/2024||27|2|CGD|||||||||||05/12/2024|CGD|CGD|CGD|77133926E|1|03/12/2024|K80.10|S|I10|S|E78.00|S|Z95.3|E|Z79.82|E|||||||||||||||||||||||||||||||0FT44ZZ||||||||||||||||||||||||||||||||||||263|,9851|1|Sistema Nacional de Salud|-
220054|HOSPITAL DE BARBASTRO|33172|CLBL400805910014||05/08/1940|1|22500|03/12/2024||27|2|CGD|||||||||||05/12/2024|CGD|CGD|CGD|73021831M|1|03/12/2024|K80.10|S|I10|S|E11.9|S|E78.5|S|N40.0|S|E79.0|S|I48.91|S|Z79.01|E|||||||||||||||||||||||||0FT44ZZ||||||||||||||||||||||||||||||||||||263|,9851|1|Sistema Nacional de Salud|-
220054|HOSPITAL DE BARBASTRO|176724|MNXX850112686013||12/01/1985|1|22500|28/11/2024||21|1|MIV|02/12/2024|MIR|||||||||05/12/2024|MIR|MIR|MIR|45942132T|1||E11.10|S|T50.Z95A|S|E11.319|S|Z79.4|E|Z91.199|E|N17.9|S|E83.51|S|E83.39|S|E87.6|S|R97.1|S|R97.0|S|E87.0|N|T50.995A|N|T50.3X5A|N|D69.6|S|I85.10|S|Z94.4|E|Z79.899|E|Z85.831|E|||4A12X4Z|4A13XB1|4A13XR1|3E04329|0T9B70Z||||||||||||||||||||||||||||||||420|,7905|1|Sistema Nacional de Salud|-
220054|HOSPITAL DE BARBASTRO|80470|GMGM921055910010||15/10/1992|2|22400|03/12/2024||27|2|OBS|||||||||||05/12/2024|OBS|OBS|OBS|72781954H|1||O99.824|S|O48.0|S|O70.1|N|O90.81|N|Z67.20|E|Z3A.41|E|Z37.0|E|||||||||||||||||||||||||||10E0XZZ|0KQM0ZZ|3E0R3BZ|10907ZC|4A1HXCZ|3E03329|||||||||||||||||||||||||||||||560|,2876|1|Sistema Nacional de Salud|-
220054|HOSPITAL DE BARBASTRO|123017|FEMR520216904015||16/02/1952|1|22500|29/11/2024||21|1|MIR|02/12/2024|NML|||||||||05/12/2024|NML|NML|NML|18055770B|1||J43.9|S|R91.1|S|I10|S|E11.9|S|F17.210|S|I25.82|S|I25.2|E|Z95.5|E|G47.33|S|G20|S|Z86.73|E|Z79.82|E|Z79.4|E|||||||||||||||3E0F7GC|3E03329|3E033NZ|3E0F7SF|3E0333Z||||||||||||||||||||||||||||||||140|,6174|1|Sistema Nacional de Salud|-
220054|HOSPITAL DE BARBASTRO|20643|PRBR351229910012||29/12/1935|1|22300|29/11/2024||21|1|MIR|||||||||||05/12/2024|MIR|MIR|MIR|45942132T|1||J18.9|S|I11.0|S|I50.33|S|K59.00|S|E11.65|S|T38.0X5A|S|E66.9|S|G25.0|S|Z79.4|E|Z79.82|E|||||||||||||||||||||B246ZZZ|3E03329|3E0F7GC|3E033GC|3E0333Z|3E013VG|||||||||||||||||||||||||||||||139|,5829|1|Sistema Nacional de Salud|-
220054|HOSPITAL DE BARBASTRO|143764|BRQN250621910010||21/06/1925|1|22500|25/11/2024||21|1|MIR|26/11/2024|GRT|||||||||05/12/2024|GRT|GRT|GERIATRIA|72000771F|4||J96.00|S|J98.9|S|I11.0|S|I50.9|S|K44.9|S|Z88.8|E|Z59.3|E|||||||||||||||||||||||||||3E03329|3E033GC|||||||||||||||||||||||||||||||||||133|,6847|1|Sistema Nacional de Salud|-
220054|HOSPITAL DE BARBASTRO|101673|MJGM970769910018||29/07/1997|2|22400|04/12/2024||21|1|OBS|||||||||||06/12/2024|OBS|OBS|OBS|73003838K|1|04/12/2024|O48.0|S|O72.0|N|O90.81|N|O92.5|N|O99.214|S|Z3A.40|E|Z37.0|E|Z67.10|E|||||||||||||||||||||||||10D17Z9|10E0XZZ|10907ZC|3E033GC|4A1HXCZ||||||||||||||||||||||||||||||||560|,3169|1|Sistema Nacional de Salud|-
220054|HOSPITAL DE BARBASTRO|31850|BRPU470928910011||28/09/1947|1|22313|26/11/2024||21|1|MIR|29/11/2024|TRA|05/12/2024|MIV|||||||06/12/2024|MIV|MIV|MIV|07952586Z|4|29/11/2024|T84.52XA|S|A41.9|N|T81.42XA|S|R65.21|N|N17.9|N|J96.20|N|K72.00|N|D68.9|N|D69.6|N|E87.20|N|E16.2|N|I48.91|N|E87.5|N|E87.1|N|F05|N|M06.9|S|I46.9|N|Z79.61|E|D84.821|S|Z79.52|E|0S990ZX|0S990ZX|5A1D90Z|B246ZZZ|5A12012|5A1945Z|0BH17EZ|3E033XZ|3E03328|3E03329|3E0337Z|3E033GC|3E0333Z|3E033NZ|3E0F7SF|BW21ZZZ|||||||||||||||||||||349|2,0095|1|Sistema Nacional de Salud|-
220054|HOSPITAL DE BARBASTRO|168371|||02/07/1990|2|22535|03/12/2024||21|1|OBS|||||||||||06/12/2024|OBS|OBS|OBS|73003838K|1||O70.0|N|O92.5|N|Z3A.39|E|Z37.0|E|Z67.10|E|||||||||||||||||||||||||||||||10E0XZZ|3E0R3BZ|0UQGXZZ|4A1HXCZ|||||||||||||||||||||||||||||||||560|,2876|1|Sistema Nacional de Salud|-
220054|HOSPITAL DE BARBASTRO|207408|||30/05/1988|2|22148|03/12/2024||27|2|OBS|||||||||||06/12/2024|OBS|OBS|OBS|73003838K|1||O99.284|S|E03.9|S|O70.21|N|O90.81|N|Z3A.39|E|Z67.40|E|Z37.0|E|||||||||||||||||||||||||||10E0XZZ|0DQR0ZZ|4A1HXCZ||||||||||||||||||||||||||||||||||542|,3291|1|Sistema Nacional de Salud|-
220054|HOSPITAL DE BARBASTRO|216014|||04/01/1988|2|22420|05/12/2024||21|1|OBS|||||||||||07/12/2024|OBS|OBS|OBS|73010241F|1||O99.820|S|O28.3|S|O99.284|S|E89.0|S|O70.0|N|Z3A.39|E|Z67.41|E|Z37.0|E|||||||||||||||||||||||||0HQ9XZZ|10E0XZZ|3E0R3BZ|10907ZC|4A1HXCZ|3E03329|||||||||||||||||||||||||||||||560|,2876|1|Sistema Nacional de Salud|-
220054|HOSPITAL DE BARBASTRO|105044|MRBL990360910015||20/03/1999|2|22400|05/12/2024||21|1|OBS|||||||||||07/12/2024|OBS|OBS|OBS|73010241F|1||O99.824|S|O90.81|N|Z67.40|E|Z3A.39|E|Z37.0|E|||||||||||||||||||||||||||||||10E0XZZ|10907ZC|4A1HXCZ|3E033GC|||||||||||||||||||||||||||||||||560|,2876|1|Sistema Nacional de Salud|-
220054|HOSPITAL DE BARBASTRO|212558|||21/10/1989|2|22530|04/12/2024||27|2|OBS|||||||||||07/12/2024|OBS|OBS|OBS|73010241F|1|04/12/2024|O36.63X0|S|O34.219|S|Z3A.40|E|Z37.0|E|Z67.40|E|||||||||||||||||||||||||||||||10D00Z1|4A1HXCZ|||||||||||||||||||||||||||||||||||540|,4756|1|Sistema Nacional de Salud|-
220054|HOSPITAL DE BARBASTRO|24979|PNPR420649910017||09/06/1942|2|22400|01/12/2024||21|1|MIR|02/12/2024|NRL|||||||||10/12/2024|NRL|NRL|NRL|29121261H|1||S06.5X0A|S|S06.6X0A|S|S00.83XA|S|S01.80XA|S|S80.02XA|S|W19.XXXA|S|Y92.410|E|I10|S|F32.A|S|K44.9|S|F31.9|S|G25.0|S|M19.90|S|M81.0|S|R00.8|S|Z90.49|E|H35.30|S|R32|S|||||B020ZZZ|3E033NZ|3E0337Z||||||||||||||||||||||||||||||||||055|,9162|6|Financiación Mixta|-
220054|HOSPITAL DE BARBASTRO|46413|LNCS271051910011||11/10/1927|2|22300|10/12/2024||21|1|MIR|||||||||||10/12/2024|MIR|MIR|MIR|18048054T|4||K56.609|S|J96.00|S|I10|S|I87.2|S|E05.20|S|K59.00|S|L89.159|S|L89.619|S|L89.629|S|G30.9|S|F02.80|S|Z59.3|E|||||||||||||||||3E033NZ||||||||||||||||||||||||||||||||||||247|,9669|1|Sistema Nacional de Salud|-
220054|HOSPITAL DE BARBASTRO|189088|LZFR860652910012||12/06/1986|2|22147|08/12/2024||21|1|OBS|||||||||||11/12/2024|OBS|OBS|OBS|72781954H|1||O48.0|S|Z3A.41|E|O99.824|S|O26.13|S|O99.334|S|F17.210|S|O70.1|N|O22.43|N|K64.5|N|O90.81|N|Z67.10|E|Z37.0|E|Z88.0|E|||||||||||||||10E0XZZ|0KQM0ZZ|3E0R3BZ|10907ZC|4A1HXCZ|3E03329|||||||||||||||||||||||||||||||560|,3169|1|Sistema Nacional de Salud|-
220054|HOSPITAL DE BARBASTRO|227056|||07/09/1947|1|50008|10/12/2024||21|1|MIR|||||||||||11/12/2024|MIR|MIR|MIR|72971573W|2||I25.110|S|I10|S|E78.5|S|G20|S|I25.2|E|Z95.5|E|||||||||||||||||||||||||||||4A02X4Z|B246ZZZ|3E013GC||||||||||||||||||||||||||||||||||198|,4962|1|Sistema Nacional de Salud|-
220054|HOSPITAL DE BARBASTRO|32321|BDMN460529910012||29/05/1946|1|22300|11/12/2024||21|1|CAR|||||||||||12/12/2024|CAR|CAR|CAR|Y6058219X|1||I48.92|S|I11.9|S|I51.89|S|E78.00|S|G47.33|S|Z79.01|E|||||||||||||||||||||||||||||4A02X4Z|B246ZZZ|3E033NZ||||||||||||||||||||||||||||||||||201|,4272|1|Sistema Nacional de Salud|-
220054|HOSPITAL DE BARBASTRO|224072|||15/11/1940|1|22430|02/12/2024||21|1|MIR|||||||||||12/12/2024|MIR|MIR|MIR|18045774C|1||A04.72|S|N17.9|S|E11.22|S|N18.32|S|E11.319|S|E11.51|S|I70.235|S|L97.519|S|D64.9|S|Z79.4|E|Z88.8|E|Z88.6|E|||||||||||||||||3E033GC|3E0337Z|3E033NZ|3E0333Z|||||||||||||||||||||||||||||||||248|,6849|1|Sistema Nacional de Salud|-
220054|HOSPITAL DE BARBASTRO|88842|SLBR490705910012||05/07/1949|1|22533|29/11/2024||21|1|MIR|||||||||||12/12/2024|MIR|MIR|MIR|18045774C|1||D49.0|S|D50.0|S|K55.20|S|K20.90|S|K57.30|S|K64.8|S|I10|S|E66.9|S|H81.10|S|N40.1|S|Z79.82|E|||||||||||||||||||0DB98ZX|BW201ZZ|0DH67UZ|0D9670Z|3E0337Z|3E033NZ|3E033GC||||||||||||||CW3NYZZ||||||||8000/1||||||||254|,5043|1|Sistema Nacional de Salud|-
220054|HOSPITAL DE BARBASTRO|227036|||03/12/2018|1|22500|06/12/2024||21|1|PED|||||||||||12/12/2024|PED|PED|PED|18036541X|1||E10.65|S|||||||||||||||||||||||||||||||||||||||||||||||||||||||||||||||||||||||||||420|,4309|1|Sistema Nacional de Salud|-
220054|HOSPITAL DE BARBASTRO|140676|SNDN480968910013||28/09/1948|2|22500|10/12/2024||27|2|TRA|||||||||||12/12/2024|TRA|TRA|TRA|25196873M|1|11/12/2024|M20.12|S|M77.42|S|||||||||||||||||||||||||||||||||||||0QSP04Z|0QSP04Z|0QSP04Z|0QSP04Z|||||||||||||||||||||||||||||||||314|1,0916|1|Sistema Nacional de Salud|-
220054|HOSPITAL DE BARBASTRO|127099|CRTR010618910017||18/06/2001|1|22400|10/12/2024||27|2|TRA|||||||||||12/12/2024|TRA|TRA|TRA|50873405G|1|11/12/2024|S83.191A|S|S83.211A|S|X50.9XXA|S|Y93.73|S|Y92.318|S|||||||||||||||||||||||||||||||0MRN47Z|0LBQ0ZZ|0SQC4ZZ||||||||||||||||||||||||||||||||||313|1,1312|1|Sistema Nacional de Salud|-
220054|HOSPITAL DE BARBASTRO|49377|CSRD750546910020||10/05/1975|2|22350|10/12/2024||21|1|URO|||||||||||13/12/2024|URO|URO|URO|Y9933326P|1||N10|S|B96.20|S|Z16.24|S|Z87.440|E|||||||||||||||||||||||||||||||||BW40ZZZ|BW20ZZZ|3E03329|3E033NZ|3E0333Z|3E033GC|3E013GC||||||||||||||||||||||||||||||463|,4576|1|Sistema Nacional de Salud|-
220054|HOSPITAL DE BARBASTRO|87377|RMBL460554910015||14/05/1946|2|22300|05/12/2024||21|1|MIR|||||||||||14/12/2024|MIR|MIR|MIR|25195530L|1||N10|S|T82.868A|N|Y84.8|N|I10|S|E78.5|S|E53.8|S|F09|S|K29.50|S|K31.A0|S|Z59.3|E|||||||||||||||||||||BW201ZZ|B54NZZZ|02HV33Z|3E04329|3E0437Z|3E043NZ|3E043GC|3E013GC|3E013VG||||||||||||||||||||||||||||463|,4576|1|Sistema Nacional de Salud|-
220054|HOSPITAL DE BARBASTRO|48018|||14/06/1990|1|22300|13/12/2024||21|1|CGD|||||||||||15/12/2024|CGD|CGD|CGD|18045029B|1||K35.33|S|E55.9|S|||||||||||||||||||||||||||||||||||||0DTJ4ZZ|BW40ZZZ|3E03329||||||||||||||||||||||||||||||||||233|,9505|1|Sistema Nacional de Salud|-
220054|HOSPITAL DE BARBASTRO|17923|DLRZ481011904015||11/10/1948|1|22300|11/12/2024||21|1|MIR|||||||||||16/12/2024|MIR|MIR|MIR|25195530L|1||J43.9|S|J18.9|S|N17.9|S|I13.0|S|N18.32|S|I50.9|S|D63.1|S|C22.0|S|D63.0|S|K70.30|S|K76.6|S|E78.5|S|Z95.5|E|Z79.82|E|||||||||||||3E03329|3E0333Z|3E033GC|3E0F7GC|3E033NZ||||||||||||||||||||||||8170/3||||||||140|,7699|1|Sistema Nacional de Salud|-
220054|HOSPITAL DE BARBASTRO|31465|PRFR381160910016||20/11/1938|2|22422|11/12/2024||21|1|MIR|||||||||||16/12/2024|MIR|MIR|MIR|18049390W|1||I11.0|S|I50.9|S|J98.8|S|E87.29|S|E11.9|S|E78.5|S|K52.9|S|G20|S|M06.9|S|L40.50|S|E04.2|S|D35.2|S|L68.0|S|E66.3|S|M81.0|S|I25.9|S|Z91.041|E|||||||4A02X4Z|3E03329|3E0F7GC|3E0F7SF|3E033GC||||||||||||||||||||||||8140/0||||||||194|,6399|1|Sistema Nacional de Salud|-
220054|HOSPITAL DE BARBASTRO|193928|||23/11/2012|1|22500|16/12/2024||21|1|PED|||||||||||17/12/2024|PED|PED|PED|72828135S|1|16/12/2024|N44.00|S|||||||||||||||||||||||||||||||||||||||0VSG0ZZ|0VQC0ZZ|||||||||||||||||||||||||||||||||||483|1,0211|1|Sistema Nacional de Salud|-
220054|HOSPITAL DE BARBASTRO|126282|RDBS620520910017||20/05/1962|1|22500|13/12/2024||21|1|URO|||||||||||17/12/2024|URO|URO|URO|51460077S|1||T83.511A|S|N10|S|B96.20|S|I10|S|B19.20|S|L40.9|S|||||||||||||||||||||||||||||3E03329|3E0337Z|3E013GC|3E0333Z|3E033NZ||||||||||||||||||||||||||||||||466|,6138|1|Sistema Nacional de Salud|-
220054|HOSPITAL DE BARBASTRO|106493|PLMR660401910010||01/04/1966|1|22590|13/12/2024||27|2|CGD|||||||||||17/12/2024|CGD|CGD|CGD|72889973Y|1|13/12/2024|K43.2|S|K42.9|S|K40.91|S|M96.840|N|Y83.8|N|I10|S|E03.9|S|E66.9|S|L40.59|S|Z85.46|E|Z90.79|E|||||||||||||||||||0WUF0JZ|0YU50JZ|3E033NZ|3E03329|3E013GC|3E0337Z|||||||||||||||||||||||||||||||227|1,3673|1|Sistema Nacional de Salud|-
220054|HOSPITAL DE BARBASTRO|30167|PRLS640312250013||12/03/1964|1|22482|16/12/2024||27|2|CGD|||||||||||18/12/2024|CGD|CGD|CGD|73204652E|1|16/12/2024|D34|S|E05.00|S|Z86.73|E|Z79.82|E|||||||||||||||||||||||||||||||||0GTK0ZZ||||||||||||||||||||||||||||8330/0||||||||404|,8716|1|Sistema Nacional de Salud|-
220054|HOSPITAL DE BARBASTRO|113208|GRRV550767910023||27/07/1955|2|22530|08/12/2024||21|1|MIR|08/12/2024|MIV|12/12/2024|NML|||||||18/12/2024|NML|NML|NML|18055770B|1||J10.1|S|J96.00|N|J47.9|S|G47.33|S|Z99.89|E|I10|S|E78.5|S|F41.8|S|F42.8|S|K44.9|S|Z90.710|E|Z90.722|E|Z99.81|E|Z88.0|E|Z88.1|E|||||||||||3E03329|3E0F7GC|3E0333Z|3E033GC|3E013VG|4A12X4Z|4A13XB1|5A09457|5A0935A||||||||||||||||||||||||||||113|,7367|1|Sistema Nacional de Salud|-
220054|HOSPITAL DE BARBASTRO|33028|SNCL371060910010||20/10/1937|2|22400|17/12/2024||22|1|GIN|||||||||||18/12/2024|GIN|GIN|GIN|72781954H|1||N84.0|S|N99.71|N|N81.10|S|I10|S|||||||||||||||||||||||||||||||||0UB98ZZ|3E03329|3E033NZ||||||||||||||||||||||||||||||||||513|,8396|1|Sistema Nacional de Salud|-
220054|HOSPITAL DE BARBASTRO|157534|TRXX700705642020||05/07/1970|1|22500|17/12/2024||21|1|MIR|||||||||||18/12/2024|MIR|MIR|MIR|45942132T|1||I82.452|S|F17.210|S|F32.A|S|||||||||||||||||||||||||||||||||||B54CZZZ|3E013GC|||||||||||||||||||||||||||||||||||197|,5149|1|Sistema Nacional de Salud|-
220054|HOSPITAL DE BARBASTRO|142929|BRBR050241910014||01/02/2005|2|22400|15/12/2024||21|1|OBS|||||||||||18/12/2024|OBS|OBS|OBS|72781954H|1||O42.02|S|O99.824|S|O48.0|S|O90.81|N|Z3A.40|E|Z37.0|E|Z67.20|E|||||||||||||||||||||||||||10E0XZZ|3E0R3BZ|4A1HXCZ||||||||||||||||||||||||||||||||||560|,2876|1|Sistema Nacional de Salud|-
220054|HOSPITAL DE BARBASTRO|33237|PNGB450119910010||19/01/1945|1|22500|17/12/2024||21|1|URO|||||||||||18/12/2024|URO|URO|URO|28626568D|1||N17.9|S|N13.9|S|Z85.46|E|Z92.3|E|||||||||||||||||||||||||||||||||0T9B70Z|BT4JZZZ|3E033GC||||||||||||||||||||||||||||||||||469|,4405|1|Sistema Nacional de Salud|-
220054|HOSPITAL DE BARBASTRO|11455|BTRA650913910012||13/09/1965|1|22300|17/12/2024||27|2|CGD|||||||||||18/12/2024|CGD|CGD|CGD|77133926E|1|17/12/2024|K40.90|S|I10|S|G47.33|S|K21.9|S|||||||||||||||||||||||||||||||||0YU54JZ||||||||||||||||||||||||||||||||||||228|,8181|1|Sistema Nacional de Salud|-
220054|HOSPITAL DE BARBASTRO|190777|AR800090860V||11/06/1942|2|22436|18/12/2024||27|2|GIN|||||||||||19/12/2024|GIN|GIN|GIN|72781954H|1|18/12/2024|C50.412|S|C77.3|S|Z17.0|E|I10|S|E78.5|S|E03.9|S|||||||||||||||||||||||||||||0HBU0ZZ|0JB60ZZ|07B60ZX|3E013KZ|3E013KZ|DM003Z0|||||||||||||||||||||||8500/3|8500/6|||||||363|1,1044|1|Sistema Nacional de Salud|-
220054|HOSPITAL DE BARBASTRO|12931|GRLR410225910010||25/02/1941|1|22480|12/12/2024||21|1|MIR|||||||||||19/12/2024|MIR|MIR|MIR|18049390W|1||N39.0|S|B96.1|S|Z16.12|S|B96.20|S|Z16.24|S|N17.9|S|E87.20|S|R19.7|S|E86.0|S|I10|S|I25.2|E|Z95.5|E|I87.2|S|F09|S|E87.5|S|G20|S|Z87.438|E|Z79.82|E|||||3E03329|3E0337Z|3E013GC|3E033NZ|0T9B70Z|0TPBX0Z|3E033GC||||||||||||||||||||||||||||||463|,5581|1|Sistema Nacional de Salud|-
220054|HOSPITAL DE BARBASTRO|89855|CHSR931264910010||24/12/1993|2|22400|18/12/2024||27|2|GIN|||||||||||20/12/2024|GIN|GIN|GIN|18073112B|1|19/12/2024|N83.202|S|N83.201|S|N83.8|S|N80.202|S|G71.11|S|E03.8|S|||||||||||||||||||||||||||||0U924ZZ|0UB14ZX|||||||||||||||||||||||||||||||||||513|,9951|1|Sistema Nacional de Salud|-
220054|HOSPITAL DE BARBASTRO|47475|CSBN330458910018||18/04/1933|2|22400|09/12/2024||21|1|MIR|10/12/2024|GRT|||||||||20/12/2024|GRT|GRT|GERIATRIA|18047202E|1||N39.0|S|B96.20|S|A04.72|S|I95.89|S|I10|S|E11.9|S|E78.5|S|J96.10|S|F03.90|S|F32.A|S|Z99.81|E|Z79.84|E|Z85.41|E|Z98.2|E|Z59.3|E|||||||||||3E03329|3E0337Z|3E013VG|3E033NZ|||||||||||||||||||||||||||||||||463|,7681|1|Sistema Nacional de Salud|-
220054|HOSPITAL DE BARBASTRO|127940|CTFR991147910016||07/11/1999|2|22422|17/12/2024||21|1|OBS|||||||||||20/12/2024|OBS|OBS|OBS|72781954H|1||O42.02|S|O99.284|S|E03.9|S|O99.214|S|E66.01|S|Z68.43|E|O99.334|S|F17.210|S|O99.824|S|O70.0|S|Z3A.38|E|Z67.20|E|Z37.0|E|Z88.5|E|||||||||||||10E0XZZ|0HQ9XZZ|3E0R3BZ|3E0P7VZ|0U7C7ZZ|3E033VJ|3E03329|4A1HXCZ|3E013GC||||||||||||||||||||||||||||560|,3169|1|Sistema Nacional de Salud|-
220054|HOSPITAL DE BARBASTRO|58922|GRMR641046910012||06/10/1964|2|22400|16/12/2024||21|1|CAR|||||||||||20/12/2024|CAR|CAR|CAR|73005036T|1||I50.20|S|I51.7|S|T45.1X5A|S|I08.3|S|E78.5|S|E61.1|S|I95.9|N|C78.7|S|C79.51|S|Z91.041|E|Z79.620|E|Z85.3|E|Z90.12|E|Z92.21|E|Z92.3|E|||||||||||B246ZZZ|4A02X4Z|3E033GC|3E0333Z|3E0337Z||||||||||||||||||||||||8500/6||||||||194|,6399|3|Mutuas de Accidentes de trabajo|-
220054|HOSPITAL DE BARBASTRO|60511|PRPR501155901013||15/11/1950|2|22300|18/12/2024||27|2|CGD|||||||||||20/12/2024|CGD|CGD|CGD|18025531V|1|19/12/2024|K80.12|S|K43.2|S|I10|S|E03.9|S|E78.5|S|Z88.8|E|||||||||||||||||||||||||||||0FT44ZZ|0WQF0ZZ|||||||||||||||||||||||||||||||||||263|,9851|1|Sistema Nacional de Salud|-
220054|HOSPITAL DE BARBASTRO|16581|SNSN421046910018||06/10/1941|2|22500|10/12/2024||21|1|MIR|||||||||||21/12/2024|MIR|MIR|MIR|18049390W|1||J22|S|B97.4|S|J47.0|S|J84.9|S|B96.1|S|Z16.24|S|I50.33|S|J96.01|S|E87.6|N|E87.1|N|T50.2X5A|N|I35.1|S|F32.A|S|G43.909|S|I87.2|S|E73.9|S|K90.41|S|R32|S|Z90.710|E|Z90.49|E|B32S1ZZ|B32T1ZZ|4A02X4Z|3E03329|3E0F7GC|3E0333Z|3E013GC|3E033NZ|3E033GC|3E0F7SF|||||||||||||||||||||||||||144|,9353|1|Sistema Nacional de Salud|-
220054|HOSPITAL DE BARBASTRO|212670|||14/08/1945|1|22467|11/12/2024||21|1|MIR|13/12/2024|MIV|15/12/2024|MIR|||||||22/12/2024|MIR|MIR|MIR|18049390W|4||N17.9|S|I13.0|S|I50.9|S|N18.9|S|E87.29|S|E87.1|S|E87.5|S|R19.7|S|E86.0|S|R93.3|S|T88.59XA|N|R09.2|N|R00.1|N|T41.295A|N|T17.918A|N|R91.8|S|J44.9|S|J84.9|S|I25.10|S|K70.0|S|5A1D80Z|0DB68ZX|5A1935Z|0BH17EZ|3E0F7SF|3E04329|3E043RZ|3E043GC|3E013GC|5A19054|5A12012|BW241ZZ|3E0337Z|3E0F7GC|3E033GC|3E0333Z|3E0436Z|3E043NZ|4A12X4Z|4A13XB1|CW3NYZZ||||||||||||||||469|,946|1|Sistema Nacional de Salud|-
220054|HOSPITAL DE BARBASTRO|75802|TRCM750211910011||11/02/1978|1|22310|16/12/2024||21|1|MIR|||||||||||23/12/2024|MIR|MIR|MIR|18049390W|1||K70.31|S|L03.115|S|L03.116|S|F10.10|S|E66.9|S|F17.210|S|K76.6|S|I11.0|S|I50.9|S|E11.9|S|Z79.4|E|Z91.14|E|E78.5|S|L40.9|S|L20.9|S|G47.33|S|F41.9|S|M19.90|S|||||3E033GC|3E03329|3E033NZ|3E013GC|0W9G3ZZ||||||||||||||||||||||||||||||||280|,6265|1|Sistema Nacional de Salud|-
220054|HOSPITAL DE BARBASTRO|99407|PLGB370209901014||09/02/1937|1|22300|18/12/2024||21|1|MIR|19/12/2024|GRT|||||||||24/12/2024|GRT|GRT|GERIATRIA|18047202E|1||I11.0|S|I50.9|S|J96.91|S|J96.92|S|I10|S|E78.5|S|I48.21|S|I35.0|S|E03.9|S|D50.9|S|F09|S|Z95.5|E|Z59.3|E|Z88.1|E|Z88.8|E|||||||||||3E033GC|5A09457|3E0F7SF|3E0F7GC|||||||||||||||||||||||||||||||||194|,9142|1|Sistema Nacional de Salud|-
220054|HOSPITAL DE BARBASTRO|17592|LVSL351264910013||24/12/1935|2|22400|22/12/2024||30|1|CGD|||||||||||24/12/2024|CGD|CGD|CGD|77133926E|1||T80.89XD|E|M79.81|S|I10|S|E11.9|S|J45.909|S|G40.909|S|D50.9|S|E53.8|S|||||||||||||||||||||||||BW241ZZ||||||||||||||||||||||||||||||||||||862|,7875|1|Sistema Nacional de Salud|-
220054|HOSPITAL DE BARBASTRO|227203|AKAR 1 991109 00||09/11/1999|2|22300|26/12/2024||21|1|GIN|||||||||||27/12/2024|GIN|GIN|GIN|72781954H|1||N83.202|S|||||||||||||||||||||||||||||||||||||||BU4CZZZ|BW40ZZZ|3E033NZ|3E0337Z|||||||||||||||||||||||||||||||||532|,4436|1|Sistema Nacional de Salud|-
220054|HOSPITAL DE BARBASTRO|144393|RJXX710158642016||18/01/1971|2|22400|17/12/2024||21|1|TRA|||||||||||27/12/2024|TRA|TRA|TRA|Y2004544Q|1|17/12/2024|L02.414|S|B95.61|S|Z16.29|S|E66.9|S|Z68.30|E|I10|S|||||||||||||||||||||||||||||0J9H0ZZ|3E03329|3E033NZ|BH47ZZZ|||||||||||||||||||||||||||||||||364|,7312|1|Sistema Nacional de Salud|-
220054|HOSPITAL DE BARBASTRO|126716|RFSP670316910012||16/03/1967|1|22300|27/12/2024||27|2|CGD|||||||||||28/12/2024|CGD|CGD|CGD|77133926E|1|27/12/2024|K40.90|S|D17.1|S|||||||||||||||||||||||||||||||||||||0YU64JZ|0YB64ZZ|||||||||||||||||||||||||||8850/0||||||||228|,8181|1|Sistema Nacional de Salud|-
220054|HOSPITAL DE BARBASTRO|225231|||13/12/1999|2|22588|25/12/2024||21|1|OBS|||||||||||30/12/2024|OBS|OBS|OBS|43558977J|1||O26.833|S|N23|S|Z3A.35|E|||||||||||||||||||||||||||||||||||BT42ZZZ|BY4FZZZ|3E03329|3E033NZ|||||||||||||||||||||||||||||||||566|,3467|1|Sistema Nacional de Salud|-
220054|HOSPITAL DE BARBASTRO|227163|||05/01/1999|1|53620|19/12/2024||21|1|MIR|20/12/2024|NML|||||||||30/12/2024|NML|NML|NML|18055770B|1||A40.3|S|R65.20|S|J13|S|J96.00|S|||||||||||||||||||||||||||||||||4A02X4Z|3E03329|3E0F7SF|3E033NZ|||||||||||||||||||||||||||||||||720|1,0915|6|Financiación Mixta|-
220054|HOSPITAL DE BARBASTRO|149503|GTFR670729910012||29/07/1967|1|22540|21/12/2024||21|1|CGD|||||||||||31/12/2024|CGD|CGD|CGD|50883390F|1|21/12/2024|K40.40|S|T81.41XA|N|Y83.6|N|F10.20|S|||||||||||||||||||||||||||||||||0DBB0ZZ|0YU50JZ|3E03329|3E0337Z|3E033NZ||||||||||||||||||||||||||||||||230|1,2548|1|Sistema Nacional de Salud|-
220054|HOSPITAL DE BARBASTRO|50612|AR900903014J||09/08/1979|1|22512|26/12/2024||21|1|TRA|||||||||||31/12/2024|TRA|TRA|TRA|73090858D|1|26/12/2024|T84.021A|S|||||||||||||||||||||||||||||||||||||||0SWBXJZ||||||||||||||||||||||||||||||||||||349|,5038|1|Sistema Nacional de Salud|-
220054|HOSPITAL DE BARBASTRO|227226|||22/07/2014|1|28221|30/12/2024||21|1|PED|||||||||||31/12/2024|PED|PED|PED|72828135S|1||J18.9|S|||||||||||||||||||||||||||||||||||||||3E03329|3E033NZ|||||||||||||||||||||||||||||||||||139|,4269|1|Sistema Nacional de Salud|-
220105|CENTRO SANITARIO DE FRAGA|46038|RSCL320501901015||01/05/1932|1|22234|01/10/2024||30|1|MIR|||||||||||17/10/2024|MIR|MIR|MIR|50966617C|4||I69.351|E|I69.320|E|K56.7|N|E86.0|N|E87.6|N|F01.50|S|D49.511|S|I11.0|S|I50.9|S|I48.91|S|M54.10|S|K57.90|S|L89.90|S|D51.0|S|Z79.01|E|||||||||||BW201ZZ|4A02X4Z|3E033GC|3E033NZ|||||||||||||||||||||||||8000/1||||||||058|,9197|1|Sistema Nacional de Salud|-
220105|CENTRO SANITARIO DE FRAGA|88572|VRCD331045910014||05/10/1933|2|22520|25/10/2024||22|1|MIR|||||||||||13/11/2024|MIR|MIR|MIR|50966617C|1||J18.9|S|J96.90|S|I13.0|S|I50.22|S|N18.9|S|I08.1|S|I48.91|S|E78.5|S|E66.9|S|E05.90|S|R54|S|Z99.81|E|Z95.0|E|Z88.6|E|Z88.8|E|Z88.1|E|Z91.041|E|Z86.16|E|||||4A02X4Z|3E03329|3E033GC|3E0337Z|3E013GC||||||||||||||||||||||||||||||||139|,85|1|Sistema Nacional de Salud|-
220105|CENTRO SANITARIO DE FRAGA|167030|DLGS450265910010||25/02/1945|2|22520|06/09/2024||30|1|MIR|||||||||||12/12/2024|MIR|MIR|MIR|50966617C|1||K91.89|S|K68.11|S|K68.12|S|B96.5|S|Y84.8|S|N10|S|B96.1|S|Z16.12|S|I13.0|S|I50.9|S|E11.22|S|N18.9|S|R54|S|F32.A|S|E61.1|S|M62.84|S|R64|S|Z85.3|E|Z90.11|E|Z92.3|E|BW201ZZ|3E03329|3E033GC|3E0337Z|3E033NZ|3E013GC|||||||||||||||||||||||||||||||252|1,0904|1|Sistema Nacional de Salud|-
220105|CENTRO SANITARIO DE FRAGA|151338|SRLZ440311910018||11/03/1944|1|22233|26/11/2024||30|1|MIR|||||||||||27/12/2024|MIR|MIR|MIR|50966617C|1||I69.351|E|I69.322|E|J18.9|S|I46.9|N|R33.0|N|R31.9|N|I10|S|E78.5|S|I67.1|S|K44.9|S|Q61.3|E|F01.50|S|G40.909|S|I48.91|S|M62.84|S|R54|S|Z79.84|E|Z79.01|E|||||F0727ZZ|F0717ZZ|5A12012|5A19054|3E0337Z|0T9B70Z|3E03329|3E0F7GC|3E033NZ|3E013VG|||||||||||B32SZZZ|B32TZZZ|||||||||||||||058|1,2443|1|Sistema Nacional de Salud|-
220054|HOSPITAL DE BARBASTRO|77292|MRSL490955910019||15/08/1949|2|22520|30/09/2024||27|2|CGD|||||||||||01/10/2024|CGD|CGD|CGD|73210877Z|1|30/09/2024|K42.9|S|I12.9|S|N18.4|S|E78.5|S|G47.33|S|D50.9|S|F41.9|S|I48.91|S|E21.3|S|M10.9|S|Z85.3|E|Z92.21|E|Z92.3|E|Z79.01|E|||||||||||||0WUF0JZ||||||||||||||||||||||||||||||||||||228|,8181|1|Sistema Nacional de Salud|-
220054|HOSPITAL DE BARBASTRO|141035|SGRY040830910014||30/08/2004|1|22400|24/09/2024||21|1|MIR|||||||||||01/10/2024|MIR|MIR|MIR|72987424Y|1||R10.9|S|R50.9|S|R93.89|S|L27.0|S|T36.95XA|S|G47.33|S|Q90.9|E|G47.50|S|G47.10|S|||||||||||||||||||||||BW211ZZ|3E03329|3E033NZ|3E0333Z|||||||||||||||||||||||||||||||||251|,4939|1|Sistema Nacional de Salud|-
220054|HOSPITAL DE BARBASTRO|13934|SPSP260248910010||08/02/1926|2|22340|11/09/2024||21|1|MIR|||||||||||02/10/2024|MIR|MIR|MIR|17756249L|4||N39.0|S|B96.1|S|R33.9|S|I50.9|S|J69.0|N|Y95|N|D50.9|S|I21.A1|N|I44.7|S|F03.90|S|||||||||||||||||||||4A02X4Z|3E033GC|3E03329|3E0F7SF|3E033NZ|3E0F7GC|||||||||||||||||||||||||||||||463|,7681|1|Sistema Nacional de Salud|-
220054|HOSPITAL DE BARBASTRO|127056|LNMZ010830910018||30/08/2001|1|22430|02/10/2024||27|2|CGD|||||||||||03/10/2024|CGD|CGD|CGD|19005451E|1|02/10/2024|L05.92|S|||||||||||||||||||||||||||||||||||||||0JB90ZZ||||||||||||||||||||||||||||||||||||383|,4196|1|Sistema Nacional de Salud|-
220054|HOSPITAL DE BARBASTRO|65642|BRLC820362910019||22/03/1982|2|22330|30/09/2024||21|1|OBS|||||||||||03/10/2024|OBS|OBS|OBS|72781954H|1||O60.14X0|S|O99.62|S|K90.0|S|O26.893|S|O90.81|N|O87.2|N|O69.82X0|S|Z3A.34|E|Z67.40|E|Z37.0|E|||||||||||||||||||||10E0XZZ|0W8NXZZ|4A1HXCZ|3E0R3BZ|3E023GC|3E0234Z|||||||||||||||||||||||||||||||560|,3169|1|Sistema Nacional de Salud|-
220054|HOSPITAL DE BARBASTRO|222759|SLPN400967910011||27/09/1940|2|50795|02/10/2024||27|2|CGD|||||||||||03/10/2024|CGD|CGD|CGD|73210877Z|1|02/10/2024|C50.412|S|I10|S|E78.5|S|F17.210|S|||||||||||||||||||||||||||||||||0HBU0ZZ|0JB60ZZ|DM003Z0|07B60ZX|3E013KZ|3E013KZ|||||||||||||||||||||||8500/3||||||||363|1,1044|1|Sistema Nacional de Salud|-
220054|HOSPITAL DE BARBASTRO|26094|NVSZ420324904012||24/03/1942|1|22300|26/09/2024||21|1|MIR|||||||||||03/10/2024|MIR|MIR|MIR|25195530L|1||K57.31|S|D12.0|S|K63.5|S|D50.9|S|I48.91|S|E78.5|S|N40.0|S|Z86.73|E|Z79.01|E|||||||||||||||||||||||BW2010Z|0DJ08ZZ|0DBH8ZZ|0DBE8ZZ|3E0337Z|3E033GC|3E013GC||||||||||||||||||||||8211/0||||||||244|,4809|1|Sistema Nacional de Salud|-
220054|HOSPITAL DE BARBASTRO|86296|SLLL320657910013||17/06/1932|2|22430|27/09/2024||21|1|MIR|30/09/2024|GRT|||||||||03/10/2024|GRT|GRT|GERIATRIA|18071569D|1||I13.0|S|I50.9|S|E11.22|S|N18.4|S|D63.1|S|J96.92|S|N17.9|S|E11.3299|S|I48.21|S|I35.0|S|I51.7|S|E05.90|S|Z95.0|E|Z99.81|E|Z79.4|E|Z79.01|E|||||||||3E033GC|3E013VJ|3E0F7SF|3E033NZ|||||||||||||||||||||||||||||||||194|,9142|1|Sistema Nacional de Salud|-
220054|HOSPITAL DE BARBASTRO|223313|||08/02/1969|2|22520|27/09/2024||21|1|CGD|||||||||||03/10/2024|CGD|CGD|CGD|17852991T|1||K80.10|S|D64.9|S|C50.911|S|C50.912|S|C77.3|S|C79.51|S|||||||||||||||||||||||||||||BW40ZZZ|3E03329|3E03328|3E033NZ|3E033GC|3E0337Z|||||||||||||||||||||||8500/3|8500/6|||||||284|,8061|1|Sistema Nacional de Salud|-
220054|HOSPITAL DE BARBASTRO|8421|LCBL390315910016||15/03/1939|1|22300|24/09/2024||21|1|CAR|||||||||||04/10/2024|CAR|CAR|CAR|73202478X|1||I11.0|S|I50.813|S|N17.9|S|E85.4|S|I43|S|I48.91|S|E79.0|S|M19.90|S|Z79.01|E|||||||||||||||||||||||B246ZZZ|4A02X4Z|3E033GC|3E033NZ|||||||||||||||||||||||||||||||||194|,6399|1|Sistema Nacional de Salud|-
220054|HOSPITAL DE BARBASTRO|192403|||09/08/1986|2|22300|02/10/2024||21|1|OBS|||||||||||04/10/2024|OBS|OBS|OBS|72781954H|1||O99.824|S|O69.82X0|S|Z67.10|E|Z3A.40|E|Z37.0|E|||||||||||||||||||||||||||||||10E0XZZ|4A1HXCZ|||||||||||||||||||||||||||||||||||560|,2876|1|Sistema Nacional de Salud|-
220054|HOSPITAL DE BARBASTRO|73825|GRRN790912910010||12/09/1979|1|22145|03/10/2024||27|2|CGD|||||||||||04/10/2024|CGD|CGD|CGD|77133926E|1|03/10/2024|K40.90|S|||||||||||||||||||||||||||||||||||||||0YU54JZ||||||||||||||||||||||||||||||||||||228|,8181|1|Sistema Nacional de Salud|-
220054|HOSPITAL DE BARBASTRO|2753|CMGR530646909016||06/06/1953|2|22300|28/09/2024||21|1|MIR|||||||||||04/10/2024|MIR|MIR|MIR|72987424Y|1||K91.840|S|Y84.8|S|D50.0|S|E55.9|S|Z86.16|E|I10|S|||||||||||||||||||||||||||||BW241ZZ|4A02X4Z|3E033GC|30233N1|3E0337Z|3E033NZ|||||||||||||||||||||||||||||||810|,4988|1|Sistema Nacional de Salud|-
220054|HOSPITAL DE BARBASTRO|82111|STGG730361901012||21/03/1973|2|22500|01/10/2024||21|1|CGD|||||||||||05/10/2024|CGD|CGD|CGD|50883390F|1||K57.32|S|I10|S|E66.9|S|K50.90|S|K44.9|S|I87.2|S|M45.9|S|N25.81|S|F43.23|S|Z90.49|E|Z79.620|E|Z88.6|E|Z88.8|E|||||||||||||||BW251ZZ|3E03329|3E033NZ|3E0337Z|||||||||||||||||||||||||||||||||244|,6437|1|Sistema Nacional de Salud|-
220054|HOSPITAL DE BARBASTRO|223894|||13/01/2024|2|22400|05/10/2024||21|1|PED|||||||||||06/10/2024|PED|PED|PED|25359168N|1||K52.9|S|||||||||||||||||||||||||||||||||||||||3E0337Z||||||||||||||||||||||||||||||||||||249|,4412|1|Sistema Nacional de Salud|-
220054|HOSPITAL DE BARBASTRO|60511|PRPR501155901013||15/11/1950|2|22300|23/09/2024||21|1|CGD|||||||||||07/10/2024|CGD|CGD|CGD|73210877Z|1||K85.10|S|K80.20|S|E03.9|S|E78.5|S|||||||||||||||||||||||||||||||||BW40ZZZ|BW201ZZ|BW201ZZ|BW201ZZ|3E03329|3E033NZ|3E0337Z|3E013VG|3E013GC|3E033GC|||||||||||||||||||||||||||282|,481|1|Sistema Nacional de Salud|-
220054|HOSPITAL DE BARBASTRO|107865|LMPL340710910013|þ|10/07/1934|1|22400|18/09/2024||21|1|MIR|||||||||||09/10/2024|MIR|MIR|MIR|18045774C|1||R78.81|S|B95.2|S|D64.9|S|I16.9|S|I12.9|S|E11.22|S|N17.9|S|N18.9|S|A04.72|S|F05|S|J81.0|S|N13.9|S|I48.91|S|E78.5|S|F32.A|S|Z96.0|S|Z59.3|E|||||||BW20ZZZ|BT4JZZZ|4A02X4Z|30233N1|3E033NZ|3E033GC|3E0337Z|3E013VJ|||||||||||||||||||||||||||||724|1,1944|1|Sistema Nacional de Salud|-
220054|HOSPITAL DE BARBASTRO|25838|CSHR441001910012||01/10/1944|1|22400|06/10/2024||27|2|URO|||||||||||10/10/2024|URO|URO|URO|Y9933326P|1|07/10/2024|N40.1|S|M47.12|S|||||||||||||||||||||||||||||||||||||0VB00ZZ||||||||||||||||||||||||||||||||||||484|1,2558|1|Sistema Nacional de Salud|-
220054|HOSPITAL DE BARBASTRO|220812|||10/03/1985|1|22400|02/10/2024||21|1|MIR|03/10/2024|NRL|03/10/2024|MIR|||||||10/10/2024|MIR|MIR|MIR|17202610J|1||I67.82|S|I62.00|S|R78.81|S|N39.0|S|B96.1|S|Z16.12|S|N18.6|S|Z99.2|E|D63.1|S|I15.1|S|I34.0|S|I51.7|S|I51.89|S|||||||||||||||B020ZZZ|B246ZZZ|BW241ZZ|B348ZZZ|4A12X4Z|3E03329|3E0333Z|3E033GC|3E013VG|3E033NZ|3E0F7GC|5A1D70Z|||||||||B030ZZZ||||||||||||||||047|,877|1|Sistema Nacional de Salud|-
220054|HOSPITAL DE BARBASTRO|75924|TRPM391014910010||14/10/1939|1|22420|09/10/2024||27|2|CGD|||||||||||10/10/2024|CGD|CGD|CGD|77133926E|1|09/10/2024|K40.90|S|D17.1|S|E78.00|S|I09.1|S|I10|S|J44.9|S|M10.9|S|M35.3|S|||||||||||||||||||||||||0YU50JZ|0YB50ZZ|||||||||||||||||||||||||||8850/0||||||||228|1,0773|1|Sistema Nacional de Salud|-
220054|HOSPITAL DE BARBASTRO|49744|CSGS460141910019||01/01/1946|2|22451|06/10/2024||27|2|CGD|||||||||||10/10/2024|CGD|CGD|CGD|50883390F|1|07/10/2024|K43.2|S|I10|S|E79.0|S|E83.119|S|E66.9|S|F41.8|S|I87.2|S|Z68.37|E|||||||||||||||||||||||||0WUF0JZ||||||||||||||||||||||||||||||||||||227|1,0731|1|Sistema Nacional de Salud|-
220054|HOSPITAL DE BARBASTRO|115055|RSMR410803910011||03/08/1941|1|22520|04/09/2024||21|1|MIR|05/09/2024|CAR|05/09/2024|MIR|||||||10/10/2024|MIR|MIR|MIR|72987424Y|1||D50.0|S|K92.1|S|N17.9|S|I13.0|S|N18.4|S|I50.33|S|K31.7|S|I51.7|S|T80.89XA|N|R21|N|L29.8|N|K80.00|S|B95.4|S|S37.30XA|N|R31.0|N|X58.XXXA|N|E78.5|S|I48.0|S|I70.91|S|I71.40|S|30233N1|3E033GC|BW40ZZZ|BW24ZZZ|B020ZZZ|4A02X4Z|0DB68ZZ|0DB68ZX|0DJD8ZZ|3E03329|3E03328|3E013GC|3E0337Z|3E013VJ|3E033NZ||||||0F9430Z||||||||||||||||663|,9141|1|Sistema Nacional de Salud|-
220054|HOSPITAL DE BARBASTRO|224626|||01/01/1992|2|22400|09/10/2024||21|1|OBS|||||||||||10/10/2024|OBS|OBS|OBS|72781954H|1||O03.9|S|||||||||||||||||||||||||||||||||||||||BY49ZZZ||||||||||||||||||||||||||||||||||||564|,2892|1|Sistema Nacional de Salud|-
220054|HOSPITAL DE BARBASTRO|148183|MRBD370156910017||16/01/1937|2|22400|18/09/2024||21|1|MIR|19/09/2024|GRT|||||||||11/10/2024|GRT|GRT|GERIATRIA|72000771F|4||U07.1|S|J98.8|S|B96.89|S|A04.72|S|L89.159|S|I10|S|I48.91|S|E78.5|S|E46|S|D64.9|S|K29.40|S|E04.2|S|Z51.5|E|||||||||||||||3E03329|3E013GC|3E033NZ||||||||||||||||||||||||||||||||||137|1,0895|1|Sistema Nacional de Salud|-
220054|HOSPITAL DE BARBASTRO|219903|||28/11/2022|1|22580|12/10/2024||21|1|PED|||||||||||12/10/2024|PED|PED|PED|73005661G|1||J04.0|S|||||||||||||||||||||||||||||||||||||||3E0F7GC||||||||||||||||||||||||||||||||||||113|,3364|1|Sistema Nacional de Salud|-
220054|HOSPITAL DE BARBASTRO|44338|VRPY900155910017||15/01/1990|2|22430|09/10/2024||21|1|OBS|||||||||||13/10/2024|OBS|OBS|OBS|43558977J|1||O36.5930|S|O99.344|S|F41.9|S|O70.1|N|O90.81|N|Z3A.38|E|Z67.10|E|Z37.0|E|||||||||||||||||||||||||10E0XZZ|0U7C7ZZ|10907ZC|0W8NXZZ|0HQ9XZZ|4A1HXCZ|3E0R3BZ||||||||||||||||||||||||||||||560|,3169|1|Sistema Nacional de Salud|-
220054|HOSPITAL DE BARBASTRO|36444|CSBR340228910011||28/02/1934|1|22500|08/10/2024||21|1|MIR|||||||||||14/10/2024|MIR|MIR|MIR|25195530L|1||N41.0|S|B95.2|S|B96.20|S|Z16.12|S|Z16.23|S|D64.9|S|E66.9|S|I48.91|S|R79.1|S|Z20.7|S|Z79.01|E|Z59.3|E|||||||||||||||||3E03329|3E013GC|||||||||||||||||||||||||||||||||||501|,4581|1|Sistema Nacional de Salud|-
220054|HOSPITAL DE BARBASTRO|70810|JVTR410252910017||12/02/1941|2|22300|01/10/2024||21|1|TRA|||||||||||14/10/2024|TRA|TRA|TRA|50741872P|1|08/10/2024|S72.011A|S|W19.XXXA|E|F05|N|D69.59|S|T45.515A|S|E11.65|S|E11.649|N|I10|S|E78.5|S|G31.84|S|H91.3|S|Z85.3|E|Z92.21|E|Z92.3|E|E27.8|S|M81.0|S|I87.2|S|E55.9|S|Z59.3|E|Z88.6|E|0SRR03Z|3E033NZ|3E0337Z|3E033GC|3E013GC|30233N1|F07L6ZZ|F07Z9ZZ|||||||||||||||||||||||||||||323|1,6211|1|Sistema Nacional de Salud|-
220054|HOSPITAL DE BARBASTRO|135227|GSCL750364901012||24/03/1975|2|22520|13/10/2024||27|2|CGD|||||||||||15/10/2024|CGD|CGD|CGD|50883390F|1|14/10/2024|K81.1|S|I10|S|E11.9|S|E78.5|S|E66.9|S|E03.9|S|Z86.018|E|||||||||||||||||||||||||||0FT44ZZ||||||||||||||||||||||||||||||||||||263|,9851|1|Sistema Nacional de Salud|-
220054|HOSPITAL DE BARBASTRO|52360|LTCM451111910019||11/11/1945|1|22423|09/10/2024||21|1|MIR|10/10/2024|CAR|10/10/2024|MIR|11/10/2024|CAR|11/10/2024|MIR|||16/10/2024|MIR|MIR|MIR|25195530L|1||I11.0|S|I50.9|S|I48.0|S|J98.8|S|R78.81|S|B96.89|S|R93.3|S|K80.20|S|R82.71|S|B96.1|S|K82.4|S|E78.5|S|Z95.5|E|Z79.01|E|||||||||||||BW40ZZZ|4A02X4Z|3E03329|3E0337Z|||||||||||||||||||||||||||||||||194|,6399|1|Sistema Nacional de Salud|-
220054|HOSPITAL DE BARBASTRO|79265|TRVZ791265910016||25/12/1979|2|22300|15/10/2024||21|1|GIN|||||||||||16/10/2024|GIN|GIN|GIN|72781954H|1||N83.201|S|||||||||||||||||||||||||||||||||||||||3E0333Z||||||||||||||||||||||||||||||||||||532|,4436|1|Sistema Nacional de Salud|-
220054|HOSPITAL DE BARBASTRO|145921|RYGR050808910015||08/08/2005|1|22520|14/10/2024||27|2|TRA|||||||||||16/10/2024|TRA|TRA|TRA|73209657J|1|15/10/2024|S62.336A|S|X58.XXXA|E|||||||||||||||||||||||||||||||||||||0PSP04Z||||||||||||||||||||||||||||||||||||316|,8026|1|Sistema Nacional de Salud|-
220054|HOSPITAL DE BARBASTRO|98771|LBFR520423910019||23/04/1952|1|22500|09/10/2024||21|1|MIR|||||||||||16/10/2024|MIR|MIR|MIR|17756249L|1||A08.4|S|D18.03|S|N40.0|S|I10|S|E78.5|S|E03.8|S|E55.9|S|M43.27|S|||||||||||||||||||||||||BW201ZZ|0DJD8ZZ|3E0337Z|3E033NZ|3E013GC||||||||||||||||CW3NYZZ||||||||9120/0||||||||249|,4412|1|Sistema Nacional de Salud|-
220054|HOSPITAL DE BARBASTRO|65063|AR500093879X||16/11/1934|1|22450|06/10/2024||21|1|CGD|||||||||||16/10/2024|CGD|CGD|CGD|18045029B|4||K80.00|S|N17.9|N|I13.0|S|I50.9|N|N18.9|S|E78.5|S|N40.0|S|||||||||||||||||||||||||||BW20ZZZ|3E033NZ|3E0337Z|3E033GC|3E03329||||||||||||||||||||||||||||||||284|,8061|1|Sistema Nacional de Salud|-
220054|HOSPITAL DE BARBASTRO|222255|||24/07/1991|2|22234|15/10/2024||21|1|OBS|||||||||||17/10/2024|OBS|OBS|OBS|72781954H|1||O69.2XX0|S|O92.5|N|Z3A.37|E|Z37.1|E|Z67.10|E|||||||||||||||||||||||||||||||10E0XZZ|3E0R3BZ|3E0P7VZ||||||||||||||||||||||||||||||||||560|,3169|1|Sistema Nacional de Salud|-
220054|HOSPITAL DE BARBASTRO|4101|MRMR750944910012||04/09/1975|2|22500|14/10/2024||21|1|MIR|||||||||||17/10/2024|MIR|MIR|MIR|18055798Q|1||J90|S|C78.6|S|C57.8|S|||||||||||||||||||||||||||||||||||0W9B3ZZ|0W9B3ZX|3E0337Z|3E013GC|||||||||||||||||||||||||8441/3|8441/6|||||||143|,6835|1|Sistema Nacional de Salud|-
220054|HOSPITAL DE BARBASTRO|13771|FRFB580822917013||22/08/1958|1|22500|16/10/2024||27|2|CGD|||||||||||17/10/2024|CGD|CGD|CGD|50883390F|1|16/10/2024|K40.90|S|D17.23|S|I10|S|Z85.048|E|Z92.21|E|Z92.3|E|Z86.11|E|||||||||||||||||||||||||||0YU50JZ||||||||||||||||||||||||||||8850/0||||||||228|,8181|1|Sistema Nacional de Salud|-
220054|HOSPITAL DE BARBASTRO|62018|MRBL780917910017||17/09/1978|1|22500|08/10/2024||21|1|MIR|||||||||||17/10/2024|MIR|MIR|MIR|18045774C|1||J02.0|S|J03.00|S|R78.81|S|B95.4|S|||||||||||||||||||||||||||||||||BW201ZZ|B246ZZZ|3E03329||||||||||||||||||||||||||||||||||113|,4794|1|Sistema Nacional de Salud|-
220054|HOSPITAL DE BARBASTRO|219393|||15/02/1989|2|22500|15/10/2024||21|1|OBS|||||||||||17/10/2024|OBS|OBS|OBS|72781954H|1||O24.424|S|O99.284|S|E03.8|S|O99.344|S|F41.8|S|O70.0|N|O90.81|N|Z3A.38|E|Z37.0|E|Z67.40|E|Z88.2|E|||||||||||||||||||10E0XZZ|3E0R3BZ|10907ZC|3E033VJ|0HQ9XZZ|4A1HXCZ|||||||||||||||||||||||||||||||560|,3169|1|Sistema Nacional de Salud|-
220054|HOSPITAL DE BARBASTRO|47261|MRLN761020901015||20/10/1976|1|22338|17/10/2024||27|2|CAR|||||||||||18/10/2024|CAR|CAR|CAR|Y6058219X|1||I48.19|S|I11.0|S|I50.20|S|F17.210|S|E66.9|S|||||||||||||||||||||||||||||||5A2204Z|4A02X4Z|||||||||||||||||||||||||||||||||||201|,5604|1|Sistema Nacional de Salud|-
220054|HOSPITAL DE BARBASTRO|147102|BLXX750457642014||17/04/1975|2|22520|12/10/2024||21|1|TRA|||||||||||18/10/2024|TRA|TRA|TRA|Z2347614D|1||R22.31|S|F17.210|S|||||||||||||||||||||||||||||||||||||3E0333Z|3E0F7GC|3E03329||||||||||||||||||||||||||||||||||385|,434|1|Sistema Nacional de Salud|-
220054|HOSPITAL DE BARBASTRO|51091|PMCR610169910019||29/01/1961|2|22410|10/10/2024||21|1|MIR|||||||||||18/10/2024|MIR|MIR|MIR|17702334Q|1||E27.1|S|E06.3|S|E87.1|S|Z85.3|E|Z92.21|E|Z88.6|E|||||||||||||||||||||||||||||||||||||||||||||||||||||||||||||||||424|,5201|1|Sistema Nacional de Salud|-
220054|HOSPITAL DE BARBASTRO|75111|CBLR450304904010||04/03/1945|1|22400|17/10/2024||27|2|CAR|||||||||||18/10/2024|CAR|CAR|CAR|Y6058219X|1||I48.19|S|I35.1|S|||||||||||||||||||||||||||||||||||||5A2204Z||||||||||||||||||||||||||||||||||||201|,4272|1|Sistema Nacional de Salud|-
220054|HOSPITAL DE BARBASTRO|51342|LRBR770945910011||05/09/1977|2|22400|18/10/2024||27|2|GIN|||||||||||18/10/2024|GIN|GIN|GIN|72781954H|1|18/10/2024|N84.0|S|N81.2|S|N81.6|S|Z98.1|E|Z80.3|E|||||||||||||||||||||||||||||||0UB98ZZ||||||||||||||||||||||||||||||||||||513|,8396|1|Sistema Nacional de Salud|-
220054|HOSPITAL DE BARBASTRO|85932|SLCB590850910016||10/08/1959|2|22234|17/10/2024||27|2|TRA|||||||||||19/10/2024|TRA|TRA|TRA|73090858D|1|18/10/2024|M23.304|S|M24.19|S|M65.9|S|M23.8X2|S|M25.762|S|I10|S|E03.9|S|||||||||||||||||||||||||||0SBD4ZZ|0SBD4ZZ|0SBD4ZZ||||||||||||||||||||||||||||||||||313|1,1312|1|Sistema Nacional de Salud|-
220054|HOSPITAL DE BARBASTRO|147943|DTDR750849642027||09/08/1975|2|22300|17/10/2024||27|2|CGD|||||||||||20/10/2024|CGD|CGD|CGD|18045029B|1|18/10/2024|K40.91|S|K40.90|S|K42.9|S|I10|S|F41.8|S|D51.9|S|Z87.891|E|Z88.0|E|Z88.6|E|Z88.1|E|||||||||||||||||||||0YUA4JZ|0WUF0JZ|||||||||||||||||||||||||||||||||||227|1,3673|1|Sistema Nacional de Salud|-
220054|HOSPITAL DE BARBASTRO|197121|||12/12/1988|2|22440|18/10/2024||21|1|OBS|||||||||||20/10/2024|OBS|OBS|OBS|25153470A|1||O66.0|S|O48.0|S|Z3A.40|E|Z67.40|E|Z37.0|E|||||||||||||||||||||||||||||||10E0XZZ|10907ZC|3E0R3BZ|4A1HXCZ|||||||||||||||||||||||||||||||||560|,2876|1|Sistema Nacional de Salud|-
220054|HOSPITAL DE BARBASTRO|123519|CVPY590617901016||17/06/1959|1|22520|16/10/2024||21|1|MIR|||||||||||21/10/2024|MIR|MIR|MIR|45942132T|1|18/10/2024|A41.81|S|A41.52|S|N39.0|S|B95.2|S|B96.5|S|E87.29|S|D75.838|S|C79.51|S|Z79.630|E|Z79.631|E|Z93.6|E|I10|S|I48.91|S|K76.0|S|I42.0|S|E78.1|S|E79.0|S|Z85.51|E|Z85.048|E|Z87.891|E|0TP580Z|0T9380Z|0T9480Z|4A02X4Z|3E03329|3E033NZ|3E033GC|3E013GC|3E0337Z||||||||||||||||||||8120/6|9250/1|||||||710|1,5322|1|Sistema Nacional de Salud|-
220054|HOSPITAL DE BARBASTRO|226329|||28/09/2024|1|22449|19/10/2024||21|1|PED|||||||||||21/10/2024|PED|PED|PED|25359168N|1||P74.1|S|P74.21|S|P74.421|S|P74.0|S|P74.9|S|P78.9|S|P78.3|S|B99.9|S|||||||||||||||||||||||||3E03317||||||||||||||||||||||||||||||||||||422|,4822|1|Sistema Nacional de Salud|-
220054|HOSPITAL DE BARBASTRO|75123|PLPY511165910014||25/11/1951|2|22588|16/10/2024||27|2|GIN|||||||||||21/10/2024|GIN|GIN|GIN|72781954H|1|17/10/2024|N81.2|S|R32|S|N87.0|S|B97.7|S|R87.810|S|N85.8|S|E78.5|S|||||||||||||||||||||||||||0UT9FZZ|0UT7FZZ|0UT2FZZ||||||||||||||||||||||||||||||||||513|,8396|1|Sistema Nacional de Salud|-
220054|HOSPITAL DE BARBASTRO|68455|MRPR600648910019||08/06/1960|2|22400|10/10/2024||21|1|CGD|||||||||||21/10/2024|CGD|CGD|CGD|73204652E|1|15/10/2024|L76.82|S|I96|S|T81.41XA|S|L03.313|S|B96.20|S|T81.31XA|S|Y83.6|S|||||||||||||||||||||||||||0JX70ZB|0HB5XZZ|0HQU0ZZ||||||||||||||||||||||||||||||||||793|1,2701|1|Sistema Nacional de Salud|-
220054|HOSPITAL DE BARBASTRO|182942|LRXX650518642014||18/05/1965|1|22400|21/10/2024||27|2|URO|||||||||||22/10/2024|URO|URO|URO|Y9933326P|1|21/10/2024|N21.1|S|N21.0|S|Z85.048|E|Z90.49|E|Z92.21|E|Z92.3|E|||||||||||||||||||||||||||||0TCD8ZZ||||||||||||||||||||||||||||||||||||465|,5095|1|Sistema Nacional de Salud|-
220054|HOSPITAL DE BARBASTRO|5478|MGSL570206910018||06/02/1957|1|22400|15/10/2024||21|1|CGD|||||||||||22/10/2024|CGD|CGD|CGD|17852991T|1||L97.919|S|B96.5|S|Z16.24|S|I87.2|S|Z85.46|E|Z92.3|E|I48.20|S|R00.1|S|T44.7X5A|S|T46.2X5A|S|I12.9|S|N18.30|S|E03.9|S|D50.9|S|E79.0|S|Z88.0|E|||||||||3E03329|3E03328|3E013GC|3E033NZ|3E033VJ||||||||||||||||||||||||||||||||380|,6741|1|Sistema Nacional de Salud|-
220054|HOSPITAL DE BARBASTRO|226457|||09/10/1960|1|53100|10/10/2024||21|1|TRA|||||||||||23/10/2024|TRA|TRA|TRA|50873405G|1|15/10/2024|S72.102A|S|V68.0XXA|S|Z60.3|S|||||||||||||||||||||||||||||||||||0QS736Z||||||||||||||||||||||||||||||||||||308|1,2066|4|Mutualidades Públicas|-
220054|HOSPITAL DE BARBASTRO|187860|||15/02/1946|2|22311|14/10/2024||21|1|CAR|||||||||||23/10/2024|CAR|CAR|CAR|73202478X|1||I11.0|S|I50.32|S|I48.91|S|I51.3|S|J44.9|S|R91.1|S|E11.9|S|G47.33|S|E78.5|S|Z91.09|E|Z99.89|E|||||||||||||||||||B246ZZZ|B246ZZ4|4A02X4Z|3E033GC|||||||||||||||||||||||||||||||||194|,6399|1|Sistema Nacional de Salud|-
220054|HOSPITAL DE BARBASTRO|39120|SSPQ660669910015||29/06/1966|2|22422|20/10/2024||27|2|CGD|||||||||||23/10/2024|CGD|CGD|CGD|77133926E|1|21/10/2024|K81.1|S|||||||||||||||||||||||||||||||||||||||0FT44ZZ||||||||||||||||||||||||||||||||||||263|,9851|1|Sistema Nacional de Salud|-
220054|HOSPITAL DE BARBASTRO|105491|BNFN870341910012||01/03/1987|2|22500|22/10/2024||27|2|TRA|||||||||||24/10/2024|TRA|TRA|TRA|25196873M|1|23/10/2024|M20.12|S|M77.41|S|||||||||||||||||||||||||||||||||||||0QSP04Z|0QSP04Z|||||||||||||||||||||||||||||||||||314|1,0916|1|Sistema Nacional de Salud|-
220054|HOSPITAL DE BARBASTRO|15529|MRDL511155910015||15/11/1951|2|22510|23/10/2024||27|2|URO|||||||||||24/10/2024|URO|URO|URO|51460077S|1|23/10/2024|N20.0|S|Z46.6|E|I12.9|S|N18.30|S|E03.9|S|G30.9|S|F02.80|S|F43.20|S|||||||||||||||||||||||||0TF48ZZ|0TP580Z|0T9480Z||||||||||||||||||||||||||||||||||443|1,0933|1|Sistema Nacional de Salud|-
220054|HOSPITAL DE BARBASTRO|134469|FMLL340346910012||06/03/1934|2|22300|18/10/2024||21|1|MIR|||||||||||24/10/2024|MIR|MIR|MIR|73016622V|1||E87.1|S|T47.4X5A|S|N39.0|S|B96.20|S|D64.9|S|R19.5|S|I10|S|J42|S|G31.84|S|M15.9|S|Z86.718|E|Z88.0|E|Z88.1|E|||||||||||||||3E0337Z|B020ZZZ|4A02X4Z|3E013GC|3E033NZ||||||||||||||||||||||||||||||||426|,4461|1|Sistema Nacional de Salud|-
220054|HOSPITAL DE BARBASTRO|7630|GNGM600769911013||29/07/1960|2|22400|23/10/2024||27|2|CGD|||||||||||25/10/2024|CGD|CGD|CGD|50883390F|1|23/10/2024|K80.10|S|K82.8|S|I10|S|E03.9|S|E78.00|S|E89.0|S|Z85.3|E|Z92.3|E|||||||||||||||||||||||||0FT44ZZ||||||||||||||||||||||||||||||||||||263|,9851|1|Sistema Nacional de Salud|-
220054|HOSPITAL DE BARBASTRO|178473|CTCS910151901013||11/01/1991|2|50170|25/10/2024||27|2|HEM|||||||||||25/10/2024|HEM|HEM|HEM|73206975E|1||Z29.8|E|D84.9|S|Z85.71|E|Z92.21|E|||||||||||||||||||||||||||||||||3E0F729|3E0333Z|3E033GC|8E0ZXY6|||||||||||||||||||||||||||||||||861|,5873|1|Sistema Nacional de Salud|-
220054|HOSPITAL DE BARBASTRO|42849|RBGL370130911018||30/01/1937|1|22550|16/10/2024||21|1|MIR|||||||||||25/10/2024|MIR|MIR|MIR|18049390W|1||K30|S|I12.9|S|N18.31|S|I35.8|S|R33.9|N|Z88.6|E|||||||||||||||||||||||||||||0DJ08ZZ|0T9B70Z|0TPBX0Z|3E033GC|3E033NZ|3E0337Z|||||||||||||||||||||||||||||||254|,5043|1|Sistema Nacional de Salud|-
220054|HOSPITAL DE BARBASTRO|186183|BRSL490712910011||12/07/1949|1|22330|10/10/2024||21|1|MIR|11/10/2024|MIV|16/10/2024|MIR|||||||25/10/2024|MIR|MIR|MIR|18049390W|4||A41.9|S|R65.20|S|N17.9|S|D68.9|S|E87.21|S|C34.90|S|C77.1|S|D84.821|S|D70.1|S|T45.1X5A|S|F05|N|R57.8|N|K22.2|N|I48.91|S|J44.9|S|K86.1|S|F10.10|S|I10|S|E11.22|S|N18.31|S|4A13XB1|4A12X4Z|4A133B1|3E0F7SF|3E0F7GC|3E0337Z|3E03329|3E03328|30233N1|3E033GC|30233R1||||||||||||||||||8070/3|8070/6|||||||720|1,0915|1|Sistema Nacional de Salud|-
220054|HOSPITAL DE BARBASTRO|150419|MRST450706904025||06/07/1945|1|22500|29/09/2024||27|2|CGD|06/10/2024|MIV|10/10/2024|CGD|||||||26/10/2024|CGD|CGD|CGD|72889973Y|1|30/09/2024|C18.4|S|K91.89|N|T81.32XA|N|T81.43XA|N|T81.44XA|N|A41.81|N|A41.51|N|A41.52|N|K65.9|N|B95.2|N|Z16.11|N|B96.20|N|Z16.24|N|B96.5|N|Z16.23|N|K56.0|N|Y83.6|N|R44.1|N|I48.91|S|J84.10|S|0DTF0ZZ|0DBL0ZZ|0D1B0Z4|0W9G0ZX|3E1M38Z|0WUF0JZ|0D9670Z|3E0436Z|3E04328|3E04329|3E043NZ|3E043RZ|3E043XZ|3E0F7SF|4A12X4Z|4A13XB1|4A13XR1||||||||||||8140/3||||||||230|5,0682|1|Sistema Nacional de Salud|-
220054|HOSPITAL DE BARBASTRO|190884|AR500497856K||24/07/1943|2|22423|02/10/2024||21|1|MIR|||||||||||28/10/2024|MIR|MIR|MIR|18045774C|1||I80.01|S|S06.340A|S|W19.XXXA|S|M47.816|S|M16.12|S|M84.48XA|S|G60.8|S|E03.9|S|M06.00|S|H35.3190|S|Z86.19|E|F32.A|S|||||||||||||||||B54BZZZ|B020ZZZ|BR29ZZZ|BW241ZZ|3E03329|3E033GC|3E0337Z|3E013GC|||||||||||||BR39ZZZ|CP1ZYZZ|||||||||||||||197|,5149|1|Sistema Nacional de Salud|-
220054|HOSPITAL DE BARBASTRO|38670|LRBR671252910019||12/12/1967|2|22430|12/10/2024||21|1|MIR|||||||||||28/10/2024|MIR|MIR|MIR|18055798Q|1||J47.0|S|J15.6|S|J96.91|S|Z22.322|E|M31.30|S|L40.9|S|E21.3|S|D80.1|S|I87.2|S|Z79.52|E|Z79.2|E|Z88.1|E|||||||||||||||||3E03329|3E033NZ|3E0333Z|3E0F7SF|3E0F7GC|3E0337Z|3E013GC||||||||||||||||||||||||||||||140|1,207|1|Sistema Nacional de Salud|-
220054|HOSPITAL DE BARBASTRO|11446|MLBZ860562910012||22/05/1986|2|22400|23/10/2024||21|1|TRA|||||||||||29/10/2024|TRA|TRA|TRA|Z2347614D|3||M51.16|S|Z80.3|E|||||||||||||||||||||||||||||||||||||3E033NZ|3E0333Z|3E033GC|3E0337Z|||||||||||||||||||||||||||||||||347|,6123|1|Sistema Nacional de Salud|-
220054|HOSPITAL DE BARBASTRO|103590|FRRS740302901010||02/03/1974|1|22400|24/10/2024||21|1|CGD|||||||||||29/10/2024|CGD|CGD|CGD|73210877Z|1||K57.92|S|Z88.8|E|||||||||||||||||||||||||||||||||||||BW40ZZZ|BW201ZZ|3E033NZ|3E0337Z|3E03329|3E033GC|3E013GC||||||||||||||||||||||||||||||244|,4809|1|Sistema Nacional de Salud|-
220054|HOSPITAL DE BARBASTRO|152063|||20/02/1975|2|22550|24/10/2024||21|1|MIR|24/10/2024|CAR|24/10/2024|MIR|||||||29/10/2024|MIR|MIR|MIR|18049390W|1||I27.20|S|J44.9|S|I27.81|S|E66.01|S|F41.8|S|F17.210|S|||||||||||||||||||||||||||||B32S1ZZ|B32T1ZZ|BW241ZZ|4A02X4Z|B246ZZZ||||||||||||||||||||||||||||||||207|,6666|1|Sistema Nacional de Salud|-
220054|HOSPITAL DE BARBASTRO|205438|||28/02/1985|2|22400|26/10/2024||21|1|OBS|||||||||||29/10/2024|OBS|OBS|OBS|72781954H|1||O34.83|S|N90.812|S|O48.0|S|O90.81|N|Z3A.40|E|Z67.20|E|Z37.0|E|||||||||||||||||||||||||||10E0XZZ|4A1HXCZ|||||||||||||||||||||||||||||||||||560|,2876|1|Sistema Nacional de Salud|-
220054|HOSPITAL DE BARBASTRO|219779|||03/05/1954|1|22300|28/10/2024||27|2|CGD|||||||||||30/10/2024|CGD|CGD|CGD|72889973Y|1|29/10/2024|K36|S|I10|S|||||||||||||||||||||||||||||||||||||0DTJ4ZZ||||||||||||||||||||||||||||||||||||234|,7668|1|Sistema Nacional de Salud|-
220054|HOSPITAL DE BARBASTRO|99468|MRFR461058910012||18/10/1946|2|22366|27/10/2024||27|2|MIR|||||||||||30/10/2024|MIR|MIR|MIR|17202610J|1||T85.520A|S|Y84.8|E|D64.9|S|E66.9|S|I11.0|S|I50.810|S|I27.20|S|K57.30|S|K31.82|S|E06.3|S|I48.91|S|Z79.01|E|G47.33|S|Z99.89|E|Z99.81|E|Z90.49|E|||||||||3E03329|3E0337Z|3E013GC||||||||||||||||||0F7C8ZZ||||||||||||||||813|1,0411|1|Sistema Nacional de Salud|-
220054|HOSPITAL DE BARBASTRO|139402|BLPY370430910012||30/04/1937|1|22533|24/10/2024||21|1|MIR|||||||||||30/10/2024|MIR|MIR|MIR|25195530L|1||J98.8|S|J96.20|S|R33.9|S|J44.9|S|Z22.322|E|I12.9|S|E11.22|S|N18.9|S|I48.91|S|N40.0|S|Z86.008|E|Z89.611|E|Z89.612|E|Z99.3|E|Z59.3|E|Z79.4|E|Z79.01|E|Z79.891|E|||||4A02X4Z|0T9B70Z|3E03329|3E0F7SF|3E0337Z||||||||||||||||||||||||||||||||144|,5063|1|Sistema Nacional de Salud|-
220054|HOSPITAL DE BARBASTRO|206390|||16/08/1984|2|22400|30/10/2024||27|2|CGD|||||||||||31/10/2024|CGD|CGD|CGD|73210877Z|1|30/10/2024|K80.10|S|I10|S|||||||||||||||||||||||||||||||||||||0FT44ZZ||||||||||||||||||||||||||||||||||||263|,9851|1|Sistema Nacional de Salud|-
220054|HOSPITAL DE BARBASTRO|36178|TRLV511109916012||09/11/1951|1|22300|03/10/2024||27|2|MIR|||||||||||31/10/2024|MIR|MIR|MIR|72987424Y|1|15/10/2024|B20|S|B25.8|S|H30.92|S|R59.1|S|D64.9|S|D72.819|S|I10|S|I49.3|S|Z87.891|E|||||||||||||||||||||||07B50ZX|B246ZZZ|BW241ZZ|B02010Z|30233N1|3E033WK|3E03329|3E033GC|3E033NZ||||||||||||||||||||||||||||892|,7415|1|Sistema Nacional de Salud|-
220054|HOSPITAL DE BARBASTRO|34522|RZLR770443910016||03/04/1977|2|22520|29/10/2024||27|2|TRA|||||||||||31/10/2024|TRA|TRA|TRA|73209536F|1|30/10/2024|M23.611|S|M23.300|S|M23.303|S|||||||||||||||||||||||||||||||||||0MRN47Z|0LBQ0ZZ|0SBC4ZZ|0SQC4ZZ|||||||||||||||||||||||||||||||||313|1,1312|1|Sistema Nacional de Salud|-
220054|HOSPITAL DE BARBASTRO|168053|NLLF510107910010||07/01/1951|1|22500|30/10/2024||21|1|URO|||||||||||01/11/2024|URO|URO|URO|Y9933326P|1||R31.0|S|R93.41|S|I10|S|N40.0|S|||||||||||||||||||||||||||||||||BT4JZZZ|0T9B70Z|3E1K78Z|3E0337Z|3E03329|3E033NZ|||||||||||||||||||||||||||||||468|,4959|1|Sistema Nacional de Salud|-
220054|HOSPITAL DE BARBASTRO|31016|PYCB500127910015||27/01/1950|1|22300|25/10/2024||21|1|MIR|||||||||||02/11/2024|MIR|MIR|MIR|18052661F|4||J18.9|S|J44.0|S|J96.90|S|C04.9|S|C77.8|S|C78.01|S|Z85.51|E|Z85.07|E|Z90.411|E|Z90.49|E|Z92.3|E|Z92.21|E|Z93.1|E|I10|S|Z87.891|E|I73.9|S|||||||||3E03329|3E0F7GC|3E0F7SF|3E033GC|3E033NZ|3E0337Z|||||||||||||||||||||||8070/3|8070/6|||||||139|,85|1|Sistema Nacional de Salud|-
220054|HOSPITAL DE BARBASTRO|28890|VLBR500669910013||29/06/1950|2|22400|30/10/2024||27|2|GIN|||||||||||02/11/2024|GIN|GIN|GIN|73021577G|1|31/10/2024|N81.3|S|N81.6|S|M79.7|S|F32.A|S|||||||||||||||||||||||||||||||||0UT97ZZ|0JQC0ZZ|0JUC0JZ||||||||||||||||||||||||||||||||||513|,8396|1|Sistema Nacional de Salud|-
220054|HOSPITAL DE BARBASTRO|178352|KRMT551070100010||30/10/1955|2|22300|29/10/2024||27|2|URO|||||||||||02/11/2024|URO|URO|URO|28626568D|1|30/10/2024|C64.1|S|I10|S|E66.9|S|||||||||||||||||||||||||||||||||||0TT04ZZ||||||||||||||||||||||||||||8310/3||||||||442|1,4891|1|Sistema Nacional de Salud|-
220054|HOSPITAL DE BARBASTRO|226201|||16/11/2003|2|22512|31/10/2024||21|1|OBS|||||||||||03/11/2024|OBS|OBS|OBS|76974873Z|1||O40.3XX0|S|O70.0|N|O90.81|N|Z3A.39|E|Z37.0|E|Z67.10|E|||||||||||||||||||||||||||||10E0XZZ|3E0R3BZ|10907ZC|0UQGXZZ|4A1HXCZ||||||||||||||||||||||||||||||||560|,3169|1|Sistema Nacional de Salud|-
220054|HOSPITAL DE BARBASTRO|226666|||30/10/2024|1|22500|30/10/2024||24|1|PED|||||||||||03/11/2024|PED|PED|PED|18036541X|1||P22.1|S|P03.4|S|||||||||||||||||||||||||||||||||||||3E0F7SF||||||||||||||||||||||||||||||||||||640|,1536|1|Sistema Nacional de Salud|-
220054|HOSPITAL DE BARBASTRO|215099|||20/08/2021|2|22311|02/11/2024||21|1|PED|||||||||||03/11/2024|PED|PED|PED|73005661G|1||J20.9|S|E25.0|S|||||||||||||||||||||||||||||||||||||3E0F7SF|3E0F7GC|||||||||||||||||||||||||||||||||||145|,5709|1|Sistema Nacional de Salud|-
220054|HOSPITAL DE BARBASTRO|17789|DMCR750707910013||07/07/1975|1|22422|03/11/2024||21|1|URO|||||||||||04/11/2024|URO|URO|URO|Y9933326P|1|03/11/2024|N20.1|S|N17.9|S|Z88.0|E|||||||||||||||||||||||||||||||||||0T9480Z|BT4JZZZ|||||||||||||||||||||||||||||||||||443|1,0933|1|Sistema Nacional de Salud|-
220054|HOSPITAL DE BARBASTRO|22176|FQPN380328910015||28/03/1938|1|22534|30/10/2024||21|1|CGD|||||||||||05/11/2024|CGD|CGD|CGD|77133926E|1||K80.00|S|E78.00|S|I10|S|E79.0|S|G25.81|S|C61|S|Z79.01|E|Z91.041|E|||||||||||||||||||||||||BW40ZZZ|3E03329|3E013GC|3E0337Z|3E033NZ|3E03328|||||||||||||||||||||||8010/3||||||||284|,6359|1|Sistema Nacional de Salud|-
220054|HOSPITAL DE BARBASTRO|39296|RCBT371127910012||17/11/1937|1|22430|27/10/2024||21|1|MIR|||||||||||05/11/2024|MIR|MIR|MIR|25195530L|1||T83.511A|S|B96.20|S|Z16.12|S|J96.20|S|I10|S|E11.9|S|E78.5|S|E66.9|S|E79.0|S|I34.0|S|G47.33|S|Z99.81|E|Z99.89|E|Z85.038|E|Z93.3|E|Z96.0|S|Z90.49|E|Z79.84|E|Z95.0|E|Z88.8|E|3E03329|5A09357|3E0F7SF|0TPBX0Z|3E033NZ|3E033GC|3E0F7GC|3E013GC|3E0337Z|3E0333Z|3E013VG||||||||||||||||||||||||||466|,9431|1|Sistema Nacional de Salud|-
220054|HOSPITAL DE BARBASTRO|219410|||25/05/1940|2|22440|28/10/2024||21|1|TRA|||||||||||06/11/2024|TRA|TRA|TRA|73090858D|5|31/10/2024|S72.102A|S|W19.XXXA|S|D64.9|N|K59.00|S|R33.9|N|F05|N|G30.9|S|F02.80|S|E03.9|S|E78.5|S|E55.9|S|F32.A|S|||||||||||||||||0QS736Z|F07L6ZZ|0T9B70Z||||||||||||||||||||||||||||||||||308|1,4102|1|Sistema Nacional de Salud|-
220054|HOSPITAL DE BARBASTRO|138883|MGXX790328466012||28/03/1979|1|22500|05/11/2024||27|2|URO|||||||||||06/11/2024|URO|URO|URO|Y9933326P|1|05/11/2024|B65.9|S|||||||||||||||||||||||||||||||||||||||0TBB8ZX||||||||||||||||||||||||||||||||||||724|,679|1|Sistema Nacional de Salud|-
220054|HOSPITAL DE BARBASTRO|87308|GRSR810909910011||09/09/1981|1|22500|28/10/2024||21|1|MIR|29/10/2024|NRL|||||||||06/11/2024|NRL|NRL|NRL|72993238R|1||I63.9|S|R29.704|S|G81.91|S|R47.9|S|Q21.12|E|G43.909|S|D80.3|S|F17.210|S|||||||||||||||||||||||||B020ZZZ|B32R1ZZ|B246ZZZ|B246ZZ4|4A12X4Z|F0727ZZ|3E033NZ|B54DZZZ|||||||||||||B030YZZ|B33RYZZ|||||||||||||||045|,8638|1|Sistema Nacional de Salud|-
220054|HOSPITAL DE BARBASTRO|32530|GRJM770156910010||16/01/1977|2|22500|04/11/2024||27|2|CGD|||||||||||06/11/2024|CGD|CGD|CGD|77133926E|1|05/11/2024|K80.10|S|E78.5|S|M79.7|S|G93.32|S|K64.8|S|K57.92|S|N39.46|S|Z95.0|E|J45.909|S|||||||||||||||||||||||0FT44ZZ||||||||||||||||||||||||||||||||||||263|1,2659|1|Sistema Nacional de Salud|-
220054|HOSPITAL DE BARBASTRO|222063|ZAXX670620504014||29/06/1967|1|22534|17/10/2024||21|1|CGD|25/10/2024|MIR|||||||||07/11/2024|MIR|MIR|MIR|18049390W|1|17/10/2024|K61.0|S|K64.9|S|K62.0|S|K74.60|S|R18.8|N|K76.82|N|I85.00|S|E11.9|S|||||||||||||||||||||||||0J9B0ZZ|06BY0ZC|0DBQXZZ|B020ZZZ|BW21ZZZ||||||||||||||||||||||||||||||||226|,8052|1|Sistema Nacional de Salud|-
220054|HOSPITAL DE BARBASTRO|78181|PLPS280966910014||26/09/1928|2|22400|29/10/2024||21|1|MIR|30/10/2024|GRT|||||||||07/11/2024|GRT|GRT|GERIATRIA|72000771F|1||I13.0|S|I50.33|S|E11.22|S|N18.30|S|N17.9|S|J22|S|J96.00|S|L03.116|S|I48.91|S|M10.9|S|E06.3|S|E03.2|S|T46.2X5S|E|Z85.820|E|Z86.16|E|Z85.038|E|Z99.81|E|Z66|S|Z79.4|E|Z59.3|E|3E03329|3E033GC|3E033NZ|3E0F7SF|3E0F7GC|3E0333Z|3E013GC|3E1H78Z|||||||||||||||||||||||||||||194|,9142|1|Sistema Nacional de Salud|-
220054|HOSPITAL DE BARBASTRO|46069|GRMG331264917014||24/12/1933|2|22533|31/10/2024||21|1|MIR|04/11/2024|NML|||||||||07/11/2024|NML|NML|NML|18056444H|1||J44.1|S|J45.901|S|J96.20|S|Z22.322|E|E05.20|S|I11.0|S|I50.9|S|E11.9|S|E78.5|S|I87.2|S|I45.10|S|Z59.3|E|||||||||||||||||4A02X4Z|8E0ZXY6|3E0F7GC|3E03329|3E033NZ|3E0F7SF|||||||||||||||||||||||||||||||140|,7699|1|Sistema Nacional de Salud|-
220054|HOSPITAL DE BARBASTRO|21566|NLCS670606910010||06/06/1967|1|22400|05/11/2024||21|1|NRL|||||||||||08/11/2024|NRL|NRL|NRL|29121261H|1||I61.0|S|R20.2|S|R29.701|S|K74.60|S|Z86.19|E|I69.351|E|Z88.0|E|||||||||||||||||||||||||||B020ZZZ|B32RZZZ|3E0337Z||||||||||||||||||||||||||||||||||044|,9871|1|Sistema Nacional de Salud|-
220054|HOSPITAL DE BARBASTRO|98129|HDSL830954910014||14/09/1983|2|22300|02/11/2024||21|1|OBS|||||||||||08/11/2024|OBS|OBS|OBS|73010241F|1||O60.14X0|S|O99.62|S|K90.41|S|O99.284|S|E73.9|S|O99.42|S|I73.00|S|O99.892|S|M06.9|S|O14.95|N|Z67.10|E|O90.81|N|Z3A.36|E|Z37.0|E|||||||||||||10E0XZZ|3E0R3BZ|4A1HXCZ|3E0P7VZ|||||||||||||||||||||||||||||||||560|,3169|1|Sistema Nacional de Salud|-
220054|HOSPITAL DE BARBASTRO|61549|MSGM891152910013||12/11/1989|2|22300|07/11/2024||21|1|OBS|||||||||||08/11/2024|OBS|OBS|OBS|73010241F|1||O99.612|S|K52.9|S|Z3A.18|E|||||||||||||||||||||||||||||||||||3E0337Z|BY4CZZZ|||||||||||||||||||||||||||||||||||566|,2688|1|Sistema Nacional de Salud|-
220054|HOSPITAL DE BARBASTRO|21779|PLMR520706910018||06/07/1952|1|22400|08/11/2024||27|2|TRA|||||||||||09/11/2024|TRA|TRA|TRA|72754952H|1|08/11/2024|M72.0|S|E11.9|S|E78.5|S|||||||||||||||||||||||||||||||||||0LN80ZZ|0JBK0ZZ|||||||||||||||||||||||||||||||||||316|,8026|1|Sistema Nacional de Salud|-
220054|HOSPITAL DE BARBASTRO|14556|RRFR721242910017||02/12/1972|2|22300|07/11/2024||27|2|CGD|||||||||||09/11/2024|CGD|CGD|CGD|50883390F|1|07/11/2024|K80.10|S|K76.0|S|I49.3|S|F41.8|S|E78.5|S|E66.9|S|K21.9|S|J45.909|S|Z88.1|E|||||||||||||||||||||||0FT44ZZ||||||||||||||||||||||||||||||||||||263|,9851|1|Sistema Nacional de Salud|-
220054|HOSPITAL DE BARBASTRO|56857|RSSB440103910015||03/01/1944|1|22300|23/10/2024||27|2|MIR|||||||||||09/11/2024|MIR|MIR|MIR|18045774C|8||D50.9|S|I12.9|S|N18.9|S|D63.1|S|D12.6|S|K55.1|S|K64.4|S|K64.8|S|K91.61|N|Y65.8|N|K91.840|N|G40.901|N|Y84.8|N|E55.9|S|M10.9|S|Z86.718|E|Z79.82|E|||||||0DB98ZX|0DBH8ZZ|0DBK8ZZ|0DBE8ZZ|0DBE8ZZ|0DBE8ZZ|0DBE8ZZ|0DBE8ZX|0W3P8ZZ|0W3P8ZZ|30233N1|3E033GC|B020ZZZ|B32R1ZZ|3E033NZ|3E013VJ|3E03329||||||||||||8211/0||||||||663|,9141|1|Sistema Nacional de Salud|-
220054|HOSPITAL DE BARBASTRO|222627|||27/08/2023|1|22300|08/11/2024||21|1|PED|||||||||||09/11/2024|PED|PED|PED|72828135S|1||R56.00|S|J06.9|S|||||||||||||||||||||||||||||||||||||3E033NZ||||||||||||||||||||||||||||||||||||053|,5154|1|Sistema Nacional de Salud|-
220054|HOSPITAL DE BARBASTRO|8966|GLTR640249910017||09/02/1964|2|22132|07/11/2024||27|2|GIN|||||||||||10/11/2024|GIN|GIN|GIN|73010241F|1|08/11/2024|N81.2|S|N81.6|S|G43.909|S|||||||||||||||||||||||||||||||||||0UT97ZZ|0JQC0ZZ|0JQC0ZZ||||||||||||||||||||||||||||||||||513|,8396|1|Sistema Nacional de Salud|-
220054|HOSPITAL DE BARBASTRO|73108|SRLP600268910014||28/02/1960|2|22500|11/11/2024||27|2|CGD|||||||||||11/11/2024|CGD|CGD|CGD|73210877Z|1|11/11/2024|R93.5|S|E11.9|S|K44.9|S|E66.9|S|Z86.711|E|Z86.19|E|||||||||||||||||||||||||||||0DJD7ZZ||||||||||||||||||||||||||||||||||||254|,5043|1|Sistema Nacional de Salud|-
220054|HOSPITAL DE BARBASTRO|201120|||27/07/1965|1|22530|04/11/2024||30|1|CAR|||||||||||11/11/2024|CAR|CAR|CAR|18045946P|2||I25.10|S|Z95.5|E|Z79.02|E|Z79.82|E|Z79.84|E|E11.9|S|E66.9|S|F17.210|S|||||||||||||||||||||||||B246ZZZ|B348ZZZ|4A02X4Z|3E033NZ|3E013GC|3E013VG|||||||||||||||||||||||||||||||198|,4962|1|Sistema Nacional de Salud|-
220054|HOSPITAL DE BARBASTRO|60519|GBTR680868901014||28/08/1968|2|22400|10/11/2024||27|2|ORL|||||||||||12/11/2024|ORL|ORL|ORL|26283260X|1|11/11/2024|J33.0|S|J32.0|S|J32.2|S|K20.0|S|D47.2|S|Z88.6|E|Z88.8|E|||||||||||||||||||||||||||09BK8ZZ||||||||||||||||||||||||||||9765/1||||||||115|,655|1|Sistema Nacional de Salud|-
220054|HOSPITAL DE BARBASTRO|196254|||02/05/1947|1|22300|06/11/2024||21|1|MIR|||||||||||12/11/2024|MIR|MIR|MIR|25195530L|1||L97.219|S|I87.2|S|F31.9|S|||||||||||||||||||||||||||||||||||3E03329|3E033NZ|||||||||||||||||||||||||||||||||||380|,5434|1|Sistema Nacional de Salud|-
220054|HOSPITAL DE BARBASTRO|72977|SRSR691226910017||26/12/1969|1|22422|12/11/2024||27|2|TRA|||||||||||13/11/2024|TRA|TRA|TRA|72967765N|1|12/11/2024|M72.0|S|||||||||||||||||||||||||||||||||||||||0LN70ZZ|0JBJ0ZZ|||||||||||||||||||||||||||||||||||316|,8026|1|Sistema Nacional de Salud|-
220054|HOSPITAL DE BARBASTRO|226347|||11/05/1940|2|22131|06/11/2024||27|2|CGD|||||||||||13/11/2024|CGD|CGD|CGD|18045029B|4|07/11/2024|C18.0|S|C77.2|S|K80.10|S|K42.9|S|K91.89|N|T81.32XA|N|T81.42XA|N|T81.44XA|N|A41.9|N|T81.12XA|N|Y83.6|N|E66.9|S|I10|S|E78.5|S|E03.9|S|||||||||||0DTF4ZZ|0FT44ZZ|0WUF0JZ|3E03329|3E033NZ|3E013GC|3E0F7GC|3E033GC|3E0337Z||||||||||||||||||||8140/3||||||||231|2,5763|1|Sistema Nacional de Salud|-
220054|HOSPITAL DE BARBASTRO|154641|BRCS070519910010||19/05/2007|1|22400|12/11/2024||27|2|TRA|||||||||||14/11/2024|TRA|TRA|TRA|Z2347614D|1|13/11/2024|M25.312|S|||||||||||||||||||||||||||||||||||||||0RQK4ZZ||||||||||||||||||||||||||||||||||||315|,898|1|Sistema Nacional de Salud|-
220054|HOSPITAL DE BARBASTRO|46556|CLFR730401901011||01/04/1973|1|22533|12/11/2024||21|1|TRA|||||||||||14/11/2024|TRA|TRA|TRA|Z2347614D|1|12/11/2024|S76.192A|S|X50.9XXA|S|Y93.73|E|||||||||||||||||||||||||||||||||||0LMR0ZZ|0LUR07Z|0LBR0ZZ|BL43ZZZ|||||||||||||||||||||||||||||||||317|,9061|6|Financiación Mixta|-
220054|HOSPITAL DE BARBASTRO|172085|MSPS260653901010||13/06/1926|2|22466|07/11/2024||21|1|MIR|08/11/2024|GRT|||||||||14/11/2024|GRT|GRT|GERIATRIA|18047202E|1||J98.8|S|N39.0|S|I13.0|S|I50.9|S|N17.9|S|N18.30|S|D50.9|S|I87.2|S|E03.8|S|E78.5|S|I25.9|S|Z88.8|E|Z95.0|E|Z79.01|E|Z59.3|E|Z74.09|S|||||||||4A02X4Z|3E03329|3E0F7GC|3E033NZ|||||||||||||||||||||||||||||||||144|,6508|1|Sistema Nacional de Salud|-
220054|HOSPITAL DE BARBASTRO|56349|CHSV450729910012||29/07/1945|1|22534|29/10/2024||27|2|URO|31/10/2024|GRT|||||||||15/11/2024|GRT|GRT|GERIATRIA|18047202E|4|30/10/2024|C67.1|S|F09|S|R45.1|N|T17.918A|N|G21.0|N|||||||||||||||||||||||||||||||0TBB8ZZ|3E033NZ|3E03329|3E033GC|3E0337Z|3E013GC|3E013VG||||||||||||||||||||||8120/3||||||||446|,9801|1|Sistema Nacional de Salud|-
220054|HOSPITAL DE BARBASTRO|61874|NDRP530527901018||27/05/1953|1|22300|26/10/2024||21|1|MIR|||||||||||15/11/2024|MIR|MIR|MIR|72987424Y|1||J47.0|S|J47.1|S|J20.9|S|R05.8|S|J84.10|S|B90.9|E|J20.1|N|Z16.24|N|Y95|N|E09.9|N|T38.0X5A|N|Z87.891|E|N17.9|N|T50.2X5A|N|E61.1|S|F09|S|N40.0|S|I70.0|S|I70.209|S|||3E03329|3E0333Z|3E0F7GC|3E013GC|3E013VG|BW241ZZ|||||||||||||||||||||||||||||||140|,7699|1|Sistema Nacional de Salud|-
220054|HOSPITAL DE BARBASTRO|226811|||20/07/1988|2|22430|15/11/2024||21|1|OBS|||||||||||15/11/2024|OBS|OBS|OBS|47919222X|1||O03.9|S|||||||||||||||||||||||||||||||||||||||3E0333Z|3E0234Z|||||||||||||||||||||||||||||||||||564|,2892|1|Sistema Nacional de Salud|-
220054|HOSPITAL DE BARBASTRO|157737|PRLT580701910017||01/06/1958|1|22520|15/11/2024||27|2|CGD|||||||||||16/11/2024|CGD|CGD|CGD|19005451E|1|15/11/2024|K40.20|S|||||||||||||||||||||||||||||||||||||||0YUA4JZ||||||||||||||||||||||||||||||||||||228|,8181|1|Sistema Nacional de Salud|-
220054|HOSPITAL DE BARBASTRO|91484|PLBL440225910015||25/02/1944|1|22415|13/11/2024||21|1|MIR|||||||||||19/11/2024|MIR|MIR|MIR|18049390W|1||J47.1|S|J47.0|S|J96.10|S|C16.0|S|C79.9|S|D64.9|S|Z99.81|E|Z79.60|E|Z86.11|E|||||||||||||||||||||||3E0333Z|3E0F7GC|3E0F7SF|3E03329|3E033GC|3E013VG|3E013GC|3E033NZ|||||||||||||||||||||8140/3|8140/6|||||||140|,7699|1|Sistema Nacional de Salud|-
220054|HOSPITAL DE BARBASTRO|69349|GBBN341141910018||01/11/1934|2|22310|15/11/2024||21|1|CAR|||||||||||19/11/2024|CAR|CAR|CAR|73202478X|1||R00.1|S|T46.0X5A|S|I48.91|S|Z79.01|E|I11.0|S|I50.9|S|I44.7|S|Z88.6|E|Z88.1|E|Z88.8|E|||||||||||||||||||||4A02X4Z|4A12X4Z|3E033GC|3E0337Z|||||||||||||||||||||||||||||||||201|,5604|1|Sistema Nacional de Salud|-
220054|HOSPITAL DE BARBASTRO|87444|CMMR401020910014||20/10/1940|1|22300|17/11/2024||27|2|ORL|||||||||||19/11/2024|ORL|ORL|ORL|44485482D|1|18/11/2024|D11.7|S|||||||||||||||||||||||||||||||||||||||0CTG0ZZ||||||||||||||||||||||||||||8940/0||||||||098|,8964|1|Sistema Nacional de Salud|-
220054|HOSPITAL DE BARBASTRO|35575|LLBL440355910012||15/03/1944|2|22400|06/11/2024||21|1|MIR|||||||||||19/11/2024|MIR|MIR|MIR|73016622V|1||D50.0|S|K64.9|S|Z79.01|E|C67.9|S|K63.5|S|K57.32|S|K22.70|S|K31.7|S|I11.9|S|E78.5|S|F41.8|S|I48.91|S|E66.9|S|K22.2|S|T28.6XXS|E|T54.91XS|E|||||||||0DBK8ZZ|0DB68ZX|BW241ZZ|3E033GC|30233N1|3E013VG|3E013GC|3E033NZ|||||||||||||||||||||8120/3||||||||663|,643|1|Sistema Nacional de Salud|-
220054|HOSPITAL DE BARBASTRO|13975|AR900865234B||13/10/1967|2|22131|18/11/2024||27|2|TRA|||||||||||20/11/2024|TRA|TRA|TRA|25196873M|1|19/11/2024|M20.11|S|M77.41|S|M20.5X1|S|||||||||||||||||||||||||||||||||||0QSN04Z|0QSN04Z|0QSN04Z|0SGP04Z|0SGP04Z||||||||||||||||||||||||||||||||314|1,0916|1|Sistema Nacional de Salud|-
220054|HOSPITAL DE BARBASTRO|39579|ZNLP700828901016||28/08/1970|1|22423|13/11/2024||21|1|MIR|||||||||||20/11/2024|MIR|MIR|MIR|18052661F|1||C20|S|K91.89|S|K63.3|S|D50.0|S|I10|S|E78.5|S|Z85.038|E|Z90.49|E|||||||||||||||||||||||||BW211ZZ|0DBP8ZX|0DBB8ZX|3E033GC|3E0337Z||||||||||||||||||||||||8140/3||||||||240|,8515|1|Sistema Nacional de Salud|-
220054|HOSPITAL DE BARBASTRO|4638|MRMZ850758910024||18/07/1985|2|22300|17/11/2024||21|1|OBS|||||||||||21/11/2024|OBS|OBS|OBS|72781954H|1|17/11/2024|O99.344|S|F31.9|S|O36.93X0|N|O90.81|N|Z3A.37|E|Z37.0|E|Z67.40|E|||||||||||||||||||||||||||10D00Z1|4A1HXCZ|||||||||||||||||||||||||||||||||||540|,4756|1|Sistema Nacional de Salud|-
220054|HOSPITAL DE BARBASTRO|225630|||10/06/2000|2|22400|14/11/2024||21|1|OBS|||||||||||21/11/2024|OBS|OBS|OBS|25153470A|1||O77.0|S|O34.83|S|N90.811|S|O69.82X0|S|O14.25|N|Z67.10|E|Z3A.39|E|Z37.0|E|||||||||||||||||||||||||10E0XZZ|0W8NXZZ|10907ZC|4A1HXCZ|3E0R3BZ|3E03329|||||||||||||||||||||||||||||||560|,4463|1|Sistema Nacional de Salud|-
220054|HOSPITAL DE BARBASTRO|108553|GMFR960927910014||27/09/1996|1|22512|20/11/2024||21|1|CGD|||||||||||21/11/2024|CGD|CGD|CGD|72889973Y|1|20/11/2024|K35.80|S|||||||||||||||||||||||||||||||||||||||0DTJ4ZZ|BW40ZZZ|3E03329|3E033NZ|3E0337Z||||||||||||||||||||||||||||||||234|,7668|1|Sistema Nacional de Salud|-
220054|HOSPITAL DE BARBASTRO|189880|RCLP611121910011||21/11/1961|1|22430|21/11/2024||27|2|CGD|||||||||||22/11/2024|CGD|CGD|CGD|73210877Z|1|21/11/2024|K40.90|S|E78.5|S|N18.9|S|||||||||||||||||||||||||||||||||||0YU64JZ||||||||||||||||||||||||||||||||||||228|,8181|1|Sistema Nacional de Salud|-
220054|HOSPITAL DE BARBASTRO|4107|RXBR710460910018||20/04/1971|2|22400|18/11/2024||27|2|CGD|||||||||||22/11/2024|CGD|CGD|CGD|19005451E|1|19/11/2024|D17.5|S|M79.89|S|K44.9|S|F43.23|S|F43.9|S|Z85.3|E|Z85.850|E|Z88.0|E|||||||||||||||||||||||||0WBH4ZZ|0DBP4ZX|||||||||||||||||||||||||||8850/0||||||||229|1,0574|1|Sistema Nacional de Salud|-
220054|HOSPITAL DE BARBASTRO|162292|||28/08/1982|2|22440|17/11/2024||27|2|ORL|||||||||||22/11/2024|ORL|ORL|ORL|Z2542961V|1|18/11/2024|Q89.2|E|||||||||||||||||||||||||||||||||||||||0JB40ZZ||||||||||||||||||||||||||||||||||||424|,5201|1|Sistema Nacional de Salud|-
220054|HOSPITAL DE BARBASTRO|149649|SRDF060417910012||17/04/2006|1|22510|18/11/2024||21|1|TRA|||||||||||22/11/2024|TRA|TRA|TRA|18485231Q|1||M96.89|S|M19.90|S|Y83.8|S|||||||||||||||||||||||||||||||||||3E03329|3E033NZ|3E013GC|3E033NZ|||||||||||||||||||||||||||||||||813|,5609|1|Sistema Nacional de Salud|-
220054|HOSPITAL DE BARBASTRO|153421|KKXX740103100019||03/01/1974|1|22148|22/11/2024||27|2|CGD|||||||||||25/11/2024|CGD|CGD|CGD|19005451E|1|22/11/2024|K43.9|S|M96.841|N|T81.41XA|N|Y83.8|N|I10|S|E78.5|S|F17.210|S|||||||||||||||||||||||||||0WUF0JZ|3E03329|3E033NZ|3E013GC|||||||||||||||||||||||||||||||||227|1,0731|1|Sistema Nacional de Salud|-
220054|HOSPITAL DE BARBASTRO|151752|FLBR060364910013||24/03/2006|2|22400|24/11/2024||21|1|OBS|||||||||||25/11/2024|OBS|OBS|OBS|47919222X|1||O03.9|S|E28.2|S|E78.00|S|F17.210|S|||||||||||||||||||||||||||||||||BY49ZZZ|BU46ZZZ|3E0P7VZ|3E033NZ|3E0337Z||||||||||||||||||||||||||||||||564|,2892|1|Sistema Nacional de Salud|-
220054|HOSPITAL DE BARBASTRO|54331|GTPY421221910010||21/12/1942|1|22300|22/10/2024||21|1|MIR|||||||||||25/11/2024|MIR|MIR|MIR|18045774C|1||I11.0|S|J96.20|S|J18.1|S|I50.9|S|I27.82|S|I27.24|S|I07.1|S|R71.8|S|I27.81|S|I48.91|S|D64.9|S|N40.1|S|Z86.16|E|Z79.01|E|Z99.81|E|Z59.3|E|||||||||BW241ZZ|4A02X4Z|B246ZZZ|3E033GC|3E0F7GC|3E033NZ|3E0333Z|3E03329|||||||||||||||||||||||||||||194|,9142|1|Sistema Nacional de Salud|-
220054|HOSPITAL DE BARBASTRO|131842|CMCM020641910019||01/06/2002|2|22500|18/11/2024||21|1|HEM|||||||||||28/11/2024|HEM|HEM|HEM|73206975E|1||D57.09|S|M90.551|S|M90.552|S|N39.0|S|||||||||||||||||||||||||||||||||BW241ZZ|3E013NZ|3E03329|3E013GC|3E033NZ|3E0337Z|||||||||||||||||||||||||||||||662|1,0646|1|Sistema Nacional de Salud|-
220054|HOSPITAL DE BARBASTRO|130860|DNBG720343804018||03/03/1972|2|22300|27/11/2024||27|2|TRA|||||||||||28/11/2024|TRA|TRA|TRA|Y2004544Q|1|27/11/2024|M23.307|S|M17.12|S|I10|S|E66.9|S|Z68.30|E|Z88.8|E|||||||||||||||||||||||||||||0SBD4ZZ|0SBD4ZZ|||||||||||||||||||||||||||||||||||313|1,1312|1|Sistema Nacional de Salud|-
220054|HOSPITAL DE BARBASTRO|41286|CMFR760212910016||12/02/1976|1|22410|26/11/2024||27|2|URO|||||||||||28/11/2024|URO|URO|URO|28626568D|1|27/11/2024|N20.1|S|||||||||||||||||||||||||||||||||||||||0TF48ZZ|0T9480Z|||||||||||||||||||||||||||||||||||443|1,0933|1|Sistema Nacional de Salud|-
220054|HOSPITAL DE BARBASTRO|33393|HRPD590207913012||07/02/1959|1|22300|27/11/2024||27|2|URO|||||||||||28/11/2024|URO|URO|URO|51460077S|1|27/11/2024|N20.0|S|G43.909|S|Z98.1|E|||||||||||||||||||||||||||||||||||0TF48ZZ|0T9480Z|||||||||||||||||||||||||||||||||||443|1,0933|1|Sistema Nacional de Salud|-
220054|HOSPITAL DE BARBASTRO|108314|BTBL290543910012||03/05/1929|2|22320|24/11/2024||21|1|MIR|||||||||||28/11/2024|MIR|MIR|MIR|25195530L|1||N10|S|B96.1|S|I50.9|S|I12.9|S|N18.9|S|L27.0|S|T50.905A|S|E78.5|S|E79.0|S|I48.91|S|G30.9|S|F02.80|S|Z88.2|E|||||||||||||||3E03329|3E033GC|3E0337Z|3E033NZ|3E013GC|3E0333Z|||||||||||||||||||||||||||||||463|,4576|1|Sistema Nacional de Salud|-
220054|HOSPITAL DE BARBASTRO|148261|BRCR930508604019||08/05/1993|1|22300|28/11/2024||27|2|TRA|||||||||||29/11/2024|TRA|TRA|TRA|Z2347614D|1|28/11/2024|M79.4|S|||||||||||||||||||||||||||||||||||||||0SBD4ZZ||||||||||||||||||||||||||||||||||||951|1,0271|1|Sistema Nacional de Salud|-
220054|HOSPITAL DE BARBASTRO|22420|SNPL580507910015||07/05/1958|1|22300|26/11/2024||21|1|MIR|27/11/2024|NEF|||||||||30/11/2024|NEF|NEF|NEF|25470560S|1||J98.8|S|B97.4|S|Z79.621|E|Z79.624|E|Z79.52|E|Z94.0|E|N11.9|S|Z85.51|E|Z96.0|S|Z93.6|E|Z90.79|E|Z85.46|E|I12.9|S|N18.9|S|R91.1|S|J43.9|S|J47.9|S|M45.9|S|Z87.891|E|Z92.21|E|3E03329|3E0F7GC|3E033NZ||||||||||||||||||||||||||||||||||144|,6508|1|Sistema Nacional de Salud|-
220054|HOSPITAL DE BARBASTRO|58357|||19/09/1958|2|22400|28/11/2024||27|2|TRA|||||||||||30/11/2024|TRA|TRA|TRA|Y2004544Q|1|29/11/2024|T84.84XA|S|G89.28|S|M79.622|S|Y83.1|S|S42.342D|E|W19.XXXD|E|||||||||||||||||||||||||||||0PPG04Z||||||||||||||||||||||||||||||||||||320|,9833|1|Sistema Nacional de Salud|-
220054|HOSPITAL DE BARBASTRO|58922|GRMR641046910012||06/10/1964|2|22400|28/11/2024||21|1|MIR|||||||||||02/12/2024|MIR|MIR|MIR|18049390W|1||J90|S|I31.39|S|R00.0|S|C78.7|S|C79.51|S|Z79.620|E|Z85.3|E|Z90.12|E|Z92.21|E|Z92.3|E|Z91.041|E|||||||||||||||||||B32S1ZZ|B32T1ZZ|3E033GC|3E013GC|||||||||||||||||||||||||8500/6||||||||143|,6835|3|Mutuas de Accidentes de trabajo|-
220054|HOSPITAL DE BARBASTRO|220476|||01/01/1993|2|22422|29/11/2024||21|1|OBS|||||||||||02/12/2024|OBS|OBS|OBS|72781954H|1||O99.824|S|O48.0|S|O90.81|N|Z3A.41|E|Z37.0|E|Z67.40|E|||||||||||||||||||||||||||||10E0XZZ|3E0R3BZ|0W8NXZZ|4A1HXCZ|||||||||||||||||||||||||||||||||560|,2876|1|Sistema Nacional de Salud|-
220054|HOSPITAL DE BARBASTRO|196985|NMHM571114604016||14/11/1957|1|22500|28/08/2024||21|1|HEM|||||||||||03/12/2024|HEM|HEM|HEM|Z2116021A|1|23/09/2024|M27.2|S|K04.7|S|J32.0|S|J32.2|S|C92.02|S|Z94.4|E|Z85.05|E|Z86.19|E|D84.821|S|Z79.623|E|N39.0|S|B96.20|S|R78.81|N|B95.2|N|B96.5|N|A04.72|N|U07.1|N|Y95|N|R07.89|N|R77.8|N|09BQ8ZX|0CB5XZX|2Y41X5Z|BW29ZZZ|BW40ZZZ|BW241ZZ|B922ZZZ|B020ZZZ|BW2F1ZZ|BW241ZZ|3E03329|XW033E5|30233N1|30233R1|3E033WK|3E033VJ|3E033GC|3E03328|3E030WL|3E0333Z|CW3NYZZ||||||||9872/3||||||||115|2,055|3|Mutuas de Accidentes de trabajo|-
220054|HOSPITAL DE BARBASTRO|178764|BRCH351248910015||08/12/1935|2|22533|21/11/2024||21|1|TRA|||||||||||03/12/2024|TRA|TRA|TRA|Y2004544Q|1|26/11/2024|S72.012A|S|W19.XXXA|S|D64.9|S|I12.9|S|N18.9|S|E03.9|S|E55.9|S|G30.9|S|F02.B0|S|G25.0|S|Z86.711|E|Z88.0|E|||||||||||||||||0SRS0J9|B020ZZZ|3E033NZ|3E033GC|3E013GC||||||||||||||||||||||||||||||||323|1,6211|1|Sistema Nacional de Salud|-
220054|HOSPITAL DE BARBASTRO|16601|BRMR511119901015||19/11/1951|1|22320|29/11/2024||21|1|CAR|||||||||||03/12/2024|CAR|CAR|CAR|73202478X|2||I44.1|S|I10|S|E11.9|S|E78.5|S|I45.10|S|Z79.84|E|Z99.89|E|||||||||||||||||||||||||||B246ZZZ|4A02X4Z|3E0337Z|3E013VG|3E013GC||||||||||||||||||||||||||||||||201|,5604|1|Sistema Nacional de Salud|-
220054|HOSPITAL DE BARBASTRO|200411|PRFR540446910013||06/04/1954|2|22520|18/11/2024||21|1|MIR|||||||||||04/12/2024|MIR|MIR|MIR|18049390W|4||J18.9|S|N17.9|S|I50.23|S|N92.4|N|I42.9|S|E11.22|S|N18.9|S|E11.51|S|I25.9|S|E66.9|S|||||||||||||||||||||3E03329|3E0333Z|3E0F7GC|3E0337Z|3E0F7SF|3E033GC|02H633Z|5A1D70Z|||||||||||||||||||||||||||||139|,85|1|Sistema Nacional de Salud|-
220054|HOSPITAL DE BARBASTRO|5484|SNMN300450910012||10/04/1930|2|22430|25/11/2024||21|1|MIR|26/11/2024|GRT|||||||||04/12/2024|GRT|GRT|GERIATRIA|18071569D|1||I50.23|S|J96.92|S|J98.8|S|N18.9|S|I48.91|S|Z22.322|E|I35.2|S|F31.9|S|R13.10|S|K57.30|S|K76.0|S|Z79.01|E|Z59.3|E|||||||||||||||3E033GC|3E03329|3E0F7GC|3E033NZ|3E0F7SF|4A02X4Z|||||||||||||||||||||||||||||||194|,9142|1|Sistema Nacional de Salud|-
220054|HOSPITAL DE BARBASTRO|167464|||07/08/1979|1|22500|27/11/2024||21|1|CGD|||||||||||04/12/2024|CGD|CGD|CGD|19005451E|1|27/11/2024|K26.5|S|Z88.0|E|||||||||||||||||||||||||||||||||||||0DQ94ZZ|BW2410Z|3E03329|3E033NZ|3E0337Z||||||||||||||||||||||||||||||||220|1,2909|1|Sistema Nacional de Salud|-
220054|HOSPITAL DE BARBASTRO|17686|MLMR430627910016||27/06/1943|1|22500|29/11/2024||21|1|MIR|02/12/2024|NML|||||||||05/12/2024|NML|NML|NML|18055770B|1||J44.1|S|Z87.891|E|I10|S|E11.9|S|I25.9|S|Z95.5|E|Z79.82|E|Z79.84|E|Z99.81|E|Z88.1|E|Z88.6|E|Z88.7|E|Z88.8|E|||||||||||||||3E03329|3E0333Z|3E0F7SF|3E0F7GC|3E013GC|3E013VG|||||||||||||||||||||||||||||||140|,4929|1|Sistema Nacional de Salud|-
220054|HOSPITAL DE BARBASTRO|60074|PLMR750212910018||12/02/1975|1|22500|04/12/2024||27|2|TRA|||||||||||05/12/2024|TRA|TRA|TRA|Z2347614D|1|04/12/2024|M23.322|S|M70.52|S|M23.8X2|S|||||||||||||||||||||||||||||||||||0SBD4ZZ|0M9P4ZZ|||||||||||||||||||||||||||||||||||313|1,1312|1|Sistema Nacional de Salud|-
220054|HOSPITAL DE BARBASTRO|175512|||06/07/1991|2|22365|03/12/2024||27|2|OBS|||||||||||05/12/2024|OBS|OBS|OBS|48151267P|1||O24.424|S|O99.824|S|O90.81|N|O70.1|N|O69.82X0|S|Z67.40|E|Z3A.38|E|Z37.0|E|||||||||||||||||||||||||10E0XZZ|3E0R3BZ|0HQ9XZZ|3E033VJ|10907ZC|4A1HXCZ|3E03329||||||||||||||||||||||||||||||560|,2876|1|Sistema Nacional de Salud|-
220054|HOSPITAL DE BARBASTRO|29002|AR400409638N||29/07/1939|1|22500|29/11/2024||21|1|MIR|||||||||||05/12/2024|MIR|MIR|MIR|18049390W|1||J22|S|R54|S|M62.84|S|G20|S|I48.20|S|N40.0|S|E11.9|S|Z79.4|E|G31.84|S|I25.2|E|Z79.01|E|Z95.0|E|Z85.51|E|||||||||||||||3E03329|3E0333Z|3E0337Z|3E0F7GC|3E033NZ|3E013VG|||||||||||||||||||||||||||||||144|,6508|1|Sistema Nacional de Salud|-
220054|HOSPITAL DE BARBASTRO|175060|CNLP690255558014||15/02/1969|2|22580|04/12/2024||27|2|CGD|||||||||||06/12/2024|CGD|CGD|CGD|18045029B|1|05/12/2024|K80.10|S|||||||||||||||||||||||||||||||||||||||0FT44ZZ||||||||||||||||||||||||||||||||||||263|,9851|1|Sistema Nacional de Salud|-
220054|HOSPITAL DE BARBASTRO|196544|||02/11/1994|2|22300|05/12/2024||27|2|OBS|||||||||||07/12/2024|OBS|OBS|OBS|73010241F|1||O41.03X0|S|O48.0|S|O36.5930|S|O69.82X0|S|O26.893|S|Z67.41|E|Z3A.40|E|Z37.0|E|||||||||||||||||||||||||10E0XZZ|3E0R3BZ|4A1HXCZ|10907ZC|3E0234Z||||||||||||||||||||||||||||||||560|,3169|1|Sistema Nacional de Salud|-
220054|HOSPITAL DE BARBASTRO|59979|GMND570503901018||03/05/1957|1|22400|03/12/2024||27|2|URO|||||||||||08/12/2024|URO|URO|URO|28626568D|1|04/12/2024|N40.1|S|I10|S|||||||||||||||||||||||||||||||||||||0VB00ZZ||||||||||||||||||||||||||||||||||||484|1,1282|1|Sistema Nacional de Salud|-
220054|HOSPITAL DE BARBASTRO|227023|||05/12/2024|2|22420|06/12/2024||24|1|PED|||||||||||10/12/2024|PED|PED|PED|18025482Z|1||P55.1|S|Q38.1|E|||||||||||||||||||||||||||||||||||||6A600ZZ||||||||||||||||||||||||||||||||||||640|,1536|1|Sistema Nacional de Salud|-
220054|HOSPITAL DE BARBASTRO|86448|MRLV620123901019||23/01/1962|1|22520|30/11/2024||21|1|CGD|||||||||||10/12/2024|CGD|CGD|CGD|18025531V|1||L03.314|S|K40.20|S|I48.91|S|E66.9|S|D45|S|G47.33|S|Z79.01|E|||||||||||||||||||||||||||3E03329|BW2110Z|||||||||||||||||||||||||||9950/3||||||||383|,4196|1|Sistema Nacional de Salud|-
220054|HOSPITAL DE BARBASTRO|88754|LRBR320417910013||17/04/1932|1|22540|29/11/2024||27|1|GRT|||||||||||10/12/2024|GRT|GRT|GERIATRIA|72000771F|1||L97.829|S|B96.5|S|Z16.24|S|I73.9|S|I42.0|S|I48.91|S|D50.9|S|C61|S|Z79.01|E|Z79.818|E|Z59.3|E|||||||||||||||||||3E03329|0JDP0ZZ|||||||||||||||||||||||||||8000/3||||||||364|1,0465|1|Sistema Nacional de Salud|-
220054|HOSPITAL DE BARBASTRO|33014|MZBS320409910012||09/04/1932|1|22315|10/12/2024||21|1|MIR|11/12/2024|GRT|||||||||11/12/2024|GRT|GRT|GERIATRIA|18048054T|4||G89.3|S|K92.2|S|C61|S|C78.5|S|J96.00|S|||||||||||||||||||||||||||||||3E033NZ|3E033GC|||||||||||||||||||||||||||8000/3|8000/6|||||||861|,8364|1|Sistema Nacional de Salud|-
220054|HOSPITAL DE BARBASTRO|95714|MLRD970256910015||16/02/1997|2|22300|10/12/2024||27|2|CGD|||||||||||11/12/2024|CGD|CGD|CGD|73021831M|1|10/12/2024|K80.10|S|||||||||||||||||||||||||||||||||||||||0FT44ZZ||||||||||||||||||||||||||||||||||||263|,9851|1|Sistema Nacional de Salud|-
220054|HOSPITAL DE BARBASTRO|21465|TRVN771241910010||01/12/1977|2|22300|11/12/2024||27|2|CGD|||||||||||12/12/2024|CGD|CGD|CGD|19005451E|1|11/12/2024|C50.412|S|Z17.0|E|F17.210|S|Z80.0|E|||||||||||||||||||||||||||||||||0HBU0ZZ|0JB60ZZ|07B60ZX|3E013KZ|3E013KZ|BH41ZZZ|0HHU3YZ||||||||||||||||||||||8520/3||||||||363|1,1044|1|Sistema Nacional de Salud|-
220054|HOSPITAL DE BARBASTRO|227074|||16/06/1950|1|50012|11/12/2024||21|1|NRL|||||||||||12/12/2024|NRL|NRL|NRL|72971573W|1||I63.81|S|R47.1|S|R29.810|S|R26.89|S|R29.702|S|R29.700|N|E78.5|S|I69.154|E|I69.122|E|F32.A|S|||||||||||||||||||||B020ZZZ||||||||||||||||||||B030ZZZ||||||||||||||||045|,8638|3|Mutuas de Accidentes de trabajo|-
220054|HOSPITAL DE BARBASTRO|89859|RNBR440846901015||06/08/1944|2|22500|03/12/2024||21|1|MIR|||||||||||12/12/2024|MIR|MIR|MIR|45942132T|1||K55.9|S|I10|S|E11.9|S|E89.0|S|Z79.4|E|Z88.8|E|||||||||||||||||||||||||||||BW20ZZZ|3E03329|3E033NZ|3E0337Z|3E033GC||||||||||||||||||||||||||||||||246|,5623|1|Sistema Nacional de Salud|-
220054|HOSPITAL DE BARBASTRO|133993|LCSR431124910016||24/11/1943|1|22400|09/12/2024||21|1|MIR|||||||||||12/12/2024|MIR|MIR|MIR|17202610J|1||I63.81|S|G20|S|I10|S|I48.91|S|E78.5|S|Z86.73|E|Z87.11|E|Z88.0|E|Z79.01|E|||||||||||||||||||||||B020ZZZ|3E033NZ|3E0337Z||||||||||||||||||||||||||||||||||045|,6846|1|Sistema Nacional de Salud|-
220054|HOSPITAL DE BARBASTRO|179520|LXVI511202910019||02/12/1951|1|22400|11/12/2024||27|2|CGD|||||||||||12/12/2024|CGD|CGD|CGD|50883390F|1|11/12/2024|K64.9|S|I10|S|F10.10|S|I87.2|S|Z85.51|E|Z88.1|E|||||||||||||||||||||||||||||06BY0ZC||||||||||||||||||||||||||||||||||||226|,8052|1|Sistema Nacional de Salud|-
220054|HOSPITAL DE BARBASTRO|30469|SPRG770719910016||19/07/1977|1|22400|11/12/2024||27|2|CGD|||||||||||12/12/2024|CGD|CGD|CGD|50883390F|1|11/12/2024|K42.9|S|K43.9|S|F17.210|S|||||||||||||||||||||||||||||||||||0WQF0ZZ|0WUF0JZ|||||||||||||||||||||||||||||||||||228|,8181|1|Sistema Nacional de Salud|-
220054|HOSPITAL DE BARBASTRO|124356|MRNG840359910017||19/03/1984|2|22300|10/12/2024||27|2|OBS|||||||||||12/12/2024|OBS|OBS|OBS|72781954H|1||O40.3XX0|S|O24.429|S|O99.284|S|E06.3|S|O69.89X0|S|O70.1|N|Z3A.39|E|Z37.0|E|Z67.20|E|||||||||||||||||||||||10E0XZZ|3E0P7VZ|0KQM0ZZ|4A1HXCZ|||||||||||||||||||||||||||||||||560|,3169|1|Sistema Nacional de Salud|-
220054|HOSPITAL DE BARBASTRO|142960|RSNC041110910013||10/11/2004|1|22520|12/12/2024||27|2|CGD|||||||||||13/12/2024|CGD|CGD|CGD|17852991T|1|12/12/2024|L05.92|S|||||||||||||||||||||||||||||||||||||||0JB90ZZ||||||||||||||||||||||||||||||||||||383|,4196|1|Sistema Nacional de Salud|-
220054|HOSPITAL DE BARBASTRO|27696|LTPL390751910014||11/07/1939|2|22300|06/12/2024||21|1|MIR|||||||||||13/12/2024|MIR|MIR|MIR|18045774C|1||A41.9|S|N39.0|S|N20.0|S|I11.0|S|I50.813|S|N17.9|S|B37.31|S|E78.1|S|R32|S|G47.33|S|||||||||||||||||||||BT4JZZZ|BW40ZZZ|4A02X4Z|3E03329|3E033GC|3E033NZ|3E0337Z|3E013GC|5A09357|3E00X29|||||||||||||||||||||||||||720|,7111|1|Sistema Nacional de Salud|-
220054|HOSPITAL DE BARBASTRO|69286|XPRB370268904019||28/02/1937|2|22400|18/11/2024||21|1|MIR|19/11/2024|GRT|||||||||13/12/2024|GRT|GRT|GERIATRIA|18048054T|5||I50.9|S|J98.8|S|I48.91|S|I63.411|N|G81.94|N|R13.19|S|N17.9|S|I12.9|S|E11.22|S|N18.4|S|N39.0|S|B96.20|S|K59.00|S|E87.6|S|I25.2|E|Z95.5|E|I25.5|S|E03.9|S|I44.7|S|F01.B0|S|B020ZZZ|B020ZZZ|4A02X4Z|3E033GC|3E03329|3E013GC|3E0337Z|3E033NZ|3E1H78Z||||||||||||||||||||||||||||194|,9142|1|Sistema Nacional de Salud|-
220054|HOSPITAL DE BARBASTRO|102318|CRML870469910016||29/04/1987|2|22300|13/12/2024||27|2|OBS|||||||||||14/12/2024|OBS|OBS|OBS|73021577G|1||O36.4XX0|S|O35.BXX0|S|O92.5|N|Z3A.20|E|Z37.1|E|||||||||||||||||||||||||||||||10E0XZZ||||||||||||||||||||||||||||||||||||560|,3169|1|Sistema Nacional de Salud|-
220054|HOSPITAL DE BARBASTRO|172238|NDBT500109910013||09/01/1950|1|22500|23/11/2024||21|1|MIR|||||||||||14/12/2024|MIR|MIR|MIR|18045774C|1||J44.1|S|J98.8|S|B96.1|S|B96.5|N|N14.2|S|T43.595S|E|N18.6|S|Z99.2|E|F31.81|S|Z99.81|E|Z88.2|E|Z59.3|E|||||||||||||||||B32S1ZZ|B32T1ZZ|BW40ZZZ|5A1D70Z|3E03329|3E0333Z|3E0F7GC|3E033NZ|3E0F7SF||||||||||||||||||||||||||||140|,6174|1|Sistema Nacional de Salud|-
220054|HOSPITAL DE BARBASTRO|111346|BRSL350645910019||05/06/1935|2|22533|13/12/2024||27|1|URO|||||||||||15/12/2024|URO|URO|URO|Y9933326P|1|13/12/2024|C67.4|S|I10|S|E78.5|S|F41.9|S|||||||||||||||||||||||||||||||||0TBB8ZZ||||||||||||||||||||||||||||8120/3||||||||446|,7682|1|Sistema Nacional de Salud|-
220054|HOSPITAL DE BARBASTRO|225042|||20/01/1987|2|22300|13/12/2024||21|1|OBS|||||||||||16/12/2024|OBS|OBS|OBS|72781954H|1||O77.0|S|O42.02|S|O36.93X0|N|O70.1|N|O90.81|N|Z3A.38|E|Z67.40|E|Z37.0|E|||||||||||||||||||||||||10D07Z6|3E0P7VZ|0W8NXZZ|0KQM0ZZ|3E0R3BZ|3E03329|4A1HXCZ||||||||||||||||||||||||||||||560|,2876|1|Sistema Nacional de Salud|-
220054|HOSPITAL DE BARBASTRO|36319|CSFR850555910019||15/05/1985|2|22400|12/12/2024||21|1|OBS|||||||||||16/12/2024|OBS|OBS|OBS|72781954H|1|13/12/2024|O33.9|S|O48.0|S|O34.43|S|R87.613|S|O63.0|N|O90.81|N|O92.3|N|Z3A.41|E|Z37.0|E|Z67.10|E|||||||||||||||||||||10D00Z1|4A1HXCZ|||||||||||||||||||||||||||||||||||540|,4756|1|Sistema Nacional de Salud|-
220054|HOSPITAL DE BARBASTRO|107573|FRMN650115910016||15/01/1965|1|22500|16/12/2024||27|2|URO|||||||||||17/12/2024|URO|URO|URO|51460077S|1|16/12/2024|N32.89|S|N35.916|S|Z85.51|E|E11.21|S|Z86.73|E|||||||||||||||||||||||||||||||0TBB8ZX|0T5B8ZZ|0T7D8ZZ|3E0K705|||||||||||||||||||||||||||||||||446|,7682|1|Sistema Nacional de Salud|-
220054|HOSPITAL DE BARBASTRO|226858|||08/12/1934|2|22512|09/12/2024||21|1|MIR|||||||||||17/12/2024|MIR|MIR|MIR|18055798Q|1||I50.9|S|N39.0|S|I34.0|S|I27.20|S|I10|S|I35.2|S|E11.9|S|E78.5|S|E79.0|S|I48.21|S|Z79.4|E|Z79.84|E|Z79.01|E|Z59.3|E|||||||||||||B246ZZZ|4A02X4Z|3E033GC|3E03329|3E0F7SF|3E013GC|||||||||||||||||||||||||||||||194|,6399|1|Sistema Nacional de Salud|-
220054|HOSPITAL DE BARBASTRO|47477|SRPL370145910010||05/01/1937|2|22300|14/12/2024||21|1|MIV|||||||||||17/12/2024|MIV|MIV|MIV|52109312Y|1||I44.2|S|I12.9|S|N18.2|S|D63.1|S|||||||||||||||||||||||||||||||||4A12X4Z|4A13XB1|4A13XR1|3E0F7SF|||||||||||||||||||||||||||||||||201|,8358|1|Sistema Nacional de Salud|-
220054|HOSPITAL DE BARBASTRO|173242|AR101814501S||20/05/1961|1|22430|14/12/2024||21|1|CGD|||||||||||18/12/2024|CGD|CGD|CGD|18025531V|1||K80.00|S|I10|S|E11.9|S|Z79.84|E|E78.5|S|E79.0|S|E66.9|S|Z87.891|E|N40.0|S|G47.33|S|Z99.89|E|||||||||||||||||||BW40ZZZ|3E03329|3E033NZ|3E0337Z|3E013VG||||||||||||||||||||||||||||||||284|,6359|1|Sistema Nacional de Salud|-
220054|HOSPITAL DE BARBASTRO|141474|CLXX041041466010||01/10/2004|2|22400|15/12/2024||21|1|OBS|||||||||||18/12/2024|OBS|OBS|OBS|72781954H|1||O70.1|N|O90.81|N|Z3A.39|E|Z37.0|E|Z67.30|E|||||||||||||||||||||||||||||||10E0XZZ|3E0R3BZ|10907ZC|4A1HXCZ|0KQM0ZZ||||||||||||||||||||||||||||||||560|,2876|1|Sistema Nacional de Salud|-
220054|HOSPITAL DE BARBASTRO|227052|||04/04/1961|1|22300|10/12/2024||21|1|NRL|||||||||||18/12/2024|NRL|NRL|NRL|29121261H|2||I63.81|S|G81.94|S|R29.702|S|I10|S|E66.9|S|H81.09|S|E55.9|S|G47.00|S|F32.A|S|F41.8|S|||||||||||||||||||||B020ZZZ|B246ZZZ|4A12X4Z|F0727ZZ|||||||||||||||||B030ZZZ||||||||||||||||045|,8638|1|Sistema Nacional de Salud|-
220054|HOSPITAL DE BARBASTRO|25319|LYBT400445910010||05/04/1940|2|22336|18/12/2024||27|2|CGD|||||||||||19/12/2024|CGD|CGD|CGD|17852991T|1|18/12/2024|K43.2|S|N18.9|S|I50.9|S|E03.9|S|E78.5|S|L40.50|S|F42.9|S|Z88.8|E|||||||||||||||||||||||||0WUF0JZ||||||||||||||||||||||||||||||||||||227|1,3673|1|Sistema Nacional de Salud|-
220054|HOSPITAL DE BARBASTRO|206317|||01/11/1979|1|22330|17/12/2024||27|2|URO|||||||||||19/12/2024|URO|URO|URO|51460077S|1|17/12/2024|D41.4|S|||||||||||||||||||||||||||||||||||||||0TBB8ZZ||||||||||||||||||||||||||||8130/1||||||||446|,7682|1|Sistema Nacional de Salud|-
220054|HOSPITAL DE BARBASTRO|177208|LCDS100930910014||30/09/2010|1|22336|14/12/2024||21|1|CGD|||||||||||19/12/2024|CGD|CGD|CGD|18045029B|1|14/12/2024|K35.33|S|||||||||||||||||||||||||||||||||||||||0DTJ4ZZ|BW40ZZZ|3E03329|3E033NZ|3E0337Z||||||||||||||||||||||||||||||||233|,9505|1|Sistema Nacional de Salud|-
220054|HOSPITAL DE BARBASTRO|27737|CRBS880651910015||11/06/1988|2|22451|17/12/2024||21|1|GIN|18/12/2024|OBS|||||||||19/12/2024|OBS|OBS|OBS|25153470A|1||O36.4XX0|S|Z3A.38|E|O99.02|S|O70.0|N|Z67.10|E|Z37.1|E|||||||||||||||||||||||||||||10E0XZZ|3E0P7VZ|0UQGXZZ|3E0R3BZ|||||||||||||||||||||||||||||||||560|,3169|1|Sistema Nacional de Salud|-
220054|HOSPITAL DE BARBASTRO|46949|CNNZ540318910012||18/03/1954|1|22400|18/12/2024||27|2|CGD|||||||||||19/12/2024|CGD|CGD|CGD|17852991T|1|18/12/2024|K40.90|S|||||||||||||||||||||||||||||||||||||||0YU50JZ||||||||||||||||||||||||||||||||||||228|,8181|1|Sistema Nacional de Salud|-
220054|HOSPITAL DE BARBASTRO|179528|DJXX531252528021||12/12/1953|2|22586|18/12/2024||27|2|CGD|||||||||||19/12/2024|CGD|CGD|CGD|18025531V|1|18/12/2024|K80.10|S|I10|S|E78.5|S|K44.9|S|K20.90|S|K29.80|S|Z88.6|E|Z88.1|E|||||||||||||||||||||||||0FT44ZZ||||||||||||||||||||||||||||||||||||263|,9851|1|Sistema Nacional de Salud|-
220054|HOSPITAL DE BARBASTRO|104101|LMSS390408901018||08/04/1939|1|22500|15/12/2024||21|1|URO|||||||||||19/12/2024|URO|URO|URO|51460077S|1||R31.0|S|N39.0|S|B96.20|S|Z16.24|S|E87.6|S|Z79.01|E|I48.0|S|I10|S|Z95.0|E|K57.30|S|M15.9|S|M81.0|S|N40.0|S|Z90.49|E|||||||||||||BT4JZZZ|BV49ZZZ|3E03329||||||||||||||||||||||||||||||||||468|,4959|1|Sistema Nacional de Salud|-
220054|HOSPITAL DE BARBASTRO|213463|||02/06/1962|1|22400|19/12/2024||27|2|CGD|||||||||||20/12/2024|CGD|CGD|CGD|19005451E|1|19/12/2024|K40.90|S|I10|S|K44.9|S|E78.5|S|E78.00|S|||||||||||||||||||||||||||||||0YU54JZ||||||||||||||||||||||||||||||||||||228|,8181|1|Sistema Nacional de Salud|-
220054|HOSPITAL DE BARBASTRO|61235|SLCS430562910014||22/05/1943|2|22410|30/11/2024||21|1|TRA|||||||||||20/12/2024|TRA|TRA|TRA|50873405G|2||S32.302A|S|S32.602A|S|W19.XXXA|S|F41.9|N|F32.A|S|Z96.651|S|Z88.0|E|||||||||||||||||||||||||||3E033NZ|3E013GC|3E033GC||||||||||||||||||||||||||||||||||341|,5617|1|Sistema Nacional de Salud|-
220054|HOSPITAL DE BARBASTRO|9171|FRLM600151910014||11/01/1960|2|22400|19/12/2024||27|2|CGD|||||||||||20/12/2024|CGD|CGD|CGD|73204652E|1|19/12/2024|K80.10|S|E78.5|S|I10|S|J45.909|S|F32.A|S|Z85.3|E|||||||||||||||||||||||||||||0FT44ZZ||||||||||||||||||||||||||||||||||||263|,9851|1|Sistema Nacional de Salud|-
220054|HOSPITAL DE BARBASTRO|96644|TRSL510242910012||02/02/1951|2|22400|19/12/2024||27|2|CAR|||||||||||20/12/2024|CAR|CAR|CAR|73005036T|1||I48.19|S|E03.8|S|E06.3|S|Z85.3|E|Z92.21|E|Z92.3|E|||||||||||||||||||||||||||||5A2204Z|4A02X4Z|||||||||||||||||||||||||||||||||||201|,4272|1|Sistema Nacional de Salud|-
220054|HOSPITAL DE BARBASTRO|170963|||03/09/1991|2|22330|16/12/2024||21|1|OBS|||||||||||20/12/2024|OBS|OBS|OBS|72781954H|1||O41.03X0|S|O48.0|S|O90.81|N|Z3A.40|E|Z37.0|E|Z67.40|E|||||||||||||||||||||||||||||10E0XZZ|3E0P7VZ|4A1HXCZ||||||||||||||||||||||||||||||||||560|,2876|1|Sistema Nacional de Salud|-
220054|HOSPITAL DE BARBASTRO|173673|GMGB661266910010||26/12/1966|2|22520|19/12/2024||27|2|CAR|||||||||||20/12/2024|CAR|CAR|CAR|18045946P|1||I48.19|S|I10|S|M79.7|S|E04.9|S|Z88.8|E|||||||||||||||||||||||||||||||5A2204Z|4A02X4Z|||||||||||||||||||||||||||||||||||201|,4272|1|Sistema Nacional de Salud|-
220054|HOSPITAL DE BARBASTRO|99016|AR200218437A||05/09/1997|2|22400|20/12/2024||21|1|OBS|||||||||||21/12/2024|OBS|OBS|OBS|73010241F|1||O99.284|S|E03.9|S|O70.0|N|O92.5|N|Z67.40|E|Z3A.38|E|Z37.0|E|||||||||||||||||||||||||||10E0XZZ|0HQ9XZZ|3E0R3BZ|10907ZC|4A1HXCZ||||||||||||||||||||||||||||||||560|,2876|1|Sistema Nacional de Salud|-
220054|HOSPITAL DE BARBASTRO|33239|MRPR351115910012||15/11/1935|1|22437|17/12/2024||27|2|URO|||||||||||23/12/2024|URO|URO|URO|28626568D|1|18/12/2024|D09.0|S|I12.9|S|E11.22|S|N18.9|S|N40.0|S|Z95.0|E|||||||||||||||||||||||||||||0TBB8ZZ|3E0K705|||||||||||||||||||||||||||8130/2||||||||446|,7682|1|Sistema Nacional de Salud|-
220054|HOSPITAL DE BARBASTRO|88817|MRPL360466904018||26/04/1936|2|22400|17/12/2024||21|1|MIR|||||||||||23/12/2024|MIR|MIR|MIR|17702334Q|1||S09.90XA|S|W19.XXXA|S|F05|S|K56.41|S|I16.9|S|I12.9|S|N18.9|S|E78.5|S|E03.9|S|E79.0|S|I87.2|S|Z85.038|E|Z90.49|E|||||||||||||||B020ZZZ|3E033GC|3E0337Z|3E033NZ|||||||||||||||||||||||||||||||||115|,655|1|Sistema Nacional de Salud|-
220054|HOSPITAL DE BARBASTRO|42209|NGPX311141910016||01/11/1931|2|22439|05/12/2024||21|1|MIR|||||||||||24/12/2024|MIR|MIR|MIR|25195530L|1||J98.8|S|N39.0|S|B95.62|S|B37.0|S|J96.92|S|K59.00|S|L89.899|S|R33.9|S|E87.1|S|D84.821|S|T45.1X5A|S|R93.89|S|M06.9|S|J84.10|S|J47.9|S|K90.0|S|R32|S|M81.0|S|E55.9|S|Z88.8|E|BW211ZZ|0T9B70Z|0TPBX0Z|3E03329|3E03328|3E033GC|3E0F7GC|3E013GC|3E0333Z|3E0337Z|3E033NZ|3E0F7SF|3E1H78Z||||||||||||||||||||||||144|,9353|1|Sistema Nacional de Salud|-
220054|HOSPITAL DE BARBASTRO|41623|SPBL770143910016||03/01/1977|2|22500|23/12/2024||27|2|CGD|||||||||||24/12/2024|CGD|CGD|CGD|73204652E|1|23/12/2024|C50.612|S|C79.2|S|Z17.0|E|Q83.1|E|K90.0|S|L40.9|S|||||||||||||||||||||||||||||0HTY0ZZ|0HTY0ZZ|07B60ZX|3E013KZ|3E013KZ||||||||||||||||||||||||8520/3|8520/6|||||||363|1,1044|1|Sistema Nacional de Salud|-
220054|HOSPITAL DE BARBASTRO|108588|CHCS370747910016||07/07/1937|2|22410|10/12/2024||21|1|TRA|||||||||||26/12/2024|TRA|TRA|TRA|50873405G|1||S82.855A|S|W19.XXXA|E|I10|S|I87.2|S|F03.90|S|E78.5|S|K80.50|S|Z90.49|E|||||||||||||||||||||||||2W3RX2Z|BW40ZZZ|3E033NZ|3E013GC|3E0337Z||||||||||||||||||||||||||||||||342|,6384|1|Sistema Nacional de Salud|-
220054|HOSPITAL DE BARBASTRO|212446|||20/03/1998|2|22300|25/12/2024||21|1|OBS|||||||||||27/12/2024|OBS|OBS|OBS|72781954H|1||O48.0|S|O99.280|S|E73.9|S|R94.6|S|O70.1|N|Z67.40|E|Z3A.40|E|Z37.0|E|||||||||||||||||||||||||10E0XZZ|0KQM0ZZ|3E0R3BZ|10907ZC|4A1HXCZ||||||||||||||||||||||||||||||||560|,2876|1|Sistema Nacional de Salud|-
220054|HOSPITAL DE BARBASTRO|4321|GRTR330127910019||27/01/1933|1|22300|14/12/2024||21|1|MIR|||||||||||27/12/2024|MIR|MIR|MIR|45942132T|4||J69.0|S|R13.12|S|N39.0|S|B96.1|S|Z16.12|S|E86.0|S|E87.0|S|J80|S|K08.9|S|I50.9|S|I11.0|S|E78.5|S|E11.9|S|I48.0|S|D64.9|S|F01.50|S|C18.9|S|I65.23|S|Z86.73|E|Z99.81|E|3E03329|3E0333Z|3E0F7SF|3E0F7GC|3E0337Z|3E013GC|3E033GC|3E033NZ|||||||||||||||||||||8000/3||||||||137|,7663|1|Sistema Nacional de Salud|-
220054|HOSPITAL DE BARBASTRO|46094|VLMR410555910012||15/05/1941|2|22311|22/12/2024||21|1|MIR|23/12/2024|GRT|||||||||29/12/2024|GRT|GRT|GERIATRIA|18047202E|4||A41.9|S|R65.20|S|J98.8|S|J96.90|S|G20|S|F02.80|S|L89.154|S|I12.9|S|E11.22|S|N18.9|S|Z79.84|E|Z85.048|E|Z90.49|E|||||||||||||||3E03329|3E033NZ|3E013GC|3E013VG|3E0337Z|3E033GC|||||||||||||||||||||||||||||||720|2,0958|1|Sistema Nacional de Salud|-
220054|HOSPITAL DE BARBASTRO|12922|LPMR330953910018||13/09/1933|2|22423|18/12/2024||21|1|MIR|19/12/2024|GRT|||||||||30/12/2024|GRT|GRT|GERIATRIA|72000771F|1||J47.0|S|I11.0|S|I50.9|S|J22|S|J96.90|S|L22|N|E11.40|S|I34.2|S|I35.0|S|E53.8|S|D53.1|S|Z95.0|E|Z79.01|E|Z79.4|E|Z79.84|E|Z79.891|E|Z59.3|E|||||||3E03329|3E033GC|3E0F7GC|3E033NZ|||||||||||||||||||||||||||||||||140|,7699|1|Sistema Nacional de Salud|-
220054|HOSPITAL DE BARBASTRO|125061|PLVD521002910016||10/02/1952|1|22466|19/12/2024||27|2|CGD|26/12/2024|TRA|||||||||30/12/2024|TRA|TRA|TRA|73090858D|1|20/12/2024|C43.59|S|L76.31|N|Y83.6|N|S72.012A|N|W19.XXXA|N|Y92.239|N|I10|S|G35|S|F43.21|S|F17.210|S|I25.2|E|E53.8|S|Z79.82|E|Z88.8|E|Z59.3|E|||||||||||0JB70ZZ|0JX70ZB|07B50ZX|C75N1ZZ|0SRS0J9||||||||||||||||||||||||8720/3||||||||361|1,7394|1|Sistema Nacional de Salud|-
220054|HOSPITAL DE BARBASTRO|130756|PUMR340226910012||26/02/1934|1|22417|20/12/2024||21|1|MIR|||||||||||30/12/2024|MIR|MIR|MIR|17702334Q|1||I50.20|S|J98.8|S|T82.897A|S|I35.1|S|Y83.1|S|I25.9|S|F09|S|Z85.46|E|Z92.3|E|Z79.82|E|||||||||||||||||||||B246ZZZ|4A02X4Z|3E033GC|3E0333Z|3E03329|3E013GC|||||||||||||||||||||||||||||||194|,6399|1|Sistema Nacional de Salud|-
220054|HOSPITAL DE BARBASTRO|11839|MRCH290351904013||11/03/1929|2|22300|19/12/2024||21|1|MIR|||||||||||30/12/2024|MIR|MIR|MIR|73016622V|1||I50.9|S|J96.22|S|E87.29|S|I48.91|S|D64.9|S|I44.7|S|Z79.01|E|Z86.73|E|Z90.710|E|Z90.722|E|Z90.49|E|Z59.3|E|I87.2|S|M19.90|S|Z99.81|E|||||||||||3E033GC|3E0337Z|3E0F7SF|3E0F7GC|3E013GC||||||||||||||||||||||||||||||||194|,9142|1|Sistema Nacional de Salud|-
220054|HOSPITAL DE BARBASTRO|102767|SLPR461012910013||12/10/1946|1|22400|22/12/2024||21|1|MIR|||||||||||30/12/2024|MIR|MIR|MIR|17702334Q|1||N41.0|S|R33.9|S|I48.91|S|K70.31|S|K76.82|S|K76.7|S|K76.6|S|N18.9|S|D47.2|S|I65.23|S|E78.5|S|I44.7|S|G31.84|S|Z59.3|E|||||||||||||0W9G3ZZ|0W9G3ZX|BW20ZZZ|4A02X4Z|0T9B70Z|3E03329|3E033NZ|3E0337Z|3E013VJ|3E033GC|3E0F7GC||||||||||||||||||9765/1||||||||501|,8993|1|Sistema Nacional de Salud|-
220054|HOSPITAL DE BARBASTRO|23903|CSML440751904015||11/07/1944|2|22300|30/11/2024||21|1|MIR|||||||||||30/12/2024|MIR|MIR|MIR|73016622V|4||J22|S|R00.0|S|I48.92|S|I47.1|S|I11.0|S|I50.9|S|J69.0|N|A41.9|N|J98.8|N|I69.354|E|Z66|S|Z74.01|E|||||||||||||||||3E03329|3E0F7GC|3E033GC|3E013GC|3E033NZ|3E0337Z|3E0333Z|B32S1ZZ|B32T1ZZ||||||||||||||||||||||||||||144|,9353|1|Sistema Nacional de Salud|-
220054|HOSPITAL DE BARBASTRO|223748|||26/12/2023|1|22400|29/12/2024||21|1|PED|||||||||||31/12/2024|PED|PED|PED|73005661G|1||J21.0|S|J96.00|S|P07.38|S|P07.18|S|||||||||||||||||||||||||||||||||3E0F7SF|3E0F7GC|||||||||||||||||||||||||||||||||||138|,8471|1|Sistema Nacional de Salud|-
220054|HOSPITAL DE BARBASTRO|9668|DNPZ720412916016||12/04/1972|1|22500|20/12/2024||21|1|MIR|||||||||||31/12/2024|MIR|MIR|MIR|18049390W|4||C61|S|Z19.2|E|C78.7|S|C79.51|S|C79.52|S|D63.0|S|C79.31|S|C77.2|S|Z51.5|E|S82.301B|N|S82.831A|N|W19.XXXA|N|Y92.230|E|J96.00|N|K50.90|S|F17.210|S|Z85.47|E|Z90.79|E|Z79.818|E|||BW251ZZ|B020ZZZ|3E033NZ|3E03329|3E0337Z|3E033GC|||||||||||||||||||||||8140/3|8140/6|||||||500|1,0798|1|Sistema Nacional de Salud|-
220105|CENTRO SANITARIO DE FRAGA|67573|CLLP331217910016||17/12/1933|1|22520|17/10/2024||30|1|MIR|||||||||||18/10/2024|MIR|MIR|MIR|50966617C|4||J44.0|S|J15.8|S|B95.3|S|J96.90|S|I48.91|S|G30.9|S|F02.C3|S|Z86.73|E|C61|S|||||||||||||||||||||||3E033NZ||||||||||||||||||||||||||||8140/3||||||||140|,7699|1|Sistema Nacional de Salud|-
220054|HOSPITAL DE BARBASTRO|185543|FRGR380701910013||01/07/1938|1|22430|12/08/2024||21|1|MIR|||||||||||01/10/2024|MIR|MIR|MIR|72987424Y|4||I50.9|S|J20.9|S|J96.90|S|C26.9|S|C78.02|S|C78.2|S|J91.0|S|||||||||||||||||||||||||||3E033GC|3E03329|0W9B3ZZ|3E033NZ|3E0F7GC|3E0337Z|3E013GC|3E0333Z|||||||||||||||||||||8010/3|8010/6|||||||194|,9142|1|Sistema Nacional de Salud|-
220054|HOSPITAL DE BARBASTRO|220674|||05/05/1987|2|22300|30/09/2024||27|2|URO|||||||||||01/10/2024|URO|URO|URO|28626568D|1|30/09/2024|N20.0|S|E11.9|S|E78.5|S|||||||||||||||||||||||||||||||||||0TF38ZZ|0T9380Z|BT021ZZ||||||||||||||||||||||||||||||||||443|1,0933|1|Sistema Nacional de Salud|-
220054|HOSPITAL DE BARBASTRO|11501|TOMN441017910014||17/10/1944|1|22310|20/09/2024||21|1|MIR|||||||||||01/10/2024|MIR|MIR|MIR|25195530L|1||I11.0|S|I50.23|S|I42.8|S|I48.91|S|E78.5|S|N40.0|S|G30.9|S|F02.80|S|Z79.01|E|Z95.5|E|Z86.73|E|||||||||||||||||||BW241ZZ|B246ZZZ|4A02X4Z|3E033GC|||||||||||||||||||||||||||||||||194|,4787|1|Sistema Nacional de Salud|-
220054|HOSPITAL DE BARBASTRO|101452|HRMR340146910014||06/01/1934|2|22550|26/09/2024||21|1|MIR|27/09/2024|GRT|||||||||01/10/2024|GRT|GRT|GERIATRIA|18047202E|1||K52.9|S|I11.0|S|I50.9|S|I48.91|S|I27.20|S|Z86.73|E|Z79.82|E|||||||||||||||||||||||||||3E0337Z|3E03329|3E013GC||||||||||||||||||||||||||||||||||249|,5347|1|Sistema Nacional de Salud|-
220054|HOSPITAL DE BARBASTRO|224378|||12/03/2000|2|25500|29/09/2024||21|1|OBS|||||||||||02/10/2024|OBS|OBS|OBS|72781954H|1||O42.92|S|O99.284|S|E03.9|S|E55.9|S|Z67.40|E|Z3A.39|E|O90.81|N|Z37.0|E|||||||||||||||||||||||||10E0XZZ|3E0P7VZ|0W8NXZZ|3E0R3BZ|4A1HXCZ|3E03329|||||||||||||||||||||||||||||||560|,2876|1|Sistema Nacional de Salud|-
220054|HOSPITAL DE BARBASTRO|83099|BSRN500659910016||19/06/1950|2|22300|18/09/2024||21|1|TRA|||||||||||02/10/2024|TRA|TRA|TRA|73090858D|1|20/09/2024|S72.011A|S|W19.XXXA|S|D50.0|N|E11.65|N|K59.00|N|I12.9|S|N18.32|S|E11.22|S|E11.319|S|I87.2|S|E78.5|S|M81.0|S|G25.2|S|I69.351|E|F32.A|S|Z79.4|E|Z79.02|E|||||||0SRR0J9|F07L6ZZ|F07Z9ZZ|30233N1|3E033NZ|3E033GC|||||||||||||||||||||||||||||||323|1,6211|1|Sistema Nacional de Salud|-
220054|HOSPITAL DE BARBASTRO|125467|GNGR600527910012||27/05/1960|1|22330|27/09/2024||21|1|MIR|||||||||||03/10/2024|MIR|MIR|MIR|73016622V|1||J98.8|S|E87.5|S|I10|S|E11.65|S|E66.9|S|C85.80|S|Z79.69|E|Z79.4|E|Z79.84|E|Z59.3|E|||||||||||||||||||||3E03329|3E0333Z|3E0F7GC|3E033GC|3E013GC||||||||||||||||||||||||9735/3||||||||144|,6508|1|Sistema Nacional de Salud|-
220054|HOSPITAL DE BARBASTRO|6195|NCVI491214910017||14/12/1949|1|22480|26/09/2024||21|1|MIR|||||||||||03/10/2024|MIR|MIR|MIR|73016622V|1||J44.1|S|F17.210|S|I10|S|E11.9|S|Z99.81|E|Z79.85|E|Z88.0|E|Z88.8|E|||||||||||||||||||||||||3E0F7GC|3E0333Z|3E033GC|3E03329|3E033NZ|3E013VG|||||||||||||||||||||||||||||||140|,4929|1|Sistema Nacional de Salud|-
220054|HOSPITAL DE BARBASTRO|53145|CRRB500662910014||22/06/1950|2|22558|01/10/2024||27|2|URO|||||||||||03/10/2024|URO|URO|URO|51460077S|1|02/10/2024|D09.0|S|J47.9|S|E78.5|S|Q85.00|E|Z88.1|E|||||||||||||||||||||||||||||||0TBB8ZZ|3E0K705|||||||||||||||||||||||||||8130/2||||||||446|,7682|1|Sistema Nacional de Salud|-
220054|HOSPITAL DE BARBASTRO|36002|LGLZ320819910017||19/08/1932|1|22500|27/09/2024||21|1|MIR|||||||||||03/10/2024|MIR|MIR|MIR|18049390W|1||I11.0|S|I50.9|S|N39.0|S|B96.89|S|I31.39|S|E85.4|S|I43|S|R00.1|S|E79.0|S|E78.5|S|N40.0|S|||||||||||||||||||BW241ZZ|4A02X4Z|3E033GC|3E0F7GC|||||||||||||||||||||||||||||||||194|,6399|1|Sistema Nacional de Salud|-
220054|HOSPITAL DE BARBASTRO|16069|CSNS310314910012||14/03/1931|1|22400|01/10/2024||21|1|CGD|||||||||||04/10/2024|CGD|CGD|CGD|50883390F|1|01/10/2024|C21.8|S|I48.91|S|D64.9|S|I25.2|E|E11.22|S|I12.9|S|N18.9|S|Z79.4|E|E78.00|S|J44.9|S|N40.0|S|Z95.5|E|Z87.891|E|Z59.3|E|||||||||||||0DBQ7ZZ|0DBP7ZZ|30233N1||||||||||||||||||||||||||8720/3||||||||226|1,1376|1|Sistema Nacional de Salud|-
220054|HOSPITAL DE BARBASTRO|4658|BLLL460252910017||12/12/1946|2|22300|28/09/2024||21|1|MIR|||||||||||04/10/2024|MIR|MIR|MIR|73016622V|1||K64.9|S|D12.2|S|E87.5|S|I10|S|I48.91|S|E78.00|S|Z79.01|E|||||||||||||||||||||||||||4A02X4Z|0DBK8ZX|3E013GC||||||||||||||||||||||||||8211/0||||||||254|,5043|3|Mutuas de Accidentes de trabajo|-
220054|HOSPITAL DE BARBASTRO|6250|SNPN291025910019||25/10/1929|1|22400|30/09/2024||21|1|MIR|01/10/2024|GRT|||||||||04/10/2024|GRT|GRT|GERIATRIA|18071569D|1||J69.0|S|J96.00|S|I11.0|S|I50.9|S|L89.629|S|L89.229|S|L89.219|S|L89.159|S|B95.62|S|I87.2|S|E78.5|S|I25.10|S|I48.91|S|Z95.1|E|Z88.6|E|Z59.3|E|||||||||3E03329|3E03328|3E0333Z|3E033GC|3E0F7GC|3E033NZ|||||||||||||||||||||||||||||||137|1,0895|1|Sistema Nacional de Salud|-
220054|HOSPITAL DE BARBASTRO|23495|LMLL710703910012||03/07/1971|1|22312|27/09/2024||21|1|MIV|01/10/2024|MIR|||||||||04/10/2024|MIR|MIR|MIR|17756249L|1||T39.1X1A|S|M17.0|S|I44.7|S|E11.9|S|I10|S|E78.5|S|F31.9|S|F71|S|Z79.84|E|Z79.899|E|Z91.199|E|||||||||||||||||||3E033GC|4A12X4Z|4A133B1|B246ZZZ|4A02X4Z|3E013GC|3E013VG||||||||||||||||||||||||||||||812|,5045|6|Financiación Mixta|-
220054|HOSPITAL DE BARBASTRO|210242|||14/12/1988|2|22421|04/10/2024||27|2|OBS|||||||||||04/10/2024|OBS|OBS|OBS|48151267P|1||O02.1|S|D66|S|||||||||||||||||||||||||||||||||||||10D17ZZ|BY49ZZZ|||||||||||||||||||||||||||||||||||543|,7321|1|Sistema Nacional de Salud|-
220054|HOSPITAL DE BARBASTRO|224317|||07/05/1995|2|22400|01/10/2024||21|1|OBS|||||||||||05/10/2024|OBS|OBS|OBS|72781954H|1|02/10/2024|O40.3XX0|S|O48.0|S|O69.2XX0|N|O36.93X0|N|O90.81|N|Z3A.41|E|Z37.0|E|Z67.30|E|||||||||||||||||||||||||10D00Z1|4A1HXCZ|||||||||||||||||||||||||||||||||||540|,4756|1|Sistema Nacional de Salud|-
220054|HOSPITAL DE BARBASTRO|224293|||07/10/2000|2|22550|03/10/2024||21|1|OBS|||||||||||06/10/2024|OBS|OBS|OBS|73021577G|1||O42.92|S|O48.0|S|O99.02|S|D64.9|S|O70.1|N|Z3A.40|E|Z37.0|E|Z67.40|E|||||||||||||||||||||||||10E0XZZ|3E0R3BZ|0KQM0ZZ|4A1HXCZ|||||||||||||||||||||||||||||||||560|,2876|1|Sistema Nacional de Salud|-
220054|HOSPITAL DE BARBASTRO|168665|CRXX950650642010||10/06/1995|2|22400|03/10/2024||21|1|OBS|||||||||||06/10/2024|OBS|OBS|OBS|73021577G|1||O24.424|S|O99.284|S|E03.9|S|Z3A.37|E|Z37.0|E|Z67.20|E|||||||||||||||||||||||||||||10E0XZZ|3E0R3BZ|3E0P7VZ|10907ZC|4A1HXCZ||||||||||||||||||||||||||||||||560|,2876|1|Sistema Nacional de Salud|-
220054|HOSPITAL DE BARBASTRO|23472|MRZZ800754910013||14/07/1980|2|22300|03/10/2024||27|2|GIN|||||||||||07/10/2024|GIN|GIN|GIN|72781954H|1|04/10/2024|D25.9|S|D64.9|S|F32.A|S|||||||||||||||||||||||||||||||||||0UT90ZZ|0UT70ZZ|||||||||||||||||||||||||||8890/0||||||||519|,7015|1|Sistema Nacional de Salud|-
220054|HOSPITAL DE BARBASTRO|226408|||04/10/2024|1|22440|06/10/2024||24|1|PED|||||||||||07/10/2024|PED|PED|PED|72828135S|1||P92.8|S|||||||||||||||||||||||||||||||||||||||||||||||||||||||||||||||||||||||||||640|,1536|1|Sistema Nacional de Salud|-
220054|HOSPITAL DE BARBASTRO|36009|TRBN590216901010||16/02/1959|1|22400|07/10/2024||27|2|TRA|||||||||||07/10/2024|TRA|TRA|TRA|73090858D|1|07/10/2024|S42.302D|E|W19.XXXD|E|G31.84|S|F17.210|S|I10|S|E11.9|S|E78.5|S|I73.9|S|I25.5|S|Z95.5|E|I71.40|S|I45.10|S|F10.20|S|H35.52|S|K57.30|S|Z79.82|E|Z79.84|E|Z88.6|E|Z86.73|E|||0PPFX5Z||||||||||||||||||||||||||||||||||||862|,5723|1|Sistema Nacional de Salud|-
220054|HOSPITAL DE BARBASTRO|85158|BRLB340106910018||06/01/1934|1|22330|05/10/2024||21|1|NEF|||||||||||08/10/2024|NEF|NEF|NEF|73018568P|4||A41.9|S|J69.0|S|J96.90|S|D70.9|S|I13.11|S|N18.6|S|I51.7|S|I44.0|S|I48.91|S|D64.9|S|R13.10|S|E66.9|S|I73.9|S|Z99.2|E|Z90.5|E|Z79.01|E|Z59.3|E|||||||3E03329|3E03328|3E0F7GC|3E013GC|3E0333Z|3E0337Z|||||||||||||||||||||||8140/0||||||||720|2,0958|1|Sistema Nacional de Salud|-
220054|HOSPITAL DE BARBASTRO|988|RGMR841264910016||24/12/1984|2|22400|07/10/2024||27|2|TRA|||||||||||08/10/2024|TRA|TRA|TRA|73090858D|1|07/10/2024|S82.842D|E|W19.XXXD|S|Y92.009|S|||||||||||||||||||||||||||||||||||0QPH04Z|0QPK04Z|||||||||||||||||||||||||||||||||||850|1,6787|1|Sistema Nacional de Salud|-
220054|HOSPITAL DE BARBASTRO|160019|NMXX771022642019||22/10/1977|1|22400|07/10/2024||27|2|CGD|||||||||||08/10/2024|CGD|CGD|CGD|17852991T|1|07/10/2024|K42.9|S|E11.9|S|E79.0|S|||||||||||||||||||||||||||||||||||0WUF0JZ||||||||||||||||||||||||||||||||||||228|,8181|1|Sistema Nacional de Salud|-
220054|HOSPITAL DE BARBASTRO|106704|GRCR290626902015||26/06/1929|1|22500|06/10/2024||27|2|URO|||||||||||08/10/2024|URO|URO|URO|51460077S|1|07/10/2024|N35.919|S|I11.9|S|I51.7|S|E78.5|S|D50.9|S|E55.9|S|E26.1|S|E03.9|S|E79.0|S|N40.0|S|R39.198|S|||||||||||||||||||0T7D8ZZ||||||||||||||||||||||||||||||||||||468|,4959|1|Sistema Nacional de Salud|-
220054|HOSPITAL DE BARBASTRO|122540|DYBR750656901015||16/06/1975|2|22520|07/10/2024||21|1|MIR|||||||||||08/10/2024|MIR|MIR|MIR|18055798Q|1||D62|S|N92.1|S|I50.9|S|I08.0|S|I48.21|S|K74.69|S|Z95.2|E|Z94.4|E|Z79.01|E|Z79.620|E|||||||||||||||||||||3E033GC|4A02X4Z|||||||||||||||||||||||||||||||||||663|,643|1|Sistema Nacional de Salud|-
220054|HOSPITAL DE BARBASTRO|37159|TRSL430908910017||08/09/1943|1|22420|02/10/2024||21|1|MIR|||||||||||08/10/2024|MIR|MIR|MIR|17756249L|1||K85.90|S|R93.3|S|I48.91|S|E78.5|S|N40.0|S|I25.9|S|Z95.5|E|Z79.01|E|||||||||||||||||||||||||BW40ZZZ|4A02X4Z|3E0337Z|3E013GC|3E033NZ||||||||||||||||BF35ZZZ|BF37ZZZ|||||||||||||||282|,481|1|Sistema Nacional de Salud|-
220054|HOSPITAL DE BARBASTRO|69653|BLMR530826910012||26/08/1953|1|22422|07/10/2024||27|2|ORL|||||||||||08/10/2024|ORL|ORL|ORL|26283260X|1|07/10/2024|J34.89|S|J34.3|S|||||||||||||||||||||||||||||||||||||09NL8ZZ|09BL8ZZ|||||||||||||||||||||||||||||||||||098|,8964|1|Sistema Nacional de Salud|-
220054|HOSPITAL DE BARBASTRO|21558|MRSL341268910016||28/12/1934|2|22500|30/09/2024||21|1|MIR|||||||||||09/10/2024|MIR|MIR|MIR|73016622V|1||K92.1|S|K52.9|S|K55.9|S|I70.222|S|E03.8|S|I10|S|G20|S|F32.A|S|Z79.82|E|||||||||||||||||||||||BW201ZZ|B54DZZZ|3E03329|3E0337Z|3E033GC|3E013GC|3E033NZ||||||||||||||||||||||||||||||254|,6628|1|Sistema Nacional de Salud|-
220054|HOSPITAL DE BARBASTRO|134265|||04/04/1954|2|22336|24/09/2024||21|1|NRL|||||||||||10/10/2024|NRL|NRL|NRL|72993238R|5||I61.1|S|G81.91|S|R47.01|S|I48.91|S|E85.4|S|I68.0|S|F01.50|S|Z86.73|E|Z79.01|E|||||||||||||||||||||||B020ZZZ|3E033NZ|3E03329|3E033GC|||||||||||||||||||||||||||||||||044|,9871|1|Sistema Nacional de Salud|-
220054|HOSPITAL DE BARBASTRO|123078|RRBN500909910018||09/09/1950|1|22420|07/10/2024||21|1|MIR|||||||||||10/10/2024|MIR|MIR|MIR|25195530L|1||J10.08|S|J15.9|S|J44.0|S|I10|S|E11.9|S|E78.5|S|I73.9|S|K70.9|S|F10.11|S|Z79.4|E|Z79.84|E|Z79.82|E|||||||||||||||||3E03329|3E0F7SF|3E0337Z|3E0F7GC|3E0333Z|3E013GC|4A02X4Z||||||||||||||||||||||||||||||139|,5829|1|Sistema Nacional de Salud|-
220054|HOSPITAL DE BARBASTRO|82404|GNGM650519910012||19/05/1965|1|22400|04/10/2024||21|1|MIR|||||||||||10/10/2024|MIR|MIR|MIR|18049390W|1||J18.9|S|F17.210|S|R91.1|S|E89.0|S|Z85.21|E|Z92.3|E|Z92.21|E|||||||||||||||||||||||||||BW24ZZZ|3E03329|||||||||||||||||||||||||||||||||||139|,4269|1|Sistema Nacional de Salud|-
220054|HOSPITAL DE BARBASTRO|8911|SPGR560206910018||06/02/1956|1|22513|04/10/2024||21|1|MIR|07/10/2024|NML|||||||||10/10/2024|NML|NML|NML|18056444H|1||J45.901|S|J84.89|S|U09.9|S|I12.9|S|N18.9|S|K44.9|S|K21.9|S|F32.A|S|N40.0|S|E78.5|S|Z87.891|E|||||||||||||||||||3E0F7GC|3E0333Z|3E0F7SF|3E033NZ|3E033GC||||||||||||||||||||||||||||||||141|,5604|1|Sistema Nacional de Salud|-
220054|HOSPITAL DE BARBASTRO|223106|||14/10/2023|1|22535|07/10/2024||21|1|PED|||||||||||10/10/2024|PED|PED|PED|25359168N|1||J12.89|S|B34.1|S|B97.89|S|||||||||||||||||||||||||||||||||||3E03329|3E033NZ|||||||||||||||||||||||||||||||||||139|,4269|1|Sistema Nacional de Salud|-
220054|HOSPITAL DE BARBASTRO|69209|NSTN350108910015||08/01/1935|1|22400|08/10/2024||27|2|TRA|||||||||||10/10/2024|TRA|TRA|TRA|25196873M|1|09/10/2024|M20.12|S|M20.5X2|S|M86.8X7|S|||||||||||||||||||||||||||||||||||0QSP04Z|0QSR0ZZ|0QSR0ZZ||||||||||||||||||||||||||||||||||314|1,5507|1|Sistema Nacional de Salud|-
220054|HOSPITAL DE BARBASTRO|86404|PRCR360722910019||22/07/1936|1|22148|04/10/2024||21|1|MIR|04/10/2024|GRT|||||||||11/10/2024|GRT|GRT|GERIATRIA|72000771F|1||U07.1|S|J98.8|S|B96.89|S|I11.0|S|I50.9|S|I48.91|S|E53.8|S|E55.9|S|D50.9|S|E85.4|S|I43|S|N47.1|S|E79.0|S|R32|S|R15.9|S|Z88.8|E|Z86.73|E|Z85.51|E|Z79.01|E|||4A02X4Z|3E03329|3E033GC|3E0F7SF|3E033NZ||||||||||||||||||||||||||||||||137|1,0895|1|Sistema Nacional de Salud|-
220054|HOSPITAL DE BARBASTRO|226484|||02/02/2016|1|28049|12/10/2024||21|1|PED|||||||||||13/10/2024|PED|PED|PED|73005661G|1||S00.03XA|S|S00.83XA|S|S01.411A|S|W17.89XA|E|||||||||||||||||||||||||||||||||3E033NZ||||||||||||||||||||||||||||||||||||384|,5412|1|Sistema Nacional de Salud|-
220054|HOSPITAL DE BARBASTRO|25447|BNRD541031904013||31/10/1954|1|22400|08/10/2024||27|2|URO|||||||||||13/10/2024|URO|URO|URO|28626568D|1|09/10/2024|C61|S|I10|S|E11.9|S|M79.7|S|F32.A|S|||||||||||||||||||||||||||||||0VT04ZZ|0VT34ZZ|07BC0ZZ||||||||||||||||||||||||||8550/3||||||||480|1,1363|1|Sistema Nacional de Salud|-
220054|HOSPITAL DE BARBASTRO|224010|PLCV760219901016||19/02/1976|1|22540|12/10/2024||21|1|MIR|||||||||||15/10/2024|MIR|MIR|MIR|45942132T|1||I82.432|S|I82.442|S|I82.452|S|J44.9|S|G47.33|S|I11.0|S|I50.30|S|I27.20|S|D75.1|S|L40.9|S|Z79.620|E|E78.5|S|E66.9|S|Z87.891|E|||||||||||||B54CZZZ|3E033NZ|3E013GC||||||||||||||||||||||||||||||||||197|,6688|1|Sistema Nacional de Salud|-
220054|HOSPITAL DE BARBASTRO|190380|DOXX881125504016||25/11/1988|1|22300|10/10/2024||21|1|CGD|||||||||||15/10/2024|CGD|CGD|CGD|18025531V|1||K56.600|S|C18.0|S|C78.6|S|C77.2|S|C78.01|S|Z90.49|E|Z79.630|E|Z79.631|E|||||||||||||||||||||||||BW201ZZ|0D9670Z|3E033NZ|3E0337Z|3E0333Z|3E013GC|||||||||||||||||||||||8490/3|8490/6|||||||247|,598|1|Sistema Nacional de Salud|-
220054|HOSPITAL DE BARBASTRO|201520|PEMO 0 410721 00||21/07/1941|1|22300|24/08/2024||21|1|MIR|||||||||||15/10/2024|MIR|MIR|MIR|18049390W|1||I82.411|S|M79.81|N|N17.9|S|R54|S|M62.50|S|I10|S|I48.91|S|Z79.01|E|J44.9|S|G20|S|K29.50|S|||||||||||||||||||B54DZZZ|B42F1ZZ|B42FZZZ|3E013GC|3E03329|3E033NZ|3E033GC|3E0337Z|||||||||||||06H03DZ||||||||||||||||197|,6688|1|Sistema Nacional de Salud|-
220054|HOSPITAL DE BARBASTRO|191905|||21/03/1971|2|22148|14/10/2024||27|2|CGD|||||||||||15/10/2024|CGD|CGD|CGD|72889973Y|1|14/10/2024|K80.10|S|||||||||||||||||||||||||||||||||||||||0FT44ZZ||||||||||||||||||||||||||||||||||||263|,9851|1|Sistema Nacional de Salud|-
220054|HOSPITAL DE BARBASTRO|91033|||01/01/1974|2|22510|16/10/2024||27|2|GIN|||||||||||16/10/2024|GIN|GIN|GIN|43558977J|1|16/10/2024|N62|S|N60.21|S|Z80.3|E|||||||||||||||||||||||||||||||||||0HBT0ZX|0HHT3YZ|BH40ZZZ||||||||||||||||||||||||||||||||||363|1,1044|1|Sistema Nacional de Salud|-
220054|HOSPITAL DE BARBASTRO|39062|||06/01/1930|1|22550|15/10/2024||21|1|MIR|16/10/2024|GRT|||||||||17/10/2024|GRT|GRT|GERIATRIA|72000771F|4||J18.9|S|J96.92|S|K81.0|S|J42|S|E11.22|S|N18.9|S|I48.92|S|N40.0|S|G30.9|S|F02.80|S|E53.8|S|F20.9|S|Z79.01|E|Z59.3|E|||||||||||||BW21ZZZ|3E03329|3E033NZ|3E0F7SF|||||||||||||||||||||||||||||||||139|1,3566|1|Sistema Nacional de Salud|-
220054|HOSPITAL DE BARBASTRO|28654|CLCP321244901010||04/12/1932|2|22540|16/10/2024||21|1|NRL|||||||||||17/10/2024|NRL|NRL|NRL|73195071D|4||I63.9|S|R40.2433|S|R29.727|S|G40.909|S|G81.94|S|R56.9|S|H53.462|S|R47.01|S|I11.0|S|I50.9|S|I48.91|S|Z79.01|E|Z74.01|E|||||||||||||||B020ZZZ|4A02X4Z|3E033GC|3E0337Z|3E033NZ||||||||||||||||||||||||||||||||045|,8638|1|Sistema Nacional de Salud|-
220054|HOSPITAL DE BARBASTRO|105353|MTRC610730901015||30/07/1961|1|22430|13/10/2024||27|2|URO|||||||||||17/10/2024|URO|URO|URO|28626568D|1|14/10/2024|N40.1|S|R39.12|S|R35.1|S|||||||||||||||||||||||||||||||||||0VB00ZZ||||||||||||||||||||||||||||||||||||484|1,1282|1|Sistema Nacional de Salud|-
220054|HOSPITAL DE BARBASTRO|2458|DMZL281029910010||29/10/1928|1|22300|07/10/2024||21|1|MIR|08/10/2024|GRT|||||||||17/10/2024|GRT|GRT|GERIATRIA|72000771F|1||I11.0|S|I50.9|S|D64.9|S|I99.9|S|L97.319|S|B95.62|S|M16.11|S|E11.9|S|I27.20|S|I48.91|S|Z95.5|E|Z95.0|E|Z90.79|E|Z79.82|E|Z95.3|E|Z59.3|E|||||||||BQ20ZZZ|30233N1|3E03329|3E033GC|||||||||||||||||||||||||||||||||194|,6399|1|Sistema Nacional de Salud|-
220054|HOSPITAL DE BARBASTRO|40288|GRVS360370910017||30/03/1936|2|22400|16/10/2024||27|2|CGD|||||||||||18/10/2024|CGD|CGD|CGD|17852991T|1|16/10/2024|K40.90|S|I10|S|E78.5|S|Z85.3|E|Z90.11|E|||||||||||||||||||||||||||||||0YU50JZ||||||||||||||||||||||||||||||||||||228|,8181|1|Sistema Nacional de Salud|-
220054|HOSPITAL DE BARBASTRO|66065|BDMR460261910011||21/02/1946|2|22500|08/10/2024||21|1|TRA|||||||||||18/10/2024|TRA|TRA|TRA|73090858D|1|10/10/2024|S72.101A|S|W19.XXXA|S|D50.9|N|E21.3|S|E89.0|S|M81.0|S|F32.A|S|Z85.89|E|Z92.21|E|Z85.038|E|Z90.49|E|||||||||||||||||||0QS636Z|30233N1|3E033NZ|3E013GC|||||||||||||||||||||||||||||||||308|1,2066|1|Sistema Nacional de Salud|-
220054|HOSPITAL DE BARBASTRO|115055|RSMR410803910011||03/08/1941|1|22520|15/10/2024||27|2|MIR|||||||||||18/10/2024|MIR|MIR|MIR|25195530L|1||D50.0|S|I13.0|S|N18.4|S|I50.30|S|I51.7|S|I70.91|S|I71.40|S|I48.0|S|Z79.01|E|Z95.5|E|Z85.038|E|Z90.49|E|||||||||||||||||||||||||||||||||||||0DJD7ZZ||||||||||||||||663|,643|1|Sistema Nacional de Salud|-
220054|HOSPITAL DE BARBASTRO|37733|MNPN530503910014||03/05/1953|1|22143|17/10/2024||21|1|CGD|||||||||||18/10/2024|CGD|CGD|CGD|50883390F|1||K56.50|S|C78.00|S|I25.10|S|N20.0|S|K44.9|S|I10|S|E11.9|S|E78.5|S|Z85.038|E|Z90.49|E|Z85.89|E|Z79.60|E|||||||||||||||||BW201ZZ|0D9670Z|3E0DXGC||||||||||||||||||||||||||8140/6||||||||247|,4466|1|Sistema Nacional de Salud|-
220054|HOSPITAL DE BARBASTRO|25351|DZGT661065910012||25/10/1966|2|22300|17/10/2024||27|2|TRA|||||||||||19/10/2024|TRA|TRA|TRA|73090858D|1|18/10/2024|M72.0|S|F41.9|S|||||||||||||||||||||||||||||||||||||0LN80ZZ|0JBK0ZZ|||||||||||||||||||||||||||||||||||316|,8026|1|Sistema Nacional de Salud|-
220054|HOSPITAL DE BARBASTRO|226515|||15/10/2024|1|22500|17/10/2024||24|1|PED|||||||||||19/10/2024|PED|PED|PED|18025482Z|1||P59.9|S|P70.0|S|Q02|E|Q63.8|E|||||||||||||||||||||||||||||||||6A600ZZ||||||||||||||||||||||||||||||||||||633|1,2774|1|Sistema Nacional de Salud|-
220054|HOSPITAL DE BARBASTRO|63669|HRMR521016904010||16/10/1952|1|22312|19/10/2024||21|1|ORL|||||||||||20/10/2024|ORL|ORL|ORL|44485482D|1||J95.09|S|Y83.3|E|E11.9|S|E78.5|S|D45|S|Z85.21|E|Z90.02|E|Z92.21|E|Z92.3|E|Z85.51|E|Z79.84|E|Z79.82|E|||||||||||||||||3E0333Z|3E03329|0BH17EZ|3E033NZ|3E0F7GC|3E033GC|||||||||||||||||||||||9950/3||||||||143|,6835|1|Sistema Nacional de Salud|-
220054|HOSPITAL DE BARBASTRO|225197|||04/01/1996|2|22500|18/10/2024||21|1|OBS|||||||||||20/10/2024|OBS|OBS|OBS|25153470A|1||O62.3|S|O34.83|S|N90.811|S|O70.0|S|Z3A.41|E|Z37.0|E|||||||||||||||||||||||||||||10E0XZZ|0HQ9XZZ|||||||||||||||||||||||||||||||||||560|,2876|1|Sistema Nacional de Salud|-
220054|HOSPITAL DE BARBASTRO|88561|GRLV410361910019||21/03/1941|2|22500|11/10/2024||21|1|MIR|14/10/2024|NRL|||||||||21/10/2024|NRL|NRL|NRL|72971573W|1||R55|S|I11.0|S|I50.9|S|G31.09|S|F02.80|S|S42.292A|S|W19.XXXA|S|E78.5|S|E78.1|S|E79.0|S|J44.9|S|M81.0|S|Z91.89|E|Z86.11|E|Z79.82|E|||||||||||B020ZZZ|3E033NZ|3E0337Z|3E033GC|||||||||||||||||||||||||||||||||204|,576|1|Sistema Nacional de Salud|-
220054|HOSPITAL DE BARBASTRO|186321|PNTL310755910012||15/07/1931|2|22540|18/10/2024||21|1|MIR|21/10/2024|GRT|||||||||21/10/2024|GRT|GRT|GERIATRIA|18047202E|4||J69.0|S|I48.91|S|I50.9|S|D64.9|S|F03.C0|S|R13.19|S|Z51.5|E|Z59.3|E|Z79.01|E|||||||||||||||||||||||3E033NZ|3E03329|3E0337Z||||||||||||||||||||||||||||||||||137|,7663|1|Sistema Nacional de Salud|-
220054|HOSPITAL DE BARBASTRO|56506|CSDM530314910015||14/03/1953|1|22500|18/10/2024||21|1|MIR|||||||||||22/10/2024|MIR|MIR|MIR|18049390W|1||E11.649|S|T38.3X5A|S|T38.3X6A|S|Z91.14|E|I73.9|S|M99.83|S|M47.9|S|M88.1|S|Z79.52|E|Z79.891|E|F17.210|S|Z79.4|E|Z79.84|E|C78.7|S|C77.2|S|C25.0|S|E78.5|S|K70.30|S|F10.90|S|||BW21ZZZ|3E0337Z|||||||||||||||||||||||||||8500/6|8500/3|||||||420|,5197|1|Sistema Nacional de Salud|-
220054|HOSPITAL DE BARBASTRO|38508|RGSR680420901019||20/04/1968|1|22413|22/10/2024||27|2|URO|||||||||||23/10/2024|URO|URO|URO|Y9933326P|1|22/10/2024|D09.0|S|F17.210|S|||||||||||||||||||||||||||||||||||||0TBB8ZZ||||||||||||||||||||||||||||8130/2||||||||446|,7682|1|Sistema Nacional de Salud|-
220054|HOSPITAL DE BARBASTRO|212724|||17/04/1990|2|22300|21/10/2024||27|2|TRA|||||||||||23/10/2024|TRA|TRA|TRA|18054714J|1|22/10/2024|T84.84XA|S|G89.28|S|M79.604|S|Y83.1|S|S82.201D|E|W19.XXXD|S|||||||||||||||||||||||||||||0QPG04Z||||||||||||||||||||||||||||||||||||320|,9833|1|Sistema Nacional de Salud|-
220054|HOSPITAL DE BARBASTRO|65975|MNSR400318910011||18/03/1940|1|22340|11/10/2024||21|1|CGD|||||||||||23/10/2024|CGD|CGD|CGD|19005451E|1||K80.00|S|E27.8|S|K76.89|S|I10|S|E78.5|S|E11.9|S|I42.0|S|I48.21|S|Z95.5|E|Z79.01|E|||||||||||||||||||||BW211ZZ|3E03329|3E04328|3E033NZ|3E013GC|3E013VG|3E0337Z||||||||||||||BF35ZZZ|BF37ZZZ|||||||||||||||284|,8061|1|Sistema Nacional de Salud|-
220054|HOSPITAL DE BARBASTRO|82398|BRSC541214910016||14/12/1954|1|22210|17/10/2024||21|1|MIR|18/10/2024|NRL|||||||||23/10/2024|NRL|NRL|NRL|72971573W|1||G45.9|S|I10|S|F05|S|F31.9|S|Z79.899|E|||||||||||||||||||||||||||||||B020ZZZ|4A12X4Z|B348ZZZ|3E013GC|3E033NZ|3E033GC|3E0337Z||||||||||||||B030ZZZ||||||||||||||||047|,6778|1|Sistema Nacional de Salud|-
220054|HOSPITAL DE BARBASTRO|65041|PXXG501108901010||08/11/1950|1|22550|21/10/2024||21|1|MIR|||||||||||23/10/2024|MIR|MIR|MIR|73016622V|1||K76.82|S|K59.00|S|K70.30|S|K76.6|S|I85.10|S|D69.59|S|E46|S|K21.9|S|I10|S|I48.91|S|F10.21|S|Z86.73|E|Z79.01|E|||||||||||||||3E1H78Z||||||||||||||||||||||||||||||||||||280|,6265|1|Sistema Nacional de Salud|-
220054|HOSPITAL DE BARBASTRO|225078|||03/07/2002|1|22330|23/10/2024||27|2|CGD|||||||||||24/10/2024|CGD|CGD|CGD|73204652E|1|23/10/2024|L05.92|S|||||||||||||||||||||||||||||||||||||||0JB90ZZ||||||||||||||||||||||||||||||||||||383|,4196|1|Sistema Nacional de Salud|-
220054|HOSPITAL DE BARBASTRO|3088|GNDM591063917013||23/10/1959|2|22300|24/10/2024||27|2|CGD|||||||||||24/10/2024|CGD|CGD|CGD|18045029B|1|24/10/2024|C82.15|S|||||||||||||||||||||||||||||||||||||||07BJ0ZX||||||||||||||||||||||||||||9691/3||||||||681|1,1374|1|Sistema Nacional de Salud|-
220054|HOSPITAL DE BARBASTRO|88842|SLBR490705910012||05/07/1949|1|22533|16/10/2024||21|1|MIR|||||||||||24/10/2024|MIR|MIR|MIR|18049390W|1||K92.2|S|D50.0|S|K55.20|S|K20.90|S|K57.30|S|K64.8|S|I10|S|E66.9|S|H81.10|S|N40.1|S|Z79.82|E|||||||||||||||||||B246ZZZ|0DJ08ZZ|0DJD8ZZ|30233N1|3E033GC||||||||||||||||||||||||||||||||253|,5477|1|Sistema Nacional de Salud|-
220054|HOSPITAL DE BARBASTRO|223189|||21/10/1992|2|22500|24/10/2024||27|2|CGD|||||||||||26/10/2024|CGD|CGD|CGD|18045029B|1|24/10/2024|K80.10|S|F17.210|S|Z90.722|E|||||||||||||||||||||||||||||||||||0FT44ZZ||||||||||||||||||||||||||||||||||||263|,9851|1|Sistema Nacional de Salud|-
220054|HOSPITAL DE BARBASTRO|83785|BLBL400843910011||03/08/1939|2|22400|06/10/2024||21|1|MIR|||||||||||27/10/2024|MIR|MIR|MIR|17702334Q|4||U07.1|S|J98.8|S|J96.00|S|I50.9|S|I35.2|S|N18.9|S|I69.398|E|G40.802|S|||||||||||||||||||||||||XW033E5|3E0F7GC|3E0337Z|3E013GC|3E033NZ|3E0333Z|3E03329|3E0F7SF|||||||||||||||||||||||||||||137|1,0895|1|Sistema Nacional de Salud|-
220054|HOSPITAL DE BARBASTRO|185322|BTCN610105901013||05/01/1961|1|22569|22/10/2024||27|2|CGD|||||||||||28/10/2024|CGD|CGD|CGD|50883390F|1|23/10/2024|K43.9|S|C7B.8|S|I10|S|E78.5|S|H81.09|S|F43.23|S|Z87.891|E|Z85.060|E|Z90.49|E|||||||||||||||||||||||0WUF0JZ||||||||||||||||||||||||||||8249/6||||||||227|1,3673|1|Sistema Nacional de Salud|-
220054|HOSPITAL DE BARBASTRO|224072|||15/11/1940|1|22430|17/10/2024||21|1|NEF|||||||||||28/10/2024|NEF|NEF|NEF|73018568P|1||N17.9|S|D64.9|S|N39.0|S|B95.2|S|E78.5|S|E11.51|S|E11.22|S|K52.9|S|D12.6|S|I10|S|N18.32|S|E11.319|S|Z79.4|E|Z88.1|E|Z88.6|E|||||||||||BW40ZZZ|0DB68ZX|0DBH8ZX|0DBE8ZZ|3E0337Z|30233N1|3E03328|3E033GC|3E033NZ||||||||||||||||||||8211/0||||||||469|,5905|1|Sistema Nacional de Salud|-
220054|HOSPITAL DE BARBASTRO|4545|MLPS810224910017||24/02/1981|1|22500|28/10/2024||21|1|MIR|||||||||||28/10/2024|MIR|MIR|MIR|17202610J|4||C18.6|S|C78.01|S|C78.02|S|C78.7|S|C77.2|S|I27.82|S|Z79.01|E|||||||||||||||||||||||||||3E033NZ|3E03329|||||||||||||||||||||||||||8140/3|8140/6|||||||240|,8515|1|Sistema Nacional de Salud|-
220054|HOSPITAL DE BARBASTRO|206817|||08/04/2019|2|22500|26/10/2024||21|1|PED|||||||||||29/10/2024|PED|PED|PED|18161158J|1||J20.4|S|J20.6|S|J20.8|S|B97.10|S|J96.01|S|||||||||||||||||||||||||||||||3E0F7GC||||||||||||||||||||||||||||||||||||145|,78|1|Sistema Nacional de Salud|-
220054|HOSPITAL DE BARBASTRO|211300|AR002911163K||21/12/1999|2|22559|28/10/2024||21|1|OBS|||||||||||29/10/2024|OBS|OBS|OBS|72781954H|1||O48.0|S|O99.824|S|Z3A.41|E|Z67.20|E|Z37.0|E|||||||||||||||||||||||||||||||10E0XZZ|10907ZC|3E0R3BZ|4A1HXCZ|||||||||||||||||||||||||||||||||560|,2876|1|Sistema Nacional de Salud|-
220054|HOSPITAL DE BARBASTRO|150089|GSPR770855910019||15/08/1977|2|22520|29/10/2024||27|2|GIN|||||||||||29/10/2024|GIN|GIN|GIN|76974873Z|1|29/10/2024|N84.3|S|D17.72|S|||||||||||||||||||||||||||||||||||||0UBM0ZZ||||||||||||||||||||||||||||8851/0||||||||518|,7864|1|Sistema Nacional de Salud|-
220054|HOSPITAL DE BARBASTRO|24882|AR000020220J||22/06/1955|1|22400|14/10/2024||21|1|MIR|||||||||||30/10/2024|MIR|MIR|MIR|18055798Q|1||R19.7|S|N19|S|N13.9|S|N14.19|S|T45.1X5S|E|D63.0|S|C79.19|S|C77.5|S|Z85.51|E|Z85.46|E|Z90.6|E|Z90.79|E|Z93.6|E|E78.5|S|Z88.1|E|Z92.21|E|||||||||3E0337Z|3E033NZ|3E0333Z||||||||||||||||||||||||||8130/6||||||||249|,5347|1|Sistema Nacional de Salud|-
220054|HOSPITAL DE BARBASTRO|31531|GNRM390941901011||01/09/1939|2|22300|21/10/2024||21|1|MIR|22/10/2024|GRT|||||||||30/10/2024|GRT|GRT|GERIATRIA|72000771F|1||U07.1|S|J98.8|S|B96.89|S|G30.9|S|F02.80|S|N39.0|S|I10|S|I48.0|S|D50.9|S|D47.3|S|E53.8|S|E03.9|S|I67.82|S|I25.2|E|M15.9|S|Z95.5|E|Z79.01|E|Z59.3|E|||||3E03329|XW033E5|||||||||||||||||||||||||||9962/3||||||||137|1,0895|1|Sistema Nacional de Salud|-
220054|HOSPITAL DE BARBASTRO|101242|MNRD970815910014||15/08/1997|1|22300|29/10/2024||27|2|CGD|||||||||||30/10/2024|CGD|CGD|CGD|77133926E|1|29/10/2024|L05.92|S|N02.8|S|Z88.1|E|||||||||||||||||||||||||||||||||||0JB90ZZ||||||||||||||||||||||||||||||||||||383|,4196|1|Sistema Nacional de Salud|-
220054|HOSPITAL DE BARBASTRO|140145|SRXX010901910011||01/09/2001|1|22300|28/10/2024||21|1|CGD|||||||||||30/10/2024|CGD|CGD|CGD|18045029B|1||G89.18|S|Y83.6|E|||||||||||||||||||||||||||||||||||||BW201ZZ|3E033NZ|3E0337Z|3E033GC|3E03329||||||||||||||||||||||||||||||||861|,4785|1|Sistema Nacional de Salud|-
220054|HOSPITAL DE BARBASTRO|55849|MRBR910957910016||17/09/1991|2|22416|28/10/2024||21|1|OBS|||||||||||30/10/2024|OBS|OBS|OBS|73010241F|1||O48.0|S|O36.93X0|N|O99.284|S|E03.9|S|Z3A.41|E|Z37.0|E|Z67.10|E|||||||||||||||||||||||||||10D07Z6|3E0R3BZ|0W8NXZZ|4A1HXCZ|||||||||||||||||||||||||||||||||560|,2876|1|Sistema Nacional de Salud|-
220054|HOSPITAL DE BARBASTRO|96496|CLSN520153910010|Ã|13/01/1952|2|22420|29/10/2024||27|2|NRL|||||||||||31/10/2024|NRL|NRL|NRL|29121261H|1||G20|S|||||||||||||||||||||||||||||||||||||||3E033GC||||||||||||||||||||||||||||||||||||042|,6275|1|Sistema Nacional de Salud|-
220054|HOSPITAL DE BARBASTRO|1873|VSBL630142910016||02/01/1963|2|22367|30/10/2024||27|2|GIN|||||||||||31/10/2024|GIN|GIN|GIN|72781954H|1|30/10/2024|D05.12|S|Z17.0|E|E11.9|S|E78.5|S|I10|S|Z79.84|E|Z80.3|E|||||||||||||||||||||||||||0HBU0ZZ|07B60ZX|3E013KZ|3E013KZ|0HHU3YZ|BH41ZZZ|||||||||||||||||||||||8500/2||||||||363|1,1044|1|Sistema Nacional de Salud|-
220054|HOSPITAL DE BARBASTRO|56506|CSDM530314910015||14/03/1953|1|22500|25/10/2024||21|1|MIR|||||||||||31/10/2024|MIR|MIR|MIR|17702334Q|1||E11.649|S|I73.9|S|M99.83|S|M47.9|S|M88.1|S|Z79.52|E|Z79.891|E|F17.210|S|Z79.4|E|Z79.84|E|C78.7|S|C77.2|S|C25.0|S|E78.5|S|K70.30|S|F10.90|S|||||||||3E013GC|3E0337Z|3E033GC||||||||||||||||||||||||||8500/6|8500/3|||||||420|,5197|1|Sistema Nacional de Salud|-
220054|HOSPITAL DE BARBASTRO|14141|TLMR430162910013||22/01/1943|2|22534|26/10/2024||21|1|MIR|||||||||||31/10/2024|MIR|MIR|MIR|17702334Q|1||K25.4|S|K29.50|S|E03.9|S|E78.5|S|Z88.2|E|Z91.041|E|Z79.82|E|||||||||||||||||||||||||||0DJ08ZZ|4A02X4Z|30233N1|3E033GC|||||||||||||||||||||||||||||||||241|,7292|1|Sistema Nacional de Salud|-
220054|HOSPITAL DE BARBASTRO|101430|DRLV550723904017|0|23/07/1955|1|22400|25/10/2024||21|1|NRL|||||||||||31/10/2024|NRL|NRL|NRL|72993238R|1||H49.02|S|H53.2|S|I67.4|S|I67.82|S|I13.10|S|N18.9|S|I51.7|S|I45.10|S|E78.5|S|F17.210|S|Z91.51|E|Z86.002|E|||||||||||||||||B020ZZZ|B345ZZZ|B348ZZZ|B246ZZZ|4A02X4Z|4A12X45|||||||||||||||B030ZZZ||||||||||||||||048|,6915|1|Sistema Nacional de Salud|-
220054|HOSPITAL DE BARBASTRO|226236|||28/09/1972|1|22400|29/10/2024||21|1|CGD|||||||||||01/11/2024|CGD|CGD|CGD|18045029B|1|29/10/2024|K35.30|S|||||||||||||||||||||||||||||||||||||||0DTJ4ZZ|BW40ZZZ|||||||||||||||||||||||||||||||||||234|,7668|1|Sistema Nacional de Salud|-
220054|HOSPITAL DE BARBASTRO|208117|||22/02/1996|2|22530|30/10/2024||21|1|OBS|||||||||||02/11/2024|OBS|OBS|OBS|73021577G|1||O23.03|S|Z3A.30|E|||||||||||||||||||||||||||||||||||||BY4FZZZ|3E03329|3E033NZ||||||||||||||||||||||||||||||||||566|,2688|1|Sistema Nacional de Salud|-
220054|HOSPITAL DE BARBASTRO|48051|||24/07/1990|1|22500|31/10/2024||21|1|CGD|||||||||||02/11/2024|CGD|CGD|CGD|77133926E|1|31/10/2024|K35.31|S|||||||||||||||||||||||||||||||||||||||0DTJ4ZZ|BW20ZZZ|3E03329|3E033NZ|3E0337Z||||||||||||||||||||||||||||||||233|,9505|1|Sistema Nacional de Salud|-
220054|HOSPITAL DE BARBASTRO|684|CRLC510514910019||14/05/1951|1|22300|31/10/2024||21|1|CGD|||||||||||02/11/2024|CGD|CGD|CGD|50883390F|1|31/10/2024|K35.80|S|R97.20|S|R31.9|S|M89.8X9|S|I11.9|S|E11.9|S|G47.33|S|I25.10|S|I77.4|S|Z95.818|E|||||||||||||||||||||0DTJ4ZZ|BW20ZZZ|||||||||||||||||||||||||||||||||||234|1,0054|1|Sistema Nacional de Salud|-
220054|HOSPITAL DE BARBASTRO|226667|||30/10/2024|2|22520|30/10/2024||24|1|PED|||||||||||03/11/2024|PED|PED|PED|73005661G|1||P07.18|S|P03.4|S|||||||||||||||||||||||||||||||||||||||||||||||||||||||||||||||||||||||||626|,1793|1|Sistema Nacional de Salud|-
220054|HOSPITAL DE BARBASTRO|189517|||10/01/1942|1|22500|25/10/2024||21|1|MIR|28/10/2024|GRT|||||||||04/11/2024|GRT|GRT|GERIATRIA|18071569D|1||E86.0|S|E87.0|S|N39.0|S|J96.00|S|E46|S|K56.41|S|F03.C0|S|R13.10|S|I25.2|E|I10|S|E78.5|S|I67.82|S|Z59.3|E|||||||||||||||B020ZZZ|3E03329|3E033GC|3E0337Z|||||||||||||||||||||||||||||||||422|1,461|1|Sistema Nacional de Salud|-
220054|HOSPITAL DE BARBASTRO|35771|SLLB400630910016||30/06/1940|1|22300|27/10/2024||21|1|MIR|28/10/2024|NML|||||||||04/11/2024|NML|NML|NML|07267217E|1||J84.9|S|I11.0|S|I50.9|S|N39.0|S|E78.5|S|N40.0|S|J96.10|S|Z99.81|E|||||||||||||||||||||||||3E03329|3E0F7GC|3E0333Z|3E033GC|3E0F7SF||||||||||||||||||||||||||||||||142|,7314|1|Sistema Nacional de Salud|-
220054|HOSPITAL DE BARBASTRO|226680|||31/10/2024|2|22512|03/11/2024||24|1|PED|||||||||||04/11/2024|PED|PED|PED|18161158J|1||P59.9|S|||||||||||||||||||||||||||||||||||||||6A600ZZ||||||||||||||||||||||||||||||||||||640|,1011|1|Sistema Nacional de Salud|-
220054|HOSPITAL DE BARBASTRO|91484|PLBL440225910015||25/02/1944|1|22415|28/10/2024||21|1|MIR|||||||||||04/11/2024|MIR|MIR|MIR|18049390W|1||J47.0|S|B96.89|S|J96.10|S|C16.0|S|C79.9|S|E46|S|D64.9|S|Z79.60|E|Z86.11|E|||||||||||||||||||||||3E03329|3E0333Z|3E0F7GC|3E0F7SF|3E0337Z|3E033GC|3E013GC||||||||||||||||||||||8140/3|8140/6|||||||140|,7699|1|Sistema Nacional de Salud|-
220054|HOSPITAL DE BARBASTRO|2439|CSRD380467910013||27/04/1938|2|22430|22/10/2024||21|1|MIR|23/10/2024|GRT|||||||||05/11/2024|GRT|GRT|GERIATRIA|18047202E|4||N39.0|S|B96.5|S|J96.90|S|I13.0|S|I50.9|S|I51.7|S|N17.9|S|N18.9|S|I27.20|S|I48.0|S|I35.0|S|E78.5|S|E66.3|S|I45.10|S|E04.2|S|E03.8|S|I25.10|S|M31.0|S|F09|S|F32.A|S|3E033NZ|3E033GC|3E0337Z|3E03329|3E013GC|3E013VJ|||||||||||||||||||||||||||||||463|,7681|1|Sistema Nacional de Salud|-
220054|HOSPITAL DE BARBASTRO|62794|CLRD631252910013||12/12/1963|2|22400|04/11/2024||27|2|TRA|||||||||||05/11/2024|TRA|TRA|TRA|18054714J|1|04/11/2024|M75.121|S|M66.811|S|M75.21|S|M75.51|S|||||||||||||||||||||||||||||||||0LQ14ZZ|0RBJ4ZZ|0L814ZZ||||||||||||||||||||||||||||||||||315|,898|1|Sistema Nacional de Salud|-
220054|HOSPITAL DE BARBASTRO|132338|TPJR530870152013||30/08/1953|2|22390|27/10/2024||27|2|TRA|||||||||||05/11/2024|TRA|TRA|TRA|Y2004544Q|1|28/10/2024|T84.033A|S|F10.10|S|M81.0|S|Z96.651|S|Z88.8|E|||||||||||||||||||||||||||||||0SPD0JZ|0SRD0J9|0SUD09C||||||||||||||||||||||||||||||||||325|1,8666|1|Sistema Nacional de Salud|-
220054|HOSPITAL DE BARBASTRO|226685|||07/02/1944|1|50008|02/11/2024||21|1|MIV|04/11/2024|NRL|||||||||05/11/2024|NRL|NRL|NRL|72993238R|2||G40.109|S|G83.84|S|F05|N|G93.89|S|I12.9|S|N18.9|S|D63.1|S|K29.80|S|M35.3|S|I25.10|S|I25.2|E|Z87.891|E|Z86.73|E|||||||||||||||4A12X4Z|4A133B1|B0201ZZ|B32RYZZ|3E0F7SF|3E033NZ|||||||||||||||B030ZZZ||||||||||||||||053|,6385|1|Sistema Nacional de Salud|-
220054|HOSPITAL DE BARBASTRO|27696|LTPL390751910014||11/07/1939|2|22300|05/11/2024||27|2|CGD|||||||||||06/11/2024|CGD|CGD|CGD|18025531V|1|05/11/2024|K43.2|S|I10|S|E78.1|S|R32|S|G47.33|S|J47.9|S|Z99.89|S|||||||||||||||||||||||||||0WUF0JZ||||||||||||||||||||||||||||||||||||227|1,0731|1|Sistema Nacional de Salud|-
220054|HOSPITAL DE BARBASTRO|85800|PYPY540422910014||22/04/1954|1|22300|05/11/2024||27|2|URO|||||||||||06/11/2024|URO|URO|URO|Y9933326P|1|05/11/2024|D09.0|S|N35.914|S|I10|S|E78.5|S|N40.0|S|||||||||||||||||||||||||||||||0TBB8ZZ|0T7D8ZZ|3E0K705||||||||||||||||||||||||||8130/2||||||||446|,7682|1|Sistema Nacional de Salud|-
220054|HOSPITAL DE BARBASTRO|59853|LMGR800948910012||08/09/1980|2|22630|06/11/2024||27|2|TRA|||||||||||06/11/2024|TRA|TRA|TRA|78333534L|1|06/11/2024|G56.02|S|||||||||||||||||||||||||||||||||||||||01N50ZZ||||||||||||||||||||||||||||||||||||026|1,3052|1|Sistema Nacional de Salud|-
220054|HOSPITAL DE BARBASTRO|33576|CLZC571124910017||24/11/1957|1|22300|06/11/2024||27|2|CGD|||||||||||07/11/2024|CGD|CGD|CGD|50883390F|1|06/11/2024|K40.90|S|E78.5|S|I87.2|S|F25.9|S|||||||||||||||||||||||||||||||||0YU54JZ||||||||||||||||||||||||||||||||||||228|1,0773|1|Sistema Nacional de Salud|-
220054|HOSPITAL DE BARBASTRO|33885|SRNV670942910019||02/09/1967|2|22300|02/11/2024||21|1|MIR|04/11/2024|NML|||||||||08/11/2024|NML|NML|NML|18056444H|1||J18.9|S|J45.901|S|J96.20|S|I10|S|E66.2|S|F41.9|S|Z99.89|E|Z99.81|E|Z87.891|E|||||||||||||||||||||||3E0333Z|3E0F7GC|3E03329||||||||||||||||||||||||||||||||||139|,85|1|Sistema Nacional de Salud|-
220054|HOSPITAL DE BARBASTRO|225654|||31/08/2002|2|22400|08/11/2024||21|1|OBS|||||||||||11/11/2024|OBS|OBS|OBS|72781954H|1||O23.02|S|O35.09X0|S|O35.06X0|S|Z3A.21|E|||||||||||||||||||||||||||||||||BY4CZZZ|3E03329|3E033NZ||||||||||||||||||||||||||||||||||566|,2688|1|Sistema Nacional de Salud|-
220054|HOSPITAL DE BARBASTRO|201961|||20/01/1944|2|22300|06/11/2024||21|1|MIR|||||||||||11/11/2024|MIR|MIR|MIR|72987424Y|1||I82.412|S|R40.0|N|T50.905A|N|F09|S|I11.9|S|I51.7|S|E11.9|S|E78.1|S|R13.10|S|Z95.0|E|Z95.3|E|Z85.3|E|Z92.3|E|Z74.09|S|Z79.84|E|Z79.82|E|||||||||B54CZZZ|4A02X4Z|3E013GC||||||||||||||||||||||||||||||||||197|,5149|3|Mutuas de Accidentes de trabajo|-
220054|HOSPITAL DE BARBASTRO|85908|NVGR510526910010||26/05/1951|1|22480|10/11/2024||21|1|MIR|||||||||||12/11/2024|MIR|MIR|MIR|18049390W|1||J98.8|S|B96.89|S|D80.1|S|C81.90|S|E79.0|S|G47.33|S|Z99.89|E|Z85.46|E|Z92.3|E|Z98.84|E|Z87.891|E|Z80.6|E|||||||||||||||||3E03329|3E0F7SF|BW241ZZ|BW29YZZ|3E0F7GC|3E033NZ|3E013VG||||||||||||||||||||||9650/3||||||||144|,6508|1|Sistema Nacional de Salud|-
220054|HOSPITAL DE BARBASTRO|42033|CSLL650909911011||09/09/1965|1|22410|23/10/2024||21|1|CGD|04/11/2024|MIR|||||||||13/11/2024|MIR|MIR|MIR|45942132T|1||K80.00|S|K70.31|N|N39.0|S|B96.20|S|Z16.12|S|J44.9|S|G47.33|S|F10.20|S|F14.91|S|F12.91|S|F20.0|S|F17.210|S|Z99.89|E|||||||||||||||3E033NZ|3E03329|BW40ZZZ|3E033GC|0W9G3ZX|3E0333Z|3E0337Z|3E0F7GC|3E013GC||||||||||||BF35ZZZ|BF37ZZZ|||||||||||||||284|,8061|1|Sistema Nacional de Salud|-
220054|HOSPITAL DE BARBASTRO|10180|NCPY530717910013||17/07/1953|1|22416|12/11/2024||27|2|CGD|||||||||||13/11/2024|CGD|CGD|CGD|17852991T|1|12/11/2024|K43.9|S|I10|S|E78.5|S|E11.9|S|Z79.84|E|Z79.82|E|||||||||||||||||||||||||||||0WUF0JZ||||||||||||||||||||||||||||||||||||227|1,0731|1|Sistema Nacional de Salud|-
220054|HOSPITAL DE BARBASTRO|202477|LPSC770362910010||22/03/1977|2|22210|12/11/2024||21|1|URO|||||||||||13/11/2024|URO|URO|URO|51460077S|1||N20.2|S|N23|S|M79.7|S|R53.82|S|G43.909|S|||||||||||||||||||||||||||||||BW2110Z|3E0337Z|3E033NZ||||||||||||||||||||||||||||||||||465|,5095|1|Sistema Nacional de Salud|-
220054|HOSPITAL DE BARBASTRO|8458|GRBR590563910014||23/05/1959|2|22500|30/10/2024||21|1|MIR|||||||||||13/11/2024|MIR|MIR|MIR|18055798Q|1||J70.2|S|T45.1X5A|S|J69.0|S|J96.91|S|C10.9|S|C79.51|S|R13.19|S|E10.65|N|T38.0X5A|N|E10.649|N|I87.2|S|F41.8|S|Z86.73|E|||||||||||||||3E0333Z|3E0F7SF|3E03329|4A13XR1|BW241ZZ|4A02X4Z|3E0F7GC|3E013GC|3E0337Z|3E033NZ|3E033GC||||||||||||||||||8070/3|8070/6|||||||144|,9353|1|Sistema Nacional de Salud|-
220054|HOSPITAL DE BARBASTRO|127541|RYFR350402910015||02/04/1935|1|22400|05/11/2024||21|1|URO|08/11/2024|GRT|||||||||14/11/2024|GRT|GRT|GERIATRIA|18048054T|1||A41.9|S|N39.0|S|N40.1|S|Z96.0|S|K59.09|S|Z88.8|E|||||||||||||||||||||||||||||BW20ZZZ|3E03329|3E033NZ|3E0F7SF|3E013GC|3E1H78Z|||||||||||||||||||||||||||||||720|,543|1|Sistema Nacional de Salud|-
220054|HOSPITAL DE BARBASTRO|73978|RBCL530821910019||21/08/1953|1|22300|10/11/2024||27|2|URO|||||||||||14/11/2024|URO|URO|URO|Y9933326P|1|11/11/2024|C61|S|G47.33|S|Z99.89|E|||||||||||||||||||||||||||||||||||0VT04ZZ|0VT34ZZ|0TBC4ZX||||||||||||||||||||||||||8550/3||||||||480|1,1363|1|Sistema Nacional de Salud|-
220054|HOSPITAL DE BARBASTRO|56857|RSSB440103910015||03/01/1944|1|22300|09/11/2024||21|1|MIR|11/11/2024|NRL|11/11/2024|MIR|||||||14/11/2024|MIR|MIR|MIR|18045774C|2||G40.901|S|I12.9|S|N18.9|S|D63.1|S|D50.9|S|M10.9|S|E55.9|S|Z86.718|E|Z79.82|E|||||||||||||||||||||||4A12X4Z|B348ZZZ|B020ZZZ|3E033NZ|3E033GC|5A1935Z|0BH17EZ|3E0337Z|||||||||||||B030ZZZ||||||||||||||||053|,6385|1|Sistema Nacional de Salud|-
220054|HOSPITAL DE BARBASTRO|51455|SFMT390464910016||24/04/1939|2|22400|04/11/2024||30|1|MIV|05/11/2024|CAR|||||||||14/11/2024|CAR|CAR|CAR|Y6058219X|1||I21.19|S|I25.10|S|I25.3|S|Z95.5|E|E11.9|S|I10|S|Z86.73|E|Z87.74|E|E03.9|S|Z79.82|E|Z79.84|E|Z88.0|E|||||||||||||||||4A02X4Z|4A12X4Z|4A13XB1|B246ZZZ|3E033NZ|3E033GC|3E013VG|3E0337Z|||||||||||||||||||||||||||||190|,7973|1|Sistema Nacional de Salud|-
220054|HOSPITAL DE BARBASTRO|50626|TRCM370331904015||31/03/1937|1|22430|05/10/2024||21|1|MIR|||||||||||14/11/2024|MIR|MIR|MIR|25195530L|1||K52.9|S|A04.72|S|D64.9|S|I10|S|E78.5|S|C61|S|Z19.2|E|C79.51|S|||||||||||||||||||||||||0DBK8ZX|0DBL8ZX|0DBM8ZX|0DBP8ZX|B020ZZZ|BW241ZZ|4A02X4Z|3E03329|3E0333Z||||||||||||||||||||8000/3|8000/6|||||||249|,5347|1|Sistema Nacional de Salud|-
220054|HOSPITAL DE BARBASTRO|1325|PJSL350346901016||06/03/1935|2|22300|12/11/2024||21|1|MIR|||||||||||14/11/2024|MIR|MIR|MIR|18045774C|4||I13.11|S|I50.1|S|N18.9|S|I35.0|S|J96.02|S|E87.29|S|J98.8|S|I42.0|S|I27.20|S|I48.20|S|J45.909|S|||||||||||||||||||5A0945Z|3E033GC|3E033NZ|3E013GC|3E0333Z|3E0337Z|||||||||||||||||||||||||||||||470|,8936|1|Sistema Nacional de Salud|-
220054|HOSPITAL DE BARBASTRO|144257|NZRG040468910013||28/04/2004|2|22312|11/11/2024||21|1|URO|||||||||||15/11/2024|URO|URO|URO|28626568D|1||N10|S|N91.1|S|L50.0|N|T36.8X5A|N|||||||||||||||||||||||||||||||||BW211ZZ|3E03329|3E0337Z|3E033NZ|3E033GC|3E0333Z|3E013GC||||||||||||||||||||||||||||||463|,4576|1|Sistema Nacional de Salud|-
220054|HOSPITAL DE BARBASTRO|226717|||27/03/1939|2|22430|05/11/2024||21|1|MIR|||||||||||15/11/2024|MIR|MIR|MIR|18052661F|1||J18.9|S|I11.0|S|I50.33|S|N39.0|S|B96.20|S|Z16.12|S|E05.20|S|I08.1|S|I27.20|S|I48.91|S|Z86.73|E|Z59.3|E|Z79.01|E|||||||||||||||BW21ZZZ|BG44ZZZ|B246ZZZ|4A02X4Z|3E03329|3E033GC|3E033NZ||||||||||||||||||||||||||||||139|,5829|1|Sistema Nacional de Salud|-
220054|HOSPITAL DE BARBASTRO|58655|RYML540967910012||27/09/1954|2|22530|08/11/2024||21|1|MIR|||||||||||15/11/2024|MIR|MIR|MIR|72987424Y|1||R50.9|S|J20.9|S|J70.4|S|T45.1X5A|S|C50.919|S|C78.7|S|Z17.0|E|J45.909|S|K12.0|S|D53.9|S|E87.1|S|I10|S|I87.2|S|E79.0|S|Z79.52|E|||||||||||3E1F88X|0B918ZX|3E03329|3E0333Z|||||||||||||||||||||||||8500/6|8500/3|||||||722|,5653|1|Sistema Nacional de Salud|-
220054|HOSPITAL DE BARBASTRO|39699|PNRL340353910017||13/03/1934|2|22532|09/11/2024||21|1|MIR|11/11/2024|GRT|||||||||15/11/2024|GRT|GRT|GERIATRIA|18047202E|1||J20.9|S|I11.0|S|I50.9|S|I51.7|S|J96.90|S|I48.91|S|E89.0|S|M81.0|S|F32.A|S|G31.84|S|Z88.8|E|Z85.3|E|Z90.11|E|Z92.3|E|||||||||||||3E03329|3E0F7GC|3E033GC|3E0333Z|||||||||||||||||||||||||||||||||145|,78|1|Sistema Nacional de Salud|-
220054|HOSPITAL DE BARBASTRO|226778|||02/01/1947|2|08225|12/11/2024||21|1|MIR|||||||||||15/11/2024|MIR|MIR|MIR|18052661F|1||S09.90XA|S|T79.6XXA|S|W19.XXXA|S|Y92.000|S|R82.5|S|R40.0|S|G30.9|S|F02.80|S|J98.8|S|||||||||||||||||||||||B020ZZZ|3E0337Z|3E013GC|3E033GC|||||||||||||||||||||||||||||||||115|,4819|1|Sistema Nacional de Salud|-
220054|HOSPITAL DE BARBASTRO|72998|CSLS930745910010||05/07/1993|2|22532|13/11/2024||21|1|OBS|||||||||||15/11/2024|OBS|OBS|OBS|72781954H|1||O99.284|S|E07.9|S|O99.344|S|F41.9|S|O70.0|N|O90.81|N|Z3A.37|E|Z37.0|E|Z67.10|E|||||||||||||||||||||||10E0XZZ|3E0R3BZ|0UQGXZZ|4A1HXCZ|||||||||||||||||||||||||||||||||560|,3169|1|Sistema Nacional de Salud|-
220054|HOSPITAL DE BARBASTRO|132|GRYS430502910019||02/05/1943|1|22400|11/11/2024||27|2|CGD|||||||||||16/11/2024|CGD|CGD|CGD|17852991T|1|12/11/2024|K80.10|S|I10|S|Z88.1|E|Z88.8|E|||||||||||||||||||||||||||||||||0FT40ZZ|BW40ZZZ|||||||||||||||||||||||||||||||||||263|,9851|1|Sistema Nacional de Salud|-
220054|HOSPITAL DE BARBASTRO|179866|MNND310413910014||13/04/1931|1|22550|07/11/2024||21|1|MIR|08/11/2024|GRT|||||||||18/11/2024|GRT|GRT|GERIATRIA|18047202E|1||J18.9|S|I13.0|S|N18.4|S|I50.9|S|I48.91|S|R00.1|S|T17.918A|S|R13.10|S|D50.9|S|E78.5|S|I71.9|S|I44.7|S|Z95.1|E|Z79.01|E|Z59.3|E|||||||||||4A02X4Z|3E03329|3E0F7GC||||||||||||||||||||||||||||||||||139|,5829|1|Sistema Nacional de Salud|-
220054|HOSPITAL DE BARBASTRO|14620|RMPV450767910019||27/07/1945|2|22400|15/11/2024||30|1|MIV|16/11/2024|CAR|||||||||18/11/2024|CAR|CAR|CAR|Y6058219X|1||I21.29|S|I24.1|S|I25.10|S|Z95.5|E|E78.5|S|I10|S|E03.9|S|M35.3|S|Z79.52|E|Z88.1|E|Z88.8|E|||||||||||||||||||3E013GC|4A02X4Z|4A12X4Z||||||||||||||||||||||||||||||||||190|,7973|1|Sistema Nacional de Salud|-
220054|HOSPITAL DE BARBASTRO|125132|MRPX010261910019||21/02/2001|2|22300|18/11/2024||21|1|GIN|||||||||||18/11/2024|GIN|GIN|GIN|76974873Z|1||N83.201|S|||||||||||||||||||||||||||||||||||||||BU4CZZZ|BW40ZZZ|3E0333Z|3E033NZ|||||||||||||||||||||||||||||||||532|,4436|1|Sistema Nacional de Salud|-
220054|HOSPITAL DE BARBASTRO|46094|VLMR410555910012||15/05/1941|2|22311|01/11/2024||21|1|CGD|05/11/2024|GRT|||||||||18/11/2024|GRT|GRT|GERIATRIA|18048054T|1|02/11/2024|L89.154|S|B96.4|S|G20|S|F02.80|S|E46|S|N17.9|S|I12.9|S|E11.22|S|N18.9|S|D63.1|S|E03.8|S|E78.5|S|F05|S|Z85.048|E|Z90.49|E|Z86.73|E|Z87.440|E|Z79.84|E|Z79.82|E|Z74.09|S|0JBC0ZZ|3E03329|3E03328|3E013VJ|3E033GC|3E033NZ|3E0337Z|3E013GC|3E013VG||||||||||||||||||||||||||||380|1,005|1|Sistema Nacional de Salud|-
220054|HOSPITAL DE BARBASTRO|45007|AR700751766C||22/05/1965|1|22300|18/11/2024||27|2|URO|||||||||||19/11/2024|URO|URO|URO|51460077S|1|18/11/2024|Q53.112|E|F17.210|S|Z87.01|E|Z86.19|E|||||||||||||||||||||||||||||||||0VT90ZZ||||||||||||||||||||||||||||||||||||483|1,0211|1|Sistema Nacional de Salud|-
220054|HOSPITAL DE BARBASTRO|38377|LSMR340904910010||04/09/1934|1|22417|12/11/2024||21|1|MIR|||||||||||19/11/2024|MIR|MIR|MIR|73016622V|1||I13.0|S|I50.33|S|I08.2|S|J45.909|S|R97.0|S|I87.2|S|K90.49|S|Z88.0|E|N18.31|S|I48.91|S|R00.1|S|Z79.01|E|Z91.012|E|Z91.09|E|Z88.8|E|||||||||||BW25ZZZ|BW40ZZZ|3E033GC|3E0F7GC|||||||||||||||||||||||||||||||||194|,6399|1|Sistema Nacional de Salud|-
220054|HOSPITAL DE BARBASTRO|57109|DLLZ520815910014||15/08/1952|1|22533|17/11/2024||21|1|MIR|18/11/2024|GRT|||||||||20/11/2024|GRT|GRT|GERIATRIA|72000771F|4||I13.0|S|I50.23|S|N18.32|S|R11.10|S|R19.7|S|I42.0|S|I48.21|S|I08.0|S|T82.897A|S|I36.1|S|Y83.1|S|E11.9|S|I27.20|S|E05.90|S|E79.0|S|D75.1|S|K76.1|S|E78.5|S|G31.84|S|Z79.01|E|BW24ZZZ|3E033GC|3E0337Z|3E03329|3E033NZ|3E013GC|||||||||||||||||||||||||||||||194|,6399|1|Sistema Nacional de Salud|-
220054|HOSPITAL DE BARBASTRO|93247|GLPL530619910013||19/06/1953|1|22534|13/11/2024||21|1|MIR|14/11/2024|NML|||||||||20/11/2024|NML|NML|NML|18055770B|1||J44.0|S|J44.1|S|J22|S|I10|S|E78.5|S|E11.9|S|Z87.891|E|Z79.84|E|Z95.5|E|Z88.0|E|Z91.09|E|||||||||||||||||||3E03329|3E0F7GC|3E0F7SF|3E0333Z|3E013GC|3E013VG|3E033NZ||||||||||||||||||||||||||||||140|,4929|1|Sistema Nacional de Salud|-
220054|HOSPITAL DE BARBASTRO|180085|MRGL540268904013||28/02/1954|2|22587|17/11/2024||27|2|URO|||||||||||20/11/2024|URO|URO|URO|Y9933326P|1|18/11/2024|D09.0|S|E78.5|S|Z85.42|E|Z90.710|E|Z90.722|E|||||||||||||||||||||||||||||||0TBB8ZZ||||||||||||||||||||||||||||8130/2||||||||446|,7682|1|Sistema Nacional de Salud|-
220054|HOSPITAL DE BARBASTRO|11109|SRRV610754910018||14/07/1961|2|22469|13/11/2024||27|2|TRA|||||||||||20/11/2024|TRA|TRA|TRA|Y2004544Q|1|14/11/2024|M17.12|S|Z88.6|E|Z91.041|E|||||||||||||||||||||||||||||||||||0SRD0JZ||||||||||||||||||||||||||||||||||||326|1,2262|1|Sistema Nacional de Salud|-
220054|HOSPITAL DE BARBASTRO|4543|BRRR640603910014||03/06/1964|1|22400|18/11/2024||21|1|MIR|||||||||||21/11/2024|MIR|MIR|MIR|25195530L|4||C61|S|C78.7|S|C77.2|S|C79.51|S|C79.52|S|Z51.5|E|||||||||||||||||||||||||||||3E033NZ|3E03329|3E0333Z|3E0337Z|||||||||||||||||||||||||8140/3|8140/6|||||||500|,754|1|Sistema Nacional de Salud|-
220054|HOSPITAL DE BARBASTRO|130865|FRRC500427911015||27/04/1950|1|22440|17/11/2024||27|2|URO|||||||||||21/11/2024|URO|URO|URO|Y9933326P|1|18/11/2024|C61|S|I10|S|||||||||||||||||||||||||||||||||||||0VT04ZZ|0VT34ZZ|0VTQ4ZZ|07TC4ZZ|||||||||||||||||||||||||8550/3||||||||480|1,1363|1|Sistema Nacional de Salud|-
220054|HOSPITAL DE BARBASTRO|24334|LPSN460415910010||15/04/1946|1|22300|19/11/2024||27|2|URO|||||||||||21/11/2024|URO|URO|URO|28626568D|1|19/11/2024|D09.0|S|E78.5|S|E11.9|S|I10|S|C78.7|S|Z79.60|E|Z85.038|E|Z90.49|E|||||||||||||||||||||||||0TBB8ZZ||||||||||||||||||||||||||||8130/2|8480/6|||||||446|,7682|1|Sistema Nacional de Salud|-
220054|HOSPITAL DE BARBASTRO|62576|CLCS770955910017||15/09/1977|2|22400|20/11/2024||27|2|GIN|||||||||||21/11/2024|GIN|GIN|GIN|18073112B|1|20/11/2024|D24.2|S|N60.82|S|||||||||||||||||||||||||||||||||||||0HBU0ZZ|0HHU3YZ|||||||||||||||||||||||||||8505/0||||||||363|1,1044|1|Sistema Nacional de Salud|-
220054|HOSPITAL DE BARBASTRO|194532|||29/12/2015|1|22535|21/11/2024||27|2|PED|||||||||||21/11/2024|PED|PED|PED|25359168N|1||Z01.82|E|||||||||||||||||||||||||||||||||||||||||||||||||||||||||||||||||||||||||||861|,4785|1|Sistema Nacional de Salud|-
220054|HOSPITAL DE BARBASTRO|226834|||30/07/1962|1|22337|18/11/2024||30|1|NRL|||||||||||22/11/2024|NRL|NRL|NRL|29121261H|1||I69.351|E|I69.320|E|R22.1|S|R07.9|S|I25.2|E|F17.210|S|Z79.82|E|||||||||||||||||||||||||||B020ZZZ|4A12X4Z|B246ZZZ||||||||||||||||||BR30ZZZ||||||||||||||||058|,7111|1|Sistema Nacional de Salud|-
220054|HOSPITAL DE BARBASTRO|202203|||21/03/2018|2|22300|21/11/2024||21|1|PED|||||||||||22/11/2024|PED|PED|PED|18025482Z|1||A09|S|||||||||||||||||||||||||||||||||||||||3E0337Z||||||||||||||||||||||||||||||||||||249|,4412|1|Sistema Nacional de Salud|-
220054|HOSPITAL DE BARBASTRO|10580|MTNS531152910011||12/11/1953|2|22300|17/11/2024||27|2|NML|||||||||||22/11/2024|NML|NML|NML|18056444H|1||C34.92|S|J91.0|S|R21|N|L27.0|N|T45.515A|N|T50.8X5A|N|B34.9|N|I10|S|I48.91|S|I44.7|S|E05.80|S|T46.2X5S|E|F32.A|S|Z57.2|E|||||||||||||0W9B3ZX|BB4BZZZ|3E0333Z|3E033GC|||||||||||||||||CW3NYZZ||||||||8140/3||||||||136|,7132|1|Sistema Nacional de Salud|-
220054|HOSPITAL DE BARBASTRO|106556|BRPR970966910010||26/09/1997|2|22415|20/11/2024||21|1|OBS|||||||||||22/11/2024|OBS|OBS|OBS|72781954H|1||O42.92|S|O99.824|S|O69.82X0|S|O48.0|S|O70.0|N|Z3A.40|E|Z37.0|E|Z67.40|E|||||||||||||||||||||||||10E0XZZ|3E0R3BZ|0HQ9XZZ|4A1HXCZ|||||||||||||||||||||||||||||||||560|,2876|1|Sistema Nacional de Salud|-
220054|HOSPITAL DE BARBASTRO|208287|||07/12/1997|2|22400|30/10/2024||21|1|MIV|31/10/2024|NEF|||||||||22/11/2024|NEF|NEF|NEF|17745829H|1||T82.858A|S|I16.0|S|T86.11|S|N05.9|S|T86.12|S|N18.6|S|Z99.2|E|R50.9|N|R78.81|N|B95.2|N|R59.9|S|H35.039|S|D69.6|S|Q61.4|E|Z79.621|E|Z79.52|E|||||||||4A13XB1|4A12X4Z|3E0337Z|3E033GC|3E03329|BW211ZZ|||||||||||||||||||||||||||||||206|2,2675|1|Sistema Nacional de Salud|-
220054|HOSPITAL DE BARBASTRO|72705|BRPR940157910012||17/01/1994|2|22400|21/11/2024||21|1|OBS|||||||||||23/11/2024|OBS|OBS|OBS|18073112B|1||O69.2XX0|N|O90.81|N|Z3A.40|E|Z37.0|E|Z67.20|E|||||||||||||||||||||||||||||||10E0XZZ|10907ZC|4A1HXCZ|3E0R3BZ|||||||||||||||||||||||||||||||||560|,2876|1|Sistema Nacional de Salud|-
220054|HOSPITAL DE BARBASTRO|215030|||28/10/1951|2|22485|20/11/2024||27|2|CGD|||||||||||23/11/2024|CGD|CGD|CGD|73204652E|1|20/11/2024|T85.49XA|S|Y83.1|S|I10|S|E78.5|S|||||||||||||||||||||||||||||||||0HPT0JZ|0HPU0JZ|0HBV0ZZ||||||||||||||||||||||||||||||||||363|1,1044|1|Sistema Nacional de Salud|-
220054|HOSPITAL DE BARBASTRO|40756|NSSN360403910012||03/04/1936|1|22400|10/11/2024||21|1|MIR|11/11/2024|GRT|||||||||24/11/2024|GRT|GRT|GERIATRIA|72000771F|4||I13.0|S|I50.33|S|E11.22|S|N18.4|S|N25.81|S|J18.9|N|Y95|N|J96.00|N|E78.5|S|E66.9|S|I25.2|E|I08.0|S|D64.9|S|E55.9|S|E21.1|S|K59.00|S|Z79.82|E|Z79.84|E|Z87.891|E|||3E033GC|3E03329|3E033NZ|3E0F7GC|3E013GC|3E1H78Z|3E0337Z|3E013VJ|3E0333Z||||||||||||||||||||||||||||194|,9142|1|Sistema Nacional de Salud|-
220054|HOSPITAL DE BARBASTRO|179319|ZRST450910901018||10/09/1945|1|22300|11/11/2024||21|1|MIR|||||||||||25/11/2024|MIR|MIR|MIR|18052661F|1||J18.9|S|Y95|E|D50.9|S|E06.3|S|K57.30|S|I48.91|S|Z79.01|E|Z95.0|E|I10|S|G47.30|S|Z99.89|E|Z85.46|E|Z92.3|E|||||||||||||||BW241ZZ|B246ZZZ|4A02X4Z|3E03329|3E033NZ|3E0337Z|3E033GC||||||||||||||||||||||||||||||139|,4269|1|Sistema Nacional de Salud|-
220054|HOSPITAL DE BARBASTRO|106012|GLGL500260910016||20/02/1950|2|22530|13/11/2024||27|2|CGD|14/11/2024|MIV|15/11/2024|CGD|||||||26/11/2024|CGD|CGD|CGD|77133926E|1|14/11/2024|C16.9|S|C77.2|S|D50.0|S|Z53.31|E|I97.52|N|Y65.8|N|E86.1|N|A04.72|N|I10|S|I44.7|S|Z95.0|E|||||||||||||||||||0DT60ZZ|0D130ZA|0D1A0ZA|07BD0ZZ|0DBL0ZZ|0WJG4ZZ|BW211ZZ|BW21ZZZ|3E013GC|3E013VJ|3E0437Z|3E043GC|3E0F7SF|4A13XB1|4A13XR1|4A12X4Z|0T9B70Z||||||||||||8574/3|8574/6|||||||220|3,0748|1|Sistema Nacional de Salud|-
220054|HOSPITAL DE BARBASTRO|106819|PRSL390607910011||07/06/1939|1|22533|05/11/2024||21|1|MIR|||||||||||26/11/2024|MIR|MIR|MIR|18055798Q|1||K85.10|S|K80.70|S|K83.1|S|K76.89|S|I10|S|E11.9|S|Z79.4|E|G31.83|S|F02.80|S|G20|S|M47.9|S|M99.83|S|Z87.440|E|Z91.041|E|||||||||||||BW20ZZZ|3E03329|3E0337Z|3E033NZ|3E013GC|3E0333Z|||||||||||||||BW30YZZ|BF35YZZ|BF37YZZ|0FC98ZZ|0FD98ZX||||||||||||282|,6409|1|Sistema Nacional de Salud|-
220054|HOSPITAL DE BARBASTRO|38305|HRCS440713904010||13/07/1944|1|22500|19/11/2024||21|1|MIR|||||||||||27/11/2024|MIR|MIR|MIR|18055798Q|1||R50.9|S|Z87.01|E|I12.9|S|E11.22|S|N18.4|S|D64.9|S|J44.9|S|I71.40|S|I87.2|S|Z87.891|E|Z95.820|E|Z86.711|E|Z79.84|E|Z79.01|E|Z79.82|E|||||||||||BW24ZZZ|B246ZZZ|4A02X4Z|3E03329|3E0F7SF|3E033NZ|3E0337Z|3E013VG|3E013VJ|3E033GC|||||||||||||||||||||||||||722|,5653|1|Sistema Nacional de Salud|-
220054|HOSPITAL DE BARBASTRO|220899|||25/06/1960|2|22400|23/11/2024||21|1|MIR|||||||||||27/11/2024|MIR|MIR|MIR|17702334Q|1||K52.9|S|I10|S|E11.9|S|E03.9|S|Z79.84|E|Z79.82|E|||||||||||||||||||||||||||||3E0337Z|3E03329|3E033NZ|3E033GC|3E013VG||||||||||||||||||||||||||||||||249|,4412|1|Sistema Nacional de Salud|-
220054|HOSPITAL DE BARBASTRO|226857|||12/08/1953|1|25230|19/11/2024||21|1|MIV|||||||||||27/11/2024|MIV|MIV|MIV|18040941V|2||S27.322A|S|S22.21XA|S|S22.42XA|S|S32.011A|S|S32.029A|S|S32.039A|S|S36.892A|S|S30.1XXA|S|T79.6XXA|S|V43.52XA|S|I95.89|S|I48.0|S|R73.01|S|I25.2|E|Z95.5|E|Z79.01|E|||||||||BW201ZZ|B020ZZZ|BW24ZZZ|3E033NZ|3E0337Z|3E043GR|3E0F7SF|3E043XZ|30233N1|3E043RZ|5A09457|3E0436Z|3E013VG|3E043GC|3E0437Z|3E04329|4A12X4Z|4A13XB1|4A133B1|0T9B70Z|||||||||||||||||930|1,4498|5|Privado|-
220054|HOSPITAL DE BARBASTRO|86720|PJDL340652906010||12/06/1934|2|22500|13/11/2024||21|1|TRA|||||||||||28/11/2024|TRA|TRA|TRA|Y2004544Q|5|15/11/2024|S72.011A|S|W19.XXXA|S|N39.0|N|D64.9|N|N81.9|S|M81.0|S|I13.0|S|I50.9|S|N18.9|S|E11.22|S|F43.20|S|||||||||||||||||||0SRR0J9|F07L6ZZ|F07Z9ZZ|3E013GC|3E033NZ|3E0337Z|3E033GC|3E0333Z|30233N1|3E013VG|3E03329||||||||||||||||||||||||||323|1,6211|1|Sistema Nacional de Salud|-
220054|HOSPITAL DE BARBASTRO|11823|GRRD530461909011||21/04/1953|2|22400|26/11/2024||27|2|CGD|||||||||||28/11/2024|CGD|CGD|CGD|17852991T|1|26/11/2024|K80.10|S|I10|S|E11.9|S|I27.82|S|Z79.01|E|E78.5|S|Z85.038|E|Z85.89|E|Z92.21|E|Z90.49|E|Z90.2|E|Z90.710|E|Z90.722|E|Z79.84|E|||||||||||||0FT44ZZ||||||||||||||||||||||||||||||||||||263|1,2659|1|Sistema Nacional de Salud|-
220054|HOSPITAL DE BARBASTRO|226921|||13/02/1961|1|22439|26/11/2024||30|1|NRL|||||||||||28/11/2024|NRL|NRL|NRL|72971573W|1||Z48.812|E|I69.320|E|||||||||||||||||||||||||||||||||||||4A12X4Z||||||||||||||||||||B030ZZZ|B33RZZZ|B338ZZZ||||||||||||||862|,5723|6|Financiación Mixta|-
220054|HOSPITAL DE BARBASTRO|132164|FFXX790101466070||01/01/1979|1|22500|27/11/2024||27|2|CGD|||||||||||28/11/2024|CGD|CGD|CGD|17852991T|1|27/11/2024|K64.2|S|||||||||||||||||||||||||||||||||||||||06BY0ZC||||||||||||||||||||||||||||||||||||226|,8052|1|Sistema Nacional de Salud|-
220054|HOSPITAL DE BARBASTRO|210781|||10/01/1988|1|22400|26/11/2024||21|1|NRL|||||||||||28/11/2024|NRL|NRL|NRL|29121261H|1||R20.2|S|F06.30|S|||||||||||||||||||||||||||||||||||||B020ZZZ|3E0333Z|3E033NZ|3E0337Z|||||||||||||||||B030YZZ|BR30YZZ|||||||||||||||058|,7111|1|Sistema Nacional de Salud|-
220054|HOSPITAL DE BARBASTRO|223976|||17/04/1983|2|22520|28/11/2024||27|2|GIN|||||||||||29/11/2024|GIN|GIN|GIN|47919222X|1|28/11/2024|D25.0|S|||||||||||||||||||||||||||||||||||||||0UB98ZZ||||||||||||||||||||||||||||8890/0||||||||519|,7015|1|Sistema Nacional de Salud|-
220054|HOSPITAL DE BARBASTRO|860|PDMR640261910019||21/02/1964|2|22300|24/11/2024||21|1|MIR|25/11/2024|NML|||||||||29/11/2024|NML|NML|NML|18056444H|1||B20|S|J43.9|S|J18.9|S|J96.10|S|N39.0|S|B96.20|S|Z16.29|S|Z16.11|S|A63.0|S|F17.210|S|F11.20|S|Z79.899|E|Z99.81|E|Z86.19|E|Z87.01|E|Z85.41|E|Z90.710|E|Z86.002|E|Z87.440|E|Z79.82|E|3E03329|3E0F7SF|3E033NZ|3E0337Z|3E0333Z|3E0F7GC|||||||||||||||||||||||||||||||892|,7415|1|Sistema Nacional de Salud|-
220054|HOSPITAL DE BARBASTRO|208960|||14/04/1993|2|22400|28/11/2024||21|1|OBS|||||||||||30/11/2024|OBS|OBS|OBS|73003838K|1||O14.13|S|O36.5930|S|O41.03X0|S|O60.14X0|S|O99.824|S|O34.83|S|N90.811|S|O62.3|N|O90.81|N|O69.82X0|S|Z67.20|E|Z3A.36|E|Z37.0|E|||||||||||||||10E0XZZ|4A1HXCZ|10907ZC|3E0P7VZ|3E03329||||||||||||||||||||||||||||||||560|,4463|1|Sistema Nacional de Salud|-
220054|HOSPITAL DE BARBASTRO|62174|RNST550522910013||22/05/1955|1|22520|28/11/2024||27|2|CGD|||||||||||30/11/2024|CGD|CGD|CGD|73204652E|1|29/11/2024|C43.59|S|C77.3|S|I10|S|N40.0|S|||||||||||||||||||||||||||||||||07B50ZX|0HB5XZZ|C75N1ZZ||||||||||||||||||||||||||8720/3|8720/6|||||||364|,7312|1|Sistema Nacional de Salud|-
220054|HOSPITAL DE BARBASTRO|23211|23211||29/12/1948|1|22422|24/11/2024||27|2|URO|||||||||||30/11/2024|URO|URO|URO|Y9933326P|1|25/11/2024|N40.1|S|E11.9|S|E78.5|S|I44.0|S|F09|S|||||||||||||||||||||||||||||||0VB00ZZ||||||||||||||||||||||||||||||||||||484|1,1282|1|Sistema Nacional de Salud|-
220054|HOSPITAL DE BARBASTRO|125918|CLGB010653910016||13/06/2001|2|22424|29/11/2024||21|1|OBS|||||||||||01/12/2024|OBS|OBS|OBS|18073112B|1||O99.824|S|O90.81|N|Z67.20|E|Z3A.39|E|Z37.0|E|||||||||||||||||||||||||||||||10E0XZZ|3E0R3BZ|4A1HXCZ||||||||||||||||||||||||||||||||||560|,2876|1|Sistema Nacional de Salud|-
220054|HOSPITAL DE BARBASTRO|203927|||27/02/1983|2|22234|28/11/2024||27|2|GIN|||||||||||01/12/2024|GIN|GIN|GIN|73010241F|1|29/11/2024|D25.2|S|N83.8|S|||||||||||||||||||||||||||||||||||||0UT90ZZ|0UT70ZZ|||||||||||||||||||||||||||8890/0||||||||519|,7015|1|Sistema Nacional de Salud|-
220054|HOSPITAL DE BARBASTRO|127398|LTVI510161910019||21/01/1951|2|22550|11/10/2024||21|1|MIR|||||||||||03/12/2024|MIR|MIR|MIR|17702334Q|5|30/10/2024|B02.21|S|B37.89|S|B37.0|N|B00.89|N|K29.70|S|J98.8|N|E09.9|S|T38.0X5A|S|I10|S|C90.00|S|M81.0|S|M62.59|N|Z85.118|E|Z90.2|E|||||||||||||B020ZZZ|08D9XZX|0HD3XZZ|BW40ZZZ|0DB58ZX|0DB68ZX|3E0F7GC|3E013VG|02H633Z|3E0436Z|F07Z9ZZ|F0746ZZ|3E0CX29|3E023GC|3E033GC|3E0337Z|3E0333Z|3E013GC|3E033NZ||||||||||9732/3||||||||952|2,0055|1|Sistema Nacional de Salud|-
220054|HOSPITAL DE BARBASTRO|226648|||28/07/1966|1|22400|01/12/2024||27|2|ORL|||||||||||03/12/2024|ORL|ORL|ORL|26283260X|1|02/12/2024|J38.1|S|||||||||||||||||||||||||||||||||||||||0CBS8ZZ||||||||||||||||||||||||||||||||||||115|,4819|1|Sistema Nacional de Salud|-
220054|HOSPITAL DE BARBASTRO|113102|GLML370325910017||25/03/1937|1|22520|26/11/2024||21|1|TRA|||||||||||03/12/2024|TRA|TRA|TRA|Y2004544Q|2|29/11/2024|S72.012A|S|W19.XXXA|E|I10|S|I48.91|S|D53.1|S|C61|S|||||||||||||||||||||||||||||0SRS0J9|3E033NZ|3E0337Z|3E033GC|3E013GC||||||||||||||||||||||||8000/3||||||||323|1,6211|1|Sistema Nacional de Salud|-
220054|HOSPITAL DE BARBASTRO|158236|SCSR080170910010|i|30/01/2008|2|22300|02/12/2024||27|2|PED|||||||||||04/12/2024|PED|PED|PED|18036541X|1||E10.65|S|||||||||||||||||||||||||||||||||||||||||||||||||||||||||||||||||||||||||||420|,4309|1|Sistema Nacional de Salud|-
220054|HOSPITAL DE BARBASTRO|128174|PLXX480760804015||20/07/1948|2|22300|27/11/2024||21|1|TRA|||||||||||04/12/2024|TRA|TRA|TRA|Z2347614D|1||S22.088A|S|W19.XXXA|S|I10|S|E11.9|S|J45.909|S|Z79.84|E|||||||||||||||||||||||||||||2W35X3Z|3E033NZ|3E0F7GC|3E013GC|3E0333Z|3E0337Z|3E013VG||||||||||||||||||||||||||||||347|,6123|1|Sistema Nacional de Salud|-
220054|HOSPITAL DE BARBASTRO|226983|||20/10/1999|2|22367|29/11/2024||21|1|MIR|||||||||||04/12/2024|MIR|MIR|MIR|18045774C|2||B17.9|S|D68.4|S|||||||||||||||||||||||||||||||||||||BW40ZZZ|BW20ZZZ|3E0337Z|3E033NZ|||||||||||||||||||||||||||||||||283|,6468|1|Sistema Nacional de Salud|-
220054|HOSPITAL DE BARBASTRO|227019|||03/03/2020|1|22580|04/12/2024||21|1|PED|||||||||||05/12/2024|PED|PED|PED|25359168N|1||E86.0|S|E87.21|S|||||||||||||||||||||||||||||||||||||3E0337Z||||||||||||||||||||||||||||||||||||422|,4822|1|Sistema Nacional de Salud|-
220054|HOSPITAL DE BARBASTRO|222729|||07/09/2023|2|22430|04/12/2024||21|1|PED|||||||||||05/12/2024|PED|PED|PED|25359168N|1||R11.10|S|||||||||||||||||||||||||||||||||||||||3E0337Z||||||||||||||||||||||||||||||||||||249|,4412|1|Sistema Nacional de Salud|-
220054|HOSPITAL DE BARBASTRO|174981|RDLT630518910014||18/05/1963|1|22500|04/12/2024||27|2|CGD|||||||||||05/12/2024|CGD|CGD|CGD|72889973Y|1|04/12/2024|N62|S|I10|S|||||||||||||||||||||||||||||||||||||0HBU0ZZ||||||||||||||||||||||||||||||||||||363|1,1044|1|Sistema Nacional de Salud|-
220054|HOSPITAL DE BARBASTRO|86465|LRBJ830956901017||16/09/1983|2|22580|01/12/2024||27|2|CGD|||||||||||05/12/2024|CGD|CGD|CGD|77133926E|1|02/12/2024|C73|S|I95.9|N|E03.9|S|I87.2|S|I47.1|S|Z86.39|E|||||||||||||||||||||||||||||0GTK0ZZ|07B20ZZ|3E0F7GC||||||||||||||||||||||||||8340/3||||||||404|1,3107|1|Sistema Nacional de Salud|-
220054|HOSPITAL DE BARBASTRO|130147|DLLB490555910012||15/05/1949|2|22533|15/11/2024||21|1|MIR|||||||||||05/12/2024|MIR|MIR|MIR|72987424Y|1||K85.90|S|R65.11|S|N17.9|S|F05|N|E87.1|S|I50.9|N|T50.3X5A|N|B37.0|S|I10|S|E11.319|S|E78.5|S|E79.0|S|K76.0|S|E55.9|S|Z88.8|E|Z79.84|E|||||||||3E03329|BW241ZZ|4A02X4Z|3E0337Z|3E033GC||||||||||||||||||||||||||||||||282|1,064|1|Sistema Nacional de Salud|-
220054|HOSPITAL DE BARBASTRO|157247|CLTR071112910012||12/11/2007|1|22300|05/12/2024||21|1|TRA|||||||||||05/12/2024|TRA|TRA|TRA|Z2347614D|1||S52.021A|S|V19.88XA|S|||||||||||||||||||||||||||||||||||||3E033NZ||||||||||||||||||||||||||||||||||||342|,5142|1|Sistema Nacional de Salud|-
220054|HOSPITAL DE BARBASTRO|43127|SNMX641214913018||14/12/1964|1|22500|05/12/2024||27|2|TRA|||||||||||05/12/2024|TRA|TRA|TRA|73090858D|1||M72.0|S|J45.909|S|E78.5|S|R73.01|S|R74.01|S|Z53.8|S|||||||||||||||||||||||||||||||||||||||||||||||||||||||||||||||||351|,5067|1|Sistema Nacional de Salud|-
220054|HOSPITAL DE BARBASTRO|23542|MNMZ690951910019||11/09/1969|2|22534|05/12/2024||27|2|TRA|||||||||||06/12/2024|TRA|TRA|TRA|73090858D|1|05/12/2024|S52.572A|S|S52.612A|S|W19.XXXA|S|||||||||||||||||||||||||||||||||||0PSJ04Z||||||||||||||||||||||||||||||||||||315|,898|1|Sistema Nacional de Salud|-
220054|HOSPITAL DE BARBASTRO|223495|||25/07/1977|1|22400|05/12/2024||27|2|CGD|||||||||||06/12/2024|CGD|CGD|CGD|72889973Y|1|05/12/2024|K60.3|S|||||||||||||||||||||||||||||||||||||||0JBB0ZZ||||||||||||||||||||||||||||||||||||254|,5043|1|Sistema Nacional de Salud|-
220054|HOSPITAL DE BARBASTRO|32058|PLMN861055910018||15/10/1986|2|22300|04/12/2024||21|1|OBS|||||||||||06/12/2024|OBS|OBS|OBS|73003838K|1||O48.0|S|Z3A.40|E|Z67.40|E|Z37.0|E|||||||||||||||||||||||||||||||||10E0XZZ|3E0R3BZ|10907ZC|4A1HXCZ|||||||||||||||||||||||||||||||||560|,2876|1|Sistema Nacional de Salud|-
220054|HOSPITAL DE BARBASTRO|24882|AR000020220J||22/06/1955|1|22400|04/11/2024||21|1|MIR|||||||||||07/12/2024|MIR|MIR|MIR|18049390W|4||N39.0|S|R78.81|S|B96.20|S|A04.72|N|B37.7|N|B37.49|N|N17.9|N|N18.9|S|N13.9|S|N14.19|S|T45.1X5S|E|D63.0|S|C79.19|S|C77.5|S|Z85.51|E|Z85.46|E|Z90.6|E|Z90.79|E|Z93.6|E|E78.5|S|3E03329|3E0337Z|3E0333Z|3E033NZ|3E013GC||||||||||||||||||||||||8130/6||||||||463|,7681|1|Sistema Nacional de Salud|-
220054|HOSPITAL DE BARBASTRO|136869|PRCL720159901013||19/01/1972|2|22410|05/12/2024||27|2|CGD|||||||||||07/12/2024|CGD|CGD|CGD|18025531V|1|05/12/2024|K80.12|S|E66.9|S|E89.0|S|F41.8|S|||||||||||||||||||||||||||||||||0FT44ZZ||||||||||||||||||||||||||||||||||||263|,9851|1|Sistema Nacional de Salud|-
220054|HOSPITAL DE BARBASTRO|14317|HGPL561070910017||30/10/1956|2|22400|28/11/2024||21|1|OBS|29/11/2024|GIN|||||||||10/12/2024|GIN|GIN|GIN|72781954H|1|29/11/2024|T81.41XA|S|L02.215|S|L03.317|S|B96.89|S|Z16.24|S|Y83.4|S|M79.7|S|M19.90|S|Z88.0|E|||||||||||||||||||||||0W9N0ZZ|3E03329|3E03328|3E033NZ|3E013GC|3E0337Z|||||||||||||||||||||||||||||||711|1,3888|1|Sistema Nacional de Salud|-
220054|HOSPITAL DE BARBASTRO|72727|ZRTR410916901014||16/09/1941|1|22421|04/12/2024||21|1|MIR|05/12/2024|CAR|||||||||10/12/2024|CAR|CAR|CAR|Y6058219X|1||I13.0|S|I50.30|S|R00.1|S|N18.4|S|I48.21|S|I25.10|S|E11.319|S|E78.5|S|E03.2|S|T46.2X5S|E|Z79.84|E|Z86.16|E|Z95.5|E|Z79.01|E|||||||||||||4A02X4Z|3E033GC|3E013GC||||||||||||||||||||||||||||||||||194|,6399|1|Sistema Nacional de Salud|-
220054|HOSPITAL DE BARBASTRO|76772|BRNT380826917014||26/08/1938|1|22400|25/11/2024||21|1|MIR|26/11/2024|GRT|||||||||10/12/2024|GRT|GRT|GERIATRIA|72000771F|1||A09|S|G30.9|S|F02.C0|S|R13.12|S|F05|S|I12.9|S|N18.9|S|I45.10|S|E78.5|S|M81.0|S|M19.90|S|N40.0|S|R54|S|R15.9|S|R32|S|Z59.3|E|||||||||3E03329|0DBN8ZZ|3E1H78Z|3E0337Z|3E033NZ|3E013GC|||||||||||||||||||||||||||||||249|,5347|1|Sistema Nacional de Salud|-
220054|HOSPITAL DE BARBASTRO|157703|LLGR850362901016||22/03/1985|2|22330|09/12/2024||21|1|OBS|||||||||||10/12/2024|OBS|OBS|OBS|72781954H|1|09/12/2024|O03.4|S|||||||||||||||||||||||||||||||||||||||10D17ZZ||||||||||||||||||||||||||||||||||||543|,431|1|Sistema Nacional de Salud|-
220054|HOSPITAL DE BARBASTRO|128340|GRGR310413910016||13/04/1931|1|22430|11/11/2024||21|1|TRA|||||||||||10/12/2024|TRA|TRA|TRA|73090858D|1|26/11/2024|S72.012A|S|W19.XXXA|S|I11.0|S|I50.32|S|I73.9|S|I51.7|S|I08.3|S|I27.20|S|I48.21|S|I44.7|S|||||||||||||||||||||0SRS0J9|3E033NZ|3E0337Z|3E033GC|3E03329||||||||||||||||||||||||||||||||323|1,6211|1|Sistema Nacional de Salud|-
220054|HOSPITAL DE BARBASTRO|41537|NDFL720416910010||16/04/1972|1|22367|09/12/2024||21|1|CAR|||||||||||11/12/2024|CAR|CAR|CAR|Y6058219X|1||I20.0|S|F17.210|S|G40.909|S|||||||||||||||||||||||||||||||||||4A02X4Z|B246ZZZ|||||||||||||||||||||||||||||||||||198|,4962|1|Sistema Nacional de Salud|-
220054|HOSPITAL DE BARBASTRO|174548|MRCL370359910016||19/03/1937|2|22500|05/12/2024||21|1|MIR|||||||||||11/12/2024|MIR|MIR|MIR|18045774C|1||I11.0|S|I09.81|S|I50.33|S|I08.0|S|N39.0|S|I48.21|S|J45.909|S|E66.9|S|F32.A|S|Z59.3|E|||||||||||||||||||||3E033GC|3E03329|4A02X4Z||||||||||||||||||||||||||||||||||194|,4787|1|Sistema Nacional de Salud|-
220054|HOSPITAL DE BARBASTRO|10364|JMPL440253904016||13/02/1944|2|22300|22/11/2024||21|1|MIR|||||||||||11/12/2024|MIR|MIR|MIR|18052661F|1||L89.152|S|B96.89|S|I10|S|E78.5|S|E03.9|S|G31.83|S|F02.80|S|Z86.16|E|Z59.3|E|||||||||||||||||||||||3E03329|3E033GC|||||||||||||||||||||||||||||||||||380|,6741|1|Sistema Nacional de Salud|-
220054|HOSPITAL DE BARBASTRO|210856|||20/05/1945|2|22400|10/10/2024||21|1|MIR|||||||||||12/12/2024|MIR|MIR|MIR|17702334Q|5||J20.9|S|J96.90|S|S22.080A|S|S32.038A|S|S32.048A|S|S22.43XA|S|W19.XXXA|S|M43.06|S|M62.3|S|E66.01|S|N39.0|N|R78.81|N|B96.4|N|R33.9|N|R31.0|N|N20.0|S|K80.20|S|I10|S|D50.9|S|F32.A|S|3E03329|3E0F7GC|3E033NZ|3E0333Z|3E033GC|3E0337Z|BR29ZZZ|BW241ZZ|B020ZZZ|4A02X4Z|0T9B70Z|3E1K78Z|3E013VG|F07M7ZZ|||||||||||||||||||||||145|1,3471|1|Sistema Nacional de Salud|-
220054|HOSPITAL DE BARBASTRO|185000||.....|17/03/2012|2|22510|12/12/2024||27|2|PED|||||||||||12/12/2024|PED|PED|PED|18161158J|1||Z01.82|E|||||||||||||||||||||||||||||||||||||||||||||||||||||||||||||||||||||||||||861|,4785|1|Sistema Nacional de Salud|-
220054|HOSPITAL DE BARBASTRO|93315|LGLN560220910016||20/02/1956|1|22466|09/12/2024||21|1|URO|||||||||||13/12/2024|URO|URO|URO|51460077S|1|09/12/2024|N20.0|S|||||||||||||||||||||||||||||||||||||||0T9380Z|0T9480Z|BW21ZZZ||||||||||||||||||||||||||||||||||443|1,0933|1|Sistema Nacional de Salud|-
220054|HOSPITAL DE BARBASTRO|147589|RMRS600718910011||18/07/1960|1|22430|07/11/2024||21|1|MIV|11/11/2024|MIR|||||||||13/12/2024|MIR|MIR|MIR|18052661F|5||N17.9|S|I95.9|S|R40.2413|S|T46.0X5A|S|R57.8|S|I48.91|S|I13.0|S|D63.1|S|E87.20|S|E87.5|S|D69.6|N|L89.153|N|M62.3|N|I50.32|S|N18.9|S|I27.20|S|E11.22|S|E03.9|S|E66.9|S|E78.1|S|3E033XZ|3E0F7SF|3E03329|30233N1|B020ZZZ|B246ZZZ|4A02X4Z|4A12X4Z|4A133B1|3E013GC|||||||||||||||||||||||||||469|,946|1|Sistema Nacional de Salud|-
220054|HOSPITAL DE BARBASTRO|59639|MNJM871162901013||22/11/1987|2|22400|12/12/2024||27|2|CGD|||||||||||13/12/2024|CGD|CGD|CGD|17852991T|1|12/12/2024|K64.8|S|||||||||||||||||||||||||||||||||||||||06BY0ZC||||||||||||||||||||||||||||||||||||226|,8052|1|Sistema Nacional de Salud|-
220054|HOSPITAL DE BARBASTRO|224412|||17/08/1992|2|22520|10/12/2024||21|1|OBS|||||||||||13/12/2024|OBS|OBS|OBS|72781954H|1||O48.0|S|O90.81|N|O87.2|N|Z67.40|E|Z3A.41|E|Z37.0|E|||||||||||||||||||||||||||||10E0XZZ|3E0R3BZ|4A1HXCZ|10907ZC|3E033VJ||||||||||||||||||||||||||||||||560|,2876|1|Sistema Nacional de Salud|-
220054|HOSPITAL DE BARBASTRO|218178|||15/06/2022|1|22315|12/12/2024||21|1|PED|||||||||||13/12/2024|PED|PED|PED|25359168N|1||R56.00|S|J06.9|S|G40.909|S|||||||||||||||||||||||||||||||||||3E033GC|3E0337Z|||||||||||||||||||||||||||||||||||053|,5154|1|Sistema Nacional de Salud|-
220054|HOSPITAL DE BARBASTRO|146564|PGRX710521901018||21/05/1971|1|22471|10/12/2024||21|1|MIR|||||||||||13/12/2024|MIR|MIR|MIR|45942132T|1||A41.51|S|K80.32|S|B96.20|S|K75.3|S|R93.2|S|I95.9|S|E78.5|S|F41.9|S|F17.210|S|Z90.49|E|||||||||||||||||||||3E033NZ|BW40ZZZ|BW201ZZ|BW2010Z|BF2510Z|3E0337Z|3E033NZ||||||||||||||BF35ZZZ|BF37ZZZ|||||||||||||||720|,7111|1|Sistema Nacional de Salud|-
220054|HOSPITAL DE BARBASTRO|107370|RCSN350905910015||05/09/1935|1|22486|05/12/2024||21|1|MIR|||||||||||13/12/2024|MIR|MIR|MIR|18045774C|4||I13.0|S|I50.813|S|I50.33|S|N18.9|S|D63.1|S|I27.20|S|N17.9|S|J96.92|S|E87.0|S|S40.021A|S|S30.1XXA|S|W19.XXXA|S|D50.0|S|E11.9|S|I48.91|S|I08.3|S|Z79.01|E|||||||3E033GC|3E033NZ|3E013GC||||||||||||||||||||||||||||||||||194|,9142|1|Sistema Nacional de Salud|-
220054|HOSPITAL DE BARBASTRO|210356|LSXX560615100013||15/06/1956|1|22520|05/12/2024||30|1|CAR|||||||||||15/12/2024|CAR|CAR|CAR|Y6058219X|2||I21.19|S|I25.10|S|I10|S|E78.5|S|E11.9|S|F17.210|S|I25.2|E|Z95.5|E|Z60.3|S|||||||||||||||||||||||B246ZZZ|4A02X4Z|3E033NZ|3E013GC|3E013VG||||||||||||||||B2111ZZ|B2151ZZ|||||||||||||||190|,7973|1|Sistema Nacional de Salud|-
220054|HOSPITAL DE BARBASTRO|226410|||06/10/2024|1|22400|13/12/2024||21|1|PED|||||||||||16/12/2024|PED|PED|PED|18161158J|1||J21.9|S|J96.00|S|||||||||||||||||||||||||||||||||||||3E0F7SF||||||||||||||||||||||||||||||||||||138|,8471|1|Sistema Nacional de Salud|-
220054|HOSPITAL DE BARBASTRO|138491|FLPS020364910018||24/03/2002|2|22400|14/12/2024||21|1|OBS|||||||||||17/12/2024|OBS|OBS|OBS|72781954H|1||O90.89|N|N90.89|N|Z67.40|E|Z3A.38|E|Z37.0|E|||||||||||||||||||||||||||||||10D07Z6|4A12X4Z|3E0R3BZ||||||||||||||||||||||||||||||||||560|,2876|1|Sistema Nacional de Salud|-
220054|HOSPITAL DE BARBASTRO|20668|MTPX670406910011||06/04/1967|1|22400|04/12/2024||21|1|MIR|11/12/2024|NML|||||||||17/12/2024|NML|NML|NML|18056444H|1||C34.92|S|J91.0|S|J96.01|S|N39.0|S|B96.20|S|B96.4|S|I11.9|S|I51.7|S|E11.42|S|K86.89|S|Z21|S|F11.20|S|Z86.19|E|E78.5|S|F10.10|S|F12.10|S|Z87.891|E|Z85.51|E|Z90.6|E|Z90.79|E|0W9B3ZX|0W9B3ZZ|BW241ZZ|4A02X4Z|3E0F7SF|3E0337Z|3E033NZ||||||||||||||||||||||8140/3||||||||136|1,2477|1|Sistema Nacional de Salud|-
220054|HOSPITAL DE BARBASTRO|78591|SNGR301160901014||20/11/1930|2|22400|16/12/2024||21|1|MIR|17/12/2024|GRT|||||||||17/12/2024|GRT|GRT|GERIATRIA|18048054T|4||I50.9|S|T17.918A|S|J96.00|S|||||||||||||||||||||||||||||||||||3E033GC|3E0333Z|3E013GC|3E0337Z|||||||||||||||||||||||||||||||||194|,9142|1|Sistema Nacional de Salud|-
220054|HOSPITAL DE BARBASTRO|116658|RLBR511219910018||19/12/1951|1|22530|15/12/2024||27|2|CGD|||||||||||18/12/2024|CGD|CGD|CGD|18045029B|1|16/12/2024|D34|S|I10|S|E78.5|S|K44.9|S|Z85.46|E|Z90.79|E|Z92.3|E|Z88.8|E|||||||||||||||||||||||||0GTH0ZZ||||||||||||||||||||||||||||8330/0||||||||404|,8716|1|Sistema Nacional de Salud|-
220054|HOSPITAL DE BARBASTRO|52705|RNMN650570901018||30/05/1965|2|22300|12/12/2024||21|1|MIR|13/12/2024|NML|||||||||18/12/2024|NML|NML|NML|18055770B|1||J98.8|S|B96.89|S|J67.9|S|J84.82|S|Z87.891|E|J96.10|S|E87.1|S|Z79.52|E|E78.5|S|K21.9|S|Z85.3|E|Z92.3|E|Z79.811|E|Z91.09|E|Z91.018|E|||||||||||3E03329|3E0F7GC|3E0333Z|3E033NZ|3E013GC|3E0F7SF|3E0337Z||||||||||||||||||||||||||||||144|,6508|1|Sistema Nacional de Salud|-
220054|HOSPITAL DE BARBASTRO|65404|LLLH420963910011||23/09/1942|2|22416|06/12/2024||21|1|MIR|||||||||||18/12/2024|MIR|MIR|MIR|18055798Q|1||R07.89|S|R06.00|S|E87.1|S|E87.6|S|S82.141D|E|W19.XXXD|S|I34.0|S|I44.0|S|I10|S|E03.9|S|I87.2|S|D50.9|S|I65.22|S|F41.8|S|Z90.710|E|Z90.722|E|Z79.01|E|Z79.82|E|||||B32S1ZZ|B32T1ZZ|4A02X4Z|3E0337Z|3E033NZ|3E013GC|||||||||||||||CB121ZZ||||||||||||||||203|,5878|1|Sistema Nacional de Salud|-
220054|HOSPITAL DE BARBASTRO|219414|||12/10/2022|2|22300|19/12/2024||27|2|PED|||||||||||19/12/2024|PED|PED|PED|25359168N|1||T78.1XXA|S|R11.10|S|L29.8|S|||||||||||||||||||||||||||||||||||||||||||||||||||||||||||||||||||||||811|,3235|1|Sistema Nacional de Salud|-
220054|HOSPITAL DE BARBASTRO|218089|||15/09/1991|2|22466|19/12/2024||21|1|GIN|||||||||||19/12/2024|GIN|GIN|GIN|25153470A|1|19/12/2024|O91.12|S|B95.61|S|||||||||||||||||||||||||||||||||||||0H9T00Z|BH40ZZZ|3E033NZ||||||||||||||||||||||||||||||||||561|,361|1|Sistema Nacional de Salud|-
220054|HOSPITAL DE BARBASTRO|178905|JBDN110163910017||23/01/2011|2|22300|10/12/2024||21|1|PED|||||||||||20/12/2024|PED|PED|PED|18161158J|1||J18.9|S|F50.9|S|F32.A|S|E30.0|S|Z91.09|E|||||||||||||||||||||||||||||||3E03329|3E0F7GC|||||||||||||||||||||||||||||||||||139|,5829|1|Sistema Nacional de Salud|-
220054|HOSPITAL DE BARBASTRO|46163|DSRS380242910012||02/02/1938|2|22430|15/12/2024||21|1|MIR|||||||||||20/12/2024|MIR|MIR|MIR|17202610J|1||I50.21|S|I48.91|S|I07.1|S|I27.81|S|I27.20|S|G31.84|S|||||||||||||||||||||||||||||4A02X4Z|B246ZZZ|3E033GC||||||||||||||||||||||||||||||||||194|,6399|1|Sistema Nacional de Salud|-
220054|HOSPITAL DE BARBASTRO|158032|AR001773327X||02/09/1945|1|22300|08/12/2024||21|1|MIR|||||||||||20/12/2024|MIR|MIR|MIR|73016622V|1||J44.1|S|I13.0|S|I50.812|S|I50.32|S|I51.7|S|N18.32|S|I34.0|S|I27.23|S|I27.24|S|J96.10|S|I87.2|S|E66.9|S|I48.91|S|Z79.01|E|Z86.711|E|Z86.718|E|Z85.038|E|Z99.81|E|||||3E03329|3E0333Z|3E0F7GC|3E0F7SF|3E033GC|B54CZZZ|3E0337Z||||||||||||||||||||||||||||||140|,7699|1|Sistema Nacional de Salud|-
220054|HOSPITAL DE BARBASTRO|55184|MRPR650508901012||08/05/1965|1|22500|16/12/2024||21|1|CAR|||||||||||20/12/2024|CAR|CAR|CAR|73005036T|1||I25.110|S|I25.2|E|Z95.5|E|F17.210|S|K50.90|S|Z90.49|E|Z93.3|E|Z79.624|E|G47.33|S|Z99.89|E|K80.20|S|K21.9|S|||||||||||||||||4A02X4Z||||||||||||||||||||027034Z||||||||||||||||198|,4962|1|Sistema Nacional de Salud|-
220054|HOSPITAL DE BARBASTRO|211037|||19/02/1941|1|22340|14/12/2024||21|1|TRA|||||||||||20/12/2024|TRA|TRA|TRA|50873405G|1|16/12/2024|S72.102A|S|W19.XXXA|E|Y92.019|E|I10|S|E78.5|S|N40.0|S|||||||||||||||||||||||||||||0QS736Z|3E013GC|3E033NZ|3E033GC|||||||||||||||||||||||||||||||||308|1,2066|1|Sistema Nacional de Salud|-
220054|HOSPITAL DE BARBASTRO|68565|BLTR540462910017||22/04/1954|2|22535|18/12/2024||27|2|GIN|||||||||||21/12/2024|GIN|GIN|GIN|73010241F|1|19/12/2024|N81.3|S|N81.6|S|M79.7|S|||||||||||||||||||||||||||||||||||0UT97ZZ|0JQC0ZZ|||||||||||||||||||||||||||||||||||513|,8396|1|Sistema Nacional de Salud|-
220054|HOSPITAL DE BARBASTRO|227113|||15/12/2024|2|22400|19/12/2024||27|1|PED|||||||||||21/12/2024|PED|PED|PED|72828135S|1||P59.9|S|||||||||||||||||||||||||||||||||||||||6A600ZZ||||||||||||||||||||||||||||||||||||640|,1011|1|Sistema Nacional de Salud|-
220054|HOSPITAL DE BARBASTRO|146489|DLXX511208032016||08/12/1951|1|22438|17/12/2024||27|2|URO|||||||||||22/12/2024|URO|URO|URO|28626568D|1|18/12/2024|D09.0|S|I25.2|E|I42.0|S|I25.5|S|I10|S|E78.5|S|E11.9|S|Z87.891|E|D64.9|S|Z86.73|E|Z79.84|E|||||||||||||||||||0TBB8ZZ||||||||||||||||||||||||||||8130/2||||||||446|,9801|1|Sistema Nacional de Salud|-
220054|HOSPITAL DE BARBASTRO|169133|MRGB381149910014||09/11/1938|2|22000|10/12/2024||21|1|TRA|||||||||||23/12/2024|TRA|TRA|TRA|Z2347614D|5|12/12/2024|S72.101A|S|W00.0XXA|S|Y92.414|S|D64.9|N|E11.9|S|I10|S|J45.909|S|I87.2|S|K59.00|N|Z79.84|E|Z60.2|S|||||||||||||||||||0QS636Z|F07L6ZZ|||||||||||||||||||||||||||||||||||308|1,4102|1|Sistema Nacional de Salud|-
220054|HOSPITAL DE BARBASTRO|41537|NDFL720416910010||16/04/1972|1|22367|21/12/2024||21|1|MIV|||||||||||23/12/2024|MIV|MIV|MIV|18057684Q|1||I23.7|S|I21.4|S|Z95.5|E|Z87.891|E|E66.3|S|Z79.82|E|Z79.02|E|G40.909|S|||||||||||||||||||||||||4A02X4Z|B246ZZZ|4A02XM4||||||||||||||||||||||||||||||||||207|,6666|1|Sistema Nacional de Salud|-
220054|HOSPITAL DE BARBASTRO|19024|GBLZ851264910012||24/12/1985|2|22300|22/12/2024||21|1|OBS|||||||||||23/12/2024|OBS|OBS|OBS|72781954H|1|22/12/2024|O00.102|S|Z30.2|E|Z88.6|E|||||||||||||||||||||||||||||||||||10T24ZZ|0UT74ZZ|||||||||||||||||||||||||||||||||||547|,5392|1|Sistema Nacional de Salud|-
220054|HOSPITAL DE BARBASTRO|222063|ZAXX670620504014||29/06/1967|1|22534|15/11/2024||21|1|MIR|||||||||||23/12/2024|MIR|MIR|MIR|18049390W|1||B17.9|S|K76.82|S|K74.60|S|R18.8|S|I85.00|S|N17.9|S|E87.1|S|L89.159|S|D64.9|S|M62.59|N|N39.0|N|B96.89|N|Y95|N|E03.9|S|D68.9|S|E11.9|S|Z60.3|S|||||||BW21ZZZ|B020ZZZ|30233N1|3E033GC|3E03329||||||||||||||||||||||||||||||||283|,9634|1|Sistema Nacional de Salud|-
220054|HOSPITAL DE BARBASTRO|64819|TRCS290721910014||21/07/1929|1|22550|10/12/2024||21|1|TRA|||||||||||23/12/2024|TRA|TRA|TRA|Z2347614D|1|19/12/2024|S72.451A|S|W06.XXXA|S|Y92.122|S|D64.9|N|J69.0|N|C91.10|S|F03.90|S|M62.3|S|M81.0|S|Z79.622|E|Z79.82|E|Z59.3|E|||||||||||||||||0QSB04Z|30233N1|3E03329||||||||||||||||||||||||||9823/3||||||||308|1,8861|1|Sistema Nacional de Salud|-
220054|HOSPITAL DE BARBASTRO|191972|PRBR470907910019||07/09/1947|1|22430|16/12/2024||21|1|MIR|||||||||||23/12/2024|MIR|MIR|MIR|17202610J|2||J90|S|I12.9|S|N18.4|S|R93.5|S|R63.4|S|R63.0|S|D64.9|S|N40.0|S|F32.A|S|I87.2|S|||||||||||||||||||||0W993ZX|BW24ZZZ|BW40ZZZ|B246ZZZ|3E03329|3E013GC|3E033NZ|3E033GC|||||||||||||||||||||||||||||143|,6835|1|Sistema Nacional de Salud|-
220054|HOSPITAL DE BARBASTRO|96314|CLLC380748910016||08/07/1938|2|22400|20/12/2024||21|1|MIR|||||||||||24/12/2024|MIR|MIR|MIR|25195530L|1||T83.511A|S|N39.0|S|J96.10|S|I10|S|E03.9|S|F09|S|Z59.3|E|Z99.81|E|||||||||||||||||||||||||3E03329|3E0337Z|||||||||||||||||||||||||||||||||||466|,6138|1|Sistema Nacional de Salud|-
220054|HOSPITAL DE BARBASTRO|77539|GRGR490744910024||04/07/1949|2|22300|17/12/2024||27|2|ONC|17/12/2024|MIR|||||||||25/12/2024|MIR|MIR|MIR|17702334Q|4||C78.7|S|C77.8|S|C78.02|S|C78.1|S|Z85.3|E|K76.82|S|Z79.630|E|Z79.631|E|I10|S|I48.91|S|E79.0|S|E78.5|S|K44.9|S|K74.3|S|||||||||||||3E033NZ|3E013GC|3E0333Z||||||||||||||||||||||||||8575/6||||||||281|1,1325|1|Sistema Nacional de Salud|-
220054|HOSPITAL DE BARBASTRO|169237|||28/11/1975|2|22423|23/12/2024||27|2|GIN|||||||||||25/12/2024|GIN|GIN|GIN|18073112B|1|23/12/2024|D05.12|S|Z17.1|E|N64.1|S|N60.32|S|N61.0|S|I10|S|E03.9|S|I47.1|S|G51.0|S|D35.02|S|F41.8|S|F17.210|S|||||||||||||||||0HBU0ZZ||||||||||||||||||||||||||||8500/2|8140/0|||||||363|1,7236|1|Sistema Nacional de Salud|-
220054|HOSPITAL DE BARBASTRO|225002|||03/01/1993|2|22400|23/12/2024||21|1|OBS|||||||||||26/12/2024|OBS|OBS|OBS|72781954H|1||O36.5930|S|O48.0|S|Z3A.40|E|O34.83|S|N90.812|S|O70.0|S|Z67.40|E|Z37.0|E|||||||||||||||||||||||||10E0XZZ|0HQ9XZZ|10907ZC|3E0P7VZ|3E033VJ|3E0R3BZ|4A1HXCZ||||||||||||||||||||||||||||||560|,3169|1|Sistema Nacional de Salud|-
220054|HOSPITAL DE BARBASTRO|91484|PLBL440225910015||25/02/1944|1|22415|14/12/2024||21|1|MIR|16/12/2024|NML|||||||||27/12/2024|NML|NML|NML|18055770B|1||J47.1|S|J96.10|S|C16.0|S|C79.9|S|D64.9|S|N30.90|N|Z79.60|E|Z99.81|E|Z86.11|E|Z66|S|||||||||||||||||||||B32S1ZZ|B32T1ZZ|3E0333Z|3E03329|3E0F7GC|3E0F7SF|3E033GC|4A02X4Z|3E013GC|3E033NZ|||||||||||||||||||8140/6|8140/3|||||||140|,7699|1|Sistema Nacional de Salud|-
220054|HOSPITAL DE BARBASTRO|26542|CMCS311151910019||11/11/1931|2|22300|25/12/2024||21|1|MIR|26/12/2024|GRT|||||||||27/12/2024|GRT|GRT|GERIATRIA|18047202E|4||J18.9|S|J96.00|S|I50.20|S|I48.91|S|I27.20|S|F01.50|S|I25.2|E|Z79.01|E|Z88.6|E|Z86.718|E|||||||||||||||||||||3E03329|3E0333Z|3E0F7SF|3E033NZ|3E033GC|3E0F7GC|3E0337Z||||||||||||||||||||||||||||||139|,85|1|Sistema Nacional de Salud|-
220054|HOSPITAL DE BARBASTRO|176484|PNBX330351910017||11/03/1933|2|22560|26/12/2024||21|1|MIR|||||||||||30/12/2024|MIR|MIR|MIR|18045774C|1||J18.9|S|I13.0|S|I50.9|S|R09.02|S|E11.22|S|N18.9|S|E78.5|S|E03.9|S|||||||||||||||||||||||||3E03329|3E0333Z|3E013VG|3E033GC|3E0F7GC|3E0F7SF|||||||||||||||||||||||||||||||139|,5829|1|Sistema Nacional de Salud|-
220105|CENTRO SANITARIO DE FRAGA|160703|VLSN490916904016||16/09/1949|1|22520|19/09/2024||30|1|MIR|||||||||||15/10/2024|MIR|MIR|MIR|50966617C|1||N39.0|S|B96.5|S|B95.2|S|C67.9|S|C77.5|S|C78.6|S|C34.90|S|I10|S|N35.819|S|J44.9|S|Z86.73|E|Z87.891|E|||||||||||||||||3E03329||||||||||||||||||||||||||||8120/3|8120/6|8140/3||||||463|,5581|1|Sistema Nacional de Salud|-
220105|CENTRO SANITARIO DE FRAGA|139132|RDRD340317917028||17/03/1934|1|22520|22/10/2024||30|1|MIR|||||||||||24/10/2024|MIR|MIR|MIR|50966617C|4||E86.0|S|E87.0|S|N39.0|S|S06.9XAA|S|W19.XXXA|S|Z59.3|E|I12.9|S|N18.30|S|E78.5|S|J44.9|S|N40.1|S|Z96.0|S|I71.43|S|I25.2|E|||||||||||||3E0337Z||||||||||||||||||||||||||||||||||||422|,4822|1|Sistema Nacional de Salud|-
220105|CENTRO SANITARIO DE FRAGA|182130|LBCH321243910010||03/12/1932|2|50170|15/10/2024||30|1|MIR|||||||||||25/11/2024|MIR|MIR|MIR|50966617C|1||T81.41XA|S|Y83.8|S|D64.9|S|F05|S|F03.90|S|E78.5|S|||||||||||||||||||||||||||||BW211ZZ|3E03329|||||||||||||||||||||||||||||||||||721|,7563|1|Sistema Nacional de Salud|-
220105|CENTRO SANITARIO DE FRAGA|127938|SSLP271024910015||24/10/1927|1|22528|07/11/2024||30|1|MIR|||||||||||25/11/2024|MIR|MIR|MIR|50966617C|4||S32.402D|E|X58.XXXD|E|K92.2|N|K59.00|N|F05|N|C61|S|I10|S|N19|S|E79.0|S|R54|S|R33.9|S|F03.90|S|||||||||||||||||F07L6ZZ|F07Z9ZZ|||||||||||||||||||||||||||8010/3||||||||860|,9682|1|Sistema Nacional de Salud|-
220105|CENTRO SANITARIO DE FRAGA|69620|GDCB730211910012||11/02/1973|1|22520|20/12/2024||21|1|MIR|||||||||||25/12/2024|MIR|MIR|MIR|50966617C|4||Z51.5|E|C71.9|S|G81.94|S|R47.02|S|E86.0|S|N17.9|S|F05|S|||||||||||||||||||||||||||3E0333Z|3E033GC|3E0337Z|3E033NZ|3E013GC||||||||||||||||||||||||9440/3||||||||862|1,1773|1|Sistema Nacional de Salud|-
220054|HOSPITAL DE BARBASTRO|7388|LLVS470227910011||27/02/1947|1|22589|25/09/2024||21|1|HEM|||||||||||01/10/2024|HEM|HEM|HEM|Y7174748G|1||D46.9|S|D69.6|S|R91.1|S|I49.9|S|K44.9|S|N13.0|S|Z85.46|E|Z90.79|E|||||||||||||||||||||||||07DR3ZX|BW241ZZ|BW2F1ZZ|3E0333Z|3E033GC|30233N1|||||||||||||||||||||||9989/3||||||||694|,8187|1|Sistema Nacional de Salud|-
220054|HOSPITAL DE BARBASTRO|4389|GSGS510261910013||21/02/1951|2|22365|28/09/2024||21|1|MIR|||||||||||02/10/2024|MIR|MIR|MIR|17202610J|1||E87.1|S|S32.018A|S|W10.9XXA|S|F32.A|S|F10.20|S|Z98.1|E|||||||||||||||||||||||||||||3E033NZ||||||||||||||||||||||||||||||||||||426|,5842|1|Sistema Nacional de Salud|-
220054|HOSPITAL DE BARBASTRO|62072|GRPY420552910019||12/05/1942|2|22300|01/10/2024||21|1|MIR|||||||||||02/10/2024|MIR|MIR|MIR|25195530L|1||U07.1|S|J98.8|S|J96.90|S|I11.0|S|I50.9|S|E66.9|S|E78.5|S|K43.9|S|I87.2|S|G30.9|S|F02.80|S|Z86.718|E|Z79.82|E|Z79.01|E|Z59.3|E|||||||||||XW033E5|3E0333Z|3E0F7GC|3E0F7SF|3E013GC||||||||||||||||||||||||||||||||137|1,0895|1|Sistema Nacional de Salud|-
220054|HOSPITAL DE BARBASTRO|159673|LPMR760548902015||08/05/1976|2|22423|02/10/2024||27|2|CGD|||||||||||02/10/2024|CGD|CGD|CGD|73210877Z|1|02/10/2024|D05.12|S|E03.9|S|M43.17|S|M51.26|S|||||||||||||||||||||||||||||||||0HBU0ZX||||||||||||||||||||||||||||8500/2||||||||363|1,1044|1|Sistema Nacional de Salud|-
220054|HOSPITAL DE BARBASTRO|2120|GLGR630308910018||08/03/1963|1|22400|29/09/2024||27|2|URO|||||||||||03/10/2024|URO|URO|URO|28626568D|1|30/09/2024|C61|S|E11.9|S|E78.5|S|F17.210|S|||||||||||||||||||||||||||||||||0VT04ZZ||||||||||||||||||||||||||||8550/3||||||||484|1,2558|1|Sistema Nacional de Salud|-
220054|HOSPITAL DE BARBASTRO|224070|||01/11/2000|2|22500|01/10/2024||21|1|OBS|||||||||||03/10/2024|OBS|OBS|OBS|72781954H|1||O69.82X0|S|O34.83|S|N90.811|S|O70.1|N|O90.81|N|Z3A.39|E|Z37.0|E|Z67.40|E|||||||||||||||||||||||||10E0XZZ|3E0R3BZ|10907ZC|0KQM0ZZ|3E033GC|4A1HXCZ|||||||||||||||||||||||||||||||560|,2876|1|Sistema Nacional de Salud|-
220054|HOSPITAL DE BARBASTRO|217666|||08/12/2021|1|22466|30/09/2024||21|1|PED|||||||||||04/10/2024|PED|PED|PED|25359168N|1||L04.0|S|H52.10|S|Q02|E|||||||||||||||||||||||||||||||||||BW4FZZZ|3E03329|3E0333Z||||||||||||||||||||||||||||||||||663|,643|1|Sistema Nacional de Salud|-
220054|HOSPITAL DE BARBASTRO|49176|BLFR520857910010||17/08/1952|2|22313|27/09/2024||21|1|MIR|||||||||||04/10/2024|MIR|MIR|MIR|17756249L|1||J44.1|S|J98.8|S|B97.89|S|J96.00|S|N17.9|S|I10|S|F17.210|S|G40.909|S|E79.0|S|I87.2|S|||||||||||||||||||||3E0F7GC|3E0F7SF|3E0333Z|3E03329|3E013GC|3E033GC|||||||||||||||||||||||||||||||140|,7699|1|Sistema Nacional de Salud|-
220054|HOSPITAL DE BARBASTRO|12165|NGBN860568910018||28/05/1986|2|22500|01/10/2024||21|1|OBS|||||||||||04/10/2024|OBS|OBS|OBS|48151267P|1||O63.1|N|O99.284|S|E55.9|S|O26.893|S|O70.0|N|O90.81|N|Z67.40|E|Z3A.39|E|Z37.0|E|||||||||||||||||||||||10D07Z6|0UQGXZZ|4A1HXCZ|3E0R3BZ|3E0234Z|3E03329|||||||||||||||||||||||||||||||560|,2876|1|Sistema Nacional de Salud|-
220054|HOSPITAL DE BARBASTRO|77056|BLHG500223910018||23/02/1950|1|22300|04/10/2024||27|2|URO|||||||||||05/10/2024|URO|URO|URO|28626568D|1|04/10/2024|N20.1|S|E78.5|S|G20|S|M45.9|S|Z87.891|E|||||||||||||||||||||||||||||||0TF38ZZ|0TP580Z|0T9380Z||||||||||||||||||||||||||||||||||443|1,0933|1|Sistema Nacional de Salud|-
220054|HOSPITAL DE BARBASTRO|226348|||01/10/2024|1|22330|01/10/2024||27|1|PED|||||||||||05/10/2024|PED|PED|PED|25359168N|1||P07.18|S|P70.4|S|P07.37|S|P59.9|N|||||||||||||||||||||||||||||||||6A3Z0ZZ|6A600ZZ|||||||||||||||||||||||||||||||||||626|,2913|1|Sistema Nacional de Salud|-
220054|HOSPITAL DE BARBASTRO|215309|||23/08/1981|1|22500|03/10/2024||21|1|MIR|04/10/2024|NRL|||||||||08/10/2024|NRL|NRL|NRL|73195071D|1||R20.2|S|||||||||||||||||||||||||||||||||||||||BR20ZZZ|BR27ZZZ|BR29ZZZ||||||||||||||||||B030YZZ|BR30YZZ|BR37YZZ|BR39YZZ|||||||||||||058|,7111|1|Sistema Nacional de Salud|-
220054|HOSPITAL DE BARBASTRO|30137|FQFR670163910018||23/01/1967|2|22534|06/10/2024||27|2|URO|||||||||||08/10/2024|URO|URO|URO|Y9933326P|1|07/10/2024|N20.0|S|E55.9|S|E79.0|S|Z86.73|E|Z79.01|E|||||||||||||||||||||||||||||||0TF68ZZ|0T9380Z|||||||||||||||||||||||||||||||||||443|1,0933|1|Sistema Nacional de Salud|-
220054|HOSPITAL DE BARBASTRO|21728|RTCM320758904016||18/07/1932|2|22535|04/10/2024||21|1|MIR|||||||||||09/10/2024|MIR|MIR|MIR|72987424Y|1||G45.9|S|E53.8|S|E87.6|S|I11.0|S|I51.7|S|E78.5|S|K44.9|S|Z86.19|E|Z85.038|E|Z90.49|E|Z86.16|E|Z79.52|E|||||||||||||||||B020ZZZ|B32RZZZ|4A02X4Z|3E033NZ|3E0337Z|3E0333Z|||||||||||||||||||||||||||||||047|,61|1|Sistema Nacional de Salud|-
220054|HOSPITAL DE BARBASTRO|3415|PNGS320365910018||25/03/1932|2|22416|27/09/2024||21|1|MIR|30/09/2024|GRT|||||||||09/10/2024|GRT|GRT|GERIATRIA|18047202E|1||N39.0|S|B96.1|S|E55.9|S|I48.20|S|F03.90|S|E89.0|S|R79.1|S|Z79.01|E|Z88.6|E|||||||||||||||||||||||3E03329|3E033NZ|||||||||||||||||||||||||||||||||||463|,5581|1|Sistema Nacional de Salud|-
220054|HOSPITAL DE BARBASTRO|226412||8|15/08/2005|1|53840|06/10/2024||21|1|TRA|||||||||||10/10/2024|TRA|TRA|TRA|73090858D|1||S32.412A|S|S32.492A|S|S32.19XA|S|W17.89XA|E|Y92.828|E|||||||||||||||||||||||||||||||BR2CZZZ|BR2FZZZ|BR2DZZZ|BR29ZZZ|3E033NZ|3E0333Z|3E013GC|3E0337Z|3E033GC||||||||||||||||||||||||||||341|,7386|6|Financiación Mixta|-
220054|HOSPITAL DE BARBASTRO|219271|||02/04/1971|1|22400|05/10/2024||21|1|MIR|||||||||||10/10/2024|MIR|MIR|MIR|25195530L|1||E10.10|S|T83.511A|S|N39.0|S|Y84.6|S|E78.5|S|I25.5|S|I42.0|S|I25.2|E|F17.210|S|Z95.5|E|Z79.82|E|Z79.84|E|||||||||||||||||3E0337Z|BW40ZZZ|4A02X4Z|3E03329|3E033GC||||||||||||||||||||||||||||||||420|,5197|1|Sistema Nacional de Salud|-
220054|HOSPITAL DE BARBASTRO|112046|CSCS280141910016||01/01/1928|2|22520|04/10/2024||21|1|MIR|07/10/2024|GRT|||||||||11/10/2024|GRT|GRT|GERIATRIA|72000771F|1||J44.1|S|J98.8|S|I13.0|S|E11.22|S|N18.9|S|I50.9|S|F05|S|Z79.4|E|Z79.82|E|Z79.84|E|Z79.891|E|E78.5|S|Z88.6|E|Z88.8|E|||||||||||||3E0333Z|3E03329|3E033GC|3E0F7GC|3E013GC|3E033NZ|||||||||||||||||||||||||||||||140|,6174|1|Sistema Nacional de Salud|-
220054|HOSPITAL DE BARBASTRO|184826|DWSN040745901013||05/07/2004|2|22300|10/10/2024||27|2|GIN|||||||||||11/10/2024|GIN|GIN|GIN|72781954H|1|10/10/2024|Z30.2|E|N83.201|S|N94.89|S|N90.89|S|Z90.13|E|Z79.890|E|||||||||||||||||||||||||||||0UT74ZZ|0DBW4ZZ|0U904ZZ||||||||||||||||||||||||||||||||||850|1,6787|1|Sistema Nacional de Salud|-
220054|HOSPITAL DE BARBASTRO|193712|||24/07/2015|2|22367|10/10/2024||21|1|PED|||||||||||14/10/2024|PED|PED|PED|25359168N|1||J18.9|S|K59.00|S|Q65.89|E|||||||||||||||||||||||||||||||||||BW40ZZZ|BB4BZZZ|3E03329|3E0337Z|||||||||||||||||||||||||||||||||139|,4269|1|Sistema Nacional de Salud|-
220054|HOSPITAL DE BARBASTRO|172700|LMBX100307910014||07/03/2010|1|22580|11/10/2024||21|1|MIR|||||||||||14/10/2024|MIR|MIR|MIR|18055798Q|2||I30.9|S|D68.9|S|Q74.2|E|Q63.9|E|||||||||||||||||||||||||||||||||B246ZZZ|4A02X4Z|BW251ZZ||||||||||||||||||||||||||||||||||207|,6666|1|Sistema Nacional de Salud|-
220054|HOSPITAL DE BARBASTRO|162883|CRBR300963910017||23/09/1930|2|22532|07/10/2024||21|1|MIR|08/10/2024|GRT|||||||||15/10/2024|GRT|GRT|GERIATRIA|72000771F|1||I13.0|S|I50.9|S|N18.9|S|E11.22|S|E85.4|S|I43|S|I48.21|S|E55.9|S|K76.0|S|Z79.01|E|||||||||||||||||||||3E033GC||||||||||||||||||||||||||||||||||||194|,6399|1|Sistema Nacional de Salud|-
220054|HOSPITAL DE BARBASTRO|53168|SRSR360468910016||28/04/1936|2|22400|01/10/2024||21|1|MIR|||||||||||15/10/2024|MIR|MIR|MIR|17702334Q|1||D50.0|S|K57.31|S|K29.51|S|T45.515A|S|I13.0|S|I50.9|S|S81.809A|S|X58.XXXA|S|T79.8XXA|S|R78.81|S|B96.20|S|J10.1|S|N18.31|S|K80.20|S|T46.0X5A|S|I48.91|S|E78.5|S|E03.9|S|M81.0|S|I87.2|S|30233N1|3E033GC|3E03329|3E0F7GC|BW40ZZZ|4A02X4Z|3E0337Z|3E013GC|3E033NZ||||||||||||||||||||||||||||663|,9141|1|Sistema Nacional de Salud|-
220054|HOSPITAL DE BARBASTRO|42902|HRBN300652910018||12/06/1930|2|22400|10/10/2024||21|1|MIR|||||||||||15/10/2024|MIR|MIR|MIR|18049390W|1||D53.9|S|E53.8|S|E66.01|S|G47.33|S|R32|S|Z59.3|E|Z74.09|S|||||||||||||||||||||||||||30233N1|3E033NZ|3E0337Z|3E033GC|||||||||||||||||||||||||||||||||663|,5007|1|Sistema Nacional de Salud|-
220054|HOSPITAL DE BARBASTRO|226485|||13/10/2024|2|22400|13/10/2024||24|1|PED|||||||||||16/10/2024|PED|PED|PED|73005661G|1||Z05.1|E|||||||||||||||||||||||||||||||||||||||||||||||||||||||||||||||||||||||||||640|,1011|1|Sistema Nacional de Salud|-
220054|HOSPITAL DE BARBASTRO|190194|GLNX780453901011||13/04/1978|2|22430|30/09/2024||21|1|MIR|||||||||||16/10/2024|MIR|MIR|MIR|17756249L|1||K29.60|S|B96.81|S|R10.32|S|D35.1|S|E21.0|S|K55.20|S|E27.8|S|M79.7|S|G43.909|S|F32.A|S|Z79.899|E|||||||||||||||||||0DB68ZX|0DJD8ZZ|BW241ZZ|BG44ZZZ|BG43ZZZ|4A02X4Z|3E0337Z|3E033GC|3E013GC|3E033NZ|||||||||||CG111ZZ|CW3NYZZ|||||||8140/0||||||||241|,7292|1|Sistema Nacional de Salud|-
220054|HOSPITAL DE BARBASTRO|8418|LVSN390543905012||03/05/1939|2|22400|27/09/2024||21|1|MIR|||||||||||16/10/2024|MIR|MIR|MIR|25195530L|1||I74.8|S|D73.5|S|I48.91|S|R76.8|S|R94.8|S|M13.161|S|I11.9|S|D64.9|N|Z88.6|E|Z88.1|E|Z88.8|E|||||||||||||||||||BW201ZZ|B246ZZ4|BG44ZZZ|BW2FZZZ|4A02X4Z|3E03329|0S9C3ZZ|0S9C3ZX|3E033GC|3E033NZ|3E0337Z|3E013GC|||||||||CW3NYZZ||||||||||||||||197|,9275|1|Sistema Nacional de Salud|-
220054|HOSPITAL DE BARBASTRO|158750|CUCO 1 530221 00||21/02/1953|2|22300|29/09/2024||27|2|MIR|||||||||||16/10/2024|MIR|MIR|MIR|17756249L|1||J44.0|S|J18.9|S|J45.909|S|I27.20|S|G47.33|S|J96.92|S|E66.9|S|M30.1|S|J84.10|S|J31.2|S|R76.0|S|I10|S|E78.5|S|I42.0|S|Z87.891|E|Z79.52|E|Z79.891|E|Z79.624|E|Z79.620|E|Z88.8|E|BW2410Z|0CJY8ZZ|03JYXZZ|3E0F7GC|3E013GC|3E0333Z|3E03329||||||||||||||CW3NYZZ|CB1YYZZ|||||||||||||||140|1,207|1|Sistema Nacional de Salud|-
220054|HOSPITAL DE BARBASTRO|641|GBVN841063910017||23/10/1984|2|22440|16/10/2024||27|2|CGD|||||||||||16/10/2024|CGD|CGD|CGD|73210877Z|1|16/10/2024|Q83.8|E|N60.11|S|||||||||||||||||||||||||||||||||||||0HBT0ZZ||||||||||||||||||||||||||||||||||||363|1,1044|1|Sistema Nacional de Salud|-
220054|HOSPITAL DE BARBASTRO|62717|LNMR720141910017||01/01/1972|2|22414|16/10/2024||27|2|CGD|||||||||||16/10/2024|CGD|CGD|CGD|73210877Z|1|16/10/2024|Q83.8|E|Z80.0|E|||||||||||||||||||||||||||||||||||||0HTY0ZZ||||||||||||||||||||||||||||||||||||363|1,1044|1|Sistema Nacional de Salud|-
220054|HOSPITAL DE BARBASTRO|1704|RALV590148910012||08/01/1959|2|22300|13/10/2024||21|1|MIR|||||||||||18/10/2024|MIR|MIR|MIR|25195530L|1||J10.1|S|J45.901|S|||||||||||||||||||||||||||||||||||||3E0F7GC|3E03329|3E0333Z||||||||||||||||||||||||||||||||||113|,4794|1|Sistema Nacional de Salud|-
220054|HOSPITAL DE BARBASTRO|74151|PRMR380108910018||08/01/1938|1|22400|28/09/2024||21|1|MIR|||||||||||18/10/2024|MIR|MIR|MIR|18045774C|1||I33.0|S|R78.81|S|B95.62|S|N17.9|S|I12.9|S|E11.22|S|N18.9|S|S30.813A|S|X58.XXXA|S|F05|S|I48.21|S|I25.2|E|E66.9|S|G47.33|S|L40.53|S|Z95.5|E|Z88.2|E|Z91.041|E|Z87.891|E|Z79.84|E|B246ZZZ|B246ZZ4|3E03329|3E0F7GC|3E033GC|3E0333Z|3E033NZ|3E0337Z|3E013VG||||||||||||||||||||||||||||193|1,5713|1|Sistema Nacional de Salud|-
220054|HOSPITAL DE BARBASTRO|226183|||03/06/1966|1|22400|11/10/2024||21|1|MIR|||||||||||18/10/2024|MIR|MIR|MIR|18055798Q|1||C66.2|S|N13.8|S|C77.5|S|G89.3|S|T40.605A|S|E53.8|S|I10|S|E78.5|S|F17.210|S|Z80.0|E|||||||||||||||||||||4A02X4Z|3E033NZ|3E013GC||||||||||||||||||||||||||8120/3|8120/6|||||||461|,8134|1|Sistema Nacional de Salud|-
220054|HOSPITAL DE BARBASTRO|194572|||15/08/1944|2|22500|10/10/2024||21|1|MIR|||||||||||18/10/2024|MIR|MIR|MIR|17756249L|1||I26.99|S|J45.901|S|J47.9|S|I13.0|S|I50.33|S|J96.01|S|N18.9|S|I87.2|S|E78.5|S|E66.9|S|M81.0|S|E55.9|S|G47.33|S|K29.40|S|G60.8|S|K59.00|S|H57.9|S|E87.5|S|Z86.711|E|Z79.82|E|3E013GC|B246ZZZ|4A02X4Z|3E0333Z|3E033GC|3E0F7GC|3E0F7SF|4A07XBZ|08J0XZZ|3E033NZ|3E013VG||||||||||CB121ZZ||||||||||||||||134|1,6233|1|Sistema Nacional de Salud|-
220054|HOSPITAL DE BARBASTRO|192437|FRFL530728910015||28/07/1953|1|22300|29/09/2024||21|1|MIR|||||||||||19/10/2024|MIR|MIR|MIR|17702334Q|4||C25.8|S|C78.7|S|C78.00|S|I81|S|N17.9|S|I82.432|S|G93.40|S|D64.9|S|I10|S|E11.9|S|F41.9|S|Z51.5|E|||||||||||||||||3E033NZ|3E033GC|3E0337Z|3E013GC|||||||||||||||||||||||||8140/3|8140/6|||||||281|1,852|1|Sistema Nacional de Salud|-
220054|HOSPITAL DE BARBASTRO|213674|||31/10/1989|2|22310|18/10/2024||21|1|OBS|||||||||||20/10/2024|OBS|OBS|OBS|25153470A|1||O36.63X0|S|Z3A.39|E|Z67.40|E|Z37.0|E|||||||||||||||||||||||||||||||||10E0XZZ|3E033VJ|4A1HXCZ||||||||||||||||||||||||||||||||||560|,2876|1|Sistema Nacional de Salud|-
220054|HOSPITAL DE BARBASTRO|226543|||14/10/1984|1|22500|17/10/2024||21|1|MIR|||||||||||21/10/2024|MIR|MIR|MIR|18055798Q|1||E11.65|S|Z71.89|E|F17.210|S|||||||||||||||||||||||||||||||||||3E013VG|3E033NZ|3E0337Z|3E033GC|3E013GC||||||||||||||||||||||||||||||||420|,4309|1|Sistema Nacional de Salud|-
220054|HOSPITAL DE BARBASTRO|22999|MSVD381059910014||19/10/1938|2|22450|13/10/2024||21|1|MIR|14/10/2024|GRT|||||||||22/10/2024|GRT|GRT|GERIATRIA|18071569D|1||I11.0|S|I50.9|S|J96.00|S|E55.9|S|L97.929|S|I87.2|S|I71.21|S|I27.29|S|I48.92|S|I71.010|S|M06.9|S|K52.9|S|F32.A|S|M81.0|S|E78.5|S|Z59.3|E|Z79.01|E|Z86.711|E|||||3E0333Z|3E033NZ|3E033GC|3E0F7GC|4A02X4Z||||||||||||||||||||||||||||||||194|1,4978|1|Sistema Nacional de Salud|-
220054|HOSPITAL DE BARBASTRO|80577|LLMN351144910015||04/11/1934|2|22311|21/10/2024||21|1|MIR|||||||||||22/10/2024|MIR|MIR|MIR|73016622V|4||I13.0|S|I50.9|S|N17.9|S|N18.2|S|E11.22|S|E11.65|S|C64.1|S|C78.7|S|Z51.5|E|E87.1|S|E78.5|S|E03.8|S|E53.8|S|||||||||||||||BW40ZZZ|3E033NZ|3E0337Z|3E013VG|||||||||||||||||||||||||8000/3|8000/6|||||||194|,6399|1|Sistema Nacional de Salud|-
220054|HOSPITAL DE BARBASTRO|62411|SLGS280512910018||12/05/1928|1|22500|21/09/2024||21|1|MIR|30/09/2024|MIV|04/10/2024|CGD|07/10/2024|GRT|||||23/10/2024|GRT|GRT|GERIATRIA|72000771F|1||K80.31|S|K81.0|S|A41.51|N|R65.21|N|N17.9|N|K63.0|S|K31.89|S|K56.7|N|I11.0|S|I50.9|S|J69.0|N|F05|N|D64.9|S|E78.5|S|E03.8|S|E79.0|S|I48.91|S|E83.119|S|N40.0|S|Z79.82|E|BW40ZZZ|BW201ZZ|BW201ZZ|BW241ZZ|3E043XZ|3E0436Z|3E04329|4A12X4Z|4A13XB1|0D9670Z|3E1H78Z|30233N1|F07Z9ZZ|4A02X4Z|3E013VG|3E0337Z|3E033NZ|3E013GC|3E0333Z|3E033GC|0FC98ZZ|0F798DZ|||||||||||||||284|2,1838|1|Sistema Nacional de Salud|-
220054|HOSPITAL DE BARBASTRO|148668|CBCP650201910016||01/02/1965|1|22520|15/10/2024||21|1|MIR|||||||||||23/10/2024|MIR|MIR|MIR|25195530L|1||K80.30|S|K74.60|S|I85.10|S|I10|S|E11.9|S|Z79.84|E|||||||||||||||||||||||||||||BW40ZZZ|BW20ZZZ|3E013VG|3E033GC|3E03329|3E0337Z|||||||||||||||0FC98ZZ||||||||||||||||284|,8061|1|Sistema Nacional de Salud|-
220054|HOSPITAL DE BARBASTRO|96531|PCSL470208910015||08/02/1947|1|22330|11/10/2024||21|1|MIR|||||||||||23/10/2024|MIR|MIR|MIR|45942132T|1||J10.1|S|J84.112|S|J96.10|S|K21.9|S|K44.9|S|K31.819|S|K29.50|S|K76.0|S|I27.20|S|M15.9|S|N40.0|S|Z86.711|E|Z86.718|E|Z60.2|S|Z99.81|E|||||||||||3E0333Z|3E0F7SF|3E03329|3E033GC|||||||||||||||||||||||||||||||||113|,7367|1|Sistema Nacional de Salud|-
220054|HOSPITAL DE BARBASTRO|48302|FLFL381007910016||07/10/1938|1|22450|10/10/2024||21|1|NML|||||||||||24/10/2024|NML|NML|NML|07267217E|1||C34.12|S|N17.9|S|I10|S|I48.91|S|E79.0|S|N40.0|S|Z79.818|E|Z87.891|E|Z85.46|E|Z92.3|E|Z79.01|E|Z79.82|E|||||||||||||||||0BBG3ZX|BB4BZZZ|3E0337Z||||||||||||||||||||||||||8070/3||||||||136|,8863|1|Sistema Nacional de Salud|-
220054|HOSPITAL DE BARBASTRO|220812|||10/03/1985|1|22400|18/10/2024||21|1|MIR|||||||||||24/10/2024|MIR|MIR|MIR|25195530L|2||T82.7XXA|S|I33.0|S|B96.1|S|Z16.12|S|G06.0|S|I34.0|S|N18.6|S|R78.81|S|Z99.2|E|D63.1|S|I15.1|S|||||||||||||||||||B020ZZZ|BW24ZZZ|B246ZZZ|B246ZZZ|3E03329|3E033NZ|3E0333Z|3E033GC|||||||||||||B030YZZ||||||||||||||||466|1,5955|1|Sistema Nacional de Salud|-
220054|HOSPITAL DE BARBASTRO|113102|GLML370325910017||25/03/1937|1|22520|22/10/2024||21|1|TRA|||||||||||24/10/2024|TRA|TRA|TRA|Y2004544Q|1||S72.012A|S|W19.XXXA|S|I10|S|I48.91|S|I48.92|S|D53.1|S|E55.9|S|C61|S|Z79.01|E|||||||||||||||||||||||BQ21ZZZ|3E033NZ|3E013GC||||||||||||||||||||||||||8000/3||||||||340|,5294|1|Sistema Nacional de Salud|-
220054|HOSPITAL DE BARBASTRO|158973|DKXX870160270011||20/01/1987|2|22400|23/10/2024||21|1|OBS|||||||||||25/10/2024|OBS|OBS|OBS|76974873Z|1||O99.284|S|E55.9|S|O34.83|S|N90.812|S|O90.81|N|Z67.10|E|Z3A.37|E|Z37.0|E|||||||||||||||||||||||||10E0XZZ|10907ZC|4A1HXCZ||||||||||||||||||||||||||||||||||560|,2876|1|Sistema Nacional de Salud|-
220054|HOSPITAL DE BARBASTRO|192250|||11/07/1993|2|22300|23/10/2024||21|1|OBS|||||||||||26/10/2024|OBS|OBS|OBS|47919222X|1|24/10/2024|O10.92|S|O34.219|S|O90.81|N|Z3A.38|E|Z37.0|E|Z67.20|E|||||||||||||||||||||||||||||10D00Z1|4A1HXCZ|3E033GC||||||||||||||||||||||||||||||||||540|,4756|1|Sistema Nacional de Salud|-
220054|HOSPITAL DE BARBASTRO|17923|DLRZ481011904015||11/10/1948|1|22300|20/10/2024||21|1|MIR|||||||||||28/10/2024|MIR|MIR|MIR|18055798Q|1||J43.9|S|J98.8|S|E83.51|S|E83.42|S|I13.0|S|I50.9|S|N18.32|S|D63.1|S|I25.2|E|B00.2|S|K44.9|S|K31.819|S|K70.30|S|K76.6|S|H40.9|S|Z85.05|E|Z95.5|E|Z87.891|E|Z79.82|E|||BW40ZZZ|4A02X4Z|3E03329|3E033NZ|3E0333Z|3E0F7GC|3E0337Z||||||||||||||BW30YZZ||||||||||||||||140|,7699|1|Sistema Nacional de Salud|-
220054|HOSPITAL DE BARBASTRO|54596|PRBR910547910011||07/05/1991|2|22360|24/10/2024||21|1|OBS|||||||||||28/10/2024|OBS|OBS|OBS|72781954H|1|25/10/2024|O45.93|S|O99.284|S|E03.9|S|O90.81|N|Z3A.39|E|Z37.0|E|Z67.41|E|||||||||||||||||||||||||||10D00Z1|4A1HXCZ|||||||||||||||||||||||||||||||||||540|,4756|1|Sistema Nacional de Salud|-
220054|HOSPITAL DE BARBASTRO|226444|LOGI 1 310916 00||16/09/1931|2|22300|08/10/2024||21|1|MIR|09/10/2024|GRT|||||||||28/10/2024|GRT|GRT|GERIATRIA|72000771F|1||N39.0|S|G31.83|S|F02.C0|S|K59.00|S|E11.319|S|E11.22|S|I12.9|S|N18.9|S|K44.9|S|M62.3|S|E46|S|Z79.84|E|Z79.82|E|||||||||||||||3E03329|3E1H78Z|3E033NZ|3E0337Z|3E033GC|3E013GC|||||||||||||||||||||||||||||||463|,5581|1|Sistema Nacional de Salud|-
220054|HOSPITAL DE BARBASTRO|214697|||12/07/2021|1|22300|29/10/2024||27|1|PED|||||||||||29/10/2024|PED|PED|PED|25359168N|1||Z01.82|E|Z84.89|E|||||||||||||||||||||||||||||||||||||||||||||||||||||||||||||||||||||||||861|,4785|1|Sistema Nacional de Salud|-
220054|HOSPITAL DE BARBASTRO|36002|LGLZ320819910017||19/08/1932|1|22500|25/10/2024||21|1|MIR|28/10/2024|GRT|28/10/2024|CAR|||||||29/10/2024|CAR|CAR|CAR|Y6058219X|2||I44.2|S|E85.4|S|I43|S|N18.9|S|E78.5|S|||||||||||||||||||||||||||||||4A12X4Z|4A02X4Z|3E033GC||||||||||||||||||||||||||||||||||201|,8358|1|Sistema Nacional de Salud|-
220054|HOSPITAL DE BARBASTRO|121713|CRGN590346904017||06/03/1959|2|22500|27/10/2024||21|1|MIR|||||||||||30/10/2024|MIR|MIR|MIR|45942132T|1||R55|S|K12.1|S|R78.81|S|B95.2|S|K02.9|S|J44.9|S|E78.5|S|I48.91|S|I70.202|S|D68.61|S|F32.A|S|F17.210|S|Z86.73|E|Z95.2|E|Z95.3|E|Z79.01|E|||||||||B020ZZZ|B246ZZZ|3E03329|3E03328|3E013VG||||||||||||||||||||||||||||||||204|,6404|1|Sistema Nacional de Salud|-
220054|HOSPITAL DE BARBASTRO|147104|JVCM380357910018||17/03/1938|2|22500|23/10/2024||21|1|MIR|24/10/2024|GRT|||||||||30/10/2024|GRT|GRT|GERIATRIA|72000771F|4||N39.0|S|B96.4|S|B95.2|S|E86.0|S|E87.0|S|R13.12|S|I12.0|S|N18.5|S|D64.9|S|D47.2|S|M35.00|S|J45.909|S|G21.4|S|G30.9|S|F02.80|S|F32.A|S|E78.5|S|G25.81|S|Z79.82|E|Z59.3|E|3E03329|3E013GC|3E0337Z|3E033NZ|||||||||||||||||||||||||9765/1||||||||463|,7681|1|Sistema Nacional de Salud|-
220054|HOSPITAL DE BARBASTRO|50762|GLCB570328904018||28/03/1957|1|22390|25/10/2024||30|1|MIV|26/10/2024|CAR|||||||||31/10/2024|CAR|CAR|CAR|Y6058219X|1||Z48.812|E|I21.19|S|Z95.5|E|Z86.74|E|I47.29|S|I49.01|S|E78.5|S|F41.9|S|F17.210|S|||||||||||||||||||||||4A13XB1|4A12X4Z|B246ZZZ|3E033NZ|3E013GC||||||||||||||||||||||||||||||||862|1,1773|1|Sistema Nacional de Salud|-
220054|HOSPITAL DE BARBASTRO|61628|GMNV761201910016||01/12/1976|1|22400|29/10/2024||27|2|TRA|||||||||||31/10/2024|TRA|TRA|TRA|73209536F|1|30/10/2024|M23.612|S|M23.304|S|E71.529|S|||||||||||||||||||||||||||||||||||0MRP4KZ|0SBD4ZZ|||||||||||||||||||||||||||||||||||313|1,5233|1|Sistema Nacional de Salud|-
220054|HOSPITAL DE BARBASTRO|59789|AR000862433A||21/05/1991|2|22300|28/10/2024||21|1|OBS|||||||||||31/10/2024|OBS|OBS|OBS|72781954H|1|28/10/2024|O40.3XX0|S|O32.0XX0|S|O90.81|N|Z3A.39|E|Z37.0|E|Z67.10|E|||||||||||||||||||||||||||||10907ZC|BY48ZZZ|BY4FZZZ|3E033VJ|10D07Z6|3E0R3BZ|0W8NXZZ|4A1HXCZ|3E033GC||||||||||||||||||||||||||||560|,3169|3|Mutuas de Accidentes de trabajo|-
220054|HOSPITAL DE BARBASTRO|30372|SRSN480868910012||28/08/1948|2|22580|31/10/2024||21|1|URO|||||||||||01/11/2024|URO|URO|URO|Y9933326P|1|31/10/2024|N20.1|S|N23|S|E78.5|S|||||||||||||||||||||||||||||||||||0T9480Z|BW211ZZ|3E0337Z|3E033NZ|3E03329||||||||||||||||||||||||||||||||443|1,0933|1|Sistema Nacional de Salud|-
220054|HOSPITAL DE BARBASTRO|143926|RDXX660662642015||22/07/1966|2|22400|30/10/2024||27|2|GIN|||||||||||02/11/2024|GIN|GIN|GIN|48151267P|1|31/10/2024|N81.6|S|I47.1|S|K59.00|S|||||||||||||||||||||||||||||||||||0JQC0ZZ||||||||||||||||||||||||||||||||||||514|,7223|1|Sistema Nacional de Salud|-
220054|HOSPITAL DE BARBASTRO|209462|||12/11/2019|2|22350|30/10/2024||21|1|PED|||||||||||02/11/2024|PED|PED|PED|76970719T|1||J15.7|S|||||||||||||||||||||||||||||||||||||||BB4BZZZ|3E03329|||||||||||||||||||||||||||||||||||139|,4269|1|Sistema Nacional de Salud|-
220054|HOSPITAL DE BARBASTRO|158956|DFXX840541504019||01/05/1984|2|22300|30/10/2024||27|2|CGD|||||||||||02/11/2024|CGD|CGD|CGD|77133926E|1|31/10/2024|E04.2|S|||||||||||||||||||||||||||||||||||||||0GTK0ZZ||||||||||||||||||||||||||||||||||||404|,8716|1|Sistema Nacional de Salud|-
220054|HOSPITAL DE BARBASTRO|7672|CSSR630346910016||06/03/1963|2|22535|22/10/2024||27|2|TRA|||||||||||05/11/2024|TRA|TRA|TRA|Y2004544Q|1|23/10/2024|M17.12|S|I89.0|S|I10|S|E78.00|S|E11.9|S|M47.9|S|M43.10|S|Z90.710|E|Z90.722|E|||||||||||||||||||||||0SRD0J9|3E033NZ|3E013GC|3E033GC|3E0337Z||||||||||||||||||||||||||||||||326|1,2262|1|Sistema Nacional de Salud|-
220054|HOSPITAL DE BARBASTRO|179319|ZRST450910901018||10/09/1945|1|22300|17/10/2024||21|1|MIR|||||||||||05/11/2024|MIR|MIR|MIR|25195530L|1||R55|S|E06.3|S|D64.9|S|K57.30|S|R19.7|S|I48.91|S|Z79.01|E|Z95.0|E|I10|S|G47.30|S|Z99.89|E|Z85.46|E|Z92.3|E|||||||||||||||0DBK8ZX|0DBM8ZX|B020ZZZ|BW241ZZ|B348ZZZ|BW4FZZZ|4A02X4Z|3E013GC|||||||||||||4B02XSZ||||||||||||||||204|,576|1|Sistema Nacional de Salud|-
220054|HOSPITAL DE BARBASTRO|226683|||20/01/1957|1|22430|02/11/2024||21|1|ORL|||||||||||05/11/2024|ORL|ORL|ORL|26283260X|1||J36|S|B95.0|S|E78.5|S|E66.9|S|Z21|S|Z79.899|E|||||||||||||||||||||||||||||0CBPXZZ|0C9PXZZ|||||||||||||||||||||||||||||||||||097|,5411|1|Sistema Nacional de Salud|-
220054|HOSPITAL DE BARBASTRO|103785|SBGS330669910014||29/06/1933|2|22450|02/11/2024||21|1|MIR|04/11/2024|GRT|||||||||05/11/2024|GRT|GRT|GERIATRIA|72000771F|4||I62.00|S|I60.9|S|R13.12|S|J96.00|S|I13.0|S|I50.9|S|N18.30|S|D53.1|S|I48.0|S|I34.2|S|I34.0|S|I35.1|S|E78.5|S|E03.9|S|M81.0|S|I69.354|E|Z95.0|E|Z79.620|E|Z86.16|E|Z59.3|E|B020ZZZ|3E033NZ|3E0337Z|3E03329|||||||||||||||||||||||||||||||||044|1,377|1|Sistema Nacional de Salud|-
220054|HOSPITAL DE BARBASTRO|4321|GRTR330127910019||27/01/1933|1|22300|31/10/2024||21|1|MIR|04/11/2024|GRT|||||||||06/11/2024|GRT|GRT|GERIATRIA|72000771F|1||J18.9|S|J69.0|S|R13.10|S|I10|S|E11.9|S|E78.5|S|I48.0|S|Z79.01|E|D64.9|S|E46|S|R32|S|R15.9|S|I65.23|S|N40.0|S|Z86.73|E|L12.0|S|Z59.3|E|Z74.09|S|||||3E03329|3E0F7GC|3E0333Z|3E0337Z|3E0F7SF|3E013VG|3E033NZ||||||||||||||||||||||||||||||139|,5829|1|Sistema Nacional de Salud|-
220054|HOSPITAL DE BARBASTRO|39188|JMCR720909910012||09/09/1972|1|22500|31/10/2024||21|1|MIR|04/11/2024|NRL|||||||||06/11/2024|NRL|NRL|NRL|72993238R|1||R56.9|S|F10.231|S|||||||||||||||||||||||||||||||||||||B020ZZZ|BW40ZZZ|||||||||||||||||||B030YZZ||||||||||||||||053|,6385|1|Sistema Nacional de Salud|-
220054|HOSPITAL DE BARBASTRO|210327|||12/09/1982|1|22500|05/11/2024||27|2|TRA|||||||||||06/11/2024|TRA|TRA|TRA|78333534L|2|06/11/2024|M19.012|S|I97.42|N|Y65.8|N|I97.89|N|I74.2|N|Y83.1|N|G62.9|S|||||||||||||||||||||||||||0RRK00Z|B320YZZ|B320ZZZ||||||||||||||||||||||||||||||||||322|1,6757|1|Sistema Nacional de Salud|-
220054|HOSPITAL DE BARBASTRO|170487|LMRZ590369901019||29/03/1959|2|50170|06/11/2024||27|2|TRA|||||||||||08/11/2024|TRA|TRA|TRA|78333534L|1|07/11/2024|M75.111|S|M75.51|S|E03.9|S|||||||||||||||||||||||||||||||||||0LQ14ZZ|0MB14ZZ|||||||||||||||||||||||||||||||||||315|,898|1|Sistema Nacional de Salud|-
220054|HOSPITAL DE BARBASTRO|216179|||27/06/1990|2|22450|06/11/2024||21|1|OBS|||||||||||08/11/2024|OBS|OBS|OBS|73010241F|1||O42.92|S|O48.0|S|Z3A.40|E|Z37.0|E|Z67.10|E|||||||||||||||||||||||||||||||10E0XZZ|3E0R3BZ|10907ZC|4A1HXCZ|||||||||||||||||||||||||||||||||560|,2876|3|Mutuas de Accidentes de trabajo|-
220054|HOSPITAL DE BARBASTRO|224504|||24/10/1987|2|22339|05/11/2024||21|1|OBS|||||||||||08/11/2024|OBS|OBS|OBS|73010241F|1||O90.81|N|Z3A.38|E|Z37.0|E|Z67.40|E|||||||||||||||||||||||||||||||||10E0XZZ|3E0R3BZ|4A1HXCZ||||||||||||||||||||||||||||||||||560|,2876|1|Sistema Nacional de Salud|-
220054|HOSPITAL DE BARBASTRO|209618|||29/09/2002|2|22500|06/11/2024||21|1|OBS|||||||||||09/11/2024|OBS|OBS|OBS|48151267P|1||O48.0|S|Z3A.40|E|O99.344|S|F41.8|S|Z67.10|E|O70.0|N|O90.81|N|Z37.0|E|||||||||||||||||||||||||10E0XZZ|0UQGXZZ|3E0R3BZ|10907ZC|4A1HXCZ||||||||||||||||||||||||||||||||560|,3169|1|Sistema Nacional de Salud|-
220054|HOSPITAL DE BARBASTRO|226729|||06/11/2024|2|22500|07/11/2024||27|2|PED|||||||||||10/11/2024|PED|PED|PED|18036541X|1||P55.0|S|||||||||||||||||||||||||||||||||||||||6A600ZZ||||||||||||||||||||||||||||||||||||640|,1536|1|Sistema Nacional de Salud|-
220054|HOSPITAL DE BARBASTRO|60988|HRHR660318901018||18/03/1966|1|22400|03/11/2024||27|2|CGD|||||||||||10/11/2024|CGD|CGD|CGD|72889973Y|1|04/11/2024|K80.10|S|K82.4|S|K42.9|S|M96.841|N|Y83.6|N|Y83.8|N|D50.1|N|J44.9|S|E78.5|S|N20.1|S|F32.A|S|||||||||||||||||||0FT44ZZ|0WQF0ZZ|BW40ZZZ|3E033NZ|||||||||||||||||||||||||||||||||263|1,2659|1|Sistema Nacional de Salud|-
220054|HOSPITAL DE BARBASTRO|12342|GLRL580268904013||28/02/1958|2|22400|08/11/2024||21|1|NML|10/11/2024|NRL|||||||||11/11/2024|NRL|NRL|NRL|72993238R|1||G45.9|S|I10|S|E78.5|S|G47.33|S|G47.00|S|G40.909|S|F41.8|S|Z99.89|E|||||||||||||||||||||||||B020ZZZ|B32RZZZ|||||||||||||||||||B030ZZZ||||||||||||||||047|,61|1|Sistema Nacional de Salud|-
220054|HOSPITAL DE BARBASTRO|11147|GBMN401024910013||24/10/1940|1|22422|05/11/2024||21|1|MIR|07/11/2024|URO|||||||||12/11/2024|URO|URO|URO|28626568D|1|08/11/2024|N13.2|S|N28.89|S|I26.99|S|I10|S|E03.9|S|E78.5|S|E66.9|S|Z85.46|E|||||||||||||||||||||||||0T9480Z|BW211ZZ|B32S1ZZ|B32T1ZZ|3E033NZ|3E0337Z|3E033GC|3E03329|3E013GC||||||||||||||||||||||||||||443|2,071|1|Sistema Nacional de Salud|-
220054|HOSPITAL DE BARBASTRO|28872|GRTR780220910012||20/02/1978|1|22420|05/11/2024||21|1|URO|||||||||||12/11/2024|URO|URO|URO|28626568D|1||N41.0|S|B96.20|S|I10|S|||||||||||||||||||||||||||||||||||3E03329|3E0337Z|3E033NZ|3E013GC|||||||||||||||||||||||||||||||||501|,4581|1|Sistema Nacional de Salud|-
220054|HOSPITAL DE BARBASTRO|126184|DGCR561270910017||30/12/1956|2|22300|06/11/2024||21|1|MIR|07/11/2024|NML|||||||||12/11/2024|NML|NML|NML|18056444H|1||J96.00|S|J44.1|S|J45.901|S|F17.210|S|L40.9|S|Z88.8|E|Z88.0|E|Z91.09|E|||||||||||||||||||||||||4A02X4Z|3E0F7GC|3E0333Z|3E03329|3E0F7SF||||||||||||||||||||||||||||||||133|,6847|1|Sistema Nacional de Salud|-
220054|HOSPITAL DE BARBASTRO|149649|SRDF060417910012||17/04/2006|1|22510|11/11/2024||27|2|TRA|||||||||||12/11/2024|TRA|TRA|TRA|18054714J|1|11/11/2024|M23.52|S|||||||||||||||||||||||||||||||||||||||0MRP47Z|0LBR0ZZ|||||||||||||||||||||||||||||||||||313|1,1312|1|Sistema Nacional de Salud|-
220054|HOSPITAL DE BARBASTRO|78695|VLRZ360718904013||18/07/1936|1|22500|03/11/2024||21|1|MIR|||||||||||12/11/2024|MIR|MIR|MIR|73016622V|1||N39.0|S|N17.9|S|I12.9|S|N18.32|S|D63.1|S|E87.21|S|F05|S|D50.9|S|E03.8|S|J98.01|N|L97.909|S|I99.9|S|L97.509|S|I48.91|S|F09|S|E78.5|S|J44.9|S|Z78.1|E|Z99.81|E|Z79.01|E|3E03329|3E0337Z|3E033GC|3E0333Z|F07Z5FZ|3E0F7SF|3E013GC|3E033NZ|||||||||||||||||||||||||||||463|,7681|1|Sistema Nacional de Salud|-
220054|HOSPITAL DE BARBASTRO|50514|SRRX360531910016||31/05/1936|1|22589|11/11/2024||27|2|CGD|||||||||||13/11/2024|CGD|CGD|CGD|73210877Z|1|12/11/2024|C83.58|S|I10|S|E11.21|S|E11.40|S|J45.909|S|M10.9|S|K21.9|S|M16.9|S|N40.1|S|H91.90|S|Z79.4|E|Z79.84|E|||||||||||||||||07B50ZX||||||||||||||||||||||||||||9670/3||||||||681|1,1374|1|Sistema Nacional de Salud|-
220054|HOSPITAL DE BARBASTRO|133250|RGPR430348910017||08/03/1943|2|22500|24/10/2024||21|1|MIR|||||||||||13/11/2024|MIR|MIR|MIR|18052661F|1||T38.3X6A|S|E11.65|S|E87.0|S|Z91.130|E|F03.90|S|Z60.2|S|E11.22|S|N18.9|S|I10|S|Z79.4|E|Z79.84|E|E78.5|S|||||||||||||||||B020ZZZ|3E013GC|3E0337Z||||||||||||||||||||||||||||||||||861|,5873|1|Sistema Nacional de Salud|-
220054|HOSPITAL DE BARBASTRO|216439|||10/02/1965|1|22512|08/11/2024||27|2|URO|||||||||||13/11/2024|URO|URO|URO|28626568D|1|08/11/2024|D09.0|S|N99.820|N|Y83.8|N|N23|N|Z86.19|E|Z87.891|E|||||||||||||||||||||||||||||0TBB8ZZ|3E1K78Z|||||||||||||||||||||||||||8120/2||||||||446|,7682|1|Sistema Nacional de Salud|-
220054|HOSPITAL DE BARBASTRO|83452|CLTR640226910018||26/02/1964|1|22415|11/11/2024||21|1|URO|||||||||||13/11/2024|URO|URO|URO|Y9933326P|1||N20.1|S|N35.919|S|I10|S|I48.91|S|||||||||||||||||||||||||||||||||0T9480Z|0T7D8ZZ|BW40ZZZ|3E033NZ|3E013GC|3E0337Z|3E03329||||||||||||||||||||||||||||||443|1,0933|1|Sistema Nacional de Salud|-
220054|HOSPITAL DE BARBASTRO|9767|LLLN680642910011||02/06/1968|2|22450|04/11/2024||21|1|MIR|||||||||||13/11/2024|MIR|MIR|MIR|18049390W|4||C50.919|S|C77.9|S|C79.51|S|I26.99|S|J90|S|Z51.5|E|Z59.3|E|Z79.60|E|Z79.811|E|||||||||||||||||||||||3E033NZ|3E0337Z|3E013GC|3E033GC|||||||||||||||||||||||||8000/3|8000/6|||||||382|1,1029|1|Sistema Nacional de Salud|-
220054|HOSPITAL DE BARBASTRO|31825|FRBX330770910018||30/07/1933|2|22500|04/11/2024||21|1|MIR|05/11/2024|GRT|||||||||14/11/2024|GRT|GRT|GERIATRIA|18071569D|1||K55.9|S|A04.72|S|E53.8|S|I10|S|F03.90|S|Z59.3|E|||||||||||||||||||||||||||||4A02X4Z|BW241ZZ|3E03329||||||||||||||||||||||||||||||||||246|,6972|1|Sistema Nacional de Salud|-
220054|HOSPITAL DE BARBASTRO|47686|BRMN660152910014||12/01/1966|2|22510|12/11/2024||27|2|TRA|||||||||||14/11/2024|TRA|TRA|TRA|Z2347614D|1|13/11/2024|T84.84XA|S|G89.28|S|M79.651|S|Y83.1|S|S72.451D|E|W19.XXXD|E|||||||||||||||||||||||||||||0QPC04Z||||||||||||||||||||||||||||||||||||309|1,3123|1|Sistema Nacional de Salud|-
220054|HOSPITAL DE BARBASTRO|136937|LZCN260916910018||16/09/1926|1|22533|05/11/2024||21|1|MIR|||||||||||14/11/2024|MIR|MIR|MIR|18045774C|1||J18.9|S|I11.0|S|I50.9|S|J96.01|S|F05|S|I25.9|S|I48.91|S|E79.0|S|F09|S|Z59.3|E|||||||||||||||||||||3E03329|3E0333Z|3E0F7GC|3E033GC|3E0337Z|3E033NZ|||||||||||||||||||||||||||||||139|,85|1|Sistema Nacional de Salud|-
220054|HOSPITAL DE BARBASTRO|189078|||17/01/1935|1|22400|05/11/2024||21|1|MIR|||||||||||14/11/2024|MIR|MIR|MIR|18045774C|1||A41.51|S|N39.0|S|B96.20|S|Z16.12|S|J69.0|S|I10|S|E11.22|S|N18.4|S|D63.1|S|D50.9|S|E11.649|S|R13.19|S|E53.8|S|F03.B0|S|F32.A|S|Z79.4|E|Z59.3|E|||||||3E03329|30233N1|3E033GC|3E0337Z|3E033NZ|3E0F7GC|3E013GC||||||||||||||||||||||||||||||720|1,0915|1|Sistema Nacional de Salud|-
220054|HOSPITAL DE BARBASTRO|166071|||14/05/2007|1|22400|13/11/2024||27|2|TRA|||||||||||15/11/2024|TRA|TRA|TRA|Z2347614D|1|14/11/2024|M23.611|S|||||||||||||||||||||||||||||||||||||||0MRN47Z|0LBQ0ZZ|||||||||||||||||||||||||||||||||||313|1,1312|1|Sistema Nacional de Salud|-
220054|HOSPITAL DE BARBASTRO|75419|PYVL380661910012||21/06/1938|2|22559|10/11/2024||27|2|MIR|||||||||||15/11/2024|MIR|MIR|MIR|17702334Q|1||K80.51|S|K86.9|S|I11.9|S|I45.10|S|R73.01|S|I69.998|E|H54.61|S|M81.0|S|R32|S|I87.2|S|Z90.710|E|||||||||||||||||||3E0337Z||||||||||||||||||||0F7C8ZZ|BF35ZZZ|BF37ZZZ||||||||||||||284|,6359|1|Sistema Nacional de Salud|-
220054|HOSPITAL DE BARBASTRO|226360|||09/11/1994|2|22400|12/11/2024||21|1|OBS|||||||||||15/11/2024|OBS|OBS|OBS|72781954H|1||O42.02|S|O77.0|N|Z3A.39|E|Z67.40|E|Z37.0|E|||||||||||||||||||||||||||||||10E0XZZ|3E0R3BZ|4A1HXCZ|3E03329|||||||||||||||||||||||||||||||||560|,2876|1|Sistema Nacional de Salud|-
220054|HOSPITAL DE BARBASTRO|67927|NSVT930159910013||19/01/1993|2|22410|11/11/2024||21|1|OBS|||||||||||15/11/2024|OBS|OBS|OBS|25153470A|1|12/11/2024|O48.0|S|O65.4|N|Z67.40|E|Z3A.41|E|Z37.0|E|||||||||||||||||||||||||||||||10D00Z1|3E0P7VZ|4A1HXCZ||||||||||||||||||||||||||||||||||540|,4756|1|Sistema Nacional de Salud|-
220054|HOSPITAL DE BARBASTRO|224479|||09/10/1981|2|22450|14/11/2024||21|1|OBS|||||||||||16/11/2024|OBS|OBS|OBS|25153470A|1|15/11/2024|O72.2|S|||||||||||||||||||||||||||||||||||||||10D18ZZ|10D17Z9|||||||||||||||||||||||||||||||||||548|,3401|1|Sistema Nacional de Salud|-
220054|HOSPITAL DE BARBASTRO|38752|MTBJ650221910010||21/02/1965|1|22400|12/11/2024||27|2|URO|||||||||||16/11/2024|URO|URO|URO|28626568D|1|13/11/2024|D09.0|S|F17.210|S|||||||||||||||||||||||||||||||||||||0TBB8ZZ||||||||||||||||||||||||||||8120/2||||||||446|,7682|1|Sistema Nacional de Salud|-
220054|HOSPITAL DE BARBASTRO|9223|CSCS601117910014||17/11/1960|1|22452|15/10/2024||21|1|MIR|||||||||||18/11/2024|MIR|MIR|MIR|45942132T|5||K56.609|S|T50.905A|S|K59.39|S|K56.0|S|K55.9|S|K63.9|S|A41.9|N|Y95|N|R63.2|S|J95.89|N|T17.918A|N|Y84.8|N|G72.81|N|B37.0|N|R93.5|S|E46|S|E77.8|S|F20.9|S|G20|S|F29|S|0D7N8ZZ|02HV33Z|BW201ZZ|0D9670Z|GZ3ZZZZ|F0737ZZ|3E0436Z|GZ14ZZZ|3E1H78Z|3E03328|3E03329||||||||||CW3NYZZ||||||||||||||||247|1,8617|1|Sistema Nacional de Salud|-
220054|HOSPITAL DE BARBASTRO|226152|||06/09/2024|1|22400|12/11/2024||21|1|PED|||||||||||18/11/2024|PED|PED|PED|76970719T|1||E53.8|S|D64.9|S|D70.9|S|J00|S|||||||||||||||||||||||||||||||||||||||||||||||||||||||||||||||||||||421|,6268|6|Financiación Mixta|-
220054|HOSPITAL DE BARBASTRO|226770|||27/03/2007|1|22500|12/11/2024||21|1|MIR|||||||||||18/11/2024|MIR|MIR|MIR|73016622V|1||B50.8|S|D69.59|S|D68.9|S|||||||||||||||||||||||||||||||||||3E03329|3E033NZ|3E0337Z|BW40ZZZ|||||||||||||||||||||||||||||||||724|,679|6|Financiación Mixta|-
220054|HOSPITAL DE BARBASTRO|18791|RYBR450531910012||31/05/1945|1|22400|06/11/2024||21|1|MIR|||||||||||18/11/2024|MIR|MIR|MIR|17702334Q|1||M35.3|S|M65.89|S|K83.09|S|I71.43|S|J44.9|S|I10|S|E11.51|S|K65.4|S|K76.0|S|N40.1|S|Z86.73|E|Z79.02|E|||||||||||||||||BW40ZZZ|4A02X4Z|3E013VG||||||||||||||||||CW3NYZZ||||||||||||||||346|,8678|1|Sistema Nacional de Salud|-
220054|HOSPITAL DE BARBASTRO|72727|ZRTR410916901014||16/09/1941|1|22421|14/11/2024||21|1|MIR|15/11/2024|CAR|||||||||18/11/2024|CAR|CAR|CAR|Y6058219X|1||I13.0|S|I50.33|S|N17.9|S|N18.9|S|I25.10|S|E11.319|S|I48.21|S|E78.5|S|E03.2|S|T46.2X5S|E|Z79.84|E|Z86.16|E|Z95.5|E|Z79.01|E|||||||||||||B246ZZZ|4A02X4Z|3E013GC|3E033GC|3E0F7GC|3E0333Z|3E033NZ||||||||||||||||||||||||||||||194|,6399|1|Sistema Nacional de Salud|-
220054|HOSPITAL DE BARBASTRO|216131|||15/09/1996|2|22400|15/11/2024||21|1|OBS|||||||||||19/11/2024|OBS|OBS|OBS|72781954H|1||O48.0|S|O90.81|N|O70.0|N|Z3A.40|E|Z37.0|E|Z67.40|E|||||||||||||||||||||||||||||10E0XZZ|3E0R3BZ|3E0P7VZ|0UQGXZZ|10907ZC|4A1HXCZ|||||||||||||||||||||||||||||||560|,2876|1|Sistema Nacional de Salud|-
220054|HOSPITAL DE BARBASTRO|51925|MXSN361162913010||22/11/1936|2|22400|10/11/2024||21|1|MIR|||||||||||19/11/2024|MIR|MIR|MIR|25195530L|1||J20.8|S|J42|S|J96.00|S|I26.99|S|R82.89|S|I12.9|S|E11.22|S|N18.9|S|J45.909|S|R31.9|S|E78.5|S|G47.33|S|Z99.89|E|Z77.22|S|||||||||||||4A02X4Z|3E013GC|3E03329|3E0F7GC|||||||||||||||||CB121ZZ||||||||||||||||145|1,3471|1|Sistema Nacional de Salud|-
220054|HOSPITAL DE BARBASTRO|23673|GRCS410121910011||21/01/1941|1|22300|30/10/2024||21|1|MIR|||||||||||20/11/2024|MIR|MIR|MIR|25195530L|1||I11.0|S|I50.33|S|E85.4|S|I43|S|Z95.3|E|Z95.0|E|I34.1|S|I34.0|S|I27.20|S|K76.1|S|E78.5|S|K57.90|S|||||||||||||||||BW40ZZZ|4A02X4Z|3E033GC|3E033GC|3E033NZ|3E013GC|||||||||||||||C2161ZZ||||||||||||||||194|,6399|1|Sistema Nacional de Salud|-
220054|HOSPITAL DE BARBASTRO|1807|CBPL350556910016||16/05/1935|2|22300|06/11/2024||21|1|MIR|07/11/2024|GRT|||||||||20/11/2024|GRT|GRT|GERIATRIA|18071569D|1||J69.0|S|J96.00|S|I10|S|I48.92|S|L89.154|S|G20|S|F02.80|S|F41.9|S|M81.0|S|G47.00|S|Z86.711|E|Z88.6|E|Z88.1|E|Z88.8|E|||||||||||||3E03329|3E033GC|3E013GC|4A02X4Z|B32S1ZZ|B32T1ZZ|3E0F7SF|3E0337Z|3E0333Z|3E033NZ|3E0F7GC||||||||||||||||||||||||||137|1,5997|1|Sistema Nacional de Salud|-
220054|HOSPITAL DE BARBASTRO|53916|VCCM280554910017||14/05/1928|2|22300|12/11/2024||21|1|MIR|13/11/2024|GRT|||||||||21/11/2024|GRT|GRT|GERIATRIA|72000771F|4||I11.0|S|I50.9|S|J20.9|S|J69.0|N|Y95|N|I48.91|S|I25.2|E|Z95.5|E|I45.10|S|G25.81|S|Z79.01|E|I87.2|S|||||||||||||||||4A02X4Z|3E033GC|3E03329|3E0333Z|3E0337Z|3E033NZ|3E013GC|3E0F7SF|||||||||||||||||||||||||||||194|,9142|1|Sistema Nacional de Salud|-
220054|HOSPITAL DE BARBASTRO|169237|||28/11/1975|2|22423|20/11/2024||27|2|GIN|||||||||||21/11/2024|GIN|GIN|GIN|18073112B|1|20/11/2024|D05.12|S|Z17.0|E|I10|S|E03.9|S|I47.1|S|G51.0|S|D35.02|S|F41.8|S|F17.210|S|||||||||||||||||||||||0HBU0ZZ|0HHU3YZ|BH41ZZZ||||||||||||||||||||||||||8500/2|8140/0|||||||363|1,7236|1|Sistema Nacional de Salud|-
220054|HOSPITAL DE BARBASTRO|6232|BLLS660219910017||19/02/1966|1|22435|19/11/2024||21|1|URO|||||||||||21/11/2024|URO|URO|URO|28626568D|1||N44.00|S|N43.3|S|||||||||||||||||||||||||||||||||||||0VS90ZZ|0VSB3ZZ|||||||||||||||||||||||||||||||||||483|1,0211|1|Sistema Nacional de Salud|-
220054|HOSPITAL DE BARBASTRO|48302|FLFL381007910016||07/10/1938|1|22450|12/11/2024||21|1|MIR|||||||||||21/11/2024|MIR|MIR|MIR|17702334Q|1||R50.9|S|C34.12|S|I50.9|S|D64.9|S|I10|S|I48.91|S|E79.0|S|Z85.46|E|Z92.3|E|Z79.891|E|||||||||||||||||||||3E033GC|30233N1|4A02X4Z|3E0F7SF|3E03329|3E0F7GC|3E0333Z||||||||||||||||||||||8070/3||||||||722|,5653|1|Sistema Nacional de Salud|-
220054|HOSPITAL DE BARBASTRO|75831|PRRX361004910013||04/10/1936|1|22400|14/11/2024||27|2|MIR|||||||||||21/11/2024|MIR|MIR|MIR|72987424Y|1||R10.9|S|R97.0|S|J98.8|S|D61.818|S|F05|N|S55.299A|N|X58.XXXA|N|R50.9|N|I10|S|E55.9|S|Z85.46|E|Z92.3|E|Z87.891|E|||||||||||||||30233N1|3E03329|3E033NZ|3E013GC|||||||||||||||||CW3NYZZ||||||||||||||||251|,6087|1|Sistema Nacional de Salud|-
220054|HOSPITAL DE BARBASTRO|226859|||16/06/2003|2|22135|20/11/2024||21|1|OBS|||||||||||22/11/2024|OBS|OBS|OBS|73010241F|1|20/11/2024|O33.9|S|O34.219|S|O75.4|N|I97.52|N|O71.1|N|O90.81|N|Z88.0|E|Z67.30|E|Z3A.39|E|Z37.0|E|||||||||||||||||||||10D00Z1|3E0R3BZ|04QF0ZZ|4A1HXCZ|3E033GC||||||||||||||||||||||||||||||||540|,5712|1|Sistema Nacional de Salud|-
220054|HOSPITAL DE BARBASTRO|76749|MRLZ551030901014||30/10/1955|1|22422|11/11/2024||21|1|MIR|||||||||||22/11/2024|MIR|MIR|MIR|17756249L|1||N39.0|S|B96.20|S|R31.0|S|N17.9|S|E11.22|S|N18.9|S|E11.319|S|E11.40|S|I10|S|E78.5|S|Z87.891|E|J44.9|S|J45.909|S|R91.1|S|Z88.8|E|Z88.6|E|||||||||BW40ZZZ|BW40ZZZ|3E03329|3E0337Z|3E033NZ|3E013VG|3E013GC||||||||||||||||||||||||||||||463|,5581|1|Sistema Nacional de Salud|-
220054|HOSPITAL DE BARBASTRO|52846|FLBR471068910011||28/10/1947|2|22580|21/11/2024||27|2|CGD|||||||||||22/11/2024|CGD|CGD|CGD|19005451E|1|21/11/2024|K40.91|S|I10|S|K21.9|S|M81.0|S|Z88.0|E|Z88.8|E|Z79.82|E|||||||||||||||||||||||||||0YU54JZ||||||||||||||||||||||||||||||||||||228|,8181|1|Sistema Nacional de Salud|-
220054|HOSPITAL DE BARBASTRO|226855|||03/10/1946|1|25001|19/11/2024||21|1|CGD|||||||||||22/11/2024|CGD|CGD|CGD|50883390F|1||S22.42XA|S|S27.892A|S|S61.205A|S|V43.62XA|E|Y92.410|E|N17.9|S|I12.9|S|N18.9|S|R93.2|S|R93.3|S|K57.30|S|I45.10|S|||||||||||||||||B020ZZZ|BR20ZZZ|BW241ZZ|4A02X4Z|3E033NZ|3E013VG|0JQK0ZZ||||||||||||||||||||||||||||||952|1,2361|5|Privado|-
220054|HOSPITAL DE BARBASTRO|24798|MNSR520526909018||26/05/1952|1|22533|13/11/2024||27|2|TRA|||||||||||22/11/2024|TRA|TRA|TRA|Z2347614D|1|14/11/2024|M17.11|S|E11.9|S|||||||||||||||||||||||||||||||||||||0SRC0J9||||||||||||||||||||||||||||||||||||326|1,2262|1|Sistema Nacional de Salud|-
220054|HOSPITAL DE BARBASTRO|44949|SLSN400812910018||12/08/1940|1|22400|08/11/2024||21|1|MIR|||||||||||22/11/2024|MIR|MIR|MIR|25195530L|1||K64.8|S|T82.7XXA|N|I80.8|N|R93.421|S|R93.422|S|R93.89|S|D12.4|S|D12.0|S|I10|S|K57.30|S|||||||||||||||||||||3E033GC|30233N1|BW241ZZ|0DBC8ZZ|0DBM8ZZ|B246ZZZ|4A02X4Z||||||||||||||CW3NYZZ||||||||8211/0||||||||223|1,401|1|Sistema Nacional de Salud|-
220054|HOSPITAL DE BARBASTRO|217012|||21/06/1988|2|22300|14/11/2024||21|1|MIR|15/11/2024|NML|||||||||22/11/2024|NML|NML|NML|18056444H|1||O99.512|S|J20.9|S|J96.00|S|Z3A.24|E|||||||||||||||||||||||||||||||||3E03329|3E0333Z|3E0F7GC|3E0F7SF|BY4CZZZ|BY48ZZZ|||||||||||||||||||||||||||||||566|,5155|1|Sistema Nacional de Salud|-
220054|HOSPITAL DE BARBASTRO|126282|RDBS620520910017||20/05/1962|1|22500|19/11/2024||27|2|URO|||||||||||23/11/2024|URO|URO|URO|Y9933326P|1|20/11/2024|C61|S|I10|S|B19.20|S|L40.9|S|||||||||||||||||||||||||||||||||0VT04ZZ|0VT34ZZ|||||||||||||||||||||||||||8550/3||||||||480|1,1363|1|Sistema Nacional de Salud|-
220054|HOSPITAL DE BARBASTRO|106567|FRSL521164910014||24/11/1952|2|22532|20/11/2024||27|2|GIN|||||||||||24/11/2024|GIN|GIN|GIN|18073112B|1|21/11/2024|N81.2|S|N81.6|S|||||||||||||||||||||||||||||||||||||0UT97ZZ|0JQC0ZZ|0JQC0ZZ||||||||||||||||||||||||||||||||||513|,8396|1|Sistema Nacional de Salud|-
220054|HOSPITAL DE BARBASTRO|173739|RBGL330617911014||17/06/1933|1|22550|22/11/2024||27|2|CGD|22/11/2024|MIV|23/11/2024|CGD|||||||24/11/2024|CGD|CGD|CGD|18025531V|1|22/11/2024|K40.90|S|T40.411A|N|Y63.8|N|I10|S|N40.0|S|I25.9|S|Z79.82|E|Z79.52|E|||||||||||||||||||||||||0YU50JZ|4A13XB1|||||||||||||||||||||||||||||||||||228|,8181|1|Sistema Nacional de Salud|-
220054|HOSPITAL DE BARBASTRO|46300|BSBR810601910014||01/06/1981|1|22510|23/11/2024||21|1|URO|||||||||||24/11/2024|URO|URO|URO|Y9933326P|1|23/11/2024|N20.2|S|||||||||||||||||||||||||||||||||||||||0T9380Z|0T9480Z|BW20ZZZ||||||||||||||||||||||||||||||||||443|1,0933|1|Sistema Nacional de Salud|-
220054|HOSPITAL DE BARBASTRO|46089|46089||13/04/1953|1|22400|21/11/2024||21|1|URO|||||||||||24/11/2024|URO|URO|URO|Y9933326P|1||N39.0|S|N17.9|S|R93.89|S|I12.0|S|N18.5|S|I71.9|S|I25.2|E|E11.22|S|E78.5|S|C79.51|S|C77.8|S|Z90.6|E|Z93.6|E|Z85.46|E|Z90.79|E|Z85.528|E|Z90.5|E|Z92.3|E|Z95.5|E|Z96.0|S|BT4JZZZ|3E03329|||||||||||||||||||||||||||8000/6||||||||463|,5581|1|Sistema Nacional de Salud|-
220054|HOSPITAL DE BARBASTRO|32419|SCTN340543910015||03/05/1934|2|22500|20/11/2024||21|1|MIR|||||||||||25/11/2024|MIR|MIR|MIR|18049390W|1||J98.8|S|J84.9|S|J47.9|S|E46|S|Z99.81|E|J96.10|S|R54|S|R13.10|S|Z59.3|E|M15.9|S|R32|S|F09|S|F41.8|S|||||||||||||||3E03329|3E0F7GC|3E0333Z|3E013GC|3E0F7SF|3E0337Z|3E033GC|3E013VG|||||||||||||||||||||||||||||144|,6508|1|Sistema Nacional de Salud|-
220054|HOSPITAL DE BARBASTRO|224978|||08/09/1993|2|22430|23/11/2024||21|1|OBS|||||||||||25/11/2024|OBS|OBS|OBS|72781954H|1||O34.83|S|N90.810|S|O90.81|N|Z3A.39|E|Z37.0|E|Z67.10|E|||||||||||||||||||||||||||||10D07Z6|3E0R3BZ|0W8NXZZ|4A1HXCZ|||||||||||||||||||||||||||||||||560|,2876|1|Sistema Nacional de Salud|-
220054|HOSPITAL DE BARBASTRO|91959|GRSP560620910012||20/06/1956|1|22451|19/11/2024||21|1|MIR|||||||||||26/11/2024|MIR|MIR|MIR|73016622V|4||J18.9|S|K75.9|S|C32.0|S|C78.1|S|C79.89|S|Z79.60|E|||||||||||||||||||||||||||||3E03329|3E0333Z|3E0F7SF|3E033NZ|3E0F7GC|3E033GC|3E0337Z||||||||||||||||||||||8070/3|8070/6|||||||139|,5829|1|Sistema Nacional de Salud|-
220054|HOSPITAL DE BARBASTRO|66094|PRSN601215910014||15/12/1960|1|22400|24/11/2024||27|2|MIR|||||||||||26/11/2024|MIR|MIR|MIR|18018095X|1||R74.01|S|K76.0|S|E11.9|S|E66.9|S|Z68.38|E|J84.112|S|I27.23|S|F10.90|S|G47.33|S|Z99.89|E|Z79.84|E|Z53.8|S|||||||||||||||||||||||||||||||||||||||||||||||||||||861|,5873|1|Sistema Nacional de Salud|-
220054|HOSPITAL DE BARBASTRO|76119|FSRT940458910015||18/04/1994|2|22390|21/11/2024||21|1|OBS|||||||||||26/11/2024|OBS|OBS|OBS|72781954H|1|23/11/2024|O36.5930|S|O41.03X0|S|O35.8XX0|S|O77.0|S|O43.123|S|O69.2XX0|N|O36.93X0|N|O90.81|N|Z67.10|E|Z3A.39|E|Z37.0|E|||||||||||||||||||10D00Z1|3E0P7VZ|3E033VJ|0U7C7ZZ|10907ZC|4A1HXCZ|||||||||||||||||||||||||||||||540|,5712|1|Sistema Nacional de Salud|-
220054|HOSPITAL DE BARBASTRO|14194|HRHR811021910016||21/10/1981|1|22500|07/11/2024||21|1|MIR|||||||||||26/11/2024|MIR|MIR|MIR|17702334Q|1||E11.65|S|T38.0X5A|S|C71.9|S|R50.81|N|R33.9|N|E83.119|S|F17.210|S|Z79.69|E|Z79.52|E|Z86.11|E|Z92.3|E|||||||||||||||||||BW40ZZZ|3E0337Z|3E013VG|0T9B70Z|0TPBX0Z|3E013GC|3E033GC|3E03329|3E033NZ||||||||||||B030YZZ||||||||9440/3||||||||420|,4309|1|Sistema Nacional de Salud|-
220054|HOSPITAL DE BARBASTRO|35561|LPPR710524910012||24/05/1971|1|22349|25/11/2024||27|2|CGD|||||||||||26/11/2024|CGD|CGD|CGD|18025531V|1|25/11/2024|L05.92|S|F17.210|S|||||||||||||||||||||||||||||||||||||0JB90ZZ||||||||||||||||||||||||||||||||||||383|,4196|1|Sistema Nacional de Salud|-
220054|HOSPITAL DE BARBASTRO|106149|CBBZ300614910012||14/06/1930|1|22300|06/11/2024||21|1|MIR|07/11/2024|GRT|||||||||26/11/2024|GRT|GRT|GERIATRIA|72000771F|1||A41.51|S|A41.59|S|A41.81|S|K80.30|S|B96.20|S|B95.2|S|B96.1|S|Z16.24|S|K85.10|S|J98.8|N|F05|N|I10|S|G31.84|S|Z59.3|E|M19.90|S|Z79.82|E|||||||||BW201ZZ|BW201ZZ|3E03329|3E03328|3E0337Z|3E033NZ|3E033GC|3E013GC|3E013VG||||||||||||BF35ZZZ|BF37ZZZ|||||||||||||||720|1,0915|1|Sistema Nacional de Salud|-
220054|HOSPITAL DE BARBASTRO|220964|TRXX480727642022||27/07/1948|1|22549|26/11/2024||21|1|MIV|||||||||||27/11/2024|MIV|MIV|MIV|18040941V|2||I21.4|S|I25.10|S|E11.9|S|E78.5|S|Z79.4|E|Z79.84|E|||||||||||||||||||||||||||||3E013GC|B246ZZZ|3E0337Z|3E0F7SF|4A12X4Z|4A13XB1|4A13XR1||||||||||||||||||||||||||||||190|,6848|1|Sistema Nacional de Salud|-
220054|HOSPITAL DE BARBASTRO|2458|DMZL281029910010||29/10/1928|1|22300|16/11/2024||21|1|MIR|18/11/2024|GRT|||||||||27/11/2024|GRT|GRT|GERIATRIA|18071569D|1||J22|S|J96.00|S|I11.0|S|I50.9|S|D64.9|S|E11.9|S|I27.29|S|I48.91|S|Z79.01|E|Z95.5|E|Z95.0|E|Z95.3|E|Z59.3|E|Z79.891|E|Z79.82|E|||||||||||3E03329|3E0333Z|3E0F7GC|3E0F7SF|3E033GC|3E013VG|3E033NZ|3E013GC|||||||||||||||||||||||||||||144|,6508|1|Sistema Nacional de Salud|-
220054|HOSPITAL DE BARBASTRO|210327|||12/09/1982|1|22500|20/11/2024||30|1|TRA|||||||||||27/11/2024|TRA|TRA|TRA|Z2347614D|1||Z48.812|E|Z96.612|S|G62.9|S|||||||||||||||||||||||||||||||||||3E013GC|3E033NZ|3E03329||||||||||||||||||||||||||||||||||862|,5723|1|Sistema Nacional de Salud|-
220054|HOSPITAL DE BARBASTRO|226889|||21/11/2024|1|22300|25/11/2024||24|1|PED|||||||||||27/11/2024|PED|PED|PED|18025482Z|1||P59.9|S|P92.8|S|||||||||||||||||||||||||||||||||||||6A600ZZ||||||||||||||||||||||||||||||||||||640|,1536|1|Sistema Nacional de Salud|-
220054|HOSPITAL DE BARBASTRO|69173|RLRC461259901012||19/12/1946|2|22300|18/11/2024||21|1|MIR|19/11/2024|NML|||||||||27/11/2024|NML|NML|NML|18055770B|1||J69.0|S|J96.91|S|R13.10|S|T80.89XA|N|M79.81|N|J43.9|S|Z87.891|E|D64.9|S|I25.9|S|I10|S|E11.9|S|I27.82|S|Z79.01|E|Z79.82|E|Z99.81|E|||||||||||3E03329|3E0F7GC|3E0333Z|3E013GC|3E033NZ|3E013VG|3E0F7SF||||||||||||||||||||||||||||||137|1,0895|1|Sistema Nacional de Salud|-
220054|HOSPITAL DE BARBASTRO|175616|DJGR630228910018||28/02/1963|1|22400|23/11/2024||21|1|MIR|||||||||||27/11/2024|MIR|MIR|MIR|18045774C|1||J22|S|J42|S|C7A.1|S|C7B.8|S|K70.30|S|F10.10|S|F17.210|S|K76.6|S|E78.5|S|Z88.6|E|Z92.21|E|||||||||||||||||||3E03329|3E0F7GC|3E0333Z|3E033NZ|3E0F7SF||||||||||||||||||||||||8246/3|8246/6|||||||144|,6508|1|Sistema Nacional de Salud|-
220054|HOSPITAL DE BARBASTRO|4275|MNGR310158910012||18/01/1931|2|22450|23/11/2024||21|1|MIR|||||||||||27/11/2024|MIR|MIR|MIR|18045774C|1||R55|S|G20|S|F02.C0|S|I13.10|S|N18.9|S|I51.7|S|M19.90|S|||||||||||||||||||||||||||4A02X4Z|3E0337Z|3E03329|3E033NZ|||||||||||||||||||||||||||||||||204|,576|1|Sistema Nacional de Salud|-
220054|HOSPITAL DE BARBASTRO|169805|DCCS620406903019||06/04/1962|1|22367|09/11/2024||21|1|MIR|11/11/2024|NML|||||||||27/11/2024|NML|NML|NML|18055770B|1||A41.9|S|J18.9|S|J86.0|S|C34.90|S|C77.1|S|D64.9|S|D70.9|S|J70.0|S|Y84.2|S|N17.9|S|D75.839|S|Z22.39|E|Z85.810|E|Z79.891|E|Z87.891|E|||||||||||3E03329|3E03328|3E0F7SF|BW241ZZ|4A02X4Z|30233N1|3E013GC|3E033NZ|3E0337Z|3E033GC|3E0F7GC|3E0333Z|||||||||||||||||8070/3|8070/6|||||||720|2,0958|1|Sistema Nacional de Salud|-
220054|HOSPITAL DE BARBASTRO|222943|CSXX731219642015||19/12/1973|1|22550|31/10/2024||21|1|MIR|||||||||||27/11/2024|MIR|MIR|MIR|18055798Q|1||K85.20|S|E87.70|S|K22.6|S|I73.9|S|F10.20|S|Z88.6|E|||||||||||||||||||||||||||||BW211ZZ|BW30YZZ|BT4JZZZ|4A02X4Z|3E033GC|3E03329|||||||||||||||||||||||||||||||282|,6409|1|Sistema Nacional de Salud|-
220054|HOSPITAL DE BARBASTRO|158438|TSXX830842643017||02/08/1983|2|22520|27/11/2024||27|2|CGD|||||||||||27/11/2024|CGD|CGD|CGD|72889973Y|1|27/11/2024|D24.2|S|||||||||||||||||||||||||||||||||||||||0HBU0ZZ|BH41ZZZ|||||||||||||||||||||||||||9010/0||||||||363|1,1044|1|Sistema Nacional de Salud|-
220054|HOSPITAL DE BARBASTRO|5172|HRMJ530708910019||08/07/1953|1|22400|13/11/2024||21|1|MIR|14/11/2024|NML|||||||||27/11/2024|NML|NML|NML|18055770B|1||C34.31|S|C78.2|S|J91.0|S|C78.02|S|C78.7|S|C77.1|S|C77.2|S|C77.3|S|C77.4|S|C79.72|S|C78.89|S|C79.89|S|I71.40|S|E46|S|F17.210|S|N40.0|S|Z79.82|E|Z79.02|E|||||BW251ZZ|0W993ZX|3E0F7GC|3E0337Z|3E013GC|3E033NZ|||||||||||||||||||||||8140/3|8140/6|||||||136|1,2477|1|Sistema Nacional de Salud|-
220054|HOSPITAL DE BARBASTRO|226858|||08/12/1934|2|22512|20/11/2024||21|1|TRA|||||||||||28/11/2024|TRA|TRA|TRA|Y2004544Q|1||S32.302A|S|S32.502A|S|W10.9XXA|S|S06.6X9D|E|W10.9XXD|E|D50.0|S|R33.9|D|I13.0|S|I50.9|S|N18.9|S|J96.90|S|M81.0|S|E78.5|S|E11.9|S|I44.0|S|I48.91|S|Z79.4|E|Z79.84|E|Z59.3|E|||3E033NZ|3E0333Z|30233N1|B020ZZZ|BW20ZZZ|0T9B70Z|0TPBX0Z|3E0337Z|3E013GC||||||||||||||||||||||||||||341|1,6473|1|Sistema Nacional de Salud|-
220054|HOSPITAL DE BARBASTRO|56539|BRLR910346910011||06/03/1991|2|22300|26/11/2024||21|1|OBS|||||||||||28/11/2024|OBS|OBS|OBS|72781954H|1||O99.613|S|K58.8|S|Z67.11|E|Z3A.39|E|O90.81|N|O70.0|N|Z37.0|E|||||||||||||||||||||||||||10E0XZZ|3E0R3BZ|0HQ9XZZ|4A1HXCZ|||||||||||||||||||||||||||||||||560|,2876|3|Mutuas de Accidentes de trabajo|-
220054|HOSPITAL DE BARBASTRO|132397|GHXX601118642029||18/11/1960|1|22300|19/11/2024||27|2|TRA|||||||||||28/11/2024|TRA|TRA|TRA|Y2004544Q|1|20/11/2024|M87.051|S|Z96.642|S|||||||||||||||||||||||||||||||||||||0SR904A||||||||||||||||||||||||||||||||||||324|1,2616|1|Sistema Nacional de Salud|-
220054|HOSPITAL DE BARBASTRO|226887|||21/08/1988|1|22589|21/11/2024||21|1|MIR|||||||||||28/11/2024|MIR|MIR|MIR|72987424Y|1||A07.1|S|||||||||||||||||||||||||||||||||||||||3E03329||||||||||||||||||||||||||||||||||||248|,4984|6|Financiación Mixta|-
220054|HOSPITAL DE BARBASTRO|93091|93091||31/05/1959|1|22400|24/11/2024||27|2|URO|||||||||||28/11/2024|URO|URO|URO|51460077S|1|25/11/2024|C61|S|I10|S|||||||||||||||||||||||||||||||||||||0VT04ZZ|0VT34ZZ|0VTQ4ZZ||||||||||||||||||||||||||8550/3||||||||480|1,1363|1|Sistema Nacional de Salud|-
220054|HOSPITAL DE BARBASTRO|57406|BSZR270651910019||11/06/1927|2|22500|23/11/2024||21|1|MIR|||||||||||29/11/2024|MIR|MIR|MIR|17756249L|4||J18.9|S|E86.0|S|E87.0|S|I11.0|S|I50.9|S|L89.159|S|B95.2|S|G31.84|S|Z99.81|E|||||||||||||||||||||||3E03329|3E0333Z|3E0F7GC|3E0F7SF|3E033GC|3E013VG|3E0337Z|3E033NZ|||||||||||||||||||||||||||||139|,5829|1|Sistema Nacional de Salud|-
220054|HOSPITAL DE BARBASTRO|143212|YDGL360153910015||13/01/1936|2|22400|18/11/2024||21|1|TRA|||||||||||29/11/2024|TRA|TRA|TRA|73090858D|1|22/11/2024|S72.101A|S|W19.XXXA|S|D64.9|S|K21.9|S|I47.1|S|I34.2|S|I25.10|S|M81.0|S|F09|S|N18.9|S|F43.20|S|Z86.73|E|||||||||||||||||0QS636Z||||||||||||||||||||||||||||||||||||308|1,4102|1|Sistema Nacional de Salud|-
220054|HOSPITAL DE BARBASTRO|221579|||18/05/2023|2|22500|22/11/2024||21|1|PED|||||||||||29/11/2024|PED|PED|PED|18025482Z|1||J20.5|S|J96.01|S|||||||||||||||||||||||||||||||||||||3E0F7GC|3E0F7SF|5A0945A||||||||||||||||||||||||||||||||||145|,78|1|Sistema Nacional de Salud|-
220054|HOSPITAL DE BARBASTRO|177480|AR602881399E||10/05/1954|1|22413|22/11/2024||21|1|MIR|||||||||||30/11/2024|MIR|MIR|MIR|18049390W|1|29/11/2024|A41.9|S|N39.0|S|Z46.6|E|N99.89|S|N13.5|S|Y83.2|S|E11.21|S|E11.51|S|D64.9|S|Z85.51|E|Z90.6|E|Z93.6|E|Z90.79|E|Z86.718|E|Z87.891|E|Z79.4|E|Z79.01|E|||||||0TP580Z|0TP580Z|0T9380Z|0T9480Z|3E03329|3E0337Z|3E033NZ||||||||||||||||||||||||||||||710|1,5322|1|Sistema Nacional de Salud|-
220054|HOSPITAL DE BARBASTRO|136334|VLJR931269218012||29/12/1993|2|22500|29/11/2024||21|1|OBS|||||||||||01/12/2024|OBS|OBS|OBS|18073112B|1||O26.831|S|N23|S|Z3A.12|E|||||||||||||||||||||||||||||||||||3E033NZ|3E0337Z|3E033GC|BY49ZZZ|||||||||||||||||||||||||||||||||566|,3467|1|Sistema Nacional de Salud|-
220054|HOSPITAL DE BARBASTRO|36924|FRTR320903910013||03/09/1932|1|22435|27/11/2024||21|1|MIR|28/11/2024|GRT|||||||||02/12/2024|GRT|GRT|GERIATRIA|18047202E|1||I50.811|S|I50.31|S|N40.1|S|E04.9|S|M99.9|S|I25.2|E|Z95.0|E|Z95.3|E|Z95.1|E|Z88.8|E|||||||||||||||||||||B246ZZZ|3E033GC|||||||||||||||||||||||||||||||||||194|,4787|1|Sistema Nacional de Salud|-
220054|HOSPITAL DE BARBASTRO|18566|TRLS340567910018||27/05/1934|2|22300|23/11/2024||21|1|MIR|||||||||||02/12/2024|MIR|MIR|MIR|18045774C|1||I11.0|S|I50.33|S|J96.20|S|M1A.0620|N|E78.5|S|K44.9|S|D50.9|S|K57.30|S|Z79.82|E|||||||||||||||||||||||3E033GC|3E0333Z|||||||||||||||||||||||||||||||||||194|,9142|1|Sistema Nacional de Salud|-
220054|HOSPITAL DE BARBASTRO|108816|GRMR760241910013||01/02/1976|2|22310|26/11/2024||21|1|GIN|||||||||||02/12/2024|GIN|GIN|GIN|72781954H|1|26/11/2024|N83.12|S|N99.4|S|D50.0|S|I87.2|S|Z90.710|E|Z88.0|E|||||||||||||||||||||||||||||0UT14ZZ|0W9J4ZZ|0DNW4ZZ|0DTJ4ZZ|BW40ZZZ||||||||||||||||||||||||||||||||513|,8396|1|Sistema Nacional de Salud|-
220054|HOSPITAL DE BARBASTRO|189317|||19/11/2013|1|22413|02/12/2024||27|2|ORL|||||||||||03/12/2024|ORL|ORL|ORL|Z2542961V|1|02/12/2024|J35.2|S|D10.1|S|M08.9A|S|||||||||||||||||||||||||||||||||||0CTQXZZ|0CB7XZZ|||||||||||||||||||||||||||8052/0||||||||097|,5411|1|Sistema Nacional de Salud|-
220054|HOSPITAL DE BARBASTRO|85477|PRGR330367904011||27/03/1933|2|22450|24/11/2024||21|1|MIR|25/11/2024|GRT|||||||||03/12/2024|GRT|GRT|GERIATRIA|18071569D|1||A41.51|S|N39.0|S|B96.20|S|Z16.12|S|D50.9|S|D49.59|S|D49.89|S|I11.0|S|I50.9|S|I51.7|S|L89.619|S|G30.9|S|F02.C11|S|M15.9|S|Z86.16|E|Z88.1|E|||||||||3E03329|30233N1|3E0F7SF|BW20ZZZ|3E033GC|3E033NZ|3E0337Z||||||||||||||||||||||8000/1||||||||720|,7111|1|Sistema Nacional de Salud|-
220054|HOSPITAL DE BARBASTRO|24644|BOCH300268910014||28/02/1930|2|22400|28/11/2024||21|1|MIR|29/11/2024|GRT|||||||||03/12/2024|GRT|GRT|GERIATRIA|18047202E|1||D64.9|S|I11.0|S|I50.9|S|M79.81|S|E46|S|E11.9|S|I48.91|S|I87.2|S|K59.00|S|R32|S|C50.911|S|F03.90|S|M62.3|S|R13.10|S|Z79.4|E|Z79.01|E|Z59.3|E|||||||30233N1|3E033GC|||||||||||||||||||||||||||8500/3||||||||663|,5007|1|Sistema Nacional de Salud|-
220054|HOSPITAL DE BARBASTRO|58234|MLPS450242901018||02/02/1945|2|22300|26/11/2024||27|2|TRA|||||||||||04/12/2024|TRA|TRA|TRA|Z2347614D|1|27/11/2024|M17.11|S|D64.9|N|E11.9|S|I10|S|E78.5|S|Z96.652|S|||||||||||||||||||||||||||||0SRC0J9||||||||||||||||||||||||||||||||||||326|1,3457|1|Sistema Nacional de Salud|-
220054|HOSPITAL DE BARBASTRO|759|SRLB470326910016||26/03/1947|1|22417|25/11/2024||27|2|URO|||||||||||04/12/2024|URO|URO|URO|Y9933326P|1|26/11/2024|N40.1|S|R33.8|S|Z96.0|S|N21.0|S|I10|S|E78.5|S|E11.9|S|E89.0|S|R91.1|S|Z85.850|E|Z95.1|E|Z95.2|E|||||||||||||||||0VB08ZZ||||||||||||||||||||||||||||||||||||482|,7238|1|Sistema Nacional de Salud|-
220054|HOSPITAL DE BARBASTRO|1024|BNSC580367910018||27/03/1958|2|22532|03/12/2024||27|2|TRA|||||||||||05/12/2024|TRA|TRA|TRA|Z2347614D|1|04/12/2024|M20.12|S|M62.472|S|||||||||||||||||||||||||||||||||||||0SSL04Z||||||||||||||||||||||||||||||||||||314|1,0458|1|Sistema Nacional de Salud|-
220054|HOSPITAL DE BARBASTRO|213373|||01/04/1972|2|22400|15/11/2024||21|1|MIR|||||||||||05/12/2024|MIR|MIR|MIR|72987424Y|1||D35.1|S|E21.0|S|E83.52|S|N28.9|S|D50.9|S|D25.1|S|E78.5|S|M47.9|S|I87.2|S|M51.26|S|M51.27|S|K14.8|S|||||||||||||||||BW2F1ZZ|BW201ZZ|3E033GC|3E0337Z|09JK8ZZ|3E033NZ|||||||||||||||BR30ZZZ|BR39ZZZ|CG111ZZ||||||8140/0|8895/0|||||||424|,5201|1|Sistema Nacional de Salud|-
220054|HOSPITAL DE BARBASTRO|217829|||01/02/1957|2|22400|05/12/2024||27|2|CGD|||||||||||05/12/2024|CGD|CGD|CGD|18045029B|1|05/12/2024|C82.45|S|I12.9|S|N18.9|S|B18.1|S|||||||||||||||||||||||||||||||||07BJ0ZX||||||||||||||||||||||||||||9698/3||||||||681|1,1374|1|Sistema Nacional de Salud|-
220054|HOSPITAL DE BARBASTRO|98196|BLCS341161910019||21/11/1934|2|22450|21/11/2024||21|1|MIR|22/11/2024|GRT|||||||||05/12/2024|GRT|GRT|GERIATRIA|18071569D|1||N39.0|S|B96.1|S|N17.9|S|I13.0|S|I50.30|S|E11.22|S|N18.32|S|D63.1|S|E11.65|S|E87.5|S|E87.1|S|K59.00|S|F41.9|S|J40|S|Z79.84|E|Z59.3|E|Z88.0|E|Z88.8|E|||||BW40ZZZ|B246ZZZ|3E1H78Z|3E033GC|3E0337Z|3E033NZ|3E013VG|3E03329|3E013GC|3E0333Z|3E0F7GC||||||||||||||||||||||||||463|,7681|1|Sistema Nacional de Salud|-
220054|HOSPITAL DE BARBASTRO|226984|||29/11/2024|2|22300|04/12/2024||27|1|PED|||||||||||06/12/2024|PED|PED|PED|76970719T|1||P59.9|S|||||||||||||||||||||||||||||||||||||||6A600ZZ||||||||||||||||||||||||||||||||||||640|,1011|1|Sistema Nacional de Salud|-
220054|HOSPITAL DE BARBASTRO|60250|BLML430717910012||17/07/1943|1|22558|26/11/2024||21|1|MIR|||||||||||07/12/2024|MIR|MIR|MIR|18049390W|1||I50.811|S|I27.0|S|R42|N|T42.8X5A|N|D50.9|S|M99.83|S|M99.84|S|I10|S|E11.9|S|I48.91|S|N40.0|S|G20|S|Z95.2|E|Z79.01|E|||||||||||||B020ZZZ|B246ZZZ|BW24ZZZ|4A02X4Z|3E033GC|3E033NZ|||||||||||||||BR33ZZZ|BR3FZZZ|||||||||||||||194|,6399|1|Sistema Nacional de Salud|-
220054|HOSPITAL DE BARBASTRO|95313|LMBR580329910010||29/03/1958|1|22430|05/12/2024||21|1|TRA|||||||||||08/12/2024|TRA|TRA|TRA|Z2347614D|1|05/12/2024|T84.020A|S|I10|S|E78.5|S|L40.9|S|F32.A|S|||||||||||||||||||||||||||||||0SJ9XZZ|0SW9XJZ|||||||||||||||||||||||||||||||||||349|,5038|1|Sistema Nacional de Salud|-
220054|HOSPITAL DE BARBASTRO|22445|PLBL350923910011||23/09/1935|1|22423|04/12/2024||21|1|URO|||||||||||08/12/2024|URO|URO|URO|51460077S|1||R31.9|S|N32.89|S|D50.0|S|Z79.01|E|I10|S|J44.9|S|E78.5|S|I25.2|E|Z99.89|E|||||||||||||||||||||||BT4JZZZ|30233N1|3E033NZ|3E03329|||||||||||||||||||||||||||||||||468|,4959|1|Sistema Nacional de Salud|-
220054|HOSPITAL DE BARBASTRO|66413|LGSL860741901017||01/07/1986|2|22234|07/12/2024||21|1|OBS|||||||||||09/12/2024|OBS|OBS|OBS|73003838K|1||O99.284|S|E03.9|S|E66.9|S|O70.1|N|O90.81|N|Z67.10|E|Z3A.38|E|Z37.0|E|||||||||||||||||||||||||10E0XZZ|0KQM0ZZ|3E0R3BZ|4A1HXCZ|||||||||||||||||||||||||||||||||560|,3169|1|Sistema Nacional de Salud|-
220054|HOSPITAL DE BARBASTRO|224578|||05/09/1995|2|22520|05/12/2024||21|1|OBS|||||||||||09/12/2024|OBS|OBS|OBS|73003838K|1|05/12/2024|O48.0|S|O34.22|S|O90.81|N|O61.0|N|Z3A.41|E|Z37.0|E|Z67.40|E|||||||||||||||||||||||||||10D00Z1|3E033VJ|4A1HXCZ||||||||||||||||||||||||||||||||||540|,4756|1|Sistema Nacional de Salud|-
220054|HOSPITAL DE BARBASTRO|70746|SNLN581108904012||08/11/1958|1|22400|29/11/2024||21|1|CGD|||||||||||10/12/2024|CGD|CGD|CGD|18025531V|1||E11.621|S|L97.528|S|L03.116|S|I10|S|E66.3|S|E78.1|S|E79.0|S|I25.9|S|Z79.82|E|Z79.4|E|Z88.8|E|||||||||||||||||||3E03329||||||||||||||||||||||||||||||||||||380|,5434|1|Sistema Nacional de Salud|-
220054|HOSPITAL DE BARBASTRO|108007|SNGR530343910019||01/03/1953|2|22300|22/11/2024||21|1|MIR|||||||||||10/12/2024|MIR|MIR|MIR|17756249L|1||B17.2|S|D68.4|S|N39.0|S|D84.1|S|||||||||||||||||||||||||||||||||BW40ZZZ|BW40ZZZ|3E03329|3E0337Z|||||||||||||||||BF35ZZZ|BF37ZZZ|||||||||||||||283|,6468|1|Sistema Nacional de Salud|-
220054|HOSPITAL DE BARBASTRO|137039|MRPC380969901015||29/09/1938|2|22393|06/12/2024||21|1|MIR|10/12/2024|GRT|||||||||10/12/2024|GRT|GRT|GERIATRIA|18048054T|4||E86.0|S|F03.C0|S|D50.9|S|C22.9|S|N17.9|S|I13.0|S|I50.9|S|N18.9|S|L89.159|S|E11.22|S|E78.5|S|M19.90|S|M81.0|S|R32|S|Z86.73|E|Z79.4|E|||||||||3E0337Z|30233N1|3E033GC|3E03329|3E033NZ||||||||||||||||||||||||8000/3||||||||422|,4822|1|Sistema Nacional de Salud|-
220054|HOSPITAL DE BARBASTRO|27584|AR901954880Z||11/04/1932|2|22413|06/12/2024||21|1|MIR|10/12/2024|GRT|||||||||11/12/2024|GRT|GRT|GERIATRIA|72000771F|4||J69.0|S|J96.00|S|R13.19|S|F02.C0|S|I12.9|S|N18.9|S|G25.0|S|F43.23|S|Z79.82|E|||||||||||||||||||||||3E03329|3E033NZ|3E0337Z|3E0333Z|3E033GC||||||||||||||||||||||||||||||||137|1,0895|3|Mutuas de Accidentes de trabajo|-
220054|HOSPITAL DE BARBASTRO|35268|MGTR560516901011||16/05/1956|1|22400|04/12/2024||21|1|MIR|||||||||||12/12/2024|MIR|MIR|MIR|18045774C|1||K86.1|S|E11.65|S|E78.5|S|E66.9|S|F17.210|S|Z79.84|E|||||||||||||||||||||||||||||BW24ZZZ|4A02X4Z|||||||||||||||||||BF35ZZZ|BF37ZZZ|||||||||||||||282|,481|1|Sistema Nacional de Salud|-
220054|HOSPITAL DE BARBASTRO|227098|||17/09/2022|1|22500|12/12/2024||21|1|PED|||||||||||13/12/2024|PED|PED|PED|25359168N|1||Z03.6|E|R50.9|N|||||||||||||||||||||||||||||||||||||3E0G7GC||||||||||||||||||||||||||||||||||||861|,4785|1|Sistema Nacional de Salud|-
220054|HOSPITAL DE BARBASTRO|157247|CLTR071112910012||12/11/2007|1|22300|13/12/2024||27|2|TRA|||||||||||14/12/2024|TRA|TRA|TRA|73090858D|1|13/12/2024|S52.021A|S|V19.88XA|S|||||||||||||||||||||||||||||||||||||0PSK04Z||||||||||||||||||||||||||||||||||||315|,898|1|Sistema Nacional de Salud|-
220054|HOSPITAL DE BARBASTRO|23788|CHBD450915910015||15/09/1945|1|22416|11/12/2024||27|2|URO|||||||||||14/12/2024|URO|URO|URO|77131926T|1|11/12/2024|D09.0|S|Z85.51|E|I48.91|S|N40.0|S|G47.33|S|J47.9|S|Z88.6|E|Z79.01|E|||||||||||||||||||||||||0TBB8ZZ|0TBB8ZX|||||||||||||||||||||||||||8130/2||||||||446|,7682|1|Sistema Nacional de Salud|-
220054|HOSPITAL DE BARBASTRO|73104|MRMN450915910017||15/09/1945|1|22510|11/12/2024||30|1|MIV|12/12/2024|CAR|||||||||16/12/2024|CAR|CAR|CAR|18045946P|1||I21.3|S|Z95.5|E|I25.10|S|I10|S|Z87.891|E|G47.33|S|Z99.89|E|Z82.49|E|||||||||||||||||||||||||3E013GC|4A02X4Z|||||||||||||||||||||||||||||||||||190|,6848|1|Sistema Nacional de Salud|-
220054|HOSPITAL DE BARBASTRO|36637|CBRV330365910014||25/03/1931|2|22300|14/12/2024||21|1|MIR|16/12/2024|GRT|||||||||16/12/2024|GRT|GRT|GERIATRIA|72000771F|1||I48.21|S|I11.0|S|I50.9|S|D52.9|S|E46|S|E11.9|S|J45.909|S|I27.20|S|H35.3133|S|M81.0|S|M17.9|S|I87.2|S|Z59.3|E|Z79.84|E|||||||||||||4A02X4Z|3E0F7GC|3E033GC|3E0337Z|||||||||||||||||||||||||||||||||201|,8358|1|Sistema Nacional de Salud|-
220054|HOSPITAL DE BARBASTRO|213787|||12/05/1941|1|22330|08/12/2024||21|1|MIR|10/12/2024|GRT|||||||||16/12/2024|GRT|GRT|GERIATRIA|18071569D|4||J12.1|S|J96.90|S|G40.909|S|F03.90|S|I11.0|S|I50.9|S|E79.0|S|K70.9|S|F10.21|S|F17.210|S|Z86.73|E|Z59.3|E|Z96.0|S|||||||||||||||3E03329|3E0F7SF|3E0F7GC|3E0333Z|3E0337Z|3E013GC|3E033GC|3E033NZ|||||||||||||||||||||||||||||138|,8471|1|Sistema Nacional de Salud|-
220054|HOSPITAL DE BARBASTRO|64944|MCPQ580327910013||27/03/1958|1|22585|15/12/2024||27|2|ORL|||||||||||17/12/2024|ORL|ORL|ORL|26283260X|1|16/12/2024|C82.31|S|||||||||||||||||||||||||||||||||||||||07B20ZX||||||||||||||||||||||||||||9698/3||||||||681|1,1374|1|Sistema Nacional de Salud|-
220054|HOSPITAL DE BARBASTRO|725|JVPL370742910011||02/07/1937|2|22400|29/11/2024||21|1|MIR|02/12/2024|NML|||||||||17/12/2024|NML|NML|NML|18055770B|1||J18.9|S|J84.89|S|E87.1|S|R19.7|S|I10|S|M15.9|S|M81.0|S|E04.2|S|Z88.0|E|||||||||||||||||||||||3E03329|3E03328|3E0F7SF|3E0F7GC|3E0333Z|3E013VG|3E033NZ||||||||||||||||||||||||||||||139|,5829|1|Sistema Nacional de Salud|-
220054|HOSPITAL DE BARBASTRO|131702|AR700452946F||19/01/1959|2|22430|04/12/2024||21|1|MIR|||||||||||17/12/2024|MIR|MIR|MIR|17702334Q|1||J22|S|I50.9|S|J96.92|S|E11.22|S|I10|S|N18.31|S|E78.5|S|K70.9|S|F17.210|S|F10.90|S|K76.6|S|K31.89|S|I85.10|S|Z99.81|E|Z88.6|E|Z88.8|E|Z89.611|E|Z79.4|E|Z79.02|E|Z79.891|E|3E03329|3E0333Z|3E033GC|3E0F7GC|3E013GC|3E033NZ|||||||||||||||||||||||||||||||144|,6508|1|Sistema Nacional de Salud|-
220054|HOSPITAL DE BARBASTRO|19479|GRSM480464910015||24/04/1948|2|22300|12/12/2024||30|1|NRL|||||||||||18/12/2024|NRL|NRL|NRL|72971573W|5||I63.331|S|G81.94|S|R47.1|S|R13.19|S|R29.709|S|I65.1|S|I65.21|S|I10|S|E78.5|S|E66.9|S|E79.0|S|E05.90|S|I87.2|S|||||||||||||||B020ZZZ|B246ZZZ|3E033NZ|3E013VG|||||||||||||||||||||||||||||||||045|,8638|1|Sistema Nacional de Salud|-
220054|HOSPITAL DE BARBASTRO|134799|RTCR510765901015||25/07/1951|2|22430|13/12/2024||21|1|CGD|||||||||||18/12/2024|CGD|CGD|CGD|18025531V|1||K57.32|S|I10|S|R11.2|S|Z90.710|E|Z90.722|E|T36.8X5A|S|||||||||||||||||||||||||||||BW20ZZZ|3E03329|3E0337Z|3E033NZ|3E033GC||||||||||||||||||||||||||||||||244|,4809|1|Sistema Nacional de Salud|-
220054|HOSPITAL DE BARBASTRO|146564|PGRX710521901018||21/05/1971|1|22471|17/12/2024||30|1|MIR|||||||||||18/12/2024|MIR|MIR|MIR|45942132T|1||A41.51|S|K83.09|S|B96.20|S|K75.3|S|R93.2|S|I95.9|S|E78.5|S|F41.9|S|F17.210|S|Z90.49|E|||||||||||||||||||||3E03329||||||||||||||||||||||||||||||||||||720|,7111|1|Sistema Nacional de Salud|-
220054|HOSPITAL DE BARBASTRO|191384|||04/09/2014|2|22430|18/12/2024||21|1|PED|||||||||||18/12/2024|PED|PED|PED|73005661G|1||R10.13|S|||||||||||||||||||||||||||||||||||||||BW40ZZZ||||||||||||||||||||||||||||||||||||251|,4939|1|Sistema Nacional de Salud|-
220054|HOSPITAL DE BARBASTRO|50864|SNDL371210910011||10/12/1937|1|22422|18/12/2024||21|1|MIR|||||||||||18/12/2024|MIR|MIR|MIR|17202610J|4||I11.0|S|I50.84|S|R57.0|N|I08.0|S|R79.1|S|Z79.01|E|I48.21|S|||||||||||||||||||||||||||B246ZZZ|3E033NZ|||||||||||||||||||||||||||||||||||194|,9142|1|Sistema Nacional de Salud|-
220054|HOSPITAL DE BARBASTRO|65139|NRSL851044910010||04/10/1985|2|22400|16/12/2024||21|1|OBS|||||||||||19/12/2024|OBS|OBS|OBS|72781954H|1||O70.1|N|O92.5|N|O90.81|N|Z67.40|E|Z3A.38|E|Z37.0|E|||||||||||||||||||||||||||||10E0XZZ|0KQM0ZZ|3E0R3BZ|4A1HXCZ|||||||||||||||||||||||||||||||||560|,2876|1|Sistema Nacional de Salud|-
220054|HOSPITAL DE BARBASTRO|104815|JMPR980565910016||25/05/1998|2|22390|16/12/2024||21|1|OBS|||||||||||19/12/2024|OBS|OBS|OBS|72781954H|1|16/12/2024|O34.211|S|O90.81|N|Z67.10|E|Z3A.39|E|Z37.0|E|||||||||||||||||||||||||||||||10D00Z1|4A1HXCZ|3E033GC||||||||||||||||||||||||||||||||||540|,4756|1|Sistema Nacional de Salud|-
220054|HOSPITAL DE BARBASTRO|127396|LCLP490318910014||18/03/1949|1|22300|14/12/2024||21|1|NRL|||||||||||19/12/2024|NRL|NRL|NRL|72993238R|1||I69.198|E|G40.909|S|H53.461|S|I69.154|E|F03.911|S|F05|S|E78.5|S|Z87.891|E|||||||||||||||||||||||||B020ZZZ|4A02X4Z|3E033GC|3E0337Z|||||||||||||||||||||||||||||||||058|,9197|1|Sistema Nacional de Salud|-
220054|HOSPITAL DE BARBASTRO|37318|FLPL530227910010||27/02/1953|1|22300|17/12/2024||27|2|URO|||||||||||19/12/2024|URO|URO|URO|51460077S|1|17/12/2024|N32.89|S|I10|S|E11.9|S|E78.5|S|F17.210|S|||||||||||||||||||||||||||||||0TBB8ZZ|0TBB8ZX|||||||||||||||||||||||||||||||||||446|,7682|1|Sistema Nacional de Salud|-
220054|HOSPITAL DE BARBASTRO|128048|TRGR360163904010||23/01/1936|2|22500|25/11/2024||21|1|MIR|||||||||||19/12/2024|MIR|MIR|MIR|17702334Q|1||J96.00|S|J98.8|S|I13.0|S|I50.9|S|N17.9|S|N18.4|S|E11.22|S|G93.89|S|R13.10|S|I48.91|S|E78.5|S|E66.9|S|E03.9|S|F43.20|S|||||||||||||3E0F7SF|3E0F7GC|3E03329|3E0333Z|B020ZZZ|4A02X4Z|||||||||||||||||||||||||||||||133|,6847|1|Sistema Nacional de Salud|-
220054|HOSPITAL DE BARBASTRO|89939|TRLS320902910013||02/09/1932|1|22300|13/12/2024||21|1|MIR|||||||||||19/12/2024|MIR|MIR|MIR|17702334Q|1||I11.0|S|I50.9|S|J69.0|S|J96.02|S|E86.0|S|G30.9|S|F02.80|S|I48.91|S|F31.9|S|Z59.3|E|Z86.73|E|R73.01|S|||||||||||||||||3E033GC|3E03329|3E0333Z|3E013GC|3E0F7GC|3E033NZ|3E0337Z|3E013VG|3E0F7SF|4A02X4Z|||||||||||||||||||||||||||194|1,4978|1|Sistema Nacional de Salud|-
220054|HOSPITAL DE BARBASTRO|109262|PLFR420562910018||22/05/1943|2|22550|15/12/2024||27|2|MIR|||||||||||20/12/2024|MIR|MIR|MIR|17202610J|1||K55.21|S|K57.30|S|D50.0|S|I48.91|S|Z79.01|E|I11.0|S|I09.81|S|I50.32|S|I08.0|S|I27.20|S|E55.9|S|E21.1|S|E03.9|S|Z95.0|E|Z85.3|E|Z92.3|E|||||||||0W3P8ZZ|0DJ08ZZ|3E033GC|3E013GC|3E013VG||||||||||||||||||||||||||||||||253|,6996|1|Sistema Nacional de Salud|-
220054|HOSPITAL DE BARBASTRO|206045|CHXX790414804013||14/04/1979|1|22530|04/12/2024||21|1|MIR|||||||||||20/12/2024|MIR|MIR|MIR|17702334Q|1||K85.90|S|D75.838|S|E83.51|S|E87.1|S|A04.72|S|E87.5|S|I10|S|E78.5|S|||||||||||||||||||||||||BW40ZZZ|BW20ZZZ|BW201ZZ|3E0337Z|3E03329|3E033NZ|||||||||||||||BF35ZZZ|BF37ZZZ|||||||||||||||282|,6409|1|Sistema Nacional de Salud|-
220054|HOSPITAL DE BARBASTRO|13666|BLCS370210910018||10/02/1937|1|22361|12/12/2024||21|1|MIR|||||||||||20/12/2024|MIR|MIR|MIR|18055798Q|1||I48.91|S|I63.81|S|F05|S|Z90.49|E|||||||||||||||||||||||||||||||||B246ZZZ|B32SZZZ|B32TZZZ|BW20ZZZ|0DJD8ZZ|3E033NZ|||||||||||||||B030ZZZ||||||||||||||||201|,5604|1|Sistema Nacional de Salud|-
220054|HOSPITAL DE BARBASTRO|19455|SRHR500669910014||29/06/1950|2|22500|17/12/2024||27|2|TRA|||||||||||23/12/2024|TRA|TRA|TRA|Z2347614D|1|18/12/2024|M17.12|S|Z96.651|S|||||||||||||||||||||||||||||||||||||0SRD0J9||||||||||||||||||||||||||||||||||||326|1,2262|1|Sistema Nacional de Salud|-
220054|HOSPITAL DE BARBASTRO|87248|MNMT390247910014||07/02/1939|2|22312|19/12/2024||21|1|MIR|||||||||||23/12/2024|MIR|MIR|MIR|17702334Q|1||R19.7|S|R39.2|S|E87.0|S|E87.6|S|E87.20|S|I11.0|S|I50.33|S|E11.9|S|I34.0|S|I34.2|S|I35.1|S|I36.1|S|I27.20|S|I48.91|S|I48.92|S|D45|S|D47.4|S|E79.0|S|D50.9|S|Z85.828|E|3E033GC|3E0337Z|||||||||||||||||||||||||||9950/3|9961/3|||||||249|,8|1|Sistema Nacional de Salud|-
220054|HOSPITAL DE BARBASTRO|162591|BLFR430505910016||05/05/1943|1|22550|03/12/2024||21|1|MIR|04/12/2024|NML|||||||||23/12/2024|NML|NML|NML|18056444H|1||C34.91|S|C78.01|S|C78.02|S|C78.1|S|I87.1|S|C79.72|S|I50.9|S|E78.5|S|K22.70|S|R29.810|S|H57.02|S|G09|S|Z79.84|E|Z85.01|E|Z92.21|E|Z92.3|E|||||||||4A02X4Z|0BB18ZX|BW241ZZ||||||||||||||||||027V3DZ||||||||8071/3|8071/6|||||||136|,8863|1|Sistema Nacional de Salud|-
220054|HOSPITAL DE BARBASTRO|187860|||15/02/1946|2|22311|16/12/2024||21|1|MIR|18/12/2024|CGD|||||||||25/12/2024|CGD|CGD|CGD|72889973Y|1|18/12/2024|K61.31|S|I11.0|S|I50.33|S|J44.9|S|R91.1|S|I48.91|S|E78.5|S|E11.9|S|B19.20|S|G47.33|S|Z79.84|E|Z99.89|E|||||||||||||||||0JBB0ZZ|BW2G1ZZ|BW211ZZ|3E033GC|3E033NZ|3E0337Z|3E0333Z|3E03329|3E03328|3E013GC|3E013VG||||||||||||||||||||||||||254|,6628|1|Sistema Nacional de Salud|-
220054|HOSPITAL DE BARBASTRO|85169|SCTR480556910010||16/05/1948|2|22500|16/12/2024||21|1|MIR|||||||||||26/12/2024|MIR|MIR|MIR|18049390W|4||C78.6|S|R18.0|S|C56.1|S|N39.0|S|Z51.5|E|F05|N|||||||||||||||||||||||||||||0D9670Z|3E033NZ|3E03329|3E0337Z|3E0333Z||||||||||||||||||||||||8441/3|8441/6|||||||240|,8515|1|Sistema Nacional de Salud|-
220054|HOSPITAL DE BARBASTRO|23788|CHBD450915910015||15/09/1945|1|22416|21/12/2024||21|1|URO|||||||||||26/12/2024|URO|URO|URO|28626568D|1||N99.820|S|Y83.8|S|Z85.51|E|I48.91|S|N40.0|S|G47.33|S|J47.9|S|Z88.6|E|Z79.01|E|||||||||||||||||||||||0T9B70Z|3E1K78Z|3E033NZ|3E013GC|||||||||||||||||||||||||||||||||810|,4988|1|Sistema Nacional de Salud|-
220054|HOSPITAL DE BARBASTRO|76465|BLSS531024910011||24/10/1953|1|22512|26/12/2024||27|2|CGD|||||||||||27/12/2024|CGD|CGD|CGD|19005451E|1|26/12/2024|K40.91|S|||||||||||||||||||||||||||||||||||||||0YU64JZ||||||||||||||||||||||||||||||||||||228|,8181|1|Sistema Nacional de Salud|-
220054|HOSPITAL DE BARBASTRO|137478|LNLV530914910015||14/09/1953|1|22300|23/12/2024||21|1|MIR|||||||||||27/12/2024|MIR|MIR|MIR|18045774C|1||M46.36|S|M84.68XA|S|R19.09|S|M99.33|S|G82.20|S|R78.81|S|B96.20|S|Z16.24|S|E79.0|S|L40.50|S|Z79.631|E|Z87.440|E|||||||||||||||||BW201ZZ|BT4JZZZ|BV49ZZZ|3E03329|3E033GC|3E033NZ|||||||||||||||BR39YZZ||||||||||||||||344|1,2386|1|Sistema Nacional de Salud|-
220054|HOSPITAL DE BARBASTRO|5748|MRFR411165910017||25/11/1941|2|22510|22/11/2024||21|1|MIR|13/12/2024|TRA|||||||||27/12/2024|TRA|TRA|TRA|Y2004544Q|1|04/12/2024|A40.0|S|E11.622|S|L97.928|S|B95.0|S|N17.9|S|R19.7|S|I10|S|G25.81|S|E55.9|S|Z86.73|E|||||||||||||||||||||0JJW0ZZ|0JDP3ZZ|3E03328|3E0337Z|3E033GC|3E033NZ|||||||||||||||BQ3HYZZ||||||||||||||||720|,7111|1|Sistema Nacional de Salud|-
220054|HOSPITAL DE BARBASTRO|74283|MRFR421014901017||14/10/1942|1|22300|24/12/2024||21|1|CGD|||||||||||29/12/2024|CGD|CGD|CGD|19005451E|1||K92.1|S|D62|S|C18.1|S|Z90.49|E|E11.9|S|Z79.82|E|Z79.84|E|||||||||||||||||||||||||||BW201ZZ|30233N1|3E033GC|3E0337Z|3E033NZ|3E033GC|3E013VG|3E033GC|||||||||||||||||||||8140/3||||||||254|,6628|1|Sistema Nacional de Salud|-
220054|HOSPITAL DE BARBASTRO|180130|GMPS700527620019||27/05/1970|1|22300|26/12/2024||30|1|MIV|27/12/2024|CAR|||||||||30/12/2024|CAR|CAR|CAR|Y6058219X|1||Z48.812|E|I21.19|S|I25.10|S|I25.82|S|Z95.5|E|I10|S|Z87.891|E|Z82.49|E|||||||||||||||||||||||||B246ZZZ|3E033GC|3E033NZ|4A12X4Z|4A13XB1|4A13XR1|||||||||||||||||||||||||||||||862|,7875|1|Sistema Nacional de Salud|-
220054|HOSPITAL DE BARBASTRO|221175|||04/12/1971|1|22400|26/12/2024||30|1|NRL|||||||||||30/12/2024|NRL|NRL|NRL|73195071D|1||G45.9|S|I10|S|||||||||||||||||||||||||||||||||||||B246ZZZ|3E033NZ|||||||||||||||||||B030ZZZ|B33RZZZ|||||||||||||||047|,61|1|Sistema Nacional de Salud|-
220054|HOSPITAL DE BARBASTRO|138871|MRFR040370910015||30/03/2004|2|22430|28/12/2024||21|1|OBS|||||||||||31/12/2024|OBS|OBS|OBS|76974873Z|1||O42.92|S|O48.0|S|O69.82X0|S|O40.3XX0|S|O63.1|N|O90.81|N|Z3A.40|E|Z37.0|E|Z67.10|E|||||||||||||||||||||||10D07Z6|3E0R3BZ|0W8NXZZ|4A1HXCZ|||||||||||||||||||||||||||||||||560|,3169|1|Sistema Nacional de Salud|-
220105|CENTRO SANITARIO DE FRAGA|111694|GMNV520106910012||06/01/1952|1|22520|25/09/2024||30|1|MIR|||||||||||04/10/2024|MIR|MIR|MIR|45942132T|1||Z48.3|E|Z85.46|E|Z90.79|E|G72.81|S|T81.9XXA|N|Y83.6|N|I27.20|S|J98.9|S|K21.9|S|Z93.6|E|Z88.0|E|Z99.89|E|||||||||||||||||||||||||||||||||||||||||||||||||||||862|1,1773|1|Sistema Nacional de Salud|-
220105|CENTRO SANITARIO DE FRAGA|60892|LBGM380510910010||10/05/1938|1|22520|18/10/2024||21|1|MIR|||||||||||23/10/2024|MIR|MIR|MIR|17202610J|1||J44.1|S|J96.90|S|M62.84|S|I10|S|E11.9|S|D51.0|S|F09|S|Z79.82|E|||||||||||||||||||||||||3E0F7SF|3E0F7GC|||||||||||||||||||||||||||||||||||140|,7699|1|Sistema Nacional de Salud|-
220105|CENTRO SANITARIO DE FRAGA|222637|||19/07/1934|1|22550|07/10/2024||30|1|MIR|||||||||||30/10/2024|MIR|MIR|MIR|50966617C|1||S12.120A|S|S12.190A|S|W10.8XXA|S|R33.9|N|I11.0|S|I50.32|S|I35.1|S|I35.0|S|I27.20|S|E55.9|S|E66.9|S|Z96.0|S|||||||||||||||||0TPBX0Z|0T9B70Z|F07Z9ZZ||||||||||||||||||||||||||||||||||347|,9932|1|Sistema Nacional de Salud|-
220105|CENTRO SANITARIO DE FRAGA|121707|CRVL320560910012||20/05/1932|2|22520|26/11/2024||21|1|MIR|||||||||||02/12/2024|MIR|MIR|MIR|50966617C|1||I11.0|S|I50.9|S|I48.91|S|R00.1|S|D75.839|S|E03.8|S|Z79.64|E|Z79.01|E|Z85.3|E|Z90.12|E|Z92.21|E|||||||||||||||||||3E033GC|4A02X4Z|||||||||||||||||||||||||||||||||||194|,4787|1|Sistema Nacional de Salud|-
220105|CENTRO SANITARIO DE FRAGA|146912|GRSR340716910011||16/07/1934|1|22520|15/12/2024||21|1|MIR|||||||||||20/12/2024|MIR|MIR|MIR|25195530L|1||J12.1|S|I50.9|S|E85.4|S|I43|S|I48.91|S|I07.1|S|Z85.048|E|Z90.49|E|||||||||||||||||||||||||3E03329|3E0337Z|3E0F7GC|3E033NZ|3E0333Z||||||||||||||||||||||||||||||||138|,4809|1|Sistema Nacional de Salud|-
