patient_id;cnh_cd;episode_id;age_nm;sex_cd;admission_dt;discharge_dt;discharge_type_cd;start_intervention_dt;end_intervention_dt;d1;d2;d3;d4;d5;d6;d7;d8;d9;d10;d11;d12;d13;d14;d15;d16;d17;d18;d19;d20;poad1;poad2;poad3;poad4;poad5;poad6;poad7;poad8;poad9;poad10;poad11;poad12;poad13;poad14;poad15;poad16;poad17;poad18;poad19;poad20;proc1;proc2;proc3;proc4;proc5;proc6;proc7;proc8;proc9;proc10;proc11;proc12;proc13;proc14;proc15;proc16;proc17;proc18;proc19;proc20;readmission_dt;readmission_d1;readmission_poad1;bleeding_bl;estimbleeding_nm;anesth_cd;asa_cd;brs_bl;planification_cd;eras_recovery_bl
82278bf38c655a3a;220054;1502c291fc4c9bf6;70;1;2024-09-29 00:00:00;2024-10-01 00:00:00;1;2024-09-30 00:00:00;;J33.0;J33.1;;;;;;;;;;;;;;;;;;;S;S;;;;;;;;;;;;;;;;;;;09BK8ZZ;09BU8ZZ;09BV8ZZ;;;;;;;;;;;;;;;;;;;;;;;;;;2;
7d2dd28d669299e5;220054;73248f39f2b05ecc;28;2;2024-09-28 00:00:00;2024-10-01 00:00:00;1;;;O42.02;O48.0;O99.62;K90.0;O70.0;O90.81;O92.5;Z67.10;Z3A.41;Z37.0;;;;;;;;;;;S;S;S;S;N;N;N;E;E;E;;;;;;;;;;;10D07Z6;3E0P7VZ;3E0R3BZ;4A1HXCZ;;;;;;;;;;;;;;;;;;;;;;;;;1;
c5c9ac0c0af0d141;220054;8894536997e6ecc7;36;1;2024-09-27 00:00:00;2024-10-02 00:00:00;1;2024-09-27 00:00:00;;K35.32;Z53.31;F79;;;;;;;;;;;;;;;;;;S;E;S;;;;;;;;;;;;;;;;;;0DTJ4ZZ;0DQH0ZZ;BW40ZZZ;3E03329;3E0337Z;3E033NZ;;;;;;;;;;;;;;;;;;;;;;;1;
c79319be9a0fe4ae;220054;5f8fce3a1d01b5f5;54;1;2024-09-30 00:00:00;2024-10-02 00:00:00;1;2024-10-01 00:00:00;;K81.1;F17.210;;;;;;;;;;;;;;;;;;;S;S;;;;;;;;;;;;;;;;;;;0FT44ZZ;;;;;;;;;;;;;;;;;;;;;;;;;;;;2;
4e1fa2208049c827;220054;860598332a254b04;57;2;2024-09-26 00:00:00;2024-10-02 00:00:00;1;;;K12.31;D70.1;R50.81;T45.1X5A;C50.912;I10;E78.5;E05.90;B18.1;;;;;;;;;;;;S;S;S;S;S;S;S;S;S;;;;;;;;;;;;3E03329;3E033NZ;3E0333Z;3E033GC;3E0337Z;;;;;;;;;;;;;;;;;;;;;;;;1;
36b4f38dfe42630c;220054;72a5447b68b39fdd;85;2;2024-09-26 00:00:00;2024-10-02 00:00:00;1;;;I63.81;R29.702;G51.0;I10;E78.5;E11.9;Z79.84;Z79.891;;;;;;;;;;;;;S;S;S;S;S;S;E;E;;;;;;;;;;;;;B020ZZZ;4A12X4Z;3E013VG;3E0337Z;3E033GC;3E033NZ;;;;;;;;;;;;;;;;;;;;;;;1;
9f17a4cbce9b835d;220054;88f3840f0d273092;96;2;2024-10-01 00:00:00;2024-10-04 00:00:00;1;;;I48.0;I13.0;I50.9;N18.4;I25.2;E04.9;J39.8;E79.0;I44.7;Z86.73;Z85.3;Z90.12;Z79.02;Z88.0;Z88.6;Z91.041;;;;;S;S;S;S;E;S;S;S;S;E;E;E;E;E;E;E;;;;;3E033GC;3E0F7SF;3E013GC;3E0F7GC;3E0333Z;;;;;;;;;;;;;;;;;;;;;;;;1;
7f3cbc4c1ea80603;220054;0bf42f331d23a066;61;2;2024-09-30 00:00:00;2024-10-04 00:00:00;1;;;I26.99;I87.2;J42;F17.210;;;;;;;;;;;;;;;;;S;S;S;S;;;;;;;;;;;;;;;;;B32S1ZZ;B32T1ZZ;B54DZZZ;3E0333Z;3E0F7GC;3E033GC;3E013GC;;;;;;;;;;;;;;;;;;;;;;1;
c65bb6cb89d16f88;220054;aa5ea05e759b20ee;30;1;2024-10-03 00:00:00;2024-10-04 00:00:00;1;2024-10-03 00:00:00;;L05.92;;;;;;;;;;;;;;;;;;;;S;;;;;;;;;;;;;;;;;;;;0JB90ZZ;;;;;;;;;;;;;;;;;;;;;;;;;;;;2;
92afd5e44c51fcf3;220054;1c62ede408b0f5a6;80;1;2024-10-03 00:00:00;2024-10-04 00:00:00;1;2024-10-03 00:00:00;;K40.90;I48.91;F41.9;Z79.01;;;;;;;;;;;;;;;;;S;S;S;E;;;;;;;;;;;;;;;;;0YU54JZ;;;;;;;;;;;;;;;;;;;;;;;;;;;;2;
f68f991b56f31e57;220054;eab026d649304a01;62;1;2024-09-25 00:00:00;2024-10-04 00:00:00;1;;;J43.9;I48.0;R91.1;G47.33;Z99.89;Z87.891;I10;E78.5;G47.00;Z88.8;;;;;;;;;;;S;S;S;S;E;E;S;S;S;E;;;;;;;;;;;3E0F7GC;3E0333Z;3E0F7SF;3E033NZ;3E03329;3E013GC;4A02X4Z;;;;;;;;;;;;;;;;;;;;;;1;
b08db17821636048;220054;8f2b6b65066aabcb;70;1;2024-09-19 00:00:00;2024-10-04 00:00:00;1;2024-09-19 00:00:00;;K57.20;T81.41XA;Y83.6;C13.9;Z79.630;Z79.633;G35;D35.2;;;;;;;;;;;;;S;N;N;S;E;E;S;S;;;;;;;;;;;;;0DTN0ZZ;0D1M0Z4;3E03329;3E0337Z;3E033NZ;3E033GC;3E033WK;3E033GC;3E013GC;;;;;;;;;;;;;;;;;;;;1;
3bc52f129254833a;220054;5412f0dad9a33d2a;75;1;2024-10-04 00:00:00;2024-10-06 00:00:00;4;;;S06.350A;S06.5X0A;S06.6X0A;W19.XXXA;G91.2;Z51.5;I10;E11.9;E78.5;E79.0;G20;Z85.038;Z90.49;Z92.21;Z88.8;Z88.0;Z88.6;;;;S;S;S;S;S;E;S;S;S;S;S;E;E;E;E;E;E;;;;B020ZZZ;B32RZZZ;3E033NZ;;;;;;;;;;;;;;;;;;;;;;;;;;1;
65f51ae3bd9ab5dd;220054;f12debce3b75bc36;77;2;2024-10-03 00:00:00;2024-10-06 00:00:00;1;2024-10-04 00:00:00;;N81.3;I10;E78.5;;;;;;;;;;;;;;;;;;S;S;S;;;;;;;;;;;;;;;;;;0UT97ZZ;0JQC0ZZ;0JQC0ZZ;;;;;;;;;;;;;;;;;;;;;;;;;;2;
18a391247a08d551;220054;39753daf27b10e7d;81;2;2024-10-06 00:00:00;2024-10-07 00:00:00;1;2024-10-07 00:00:00;;T84.84XA;G89.28;M79.604;S82.041D;W19.XXXD;Y83.1;;;;;;;;;;;;;;;S;S;S;E;S;E;;;;;;;;;;;;;;;0SPC04Z;;;;;;;;;;;;;;;;;;;;;;;;;;;;2;
24b6b486a2da100b;220054;e3b552a86ebc579f;40;2;2024-10-07 00:00:00;2024-10-08 00:00:00;1;2024-10-07 00:00:00;;S82.61XD;W19.XXXD;Y92.511;;;;;;;;;;;;;;;;;;E;E;S;;;;;;;;;;;;;;;;;;0QPJ04Z;;;;;;;;;;;;;;;;;;;;;;;;;;;;2;
362d8f461022bb64;220054;c930e54951a22ddb;66;1;2024-10-06 00:00:00;2024-10-08 00:00:00;1;2024-10-07 00:00:00;;C32.2;D14.1;F17.210;Z86.19;;;;;;;;;;;;;;;;;S;S;S;E;;;;;;;;;;;;;;;;;0CBS8ZX;0CBV8ZX;BW241ZZ;;;;;;;;;;;;;;;;;;;;;;;;;;2;
3cb19cac14de23d3;220054;f293c1658ce45096;78;1;2024-10-04 00:00:00;2024-10-08 00:00:00;1;;;J10.1;E11.9;E66.9;G47.00;N20.0;N40.0;;;;;;;;;;;;;;;S;S;S;S;S;S;;;;;;;;;;;;;;;3E0337Z;;;;;;;;;;;;;;;;;;;;;;;;;;;;1;
156afd3ded1687ba;220054;661a6cdb1eace491;1;2;2024-10-08 00:00:00;2024-10-09 00:00:00;1;;;J04.2;D58.2;K42.9;;;;;;;;;;;;;;;;;;S;S;S;;;;;;;;;;;;;;;;;;3E0F73Z;;;;;;;;;;;;;;;;;;;;;;;;;;;;1;
97d7b8acbe4cd30d;220054;ab7ea6c36a4ec15b;40;1;2024-10-04 00:00:00;2024-10-09 00:00:00;1;;;J20.9;J96.00;Z72.0;I10;F20.0;;;;;;;;;;;;;;;;S;S;E;S;S;;;;;;;;;;;;;;;;3E03329;3E0F7GC;3E013GC;3E0333Z;3E0337Z;3E0F7SF;3E033NZ;;;;;;;;;;;;;;;;;;;;;;1;
941efef37f6636eb;220054;76302e1dee8b6c4b;50;2;2024-10-07 00:00:00;2024-10-10 00:00:00;1;2024-10-08 00:00:00;;C73;E06.3;;;;;;;;;;;;;;;;;;;S;S;;;;;;;;;;;;;;;;;;;0GTK0ZZ;;;;;;;;;;;;;;;;;;;;;;;;;;;;2;
b8a9d030ede0e075;220054;efd9b8b7c7f427bc;87;2;2024-09-28 00:00:00;2024-10-10 00:00:00;1;;;J10.1;J45.909;E66.9;E11.9;J44.9;I50.9;I35.8;E78.5;E03.9;D50.9;G31.84;F43.21;B02.29;M81.0;R32;Z99.81;Z79.84;Z79.82;;;S;S;S;S;S;S;S;S;S;S;S;S;S;S;S;E;E;E;;;4A02X4Z;3E0333Z;3E0F7GC;3E03329;3E013VG;;;;;;;;;;;;;;;;;;;;;;;;1;
3501d3b82382b6f1;220054;92b364bc58ee30ff;27;2;2024-10-09 00:00:00;2024-10-10 00:00:00;1;;;O03.4;Z88.8;;;;;;;;;;;;;;;;;;;S;E;;;;;;;;;;;;;;;;;;;3E0P7VZ;;;;;;;;;;;;;;;;;;;;;;;;;;;;1;
c776e6c1e5e3426d;220054;27faeec965cb7622;9;2;2024-10-07 00:00:00;2024-10-10 00:00:00;1;;;E10.9;Z71.89;Z71.3;;;;;;;;;;;;;;;;;;S;E;E;;;;;;;;;;;;;;;;;;;;;;;;;;;;;;;;;;;;;;;;;;;;;;1;
20011eb889c196d2;220054;7da151546352e71c;88;2;2024-10-08 00:00:00;2024-10-11 00:00:00;1;;;K52.9;K80.20;E06.3;E21.3;E11.9;L40.59;G30.9;F02.80;M81.0;H40.9;;;;;;;;;;;S;S;S;S;S;S;S;S;S;S;;;;;;;;;;;3E03329;3E033NZ;3E0337Z;;;;;;;;;;;;;;;;;;;;;;;;;;1;
e37351562ff18b99;220054;9769d5e2b97ff13a;38;1;2024-09-06 00:00:00;2024-10-11 00:00:00;1;;;M00.862;M65.9;M10.9;N17.9;I80.8;I10;I25.10;;;;;;;;;;;;;;S;S;S;N;N;S;S;;;;;;;;;;;;;;3E1U48Z;0SBD4ZZ;3E03329;3E013GC;3E033NZ;3E033GC;3E0333Z;3E0337Z;;;;;;;;;;;;;;;;;;;;;1;
dc9df5cde9a9c482;220054;61bbe92b5217e85b;34;1;2024-10-10 00:00:00;2024-10-11 00:00:00;1;2024-10-10 00:00:00;;K40.91;;;;;;;;;;;;;;;;;;;;S;;;;;;;;;;;;;;;;;;;;0YU64JZ;;;;;;;;;;;;;;;;;;;;;;;;;;;;2;
27fbfbaeae1f84af;220054;0f265c33487be59e;75;2;2024-10-09 00:00:00;2024-10-11 00:00:00;1;2024-10-09 00:00:00;;C79.89;Z17.1;I96;Z85.3;Z92.21;I48.91;Z79.01;;;;;;;;;;;;;;S;E;S;E;E;S;E;;;;;;;;;;;;;;0JBD0ZZ;;;;;;;;;;;;;;;;;;;;;;;;;;;;2;
767b766009eeca64;220054;201437e539036b52;37;2;2024-10-07 00:00:00;2024-10-11 00:00:00;1;;;R07.9;;;;;;;;;;;;;;;;;;;;S;;;;;;;;;;;;;;;;;;;;4A02X4Z;4A12X4Z;4A13XB1;B246ZZZ;B32S1ZZ;B32T1ZZ;;;;;;;;;;;;;;;;;;;;;;;1;
28f3bc2ebe628149;220054;492816ec8cf5ed29;84;2;2024-10-08 00:00:00;2024-10-11 00:00:00;1;;;I82.411;I82.431;I26.99;G30.9;F02.80;I10;H40.9;I49.1;G47.00;M19.90;;;;;;;;;;;S;S;S;S;S;S;S;S;S;S;;;;;;;;;;;B54BZZZ;BW251ZZ;3E013GC;3E033GC;3E033NZ;;;;;;;;;;;;;;;;;;;;;;;;1;
b1fd4da6c3e37cdc;220054;6c10293dfbd16730;65;2;2024-10-07 00:00:00;2024-10-11 00:00:00;1;;;R63.4;J18.9;M79.7;F17.210;Z85.43;Z90.710;Z90.722;;;;;;;;;;;;;;S;S;S;S;E;E;E;;;;;;;;;;;;;;4A02X4Z;BW251ZZ;3E013GC;;;;;;;;;;;;;;;;;;;;;;;;;;1;
c8df86398784998d;220054;380ec5c28ffbb6c9;62;2;2024-10-11 00:00:00;2024-10-11 00:00:00;1;2024-10-11 00:00:00;;N32.81;E78.5;F41.8;Z88.1;Z88.6;Z87.891;;;;;;;;;;;;;;;S;S;S;E;E;E;;;;;;;;;;;;;;;3E0K8GC;;;;;;;;;;;;;;;;;;;;;;;;;;;;2;
56c2f974a9ee063e;220054;39473ffcc626cd5b;27;2;2024-10-10 00:00:00;2024-10-14 00:00:00;1;2024-10-11 00:00:00;;O24.429;O63.0;Z67.40;Z3A.40;Z37.0;;;;;;;;;;;;;;;;S;N;E;E;E;;;;;;;;;;;;;;;;10D00Z1;3E0P7VZ;4A1HXCZ;;;;;;;;;;;;;;;;;;;;;;;;;;1;
963e41e7dbc98763;220054;2a8090d9891f195e;70;2;2024-10-08 00:00:00;2024-10-14 00:00:00;1;2024-10-10 00:00:00;;S42.301A;W19.XXXA;Z80.3;Z92.21;Z90.12;;;;;;;;;;;;;;;;S;E;E;E;E;;;;;;;;;;;;;;;;0PSC04Z;;;;;;;;;;;;;;;;;;;;;;;;;;;;1;
0882c3110fe80954;220054;fde5a40c1d2fc62f;51;1;2024-10-13 00:00:00;2024-10-15 00:00:00;1;2024-10-14 00:00:00;;N20.1;N40.0;I10;F12.21;;;;;;;;;;;;;;;;;S;S;S;S;;;;;;;;;;;;;;;;;0TF78ZZ;0T9480Z;;;;;;;;;;;;;;;;;;;;;;;;;;;2;
e884b0162cffb40f;220054;47e4dfe00df77069;38;2;2024-10-14 00:00:00;2024-10-15 00:00:00;1;2024-10-14 00:00:00;;K64.2;K60.3;;;;;;;;;;;;;;;;;;;S;S;;;;;;;;;;;;;;;;;;;06BY0ZC;0J8B0ZZ;;;;;;;;;;;;;;;;;;;;;;;;;;;2;
8a21085c70718abc;220054;d5d079a11ab9f38a;83;1;2024-10-07 00:00:00;2024-10-15 00:00:00;1;;;N39.0;U07.1;Y95;R54;I10;E11.9;I48.91;M35.3;E05.90;F41.9;F09;Z79.01;R29.6;Z91.81;Z86.73;Z88.8;Z85.46;;;;S;N;N;S;S;S;S;S;S;S;S;E;S;E;E;E;E;;;;3E03329;0T9B70Z;0TPBX0Z;F0134ZZ;F01ZDZZ;XW033E5;3E033NZ;3E033GC;3E0337Z;3E0333Z;3E0F7GC;;;;;;;;;;;;;;;;;;1;
8712c1f5894a6dcf;220054;d2f934636f1e9efa;96;1;2024-10-11 00:00:00;2024-10-16 00:00:00;1;;;G25.3;N17.8;T43.595A;K59.09;F05;Z78.1;I10;D64.9;I25.9;I69.334;Z86.19;Z59.3;Z79.01;;;;;;;;S;S;S;S;N;E;S;S;S;E;E;E;E;;;;;;;;B020ZZZ;F07Z5FZ;3E0337Z;3E033NZ;;;;;;;;;;;;;;;;;;;;;;;;;1;
3f1cf99cd75fa4b2;220054;98eacb2d7b345bc6;27;2;2024-10-13 00:00:00;2024-10-16 00:00:00;1;2024-10-13 00:00:00;;O00.102;K66.1;D50.0;;;;;;;;;;;;;;;;;;S;S;S;;;;;;;;;;;;;;;;;;0UT64ZZ;BY49ZZZ;30233N1;3E033GC;;;;;;;;;;;;;;;;;;;;;;;;;1;
e4678674feb1b762;220054;b2799df564b957d3;40;1;2024-10-06 00:00:00;2024-10-16 00:00:00;1;;;C34.01;C77.1;R76.12;F17.210;;;;;;;;;;;;;;;;;S;S;S;S;;;;;;;;;;;;;;;;;0BB58ZX;0BD28ZX;3E033NZ;;;;;;;;;;;;;;;;;;;;;;;;;;1;
372f20d2206b24c2;220054;fcfa25a6c52b925e;85;1;2024-10-13 00:00:00;2024-10-16 00:00:00;1;;;J98.8;N39.0;B96.20;N41.0;J96.20;N18.9;J44.9;F10.20;R32;Z79.84;Z99.81;Z87.891;Z59.3;;;;;;;;S;S;S;S;S;S;S;S;S;E;E;E;E;;;;;;;;4A02X4Z;3E03329;3E0F7GC;3E0337Z;;;;;;;;;;;;;;;;;;;;;;;;;1;
8848ae192627a48d;220054;8574e413db62f394;77;1;2024-10-13 00:00:00;2024-10-16 00:00:00;1;;;J98.8;I11.0;I50.23;Z85.118;Z90.2;Z87.891;I48.91;Z79.01;K57.30;H11.429;I45.10;;;;;;;;;;S;S;S;E;E;E;S;E;S;S;S;;;;;;;;;;3E03329;3E0F7GC;3E033GC;3E013VG;4A02X4Z;;;;;;;;;;;;;;;;;;;;;;;;1;
995497945f97ca5e;220054;2f9506160ac4e7b5;36;2;2024-10-16 00:00:00;2024-10-16 00:00:00;1;2024-10-16 00:00:00;;D24.1;Z88.6;;;;;;;;;;;;;;;;;;;S;E;;;;;;;;;;;;;;;;;;;0HBT0ZZ;;;;;;;;;;;;;;;;;;;;;;;;;;;;2;
47c9481f3612c064;220054;f61c1168bf295d6f;89;2;2024-10-12 00:00:00;2024-10-17 00:00:00;1;;;J98.8;J96.00;J20.9;E55.9;R73.09;T38.0X5A;R13.10;G47.00;R41.0;I10;D18.02;M81.0;F09;Z86.73;Z79.82;;;;;;S;S;N;S;S;S;S;S;S;S;S;S;S;E;E;;;;;;3E0F7SF;3E03329;3E013GC;3E033NZ;3E0337Z;3E0333Z;3E033GC;;;;;;;;;;;;;;;;;;;;;;1;
1d26094daf9bebd5;220054;addc3a5e8144fbd1;75;2;2024-10-03 00:00:00;2024-10-18 00:00:00;2;;;Z48.812;I63.9;R29.721;R29.713;G81.94;I48.0;I12.9;E11.22;N18.4;E78.5;G47.33;D50.9;F41.9;E21.3;E66.9;Z79.01;M10.9;Z85.3;Z92.21;Z92.3;E;S;S;N;S;S;S;S;S;S;S;S;S;S;S;E;S;E;E;E;B020ZZZ;F0727ZZ;F0717ZZ;3E013GC;3E013VG;3E033GC;3E03329;3E033NZ;3E0337Z;;;;;;;;;;;;;;;;;;;;1;
d2cd84281ac60dd7;220054;3c3ac97dc892bbd1;39;2;2024-10-17 00:00:00;2024-10-18 00:00:00;1;2024-10-17 00:00:00;;K43.2;G93.32;M79.7;L40.50;F41.9;F50.00;Z86.001;;;;;;;;;;;;;;S;S;S;S;S;S;E;;;;;;;;;;;;;;0WUF0JZ;;;;;;;;;;;;;;;;;;;;;;;;;;;;2;
2c42cfb35d1c2b31;220054;9d5e3287b8fb887b;83;2;2024-10-08 00:00:00;2024-10-18 00:00:00;1;;;J40;N39.0;B96.20;I12.9;N18.31;D63.1;B02.9;K21.9;R73.01;E03.9;E87.5;I87.2;R33.9;;;;;;;;S;S;S;S;S;S;S;S;S;S;S;S;S;;;;;;;;3E0F7GC;3E03329;3E033NZ;3E013GC;3E0333Z;;;;;;;;;;;;;;;;;;;;;;;;1;
8f72334e6cc74fb1;220054;d6a7d4abfddef952;42;2;2024-10-17 00:00:00;2024-10-18 00:00:00;1;2024-10-17 00:00:00;;Z30.2;;;;;;;;;;;;;;;;;;;;E;;;;;;;;;;;;;;;;;;;;0UB74ZZ;;;;;;;;;;;;;;;;;;;;;;;;;;;;2;
a1b5e6fc4b842e83;220054;38f0ce866983e271;77;2;2024-10-16 00:00:00;2024-10-18 00:00:00;1;;;I63.81;G46.6;R20.1;R29.701;R03.0;F32.A;;;;;;;;;;;;;;;S;S;S;S;S;S;;;;;;;;;;;;;;;B020ZZZ;B348ZZZ;B246ZZZ;4A02X4Z;;;;;;;;;;;;;;;;;;;;;;;;;1;
2a397d3d1d5b1e06;220054;36abb4ffdf87cce1;66;2;2024-09-26 00:00:00;2024-10-18 00:00:00;1;2024-10-01 00:00:00;;S72.012A;W19.XXXA;I10;E78.5;G80.9;;;;;;;;;;;;;;;;S;S;S;S;S;;;;;;;;;;;;;;;;0SRS0JZ;3E013GC;3E0337Z;3E033NZ;;;;;;;;;;;;;;;;;;;;;;;;;1;
4d732ff3dc833af4;220054;f2e6e20fdd6b5437;85;2;2024-10-12 00:00:00;2024-10-18 00:00:00;1;;;J20.9;F05;J96.10;I05.9;I50.9;R33.9;K59.00;I10;D50.9;E11.65;E11.319;I27.20;F32.A;Z99.81;Z79.4;Z79.84;Z79.01;E66.9;Z88.0;;S;S;S;S;S;N;N;S;S;S;S;S;S;E;E;E;E;S;E;;3E03329;3E0333Z;3E0F7SF;3E033GC;0T9B70Z;0TPBX0Z;;;;;;;;;;;;;;;;;;;;;;;1;
a1431f5484fd1b49;220054;b30e320fdb0b689a;60;1;2024-10-17 00:00:00;2024-10-18 00:00:00;1;2024-10-17 00:00:00;;K60.3;;;;;;;;;;;;;;;;;;;;S;;;;;;;;;;;;;;;;;;;;0J8B0ZZ;0JQB3ZZ;;;;;;;;;;;;;;;;;;;;;;;;;;;2;
310d8d41fedca78b;220054;5ca64ee1ad50ef52;61;1;2024-10-16 00:00:00;2024-10-18 00:00:00;2;;;K75.0;C25.9;Z79.630;Z79.631;Z79.634;Z90.410;E13.9;Z79.4;Z90.81;Z90.49;I25.9;Z87.891;Z79.82;;;;;;;;S;S;E;E;E;E;S;E;E;E;S;E;E;;;;;;;;BW241ZZ;3E03329;3E033NZ;3E033GC;3E013GC;;;;;;;;;;;;;;;;;;;;;;;;1;
9beae4d324b5820f;220054;683719708cde97a2;74;1;2024-10-16 00:00:00;2024-10-18 00:00:00;1;2024-10-16 00:00:00;;C44.42;I11.9;E78.5;E66.9;E11.9;I25.9;Z79.01;G47.33;Z99.89;F17.210;Z86.73;I87.2;K57.30;K64.8;Z79.84;;;;;;S;S;S;S;S;S;E;S;E;S;E;S;S;S;E;;;;;;0HB4XZZ;0HX4XZZ;;;;;;;;;;;;;;;;;;;;;;;;;;;2;
d73c950f2a45a45c;220054;355d911028b2543a;62;2;2024-10-18 00:00:00;2024-10-18 00:00:00;1;2024-10-18 00:00:00;;D25.0;I10;E03.9;L40.50;F41.9;Z68.39;Z79.631;Z80.9;Z82.49;;;;;;;;;;;;S;S;S;S;S;E;E;E;E;;;;;;;;;;;;0UDB8ZX;;;;;;;;;;;;;;;;;;;;;;;;;;;;2;
0edf4fc15c18095f;220054;dcb8a93dcb9a482a;25;2;2024-10-17 00:00:00;2024-10-20 00:00:00;1;;;O42.92;O69.82X0;O77.0;O70.0;O90.81;Z3A.38;Z37.0;Z67.10;;;;;;;;;;;;;S;S;S;N;N;E;E;E;;;;;;;;;;;;;10E0XZZ;3E0R3BZ;0HQ9XZZ;4A1HXCZ;30233N1;;;;;;;;;;;;;;;;;;;;;;;;1;
567709049fd11f3d;220054;6d48fdfb0280c367;83;1;2024-10-08 00:00:00;2024-10-21 00:00:00;1;;;L89.209;G20;F02.80;I10;E11.9;E78.5;Z51.5;R32;Z59.3;;;;;;;;;;;;S;S;S;S;S;S;E;S;E;;;;;;;;;;;;3E03329;;;;;;;;;;;;;;;;;;;;;;;;;;;;1;
702d027a07c02170;220054;b66bf178c5fa87da;75;1;2024-10-11 00:00:00;2024-10-22 00:00:00;1;;;D64.9;I21.A1;I25.10;I13.10;E78.5;E66.9;D47.2;M10.9;Z76.82;Z88.8;Z90.5;;;;;;;;;;S;S;S;S;S;S;S;S;E;E;E;;;;;;;;;;30233N1;3E0F7SF;4A02X4Z;3E033NZ;B32SZZZ;B32TZZZ;B246ZZZ;3E013GC;4A12X4Z;4A13XB1;4A13XR1;0T9B70Z;;;;;;;;;;;;;;;;;1;
82260935da4cf76a;220054;c90c87f142977a2e;72;1;2024-10-09 00:00:00;2024-10-22 00:00:00;1;;;D50.9;K29.81;I50.9;K44.9;K29.70;K63.5;J20.9;J42;N17.9;E11.22;I12.9;N18.9;R19.09;I48.0;F17.210;Z79.01;Z79.84;Z79.1;Z95.0;;S;S;S;S;S;S;S;S;S;S;S;S;S;S;S;E;E;E;E;;BW241ZZ;4A02X4Z;0DB98ZX;0DBE8ZX;30233N1;3E033GC;3E013VG;3E0F7GC;3E0333Z;;;;;;;;;;;;;;;;;;;;1;
4c91cf075c4d34fc;220054;6deee8a1df52b20a;90;2;2024-10-14 00:00:00;2024-10-23 00:00:00;1;;;J44.1;J98.8;J96.91;J98.11;E11.65;E11.319;I10;I25.9;E78.5;K44.9;Z59.3;Z99.81;Z79.4;;;;;;;;S;S;S;S;S;S;S;S;S;S;E;E;E;;;;;;;;3E03329;3E0333Z;3E033GC;3E013VG;3E1H78Z;3E0F7GC;3E0337Z;3E0F7SF;;;;;;;;;;;;;;;;;;;;;1;
706c80a0564a1824;220054;27ce05ac6283957e;93;2;2024-10-19 00:00:00;2024-10-23 00:00:00;1;;;J98.8;I50.30;J96.91;I08.0;I42.1;I27.20;I48.0;E11.9;E05.00;Z79.84;Z99.81;Z88.6;Z59.3;Z74.09;;;;;;;S;S;S;S;S;S;S;S;S;E;E;E;E;S;;;;;;;3E03329;3E0F7SF;3E0F7GC;3E033GC;3E033NZ;3E0333Z;;;;;;;;;;;;;;;;;;;;;;;1;
b7e28e22e40d1aa0;220054;a019d1cf68193f12;40;2;2024-10-21 00:00:00;2024-10-24 00:00:00;1;;;O80;Z3A.39;Z37.0;Z67.10;Z88.6;;;;;;;;;;;;;;;;E;E;E;E;E;;;;;;;;;;;;;;;;10E0XZZ;3E0R3BZ;4A1HXCZ;;;;;;;;;;;;;;;;;;;;;;;;;;1;
76c141602e50c8a3;220054;8aa4fda5068929af;66;2;2024-10-18 00:00:00;2024-10-24 00:00:00;1;;;D50.9;A04.8;K44.9;K64.8;K64.4;N84.1;D25.0;I10;E03.9;E55.9;Z91.09;;;;;;;;;;S;S;S;S;S;S;S;S;S;S;E;;;;;;;;;;0DJ08ZZ;0DJD8ZZ;0UBC7ZZ;BU4CZZZ;BW201ZZ;30233N1;;;;;;;;;;;;;;;;;;;;;;;1;
a7409b997767afd9;220054;05c96cac1bbcefb9;62;1;2024-10-23 00:00:00;2024-10-25 00:00:00;1;2024-10-23 00:00:00;;K91.89;T81.83XA;K63.2;Y83.6;Z85.048;Z90.49;Z92.21;Z92.3;;;;;;;;;;;;;S;S;S;S;E;E;E;E;;;;;;;;;;;;;0D7Q7ZZ;0W9J7ZZ;;;;;;;;;;;;;;;;;;;;;;;;;;;2;
d5b4b5905c5d94da;220054;61722c6c676baa6b;76;1;2024-09-23 00:00:00;2024-10-25 00:00:00;1;;;C34.11;J91.0;J96.00;C78.7;C22.0;L29.9;I10;E11.9;E66.9;K74.60;Z86.19;;;;;;;;;;S;S;S;S;S;S;S;S;S;S;E;;;;;;;;;;0W993ZX;BW241ZZ;BF45ZZZ;4A02X4Z;3E0F7GC;3E0333Z;3E013VG;3E033NZ;3E033GC;3E0337Z;3E03329;3E0F7SF;;;;;;;;;;;;;;;;;1;
4a4733dc1b9a5a06;220054;81c064bc3ad5ecb1;61;1;2024-10-24 00:00:00;2024-10-25 00:00:00;1;2024-10-24 00:00:00;;K81.1;E66.9;E78.5;I10;I49.49;E79.0;F10.10;Z87.891;;;;;;;;;;;;;S;S;S;S;S;S;S;E;;;;;;;;;;;;;0FT44ZZ;;;;;;;;;;;;;;;;;;;;;;;;;;;;2;
7aadbcb43c73020d;220054;9ec5977ff822133e;94;2;2024-10-18 00:00:00;2024-10-25 00:00:00;1;;;I11.0;I50.9;J96.00;N17.9;D53.9;I48.91;R54;F05;G31.84;F32.A;M19.90;M81.0;Z79.01;;;;;;;;S;S;S;S;S;S;S;S;S;S;S;S;E;;;;;;;;B246ZZZ;4A02X4Z;BW40ZZZ;3E033GC;3E03329;3E0F7SF;3E0F7GC;3E013GC;3E033NZ;;;;;;;;;;;;;;;;;;;;1;
53ae169a73b61820;220054;43123e3b773b5500;82;1;2024-10-22 00:00:00;2024-10-26 00:00:00;1;2024-10-22 00:00:00;;K35.33;C18.1;E11.9;Z79.82;;;;;;;;;;;;;;;;;S;S;S;E;;;;;;;;;;;;;;;;;0DTJ4ZZ;BW20ZZZ;;;;;;;;;;;;;;;;;;;;;;;;;;;1;
c2359c7136578253;220054;c0a4623550b0d189;0;2;2024-10-26 00:00:00;2024-10-27 00:00:00;1;;;P59.9;;;;;;;;;;;;;;;;;;;;S;;;;;;;;;;;;;;;;;;;;6A600ZZ;;;;;;;;;;;;;;;;;;;;;;;;;;;;1;
2616a9cb898e5ff6;220054;57447db5bdceb710;45;2;2024-10-23 00:00:00;2024-10-27 00:00:00;1;2024-10-24 00:00:00;;N32.1;K66.0;Z72.0;;;;;;;;;;;;;;;;;;S;S;E;;;;;;;;;;;;;;;;;;0DQN4ZZ;0DN84ZZ;0DNN4ZZ;;;;;;;;;;;;;;;;;;;;;;;;;;2;
a6865049c0017055;220054;d0907d2a60145b3a;2;2;2024-10-26 00:00:00;2024-10-27 00:00:00;1;;;R50.9;;;;;;;;;;;;;;;;;;;;S;;;;;;;;;;;;;;;;;;;;;;;;;;;;;;;;;;;;;;;;;;;;;;;;1;
6ed41894f85b1cb5;220054;9382ff3cb3826a24;88;2;2024-10-23 00:00:00;2024-10-27 00:00:00;4;;;A41.51;R65.21;N39.0;B96.20;Z16.12;E86.0;E87.0;E87.6;E83.51;I10;E11.9;J45.909;F09;Z86.73;Z59.3;;;;;;S;S;S;S;S;S;S;S;S;S;S;S;S;E;E;;;;;;3E03329;3E0F7SF;3E0337Z;3E033NZ;3E013VG;3E0333Z;3E0F7GC;3E033GC;;;;;;;;;;;;;;;;;;;;;1;
817d51487c013ac4;220054;1dd99d70474574d1;51;2;2024-10-29 00:00:00;2024-10-29 00:00:00;1;;;K80.20;K04.7;Z53.09;;;;;;;;;;;;;;;;;;S;S;S;;;;;;;;;;;;;;;;;;;;;;;;;;;;;;;;;;;;;;;;;;;;;;2;
8e48c16ebc23b83e;220054;9a515ad52ebfcb58;70;1;2024-10-14 00:00:00;2024-10-30 00:00:00;4;;;A41.9;R65.20;J18.9;Y95;J96.00;G93.41;I13.0;I50.33;E11.22;D63.1;N18.4;E11.51;I70.245;L97.529;N17.9;T50.905A;I27.20;F32.A;L82.1;K42.9;S;S;S;E;S;S;S;S;S;S;S;S;S;S;N;N;S;S;S;S;3E03329;BW24ZZZ;4A02X4Z;3E0333Z;3E033NZ;3E033GC;3E0F7GC;3E0F7SF;3E0337Z;3E013GC;;;;;;;;;;;;;;;;;;;1;
13743e3928af5931;220054;f87583bb48d85240;32;2;2024-10-30 00:00:00;2024-10-30 00:00:00;1;2024-10-30 00:00:00;;D24.2;;;;;;;;;;;;;;;;;;;;S;;;;;;;;;;;;;;;;;;;;0HBU0ZZ;;;;;;;;;;;;;;;;;;;;;;;;;;;;2;
f6a3d1c5c03a3415;220054;6074a472345895ff;76;2;2024-10-29 00:00:00;2024-10-31 00:00:00;1;;;G20;I10;E03.9;Z85.3;;;;;;;;;;;;;;;;;S;S;S;E;;;;;;;;;;;;;;;;;3E013GC;;;;;;;;;;;;;;;;;;;;;;;;;;;;2;
b97fb41f744e84b8;220054;2f3e6496ad10e0db;17;1;2024-10-30 00:00:00;2024-11-01 00:00:00;1;2024-10-30 00:00:00;;K35.33;;;;;;;;;;;;;;;;;;;;S;;;;;;;;;;;;;;;;;;;;0DTJ4ZZ;;;;;;;;;;;;;;;;;;;;;;;;;;;;1;
acb7afdc6017755b;220054;86918d5bf1cbb270;25;2;2024-10-31 00:00:00;2024-11-04 00:00:00;1;;;O42.92;O48.0;O99.214;O63.1;O70.1;O90.81;Z3A.40;Z37.0;Z67.10;;;;;;;;;;;;S;S;S;N;N;N;E;E;E;;;;;;;;;;;;10D07Z6;3E0R3BZ;3E0P7VZ;0W8NXZZ;0KQM0ZZ;4A1HXCZ;3E03329;;;;;;;;;;;;;;;;;;;;;;1;
4db86a7c8470c117;220054;958e6646d6729f23;71;1;2024-10-29 00:00:00;2024-11-04 00:00:00;1;;;J98.8;C34.11;C77.1;D84.821;T45.1X5A;I10;E78.5;E11.9;Z79.84;Z87.891;;;;;;;;;;;S;S;S;S;S;S;S;S;E;E;;;;;;;;;;;3E03329;3E0F7GC;3E0333Z;3E0F7SF;4A02X4Z;3E013VG;3E033NZ;3E013GC;;;;;;;;;;;;;;;;;;;;;1;
c0ed055ea3841324;220054;7d20f6d7ca6a81c5;61;1;2024-11-04 00:00:00;2024-11-05 00:00:00;1;2024-11-04 00:00:00;;N13.1;C78.7;C78.01;C78.02;C78.1;Z85.048;Z90.49;I10;J44.9;;;;;;;;;;;;S;S;S;S;S;E;E;S;S;;;;;;;;;;;;0T9380Z;;;;;;;;;;;;;;;;;;;;;;;;;;;;2;
b4cd5fc6560f7767;220054;20bd5351f2c7565d;71;2;2024-11-05 00:00:00;2024-11-05 00:00:00;1;2024-11-05 00:00:00;;N84.0;I10;I87.2;;;;;;;;;;;;;;;;;;S;S;S;;;;;;;;;;;;;;;;;;0UB98ZZ;0UDB8ZX;;;;;;;;;;;;;;;;;;;;;;;;;;;2;
1f4cdf309d3c2405;220054;519f135d669804bd;20;2;2024-11-06 00:00:00;2024-11-06 00:00:00;1;2024-11-06 00:00:00;;H50.9;;;;;;;;;;;;;;;;;;;;S;;;;;;;;;;;;;;;;;;;;08SL0ZZ;08BL0ZZ;;;;;;;;;;;;;;;;;;;;;;;;;;;2;
72a6a86367decac2;220054;dd6a00d70fbff7b3;68;1;2024-10-31 00:00:00;2024-11-07 00:00:00;1;;;J45.901;K44.9;K21.9;F32.A;N40.0;E78.5;Z87.891;J84.89;U09.9;I12.9;N18.9;;;;;;;;;;S;S;S;S;S;S;E;S;S;S;S;;;;;;;;;;3E0F7GC;3E0333Z;3E0F7SF;3E033NZ;;;;;;;;;;;;;;;;;;;;;;;;;1;
5dcf79a5ce524847;220054;1f696c3f30f4d820;21;2;2024-11-04 00:00:00;2024-11-07 00:00:00;1;;;O36.5930;O70.0;O90.81;Z67.40;Z37.0;Z3A.37;;;;;;;;;;;;;;;S;N;N;E;E;E;;;;;;;;;;;;;;;10E0XZZ;10S0XZZ;10907ZC;0U7C7ZZ;3E030VJ;4A1HXCZ;0UQGXZZ;3E0R3BZ;;;;;;;;;;;;;;;;;;;;;1;
0f1b73fd977a9dfd;220054;2dca2310a151c80b;35;2;2024-11-05 00:00:00;2024-11-07 00:00:00;1;;;O36.93X0;O70.1;O92.5;O90.81;Z67.40;Z3A.38;Z37.0;;;;;;;;;;;;;;N;N;N;N;E;E;E;;;;;;;;;;;;;;10D07Z6;0W8NXZZ;0KQM0ZZ;3E0R3BZ;4A1HXCZ;;;;;;;;;;;;;;;;;;;;;;;;1;
44ec2be46a0e5b81;220054;dc696d8e66f31c3c;78;1;2024-10-31 00:00:00;2024-11-07 00:00:00;1;;;K26.4;D50.0;K44.9;J44.9;I10;C61;Z59.3;;;;;;;;;;;;;;S;S;S;S;S;S;E;;;;;;;;;;;;;;0DJ08ZZ;3E033GC;30233N1;;;;;;;;;;;;;;;;;;;;;;;;;;1;
5e1324394fef68df;220054;25b15d4d928831af;95;2;2024-11-03 00:00:00;2024-11-07 00:00:00;1;;;J98.8;I13.0;I50.9;N18.9;R13.19;I48.21;E78.5;E89.0;M81.0;I69.354;R32;Z79.01;;;;;;;;;S;S;S;S;S;S;S;S;S;E;S;E;;;;;;;;;4A02X4Z;3E033GC;3E0F7GC;3E0337Z;3E0333Z;3E033NZ;;;;;;;;;;;;;;;;;;;;;;;1;
6463a528198414d4;220054;4612b32967172c13;72;1;2024-11-02 00:00:00;2024-11-08 00:00:00;1;;;I13.0;I50.23;E11.22;N18.32;I42.0;J96.00;K76.1;E78.5;G31.84;I69.351;I69.391;I69.320;I48.21;I08.0;T82.897A;I36.1;Y83.1;I27.20;E05.90;E79.0;S;S;S;S;S;S;S;S;S;E;E;E;S;S;S;S;S;S;S;S;3E033GC;3E03329;3E0F7SF;BW40ZZZ;4A02X4Z;3E033NZ;3E0337Z;3E013VG;;;;;;;;;;;;;;;;;;;;;1;
fa871c0342125207;220054;25b47c87358b987c;65;1;2024-10-29 00:00:00;2024-11-08 00:00:00;1;;;A48.1;I48.92;R59.0;L82.1;D18.09;;;;;;;;;;;;;;;;S;S;S;S;S;;;;;;;;;;;;;;;;B32S1ZZ;B32T1ZZ;BW241ZZ;4A02X4Z;B246ZZZ;3E03329;3E0F7SF;;;;;;;;;;;;;;;;;;;;;;1;
f0e845bbba3ffad9;220054;fcbd83604e65a94a;75;1;2024-10-28 00:00:00;2024-11-08 00:00:00;1;;;N39.0;R97.20;R59.0;I11.9;;;;;;;;;;;;;;;;;S;S;S;S;;;;;;;;;;;;;;;;;BW24ZZZ;0DJD8ZZ;4A02X4Z;;;;;;;;;;;;;;;;;;;;;;;;;;1;
7fdce21bcffbc01b;220054;cd9036ab0c9c7809;47;1;2024-11-06 00:00:00;2024-11-09 00:00:00;1;;;I63.81;G46.5;F17.210;Z79.82;;;;;;;;;;;;;;;;;S;S;S;E;;;;;;;;;;;;;;;;;B020ZZZ;B246ZZZ;4A12X4Z;;;;;;;;;;;;;;;;;;;;;;;;;;1;
201a45f4268c7690;220054;0f982ebdea7b13ec;61;2;2024-11-06 00:00:00;2024-11-09 00:00:00;1;2024-11-07 00:00:00;;N81.3;N81.6;;;;;;;;;;;;;;;;;;;S;S;;;;;;;;;;;;;;;;;;;0UT97ZZ;0JQC0ZZ;;;;;;;;;;;;;;;;;;;;;;;;;;;2;
e094a0cdb08343b3;220054;e38a4afbf175bec3;69;1;2024-11-05 00:00:00;2024-11-09 00:00:00;1;2024-11-06 00:00:00;;N40.1;N13.8;N39.41;N32.81;D47.3;Z86.008;;;;;;;;;;;;;;;S;S;S;S;S;E;;;;;;;;;;;;;;;0VB08ZZ;;;;;;;;;;;;;;;;;;;;;;;;;;;;2;
4d283c1062806b03;220054;dd553b70c4a5ccde;81;2;2024-11-01 00:00:00;2024-11-10 00:00:00;1;;;L02.211;K80.20;E78.00;;;;;;;;;;;;;;;;;;S;S;S;;;;;;;;;;;;;;;;;;BW211ZZ;3E03329;3E033NZ;3E033GC;3E013GC;;;;;;;;;;;;;;;;;;;;;;;;1;
54fdbc62e4b74db6;220054;e237e9dbf6a783aa;94;1;2024-10-30 00:00:00;2024-11-11 00:00:00;1;;;J43.2;J47.0;J22;J96.21;I50.9;K56.41;Z88.6;Z79.52;;;;;;;;;;;;;S;S;S;S;S;S;E;E;;;;;;;;;;;;;3E0333Z;3E0F7SF;3E03329;BW40ZZZ;4A02X4Z;3E0F7GC;3E1H78Z;3E033GC;3E013VG;3E013GC;3E033NZ;;;;;;;;;;;;;;;;;;1;
e8a9c8afcb15c78c;220054;5102dea01c95651a;34;1;2024-10-01 00:00:00;2024-11-11 00:00:00;1;;;A08.39;U07.1;R91.8;J47.0;J69.0;N39.0;B96.5;E83.01;F02.80;Z93.1;;;;;;;;;;;S;S;S;S;S;S;S;S;S;E;;;;;;;;;;;0DBN8ZX;0DBP8ZX;BW241ZZ;B32S1ZZ;B32T1ZZ;3E03329;XW033E5;;;;;;;;;;;;;;;;;;;;;;1;
c26fb65fd0505e46;220054;708cb19507373793;84;2;2024-11-07 00:00:00;2024-11-11 00:00:00;1;;;I11.0;I50.30;I48.0;N39.0;S06.9X9A;X58.XXXA;E05.90;M19.90;Z86.000;Z92.3;Z88.1;Z79.82;Z79.891;;;;;;;;S;S;S;S;S;S;S;S;E;E;E;E;E;;;;;;;;B246ZZZ;B020ZZZ;4A02X4Z;3E033GC;3E03329;;;;;;;;;;;;;;;;;;;;;;;;1;
748c0094ebeef6ea;220054;756c0730143e57c9;82;1;2024-10-25 00:00:00;2024-11-11 00:00:00;4;;;N39.0;B95.2;C61;C78.5;C79.89;N17.9;E11.22;N18.9;J69.0;E78.5;M10.9;N20.0;Z96.0;Z95.3;;;;;;;S;S;S;S;S;S;S;S;N;S;S;S;S;E;;;;;;;3E03329;3E033NZ;3E0337Z;3E013VG;30233N1;3E013GC;3E0333Z;3E033GC;BW211ZZ;;;;;;;;;;;;;;;;;;;;1;
859d1a197ced2ac0;220054;72bfbe6060a3273f;71;1;2024-11-05 00:00:00;2024-11-11 00:00:00;4;;;Z51.5;C25.0;C78.7;C77.2;K70.31;E11.9;E78.5;Z66;;;;;;;;;;;;;E;S;S;S;S;S;S;S;;;;;;;;;;;;;3E033NZ;3E013VG;3E0337Z;;;;;;;;;;;;;;;;;;;;;;;;;;1;
bfd8d3061c05dc1f;220054;5d0b85aae479541b;40;1;2024-10-29 00:00:00;2024-11-12 00:00:00;4;;;C22.0;A41.9;R65.21;N17.9;E87.5;E87.20;K74.60;B19.10;I10;;;;;;;;;;;;S;N;N;N;S;S;S;S;S;;;;;;;;;;;;BW201ZZ;BW241ZZ;BF45ZZZ;0BH17EZ;5A1945Z;5A1D90Z;3E03329;4A02X4Z;3E013GC;3E033NZ;3E033XZ;;;;;;;;;;;;;;;;;;1;
3c68973efe9bd301;220054;d8790024b6243a31;67;2;2024-11-04 00:00:00;2024-11-13 00:00:00;1;;;I21.19;I25.10;N17.9;T50.8X5A;E11.22;N18.9;I11.0;I50.1;I50.20;I44.1;J96.01;I95.9;F41.9;Z88.0;I25.3;;;;;;S;S;S;S;S;S;S;S;S;S;S;N;S;E;S;;;;;;B246ZZZ;4A02X4Z;3E013VG;3E033GC;3E03329;3E013GC;4A13XB1;4A12X4Z;4A13XR1;;;;;;;;;;;;;;;;;;;;1;
bf0c1a5263b511ed;220054;a1972aaa6e9c6634;61;1;2024-11-11 00:00:00;2024-11-13 00:00:00;1;2024-11-12 00:00:00;;K42.9;K74.60;;;;;;;;;;;;;;;;;;;S;S;;;;;;;;;;;;;;;;;;;0WUF0JZ;;;;;;;;;;;;;;;;;;;;;;;;;;;;2;
31b479b8d406f93f;220054;aa34573b3ffe5ea2;80;1;2024-11-09 00:00:00;2024-11-13 00:00:00;1;;;J44.1;J44.0;J22;G47.33;I10;Z99.89;Z85.038;Z90.49;Z99.3;;;;;;;;;;;;S;S;S;S;S;E;E;E;E;;;;;;;;;;;;3E03329;3E0333Z;3E0F7GC;3E0F7SF;;;;;;;;;;;;;;;;;;;;;;;;;1;
381c75f3df877977;220054;a93a509ce1ea84aa;64;1;2024-11-11 00:00:00;2024-11-14 00:00:00;1;2024-11-11 00:00:00;;N43.3;R73.01;K40.90;M54.50;;;;;;;;;;;;;;;;;S;S;S;S;;;;;;;;;;;;;;;;;0VB70ZZ;;;;;;;;;;;;;;;;;;;;;;;;;;;;2;
448b0a99b31e1a5f;220054;e1aa3e08bbe79b6c;52;2;2024-11-09 00:00:00;2024-11-14 00:00:00;1;;;D50.9;N92.0;R60.0;T43.205A;I87.2;K76.89;K59.03;T45.4X5A;K20.90;K21.9;K29.50;E03.9;F41.8;;;;;;;;S;S;S;S;S;S;S;S;S;S;S;S;S;;;;;;;;BW201ZZ;BU4CZZZ;4A02X4Z;3E033GC;;;;;;;;;;;;;;;;;;;;;;;;;1;
14c22f54776ec3a8;220054;e83c4647be5528b4;73;1;2024-11-12 00:00:00;2024-11-14 00:00:00;1;2024-11-12 00:00:00;;N30.20;F17.210;F10.21;I10;I71.40;F43.20;K44.9;Z95.0;;;;;;;;;;;;;S;S;S;S;S;S;S;E;;;;;;;;;;;;;0TBB8ZZ;;;;;;;;;;;;;;;;;;;;;;;;;;;;2;
d787741208356180;220054;dc3a1bc49510acef;76;2;2024-11-13 00:00:00;2024-11-15 00:00:00;1;2024-11-14 00:00:00;;M75.121;M65.811;M24.111;M75.51;;;;;;;;;;;;;;;;;S;S;S;S;;;;;;;;;;;;;;;;;0LM14ZZ;0L814ZZ;;;;;;;;;;;;;;;;;;;;;;;;;;;2;
7030ab46c1c492b7;220054;b4f509a22e3a9ae2;43;2;2024-11-07 00:00:00;2024-11-15 00:00:00;1;;;J10.08;J13;J96.01;J96.02;E87.21;N17.9;I95.9;D64.9;F17.210;;;;;;;;;;;;S;S;S;S;S;S;S;S;S;;;;;;;;;;;;4A13XB1;4A12X4Z;3E0F7SF;3E03329;3E013GC;;;;;;;;;;;;;;;;;;;;;;;;1;
20ba93cc6aa260c3;220054;5c5655a0e2d42ff7;86;1;2024-11-11 00:00:00;2024-11-15 00:00:00;1;;;J15.8;B96.20;I10;E78.5;I48.91;;;;;;;;;;;;;;;;S;S;S;S;S;;;;;;;;;;;;;;;;3E03329;3E0F7SF;;;;;;;;;;;;;;;;;;;;;;;;;;;1;
bb41608b3ffbb6be;220054;e5d68ccce87aab1b;64;2;2024-11-13 00:00:00;2024-11-15 00:00:00;1;;;I82.411;I82.431;I82.441;I82.451;I82.461;E78.5;I45.10;Z86.718;;;;;;;;;;;;;S;S;S;S;S;S;S;E;;;;;;;;;;;;;B54BZZZ;3E013GC;;;;;;;;;;;;;;;;;;;;;;;;;;;1;
4a9a8927e7bb77dc;220054;2fb9df8f979c8706;59;2;2024-11-13 00:00:00;2024-11-15 00:00:00;1;2024-11-13 00:00:00;;K80.10;N80.9;;;;;;;;;;;;;;;;;;;S;S;;;;;;;;;;;;;;;;;;;0FT44ZZ;BW40ZZZ;;;;;;;;;;;;;;;;;;;;;;;;;;;2;
0af12cd5db2ac394;220054;cbff238b30ad5121;92;2;2024-11-05 00:00:00;2024-11-15 00:00:00;1;;;K80.00;C50.912;Z17.0;T81.32XA;Y83.6;I10;E78.5;M06.9;D50.9;H40.9;H25.9;E22.0;M81.0;Z79.810;Z88.8;Z93.3;;;;;S;S;E;S;S;S;S;S;S;S;S;S;S;E;E;E;;;;;BW201ZZ;BW40ZZZ;3E03329;3E0337Z;3E033NZ;3E033GC;3E013GC;;;;;;;;;;;;;;;;;;;;;;1;
8b86acefc0eb88ce;220054;5a09f1bd2646774d;0;1;2024-11-14 00:00:00;2024-11-16 00:00:00;1;;;P59.9;;;;;;;;;;;;;;;;;;;;S;;;;;;;;;;;;;;;;;;;;6A600ZZ;;;;;;;;;;;;;;;;;;;;;;;;;;;;1;
068d3d3ca20d20ec;220054;01899602fa610e28;0;1;2024-11-09 00:00:00;2024-11-17 00:00:00;1;;;J20.0;J96.01;P27.1;P07.26;P07.14;;;;;;;;;;;;;;;;S;S;S;S;S;;;;;;;;;;;;;;;;3E0F7GC;3E03329;3E0F7SF;;;;;;;;;;;;;;;;;;;;;;;;;;1;
22be10896eab65ac;220054;8001fba256bbdbd8;79;2;2024-10-23 00:00:00;2024-11-18 00:00:00;1;2024-10-24 00:00:00;;S82.141C;S22.41XA;S32.10XA;S01.00XA;S91.011A;S81.812A;T79.4XXA;W10.9XXA;Y92.018;F10.27;I48.91;G25.0;D64.9;F05;E05.90;;;;;;S;S;S;S;S;S;S;S;E;S;S;S;S;N;S;;;;;;0QSG35Z;B020ZZZ;BR20ZZZ;BW241ZZ;0JQ00ZZ;0JQP0ZZ;0JQQ0ZZ;0KQS0ZZ;3E0337Z;3E033NZ;30233N1;3E04329;4A12X4Z;4A133B1;3E033GC;3E013GC;3E013VG;;;;;;;;;;;;1;
640c9a5423358d66;220054;3238eadf6b7002b3;30;2;2024-11-14 00:00:00;2024-11-18 00:00:00;1;2024-11-14 00:00:00;;O44.03;O99.284;E03.9;O90.81;Z3A.37;Z37.0;Z67.21;;;;;;;;;;;;;;S;S;S;N;E;E;E;;;;;;;;;;;;;;10D00Z1;4A1HXCZ;3E033GC;;;;;;;;;;;;;;;;;;;;;;;;;;2;
93b57b2552ae231f;220054;567d7e7872bf514e;0;2;2024-11-17 00:00:00;2024-11-18 00:00:00;1;;;P59.9;;;;;;;;;;;;;;;;;;;;S;;;;;;;;;;;;;;;;;;;;6A600ZZ;;;;;;;;;;;;;;;;;;;;;;;;;;;;1;
43457ab32545cd1e;220054;19ee86c4ae0af9cb;29;2;2024-11-17 00:00:00;2024-11-19 00:00:00;1;;;O48.0;O70.1;O90.81;Z3A.40;Z37.0;Z67.10;Z88.0;;;;;;;;;;;;;;S;N;N;E;E;E;E;;;;;;;;;;;;;;10E0XZZ;3E0R3BZ;0KQM0ZZ;4A1HXCZ;3E0H73Z;;;;;;;;;;;;;;;;;;;;;;;;1;
35d04c902ba3410d;220054;31f2192b2b077600;31;2;2024-11-16 00:00:00;2024-11-19 00:00:00;1;;;O42.112;Z3A.14;;;;;;;;;;;;;;;;;;;S;E;;;;;;;;;;;;;;;;;;;3E03329;BY4CZZZ;;;;;;;;;;;;;;;;;;;;;;;;;;;1;
55453692c476783c;220054;e10a147403d7c88f;82;2;2024-11-14 00:00:00;2024-11-19 00:00:00;1;;;L76.34;Y83.4;I82.412;I11.0;I50.9;E66.9;M15.9;F32.A;E79.0;E89.0;Z88.6;Z88.8;;;;;;;;;S;E;S;S;S;S;S;S;S;S;E;E;;;;;;;;;0J983ZX;BW20ZZZ;BW40ZZZ;3E013GC;;;;;;;;;;;;;;;;;;;;;;;;;1;
5cabc91c544b1c73;220054;ceb3e078eedeac66;61;1;2024-11-19 00:00:00;2024-11-20 00:00:00;1;2024-11-19 00:00:00;;K40.91;K40.90;Z88.6;;;;;;;;;;;;;;;;;;S;S;S;;;;;;;;;;;;;;;;;;0YUA4JZ;;;;;;;;;;;;;;;;;;;;;;;;;;;;2;
153b09b38c1c2bc5;220054;d10f5b6c09babd2f;44;2;2024-11-19 00:00:00;2024-11-20 00:00:00;1;;;D25.0;G89.11;Y83.8;F17.210;;;;;;;;;;;;;;;;;S;N;S;S;;;;;;;;;;;;;;;;;0UB98ZZ;;;;;;;;;;;;;;;;;;;;;;;;;;;;1;
cc3ac0c27251ca67;220054;a96568ecbdbe1ed0;87;1;2024-10-30 00:00:00;2024-11-20 00:00:00;1;2024-11-06 00:00:00;;K81.0;Z53.31;N18.6;Z99.2;E79.0;E03.8;N40.0;D63.1;D70.9;D69.6;;;;;;;;;;;S;E;S;E;S;S;S;S;S;S;;;;;;;;;;;0FT40ZZ;0FJ44ZZ;BW20ZZZ;5A1D70Z;30233N1;3E03329;3E03328;3E033NZ;3E013GC;3E033GC;3E0337Z;;;;;;;;;;;;;;;;;;1;
a7d9a1e2ee21a2bb;220054;58ca4b52659c166d;55;1;2024-11-18 00:00:00;2024-11-21 00:00:00;1;;;C18.7;D12.6;F17.210;;;;;;;;;;;;;;;;;;S;S;S;;;;;;;;;;;;;;;;;;0DBN8ZX;0DBN8ZZ;BW241ZZ;3E033NZ;;;;;;;;;;;;;;;;;;;;;;;;;1;
ff243524cd1d5142;220054;6d5d5a6ff495fe67;66;1;2024-11-16 00:00:00;2024-11-22 00:00:00;1;2024-11-16 00:00:00;;S82.852A;W19.XXXA;Z88.6;;;;;;;;;;;;;;;;;;S;S;E;;;;;;;;;;;;;;;;;;0QSH35Z;0QPH04Z;0QSK04Z;0QSH04Z;;;;;;;;;;;;;;;;;;;;;;;;;1;
a1cf93a622f49e2e;220054;0eb651db79faa870;56;1;2024-11-19 00:00:00;2024-11-22 00:00:00;1;;;I63.542;R29.701;R20.1;E11.9;F10.10;Z79.84;Z79.82;;;;;;;;;;;;;;S;S;S;S;S;E;E;;;;;;;;;;;;;;B020ZZZ;B33RZZZ;B348ZZZ;4A12X4Z;;;;;;;;;;;;;;;;;;;;;;;;;1;
64201847d8557979;220054;af7fbdc102bf5d1e;79;1;2024-11-15 00:00:00;2024-11-22 00:00:00;1;;;J44.1;J44.0;J22;B96.5;B96.89;I50.9;I48.21;J96.92;N17.9;N18.31;F17.210;I08.1;I27.20;E11.9;Z79.84;Z79.01;Z85.49;Z90.79;Z90.49;Z95.820;S;S;S;S;S;S;S;S;S;S;S;S;S;S;E;E;E;E;E;E;3E03329;3E0F7GC;3E0333Z;3E033NZ;3E013VG;3E033GC;3E0F7SF;4A02X4Z;;;;;;;;;;;;;;;;;;;;;1;
eb2f197f8da9a2c0;220054;9aa8c0d7cd394dfe;79;1;2024-11-21 00:00:00;2024-11-23 00:00:00;1;2024-11-22 00:00:00;;K43.2;N40.1;E79.0;I12.9;N18.9;E78.5;Z85.028;Z90.49;;;;;;;;;;;;;S;S;S;S;S;S;E;E;;;;;;;;;;;;;0WUF0JZ;;;;;;;;;;;;;;;;;;;;;;;;;;;;2;
0c7b2d3e6a2b93a7;220054;985384de321e0894;46;2;2024-11-19 00:00:00;2024-11-23 00:00:00;1;2024-11-20 00:00:00;;O36.63X0;O24.429;O65.4;O69.82X0;Z67.11;O26.893;Z3A.39;Z37.0;;;;;;;;;;;;;S;S;N;S;E;S;E;E;;;;;;;;;;;;;10D00Z1;3E0P7VZ;0U7C7ZZ;10907ZC;4A1HXCZ;3E0234Z;;;;;;;;;;;;;;;;;;;;;;;1;
1c6fd912afd250de;220054;681643d655f9b449;19;2;2024-11-21 00:00:00;2024-11-23 00:00:00;1;2024-11-23 00:00:00;;O03.4;;;;;;;;;;;;;;;;;;;;S;;;;;;;;;;;;;;;;;;;;10D17ZZ;BY48ZZZ;;;;;;;;;;;;;;;;;;;;;;;;;;;1;
eff1081ca4c48a28;220054;5904c69ed8533e50;15;2;2024-11-22 00:00:00;2024-11-24 00:00:00;1;2024-11-22 00:00:00;;K35.80;;;;;;;;;;;;;;;;;;;;S;;;;;;;;;;;;;;;;;;;;0DTJ4ZZ;BW20ZZZ;3E033NZ;3E0337Z;;;;;;;;;;;;;;;;;;;;;;;;;1;
dc360d30471d1274;220054;87e59615d9060276;91;1;2024-11-19 00:00:00;2024-11-24 00:00:00;1;;;R31.9;I10;E78.5;I48.21;I08.0;Z79.01;Z85.028;Z90.3;Z85.46;Z90.79;;;;;;;;;;;S;S;S;S;S;E;E;E;E;E;;;;;;;;;;;3E1K78Z;0T9B70Z;3E03329;3E0337Z;3E033NZ;3E033GC;3E013GC;;;;;;;;;;;;;;;;;;;;;;1;
ababa18c11aab233;220054;207e0f7bd03ddcf8;71;1;2024-11-20 00:00:00;2024-11-24 00:00:00;1;;;N99.89;N39.0;N99.820;Y83.6;;;;;;;;;;;;;;;;;S;S;S;S;;;;;;;;;;;;;;;;;3E03329;0T2BX0Z;3E0337Z;3E013GC;3E033NZ;;;;;;;;;;;;;;;;;;;;;;;;1;
b5f38779d7eaa2c3;220054;9279a9063f1e362a;67;1;2024-11-21 00:00:00;2024-11-25 00:00:00;1;;;D61.811;T45.1X5A;T50.4X5A;I77.82;N01.9;I10;E78.5;E79.0;Z87.891;;;;;;;;;;;;S;S;S;S;S;S;S;S;E;;;;;;;;;;;;30233N1;3E013GC;3E013VJ;;;;;;;;;;;;;;;;;;;;;;;;;;1;
4696323bd0487823;220054;b875ebf101d1a958;89;1;2024-11-15 00:00:00;2024-11-26 00:00:00;1;;;J18.9;Y95;E11.22;N18.4;D63.1;D50.9;I10;F32.A;F03.B0;Z79.4;Z79.84;Z59.3;;;;;;;;;S;E;S;S;S;S;S;S;S;E;E;E;;;;;;;;;3E03329;3E0F7SF;3E033NZ;3E0F7GC;3E0333Z;3E033GC;3E0337Z;;;;;;;;;;;;;;;;;;;;;;1;
25eb80ec803132c0;220054;5e2a63be45d4232a;3;2;2024-11-24 00:00:00;2024-11-26 00:00:00;1;;;R56.00;J98.8;B97.89;B97.10;;;;;;;;;;;;;;;;;S;S;S;S;;;;;;;;;;;;;;;;;3E033NZ;;;;;;;;;;;;;;;;;;;;;;;;;;;;1;
3b7a9d17eb48983a;220054;0a151a1d6c8d0912;45;1;2024-11-18 00:00:00;2024-11-26 00:00:00;1;;;L03.116;M54.50;G89.29;;;;;;;;;;;;;;;;;;S;S;S;;;;;;;;;;;;;;;;;;BW21ZZZ;BH48ZZZ;3E03329;3E033NZ;3E0337Z;3E0333Z;3E033GC;3E013GC;;;;;;;;;;;;;;;;;;;;;1;
74aa300c4eee6623;220054;5af70342b3f1d10a;53;2;2024-11-27 00:00:00;2024-11-27 00:00:00;1;;;C44.519;Z53.29;F70;;;;;;;;;;;;;;;;;;S;N;S;;;;;;;;;;;;;;;;;;;;;;;;;;;;;;;;;;;;;;;;;;;;;;2;
c28362252d71d59b;220054;60c5f337595ce362;64;2;2024-11-24 00:00:00;2024-11-28 00:00:00;1;;;K80.12;K82.4;I10;E78.5;F32.A;G50.1;;;;;;;;;;;;;;;S;S;S;S;S;S;;;;;;;;;;;;;;;0FT44ZZ;;;;;;;;;;;;;;;;;;;;;;;;;;;;1;
88b7367a153e4ce3;220054;89ab01314b5177d9;66;2;2024-11-23 00:00:00;2024-11-28 00:00:00;1;;;A41.9;C20;C78.7;C78.00;R20.2;K60.3;I10;E78.5;Z79.60;Z79.891;Z88.0;;;;;;;;;;S;S;S;S;S;S;S;S;E;E;E;;;;;;;;;;3E03329;3E033NZ;3E0337Z;3E033GC;;;;;;;;;;;;;;;;;;;;;;;;;1;
f1949dbb428b88fa;220054;bf384f9dbabb644b;84;2;2024-11-25 00:00:00;2024-11-28 00:00:00;1;2024-11-26 00:00:00;;K80.10;I12.9;E11.22;N18.9;E78.5;E79.0;E03.9;K76.0;Z88.0;Z88.8;;;;;;;;;;;S;S;S;S;S;S;S;S;E;E;;;;;;;;;;;0FT44ZZ;;;;;;;;;;;;;;;;;;;;;;;;;;;;2;
777d8c2ecf8d327c;220054;152d835400c85d41;68;2;2024-11-09 00:00:00;2024-11-28 00:00:00;1;;;J44.1;J44.0;J22;J96.10;E66.2;I11.0;I50.33;E11.65;R71.8;E78.1;E78.5;F32.A;F17.210;Z95.1;Z79.82;;;;;;S;S;S;S;S;S;S;S;S;S;S;S;S;E;E;;;;;;5A0945Z;B246ZZZ;3E03329;3E0337Z;;;;;;;;;;;;;;;;;;;;;;;;;1;
b2881eb608057d79;220054;0abc5a4622c8cdfb;63;2;2024-11-23 00:00:00;2024-11-28 00:00:00;1;;;I63.81;R29.700;R47.01;R53.1;D18.03;K20.90;K44.9;G43.909;Z88.6;Z88.8;Z91.018;;;;;;;;;;S;S;S;S;S;S;S;S;E;E;E;;;;;;;;;;B246ZZZ;BW40ZZZ;B020ZZZ;BW211ZZ;4A02X4Z;4A12X4Z;;;;;;;;;;;;;;;;;;;;;;;1;
87fe2c90860a065e;220054;4811795d3169249c;93;1;2024-11-24 00:00:00;2024-11-28 00:00:00;4;;;I13.0;I50.9;E11.22;N18.4;N17.9;J44.9;Z79.4;Z66;;;;;;;;;;;;;S;S;S;S;S;S;E;S;;;;;;;;;;;;;3E033GC;3E0337Z;3E0333Z;3E033NZ;3E0F7GC;;;;;;;;;;;;;;;;;;;;;;;;1;
2932d5bc20044e5a;220054;e8c180894e0f8b4f;18;2;2024-11-26 00:00:00;2024-11-29 00:00:00;1;;;O42.92;O70.0;O90.81;Z3A.39;Z37.0;Z67.20;;;;;;;;;;;;;;;S;N;N;E;E;E;;;;;;;;;;;;;;;10E0XZZ;3E0R3BZ;3E0P7VZ;0UQGXZZ;3E03329;4A1HXCZ;;;;;;;;;;;;;;;;;;;;;;;1;
02846a998a9b8ddb;220054;7b853f66f39137fe;68;1;2024-11-22 00:00:00;2024-11-29 00:00:00;1;;;M65.141;B96.89;I10;E78.5;E03.8;E79.0;F31.9;;;;;;;;;;;;;;S;S;S;S;S;S;S;;;;;;;;;;;;;;3E03329;;;;;;;;;;;;;;;;;;;;;;;;;;;;1;
448d29b15da7cfb1;220054;c87db20d1526e630;92;1;2024-11-25 00:00:00;2024-11-29 00:00:00;1;;;J44.1;J96.00;J00;I25.2;I48.21;I50.32;E05.80;Z79.01;Z79.52;;;;;;;;;;;;S;S;S;E;S;S;S;E;E;;;;;;;;;;;;3E0F7GC;3E03329;3E0333Z;3E033GC;3E013VG;;;;;;;;;;;;;;;;;;;;;;;;1;
59985ff82dbf52de;220054;ed9d43295c9d7192;77;2;2024-11-25 00:00:00;2024-11-29 00:00:00;1;;;J43.9;J98.8;J96.21;I10;E78.5;Z87.891;F32.A;Z99.81;;;;;;;;;;;;;S;S;S;S;S;E;S;E;;;;;;;;;;;;;3E03329;3E0F7GC;3E0333Z;3E033NZ;3E0F7SF;3E013GC;3E013VG;4A02X4Z;;;;;;;;;;;;;;;;;;;;;1;
ba83c1acbb6c6441;220054;0fe70875611e517f;64;1;2024-11-28 00:00:00;2024-11-30 00:00:00;1;2024-11-28 00:00:00;;C20;K86.0;K86.81;J44.9;J96.10;F32.A;Z99.81;Z99.89;Z88.1;;;;;;;;;;;;S;S;S;S;S;S;E;E;E;;;;;;;;;;;;0DBP7ZZ;;;;;;;;;;;;;;;;;;;;;;;;;;;;2;
82260935da4cf76a;220054;22f1ac74614fb025;72;1;2024-11-26 00:00:00;2024-11-30 00:00:00;1;;;K55.21;D50.0;E11.9;I10;I48.0;F17.210;Z79.01;Z79.84;Z95.0;;;;;;;;;;;;S;S;S;S;S;S;E;E;E;;;;;;;;;;;;3E033GC;3E013VG;;;;;;;;;;;;;;;;;;;;;;;;;;;2;
3ec43d4c13a0a07b;220054;c4cd38259028fcd9;66;1;2024-11-30 00:00:00;2024-12-01 00:00:00;2;;;S72.22XA;V19.88XA;Y92.828;;;;;;;;;;;;;;;;;;S;E;E;;;;;;;;;;;;;;;;;;2W6MX0Z;3E033NZ;;;;;;;;;;;;;;;;;;;;;;;;;;;1;
655ef73ad123c750;220054;f4825abd8d97c8dc;74;1;2024-11-29 00:00:00;2024-12-01 00:00:00;1;2024-11-29 00:00:00;;D09.0;I12.9;N18.30;E78.5;E79.0;I82.501;Z79.01;Z88.0;Z88.1;;;;;;;;;;;;S;S;S;S;S;S;E;E;E;;;;;;;;;;;;0TBB8ZZ;;;;;;;;;;;;;;;;;;;;;;;;;;;;2;
ae418e6979c5dd95;220054;c9039c41e3f21052;42;2;2024-11-29 00:00:00;2024-12-02 00:00:00;1;2024-11-30 00:00:00;;O34.219;O48.0;O24.429;O99.284;E06.3;O99.334;F17.210;Z3A.40;Z37.0;Z67.10;;;;;;;;;;;S;S;S;S;S;S;S;E;E;E;;;;;;;;;;;10D00Z1;4A1HXCZ;;;;;;;;;;;;;;;;;;;;;;;;;;;1;
4a509e009a065430;220054;fcc534a17a3f31df;86;2;2024-11-23 00:00:00;2024-12-03 00:00:00;2;2024-11-26 00:00:00;;S72.102A;W19.XXXA;D64.9;L97.919;L97.929;I10;E78.5;I48.91;Z79.01;G30.9;F02.C0;Z59.3;Z79.84;;;;;;;;S;E;S;S;S;S;S;S;E;S;S;E;E;;;;;;;;0QS736Z;3E013GC;3E033VJ;3E033NZ;3E03329;3E013VG;3E033GC;3E033NZ;3E0337Z;F07L6ZZ;F07Z9ZZ;;;;;;;;;;;;;;;;;;1;
2b656b03aebb4c16;220054;37b2a529f4f1485a;88;1;2024-11-21 00:00:00;2024-12-03 00:00:00;1;2024-11-22 00:00:00;;C18.8;C78.4;C78.6;C77.2;K91.89;K56.0;Y83.6;E78.5;K21.9;E79.0;N40.0;Z86.73;K57.30;K29.40;;;;;;;S;S;S;S;N;N;N;S;S;S;S;E;S;S;;;;;;;0DTF4ZZ;0DBB4ZZ;0DBW4ZZ;3E03329;3E0337Z;3E033NZ;3E013GC;3E0336Z;;;;;;;;;;;;;;;;;;;;;2;
80ea303fccbc71ac;220054;57ee2d13037efd86;56;1;2024-11-26 00:00:00;2024-12-03 00:00:00;1;2024-11-27 00:00:00;;M17.11;;;;;;;;;;;;;;;;;;;;S;;;;;;;;;;;;;;;;;;;;0SRC0JZ;;;;;;;;;;;;;;;;;;;;;;;;;;;;2;
ec4ded2b5e2ed6e9;220054;e96418cf670ba9a0;2;1;2024-12-03 00:00:00;2024-12-04 00:00:00;1;;;J04.0;;;;;;;;;;;;;;;;;;;;S;;;;;;;;;;;;;;;;;;;;3E0F7GC;;;;;;;;;;;;;;;;;;;;;;;;;;;;1;
e4b948dd28f1da1f;220054;a4064da6ad69d7cb;70;2;2024-11-27 00:00:00;2024-12-04 00:00:00;1;2024-11-28 00:00:00;;M17.11;I12.9;N18.9;Z96.652;Z88.0;Z88.6;;;;;;;;;;;;;;;S;S;S;S;E;E;;;;;;;;;;;;;;;0SRC0JZ;;;;;;;;;;;;;;;;;;;;;;;;;;;;2;
13215be4e761b791;220054;856843b8b430cfa5;65;1;2024-11-30 00:00:00;2024-12-04 00:00:00;1;;;K56.600;N39.0;B95.2;I10;E78.1;I48.21;K76.0;I42.0;C79.51;Z85.038;Z90.49;Z93.3;Z85.51;Z90.6;Z93.6;Z79.01;;;;;S;S;S;S;S;S;S;S;S;E;E;E;E;E;E;E;;;;;BW201ZZ;3E0DXGC;3E03329;3E033NZ;3E013GC;3E0337Z;3E033GC;;;;;;;;;;;;;;;;;;;;;;1;
bc6c9738b017df29;220054;fe9abb0e451d7fdf;26;1;2024-12-02 00:00:00;2024-12-04 00:00:00;1;2024-12-03 00:00:00;;S62.022A;W19.XXXA;Z88.1;;;;;;;;;;;;;;;;;;S;E;E;;;;;;;;;;;;;;;;;;0PSN04Z;3E033NZ;3E0333Z;3E03329;;;;;;;;;;;;;;;;;;;;;;;;;2;
c6538a57214e29af;220054;311a7f4be8ab5fc6;88;2;2024-11-29 00:00:00;2024-12-04 00:00:00;1;;;U07.1;J98.8;E86.0;E87.0;F03.C0;I12.9;N18.9;L89.153;I69.351;Z93.1;Z99.81;I44.7;F32.A;M15.9;Z79.82;Z59.3;Z74.09;;;;S;S;S;S;S;S;S;S;E;E;E;S;S;S;E;E;S;;;;3E0337Z;3E03329;3E033NZ;3E0333Z;3E013GC;4A02X4Z;3E0F7SF;3E0G76Z;;;;;;;;;;;;;;;;;;;;;1;
c2e7fce910f6e593;220054;ab951acc784ecbd5;34;1;2024-12-04 00:00:00;2024-12-04 00:00:00;1;2024-12-04 00:00:00;;N62;;;;;;;;;;;;;;;;;;;;S;;;;;;;;;;;;;;;;;;;;0HBV0ZZ;;;;;;;;;;;;;;;;;;;;;;;;;;;;2;
2015d5bb95b4478d;220054;b95bcddcafb3f22b;67;1;2024-12-04 00:00:00;2024-12-05 00:00:00;1;2024-12-04 00:00:00;;K43.2;Z95.5;I10;Z85.51;Z85.028;Z90.3;Z92.21;D35.01;D35.02;D35.2;Z87.891;I73.9;Z86.711;Z79.02;;;;;;;S;E;S;E;E;E;E;S;S;S;E;S;E;E;;;;;;;0WUF0JZ;;;;;;;;;;;;;;;;;;;;;;;;;;;;2;
f26e299157306c24;220054;6148cff4a02fe73f;54;1;2024-12-02 00:00:00;2024-12-05 00:00:00;1;;;C20;C78.5;K91.89;K63.3;D50.0;I10;E78.5;Z85.038;Z90.49;;;;;;;;;;;;S;S;S;S;S;S;S;E;E;;;;;;;;;;;;3E033GC;3E0337Z;;;;;;;;;;;;;;;;;;;;;;;;;;;1;
e1108eb19d3d21a5;220054;e7f7efe7db97b401;23;2;2024-12-03 00:00:00;2024-12-05 00:00:00;1;2024-12-04 00:00:00;;Q78.4;F41.8;G40.909;F17.210;;;;;;;;;;;;;;;;;E;S;S;S;;;;;;;;;;;;;;;;;0QBC0ZZ;0QUC0JZ;;;;;;;;;;;;;;;;;;;;;;;;;;;2;
972f49af2c8615e2;220054;e8e62b8160303001;92;2;2024-11-30 00:00:00;2024-12-05 00:00:00;1;;;J22;R78.81;B96.20;Z16.12;I12.9;N18.9;I25.2;I42.0;I27.20;I34.0;I87.2;M15.9;M62.84;R54;Z79.82;Z88.0;Z59.3;Z74.09;Z66;;S;S;S;S;S;S;E;S;S;S;S;S;S;S;E;E;E;S;S;;3E03329;3E0F7GC;3E0F7SF;3E033NZ;3E0333Z;3E033GC;3E0337Z;;;;;;;;;;;;;;;;;;;;;;1;
c17b22848a32f045;220054;11cd4a07699f5b34;77;1;2024-11-27 00:00:00;2024-12-07 00:00:00;1;;;I50.31;J96.20;J98.8;J84.112;I27.23;K44.9;M15.9;Z77.090;N40.0;Z99.81;Z86.711;Z86.718;;;;;;;;;S;S;S;S;S;S;S;S;S;E;E;E;;;;;;;;;3E033GC;3E0F7SF;B246ZZZ;4A02X4Z;3E03329;3E033NZ;3E0333Z;3E013GC;3E013VG;3E0F7GC;;;;;;;;;;;;;;;;;;;1;
4ba5d233cd9f7145;220054;a117b9b4d7427a6f;75;1;2024-12-07 00:00:00;2024-12-08 00:00:00;4;;;J69.0;J96.90;G20;R13.19;N39.0;G47.33;E11.9;E78.5;F09;Z59.3;Z99.89;;;;;;;;;;S;S;S;S;S;S;S;S;S;E;E;;;;;;;;;;3E03329;3E033NZ;3E0F7GC;3E0337Z;3E0333Z;3E013VG;;;;;;;;;;;;;;;;;;;;;;;1;
d33a8b76b90bcb43;220054;a6737eb1983495ca;36;2;2024-12-05 00:00:00;2024-12-09 00:00:00;1;2024-12-06 00:00:00;;O24.424;O36.63X0;O41.03X0;O34.211;O99.284;E66.9;E03.9;O92.5;O90.81;Z67.40;Z3A.38;Z37.0;;;;;;;;;S;S;S;S;S;S;S;N;N;E;E;E;;;;;;;;;10D00Z1;4A1HXCZ;3E033GC;;;;;;;;;;;;;;;;;;;;;;;;;;2;
53c36f029c48841f;220054;cfe4e2c79b7daf87;36;2;2024-12-08 00:00:00;2024-12-10 00:00:00;1;2024-12-08 00:00:00;;O00.101;;;;;;;;;;;;;;;;;;;;S;;;;;;;;;;;;;;;;;;;;10T24ZZ;0UT54ZZ;;;;;;;;;;;;;;;;;;;;;;;;;;;1;
47a0594ef0f863b7;220054;8b6e082d909fdd16;83;1;2024-12-07 00:00:00;2024-12-10 00:00:00;1;;;I13.0;I50.9;J96.20;N17.9;D69.49;E11.22;N18.32;D63.1;I48.91;I34.0;E87.5;I27.20;K76.6;K31.89;E79.0;E78.5;I70.0;E66.9;Z85.51;Z92.3;S;S;S;S;S;S;S;S;S;S;S;S;S;S;S;S;S;S;E;E;3E033GC;3E013VG;;;;;;;;;;;;;;;;;;;;;;;;;;;1;
08199280632a43c8;220054;4afc5a9d306d0a27;35;1;2024-12-10 00:00:00;2024-12-11 00:00:00;1;2024-12-10 00:00:00;;Q55.22;;;;;;;;;;;;;;;;;;;;E;;;;;;;;;;;;;;;;;;;;0VSC0ZZ;;;;;;;;;;;;;;;;;;;;;;;;;;;;2;
d2115c0f1be86327;220054;9d3d5f84068435d7;81;1;2024-12-08 00:00:00;2024-12-11 00:00:00;1;;;J98.8;J33.8;I10;I48.0;J45.909;Z87.891;Z79.01;;;;;;;;;;;;;;S;S;S;S;S;E;E;;;;;;;;;;;;;;3E03329;3E0F7GC;3E013GC;3E0333Z;;;;;;;;;;;;;;;;;;;;;;;;;1;
35bfd2325b9a8c33;220054;5cb9dfad201ac0ca;89;2;2024-12-04 00:00:00;2024-12-11 00:00:00;1;;;J18.9;D64.9;I10;E03.9;G20;F43.21;G54.7;Z89.612;Z79.82;Z99.3;;;;;;;;;;;S;S;S;S;S;S;S;E;E;E;;;;;;;;;;;3E03329;3E033NZ;3E0F7GC;3E0F7SF;30233N1;3E0337Z;3E033GC;3E013GC;;;;;;;;;;;;;;;;;;;;;1;
8f21db1d80d7e103;220054;bd6d8eb088467709;63;2;2024-12-06 00:00:00;2024-12-11 00:00:00;1;;;K83.09;R78.81;B96.20;R93.2;I10;E11.9;E78.5;I25.2;I25.10;E06.3;J44.9;D75.1;K76.0;Z79.84;;;;;;;S;S;S;S;S;S;S;E;S;S;S;S;S;E;;;;;;;3E03329;3E0337Z;3E033NZ;;;;;;;;;;;;;;;;;;;;;;;;;;1;
0861f1cf39c0957f;220054;30befabcb9e9eae5;96;2;2024-11-28 00:00:00;2024-12-11 00:00:00;4;;;I13.0;I50.33;E11.22;N18.30;N39.0;I48.91;M10.9;E06.3;E03.2;T46.2X5S;Z85.820;Z86.16;Z85.038;Z99.81;Z79.4;Z59.3;;;;;S;S;S;S;S;S;S;S;S;E;E;E;E;E;E;E;;;;;3E033GC;3E033NZ;3E0337Z;3E0333Z;3E0F7GC;3E03329;3E013VJ;;;;;;;;;;;;;;;;;;;;;;1;
f8f28f0e0f7d9035;220054;3c9c35d280e1ccb3;29;1;2024-12-11 00:00:00;2024-12-12 00:00:00;1;2024-12-11 00:00:00;;K60.1;;;;;;;;;;;;;;;;;;;;S;;;;;;;;;;;;;;;;;;;;0D8R0ZZ;;;;;;;;;;;;;;;;;;;;;;;;;;;;2;
179eb516626877d7;220054;3b6bd9dd00c339a6;81;1;2024-12-10 00:00:00;2024-12-12 00:00:00;1;2024-12-11 00:00:00;;N20.0;Z96.0;I10;;;;;;;;;;;;;;;;;;S;S;S;;;;;;;;;;;;;;;;;;0TF38ZZ;0TP580Z;0T9380Z;;;;;;;;;;;;;;;;;;;;;;;;;;2;
e40adf303376da44;220054;ba1af7111840b029;38;2;2024-12-09 00:00:00;2024-12-12 00:00:00;1;;;R04.2;J98.8;R92.2;K44.9;K21.9;K41.90;J45.909;F43.20;F41.8;F17.210;Z88.8;;;;;;;;;;S;S;S;S;S;S;S;S;S;S;E;;;;;;;;;;BW241ZZ;3E03329;3E0F7GC;;;;;;;;;;;;;;;;;;;;;;;;;;1;
12d27d28be59a61b;220054;fec94fdb03493b0d;18;1;2024-12-12 00:00:00;2024-12-13 00:00:00;1;2024-12-12 00:00:00;;L05.92;;;;;;;;;;;;;;;;;;;;S;;;;;;;;;;;;;;;;;;;;0JB90ZZ;;;;;;;;;;;;;;;;;;;;;;;;;;;;2;
7616388264db5e1c;220054;1be4870bdfc8ed34;85;1;2024-12-09 00:00:00;2024-12-13 00:00:00;1;;;R31.0;D50.0;Z79.01;I48.0;I10;Z95.0;K57.30;M15.9;M81.0;N40.0;Z90.49;;;;;;;;;;S;S;E;S;S;E;S;S;S;S;E;;;;;;;;;;3E1K78Z;0T9B70Z;30233N1;3E033GC;3E03329;3E0337Z;3E013GC;;;;;;;;;;;;;;;;;;;;;;1;
7c26470ba33f121a;220054;693cf7acb5bf40bc;72;1;2024-12-06 00:00:00;2024-12-13 00:00:00;1;;;J43.8;J98.8;J96.00;I27.20;R91.8;I10;E78.5;N40.1;N39.3;F10.21;Z87.891;Z99.81;Z79.52;;;;;;;;S;S;S;S;S;S;S;S;S;S;E;E;E;;;;;;;;B32S1ZZ;B32T1ZZ;4A02X4Z;3E0333Z;3E03329;;;;;;;;;;;;;;;;;;;;;;;;1;
a677694da57e5e01;220054;f29ae0204842676d;81;2;2024-11-18 00:00:00;2024-12-13 00:00:00;1;;;T80.211A;L02.413;L02.212;L02.31;K65.1;B95.61;N39.0;B96.20;Z16.12;E11.22;N18.6;Z99.2;I11.0;I50.9;F05;E78.5;I48.91;R06.00;R50.2;T36.95XA;S;S;S;S;S;S;S;S;S;S;S;E;S;S;S;S;S;N;N;N;02PYX3Z;BW241ZZ;B246ZZ4;3E03329;3E033NZ;3E033GC;3E013GC;;;;;;;;;;;;;;;;;;;;;;2;
44ec2be46a0e5b81;220054;609a8a0b769fac74;78;1;2024-11-20 00:00:00;2024-12-14 00:00:00;1;;;I26.99;I82.432;J98.8;Y95;D64.9;N39.0;B96.20;A04.72;I48.91;F09;L89.152;E46;J44.9;I10;C61;Z79.01;Z59.3;Z79.82;Z79.818;;S;S;S;S;S;N;S;N;S;S;S;S;S;S;S;E;E;E;E;;BW241ZZ;4A02X4Z;3E03329;30233N1;3E0337Z;3E03328;;;;;;;;;;;;;;;;;;;;;;;1;
cd70ed028a05eb67;220054;f6f62d74e0001d47;86;1;2024-12-03 00:00:00;2024-12-15 00:00:00;4;;;J18.9;N17.9;I11.0;I50.9;E11.9;E78.5;D64.9;M10.9;E03.9;Z85.51;Z87.891;;;;;;;;;;S;S;S;S;S;S;S;S;S;E;E;;;;;;;;;;BW24ZZZ;3E03329;3E033GC;3E0337Z;3E033NZ;3E013VG;3E013GC;;;;;;;;;;;;;;;;;;;;;;1;
bfc4122211a2ab00;220054;beb4c1caee624766;53;2;2024-12-11 00:00:00;2024-12-17 00:00:00;1;;;J20.9;J96.01;F17.210;;;;;;;;;;;;;;;;;;S;S;S;;;;;;;;;;;;;;;;;;3E03329;3E0F7GC;3E0333Z;3E0F7SF;;;;;;;;;;;;;;;;;;;;;;;;;1;
05bd8474bc736918;220054;fb2a77ee72d0b604;89;1;2024-12-09 00:00:00;2024-12-18 00:00:00;4;;;E11.01;J18.9;E78.5;D50.9;G31.83;F02.80;I51.7;I27.20;R13.10;T17.918A;Z86.73;Z79.4;;;;;;;;;S;S;S;S;S;S;S;S;S;N;E;E;;;;;;;;;3E03329;3E0337Z;3E033GC;3E013GC;3E033NZ;;;;;;;;;;;;;;;;;;;;;;;;1;
4a57e1482822ffee;220054;901428d3ed0c3473;80;1;2024-12-10 00:00:00;2024-12-18 00:00:00;1;;;I50.20;J06.9;I42.0;I48.21;I25.9;Z95.5;I08.0;I10;E78.5;Z95.810;G30.9;F02.80;Z86.73;N40.0;Z79.01;L23.1;;;;;S;S;S;S;S;E;S;S;S;E;S;S;E;S;E;S;;;;;3E033GC;3E0F7GC;3E03329;3E0337Z;3E013VG;3E033NZ;;;;;;;;;;;;;;;;;;;;;;;1;
e6fab784a2444535;220054;8f4ab1027b34fe74;76;1;2024-12-04 00:00:00;2024-12-18 00:00:00;1;2024-12-05 00:00:00;;Z47.33;T84.54XD;I10;E78.5;N40.0;G47.33;Z99.89;;;;;;;;;;;;;;E;E;S;S;S;S;E;;;;;;;;;;;;;;0SRD0JZ;0SPD08Z;3E013GC;3E03329;3E0337Z;;;;;;;;;;;;;;;;;;;;;;;;2;
5ec2a78cbdeb3acf;220054;56ae6cf2fa135c8a;79;1;2024-12-17 00:00:00;2024-12-18 00:00:00;1;2024-12-17 00:00:00;;N20.1;Z96.0;I10;Z85.51;Z85.46;Z92.3;;;;;;;;;;;;;;;S;S;S;E;E;E;;;;;;;;;;;;;;;0TF68ZZ;0TP580Z;0T9380Z;;;;;;;;;;;;;;;;;;;;;;;;;;2;
32a40a202f180a54;220054;17640fcb8956cd69;24;1;2024-12-17 00:00:00;2024-12-18 00:00:00;1;2024-12-17 00:00:00;;K40.90;;;;;;;;;;;;;;;;;;;;S;;;;;;;;;;;;;;;;;;;;0YU64JZ;;;;;;;;;;;;;;;;;;;;;;;;;;;;2;
7526198cf784bed8;220054;a841dd5a992654c0;86;1;2024-12-17 00:00:00;2024-12-19 00:00:00;4;;;I61.0;R40.2413;H53.47;H51.8;G81.91;G51.0;R47.01;I48.91;I12.0;E11.22;N18.5;D63.1;F43.23;Z86.73;Z85.46;Z92.3;Z79.01;;;;S;S;S;S;S;S;S;S;S;S;S;S;S;E;E;E;E;;;;B020ZZZ;3E033GC;3E033NZ;3E0337Z;;;;;;;;;;;;;;;;;;;;;;;;;1;
53ae169a73b61820;220054;6e299c4a365f3947;82;1;2024-12-12 00:00:00;2024-12-19 00:00:00;1;2024-12-13 00:00:00;;C18.1;K66.0;K91.71;E11.9;Z79.82;Z79.84;;;;;;;;;;;;;;;S;S;N;S;E;E;;;;;;;;;;;;;;;0DTF4ZZ;0DBB0ZZ;3E03329;3E033NZ;3E013GC;3E033GC;;;;;;;;;;;;;;;;;;;;;;;2;
d39a2034153c322f;220054;0e1ee47ce5aadd1a;11;1;2024-12-19 00:00:00;2024-12-20 00:00:00;1;;;G40.909;F84.0;;;;;;;;;;;;;;;;;;;S;S;;;;;;;;;;;;;;;;;;;;;;;;;;;;;;;;;;;;;;;;;;;;;;;1;
41b8f513f34cd011;220054;14c6b85d9f8216b7;89;2;2024-12-12 00:00:00;2024-12-20 00:00:00;1;2024-12-16 00:00:00;;S72.012A;W19.XXXA;D50.0;E53.8;E55.9;I10;G31.83;F02.80;Z79.82;;;;;;;;;;;;S;S;N;S;S;S;S;S;E;;;;;;;;;;;;0SRS0J9;3E033NZ;3E013GC;F07L6ZZ;F07Z9ZZ;;;;;;;;;;;;;;;;;;;;;;;;1;
7852b454d5b92f95;220054;e75e8c4a07530785;60;1;2024-12-18 00:00:00;2024-12-20 00:00:00;2;;;A41.9;R65.21;K80.42;D68.9;D69.6;C22.0;C77.2;K70.9;G47.33;I48.0;E66.9;Z68.34;N62;N40.0;E55.9;D50.9;Z79.82;Z79.60;;;S;S;S;S;S;S;S;S;S;S;S;E;S;S;S;S;E;E;;;BW201ZZ;3E04329;3E0437Z;3E043XZ;30243N1;30243R1;4A133B1;4A12X4Z;4A13XR1;0T9B70Z;;;;;;;;;;;;;;;;;;;1;
9844b8d2cc964559;220054;c26e53259adcf80e;75;1;2024-12-18 00:00:00;2024-12-20 00:00:00;1;;;I21.4;I25.10;I10;E78.5;E10.65;E10.319;E10.40;Z79.4;;;;;;;;;;;;;S;S;S;S;S;S;S;E;;;;;;;;;;;;;4A02X4Z;B246ZZZ;;;;;;;;;;;;;;;;;;;;;;;;;;;1;
5ba1a9bc09bea001;220054;3ce857e79eef8655;43;1;2024-12-16 00:00:00;2024-12-20 00:00:00;1;;;R59.1;R10.13;K29.50;K31.A0;;;;;;;;;;;;;;;;;S;S;S;S;;;;;;;;;;;;;;;;;BW241ZZ;BW2F1ZZ;0DB68ZX;;;;;;;;;;;;;;;;;;;;;;;;;;2;
fc1526b106c612c1;220054;44b790461a111550;31;2;2024-12-18 00:00:00;2024-12-21 00:00:00;1;;;O42.02;O99.72;L40.9;O70.20;Z3A.40;Z67.10;Z37.0;;;;;;;;;;;;;;S;S;S;N;E;E;E;;;;;;;;;;;;;;10E0XZZ;0DQR0ZZ;3E0P7VZ;4A1HXCZ;;;;;;;;;;;;;;;;;;;;;;;;;1;
2e37db17d4543775;220054;5801bd9a1b194a87;3;1;2024-12-19 00:00:00;2024-12-21 00:00:00;1;;;B00.2;P07.17;;;;;;;;;;;;;;;;;;;S;S;;;;;;;;;;;;;;;;;;;3E0337Z;3E033NZ;;;;;;;;;;;;;;;;;;;;;;;;;;;1;
cd8f2d7bb2f208d3;220054;1f575a1da044f843;44;2;2024-12-12 00:00:00;2024-12-22 00:00:00;1;;;K85.10;K75.9;E78.5;F32.A;F17.210;;;;;;;;;;;;;;;;S;S;S;S;S;;;;;;;;;;;;;;;;BW40ZZZ;BW201ZZ;3E03329;3E033NZ;3E013GC;3E0337Z;;;;;;;;;;;;;;;;;;;;;;;1;
f9ebba4aa41f9082;220054;b82aecaba6beb2c9;38;2;2024-12-20 00:00:00;2024-12-22 00:00:00;1;2024-12-20 00:00:00;;O34.219;O99.02;O99.283;E55.9;O48.0;Z3A.41;Z67.11;Z37.0;;;;;;;;;;;;;S;S;S;S;S;E;E;E;;;;;;;;;;;;;10D00Z1;4A1HXCZ;;;;;;;;;;;;;;;;;;;;;;;;;;;1;
baa2910967fe4a97;220054;2512c001e4967ac0;88;2;2024-12-13 00:00:00;2024-12-23 00:00:00;1;2024-12-19 00:00:00;;S72.341A;M97.11XA;W19.XXXA;Y92.10;D64.9;I13.0;I50.9;E11.22;N18.9;I27.20;J47.9;E78.5;I48.21;I45.10;F03.90;M81.0;G31.84;F32.A;Z86.73;Z59.3;S;S;S;S;N;S;S;S;S;S;S;S;S;S;S;S;S;S;E;E;0QSB04Z;30233N1;3E033GC;3E013VJ;;;;;;;;;;;;;;;;;;;;;;;;;1;
1a8c5815e38db103;220054;1030c75c979dc652;65;1;2024-12-17 00:00:00;2024-12-23 00:00:00;1;;;R91.8;I77.811;I10;N40.0;Z87.891;;;;;;;;;;;;;;;;S;S;S;S;E;;;;;;;;;;;;;;;;BW241ZZ;0B918ZX;;;;;;;;;;;;;;;;;;;;;;;;;;;1;
49c2f49b2a8b3128;220054;dbbfdcb3bd614295;77;2;2024-11-26 00:00:00;2024-12-23 00:00:00;1;;;C34.90;C79.31;N39.0;B96.20;M47.12;I10;E79.0;E66.9;E11.9;E03.8;J44.9;G47.33;G82.20;B91;Z79.4;Z79.82;Z99.3;Z86.718;;;S;S;S;S;S;S;S;S;S;S;S;S;S;E;E;E;E;E;;;3E1F88X;BW241ZZ;B020ZZZ;3E033NZ;3E0337Z;3E03328;3E0333Z;3E013GC;;;;;;;;;;;;;;;;;;;;;1;
4274da86bb62b90c;220054;eac201a9d2abbc86;75;2;2024-12-17 00:00:00;2024-12-24 00:00:00;1;2024-12-18 00:00:00;;M17.11;Z88.0;;;;;;;;;;;;;;;;;;;S;E;;;;;;;;;;;;;;;;;;;0SRC0J9;;;;;;;;;;;;;;;;;;;;;;;;;;;;2;
147a7efb4149bb53;220054;04c00778e1492594;49;2;2024-12-17 00:00:00;2024-12-24 00:00:00;1;2024-12-18 00:00:00;;M84.552A;C79.51;C78.00;C78.7;C79.02;C38.3;Z85.3;Z90.12;Z79.811;Z79.630;Z92.3;;;;;;;;;;S;S;S;S;S;S;E;E;E;E;E;;;;;;;;;;0QS736Z;3E033NZ;3E0333Z;;;;;;;;;;;;;;;;;;;;;;;;;;1;
985d14bb117ff4f5;220054;113faa4951fd89e5;69;1;2024-12-01 00:00:00;2024-12-24 00:00:00;1;2024-12-05 00:00:00;;C12;Z92.3;;;;;;;;;;;;;;;;;;;S;E;;;;;;;;;;;;;;;;;;;0B110F4;0CBPXZX;0DH63UZ;3E03329;3E0333Z;3E0337Z;3E0F7GC;;;;;;;;;;;;;;;;;;;;;;1;
39a862f40544223e;220054;94074f29187f9b26;78;1;2024-10-22 00:00:00;2024-12-26 00:00:00;5;;;S06.5X0A;W19.XXXA;R48.2;I26.99;I27.24;I82.422;I82.220;I82.412;I82.432;N17.9;E87.21;G72.81;E88.09;B34.9;I80.9;F32.A;I10;E11.9;G47.33;M19.90;S;S;S;N;N;N;N;N;N;N;N;N;N;N;N;N;S;S;S;S;B020ZZZ;B32S1ZZ;B32T1ZZ;B246ZZZ;B54CZZZ;BW241ZZ;B549ZZZ;0T9B70Z;F07Z9FZ;F07Z8ZZ;3E0437Z;3E013GC;3E0F7SF;3E0333Z;BW40ZZZ;4A13XB1;4A13XR1;4A10X4Z;0TPBX0Z;;;;;;;;;;1;
b0986d4badc9b714;220054;34ff2b9e9213f017;82;2;2024-12-23 00:00:00;2024-12-27 00:00:00;1;;;I63.81;G46.5;I10;E03.9;;;;;;;;;;;;;;;;;S;S;S;S;;;;;;;;;;;;;;;;;B020ZZZ;B32RZZZ;4A12X4Z;3E0337Z;3E033NZ;;;;;;;;;;;;;;;;;;;;;;;;1;
2223c9f29e628ab7;220054;a1a2bd4166e9ac9e;77;1;2024-12-17 00:00:00;2024-12-27 00:00:00;1;;;J15.1;D50.9;K55.20;K57.30;K64.8;K64.4;K74.69;K70.30;I85.10;K76.6;K31.89;E11.9;Z88.0;Z79.84;;;;;;;S;S;S;S;S;S;S;S;S;S;S;S;E;E;;;;;;;3E03329;3E0F7GC;3E0F7SF;BW201ZZ;0DJ08ZZ;0DJD8ZZ;30233N1;3E033GC;3E013GC;3E013VG;;;;;;;;;;;;;;;;;;;1;
753e3b9328935fd1;220054;799061370a8cb091;66;1;2024-11-13 00:00:00;2024-12-28 00:00:00;1;2024-11-28 00:00:00;;A41.52;R65.21;J15.1;J96.00;N17.9;D68.9;N39.0;B96.20;I48.91;E66.9;;;;;;;;;;;S;S;S;S;S;S;S;S;S;S;;;;;;;;;;;0B110F4;5A1D90Z;3E03329;3E033GC;3E033NZ;3E0G76Z;3E0F7SF;B246ZZZ;;;;;;;;;;;;;;;;;;;;;1;
6b030109d017eefe;220054;35524316261b3058;32;2;2024-12-24 00:00:00;2024-12-28 00:00:00;1;2024-12-25 00:00:00;;O42.02;O65.4;O75.2;O90.81;Z67.40;Z3A.38;Z37.0;;;;;;;;;;;;;;S;S;N;N;E;E;E;;;;;;;;;;;;;;10D00Z1;4A1HXCZ;;;;;;;;;;;;;;;;;;;;;;;;;;;1;
f8bf7fa03c23c732;220054;9e420e597676063d;26;2;2024-12-27 00:00:00;2024-12-29 00:00:00;1;;;O34.83;Z67.40;Z3A.39;Z37.0;;;;;;;;;;;;;;;;;S;E;E;E;;;;;;;;;;;;;;;;;10E0XZZ;10907ZC;4A1HXCZ;;;;;;;;;;;;;;;;;;;;;;;;;;1;
a39b328ca387b839;220054;23e5378a8548db1c;0;1;2024-12-27 00:00:00;2024-12-29 00:00:00;1;;;K52.9;E86.0;E87.0;Z87.74;Z14.8;;;;;;;;;;;;;;;;S;S;S;E;E;;;;;;;;;;;;;;;;3E0337Z;;;;;;;;;;;;;;;;;;;;;;;;;;;;1;
ea24eca5c40d0ea7;220054;ba0447b0e84b6b3c;67;1;2024-12-11 00:00:00;2024-12-30 00:00:00;5;;;I63.9;G81.91;R47.01;R29.711;G93.89;G40.909;E11.22;N18.6;I10;Z99.2;E78.5;E11.51;G31.84;Z79.4;F05;Z86.73;;;;;S;S;S;S;S;S;S;S;S;E;S;S;S;E;N;E;;;;;B020ZZZ;B32R1ZZ;4A12X4Z;3E0337Z;3E033GC;3E033NZ;3E03329;;;;;;;;;;;;;;;;;;;;;;1;
a3ed75afb49e1377;220054;69fc98d05e503fd5;82;1;2024-12-25 00:00:00;2024-12-30 00:00:00;1;;;J47.1;B90.9;Z99.81;E11.9;Z79.84;I10;E78.5;I48.91;N40.0;G31.84;E80.4;;;;;;;;;;S;E;E;S;E;S;S;S;S;S;S;;;;;;;;;;3E0333Z;3E0F7GC;3E03329;3E0F7SF;;;;;;;;;;;;;;;;;;;;;;;;;1;
b982dca79952501a;220054;0764b8275ccd7a36;86;2;2024-12-25 00:00:00;2024-12-30 00:00:00;1;;;I50.33;J98.8;B97.89;I48.91;Z79.01;I25.9;I35.1;I27.20;E03.9;Z99.81;;;;;;;;;;;S;S;S;S;E;S;S;S;S;E;;;;;;;;;;;3E033GC;3E0337Z;3E0F7GC;3E03329;3E033NZ;3E0333Z;;;;;;;;;;;;;;;;;;;;;;;1;
5be0e2c24efccc1b;220054;0787a2249dec54be;64;1;2024-12-20 00:00:00;2024-12-30 00:00:00;2;;;I31.39;I31.4;E85.4;I43;I11.0;I51.7;J44.9;F17.210;Z60.3;;;;;;;;;;;;S;S;S;S;S;S;S;S;S;;;;;;;;;;;;B246ZZZ;3E033GC;3E033NZ;3E013GC;3E03329;;;;;;;;;;;;;;;;;;;;;;;;1;
3df4f7bd33a0e832;220054;29f164ace8a43fa5;89;2;2024-12-14 00:00:00;2024-12-30 00:00:00;1;2024-12-18 00:00:00;;S72.101A;W07.XXXA;Y92.001;D64.9;D46.B;D53.9;E11.22;I10;F43.21;;;;;;;;;;;;S;S;S;N;S;S;S;S;S;;;;;;;;;;;;0QS636Z;30233N1;3E033GC;3E023GC;;;;;;;;;;;;;;;;;;;;;;;;;1;
21186146cc691aff;220054;4e7e2371ee8b17be;18;1;2024-12-29 00:00:00;2024-12-31 00:00:00;1;2024-12-29 00:00:00;;K35.33;;;;;;;;;;;;;;;;;;;;S;;;;;;;;;;;;;;;;;;;;0DTJ4ZZ;BW40ZZZ;;;;;;;;;;;;;;;;;;;;;;;;;;;1;
e394798a40aa5c66;220105;00a72b37e5e74347;88;2;2024-09-26 00:00:00;2024-10-05 00:00:00;2;;;Z48.3;Z85.038;Z90.49;M62.59;I48.91;R19.7;E86.0;I95.9;R57.1;I13.0;I50.9;N18.9;R32;F32.A;Z96.0;;;;;;E;E;E;S;S;N;N;N;N;S;S;S;S;S;S;;;;;;4A02X4Z;3E0F7SF;3E03329;;;;;;;;;;;;;;;;;;;;;;;;;;1;
e4e0155f8747035a;220105;c0d6972efa5c5907;97;1;2024-09-16 00:00:00;2024-10-06 00:00:00;4;;;C67.8;C79.19;C79.01;C79.51;Z51.5;I10;Z87.440;Z79.891;;;;;;;;;;;;;S;S;S;S;E;S;E;E;;;;;;;;;;;;;3E033NZ;3E0337Z;3E033GC;;;;;;;;;;;;;;;;;;;;;;;;;;1;
e394798a40aa5c66;220105;d6493e24071df500;88;2;2024-10-05 00:00:00;2024-11-10 00:00:00;4;;;I13.0;I50.9;N18.9;Z48.3;Z85.038;Z90.49;M62.59;F05;I82.402;I48.91;K91.870;Y83.2;F32.A;;;;;;;;S;S;S;E;E;E;S;S;N;S;S;S;S;;;;;;;;3E033NZ;3E0G76Z;3E033GC;3E013GC;;;;;;;;;;;;;;;;;;;;;;;;;1;
3db9492ccabb16ca;220105;7a2e199524ea329d;76;1;2024-10-24 00:00:00;2024-11-13 00:00:00;1;;;S72.012D;X58.XXXD;R13.10;C34.90;I48.91;E11.9;Z85.01;Z79.01;Z79.4;Z79.52;;;;;;;;;;;E;S;S;S;S;S;E;E;E;E;;;;;;;;;;;F07L6ZZ;F07Z9ZZ;;;;;;;;;;;;;;;;;;;;;;;;;;;1;
a4846f9216bc9244;220105;1ec743ded380064c;92;1;2024-11-14 00:00:00;2024-11-14 00:00:00;4;;;J98.8;J96.00;B37.0;I12.9;N18.30;E11.22;Z86.73;;;;;;;;;;;;;;S;S;S;S;S;S;E;;;;;;;;;;;;;;3E033NZ;;;;;;;;;;;;;;;;;;;;;;;;;;;;1;
163bf7dc0e8ff58e;220105;a7f929701c8b276c;92;1;2024-12-05 00:00:00;2024-12-08 00:00:00;4;;;A41.59;N39.0;B96.1;C67.9;C79.89;K80.20;;;;;;;;;;;;;;;S;S;S;S;S;S;;;;;;;;;;;;;;;3E03329;3E013NZ;3E033NZ;3E0337Z;3E033GC;3E013GC;;;;;;;;;;;;;;;;;;;;;;;1;
4740eb691a4e8dd0;220105;0d1c7ab92b0d5309;84;2;2024-12-08 00:00:00;2024-12-13 00:00:00;1;;;J20.9;I10;G30.9;F02.80;F05;Z79.01;;;;;;;;;;;;;;;S;S;S;S;S;E;;;;;;;;;;;;;;;3E03329;3E0333Z;3E0F7GC;3E033NZ;3E033GC;3E0337Z;;;;;;;;;;;;;;;;;;;;;;;1;
87d4305a27d8ab08;220054;9b95344d76ac1b77;95;1;2024-08-10 00:00:00;2024-10-01 00:00:00;1;;;K59.81;R33.9;M62.59;D64.9;N39.0;T80.219A;B95.62;B96.5;Z16.24;Z22.322;N35.919;I10;I48.21;F32.A;I44.0;I45.10;;;;;S;S;N;S;S;N;N;N;N;E;S;S;S;S;S;S;;;;;BW20ZZZ;BR2CZZZ;BW201ZZ;B54DZZZ;3E1H78Z;4A02X4Z;0DJD8ZZ;06HM33Z;3E0436Z;30233N1;3E033NZ;3E03329;0T9B70Z;3E0337Z;3E013GC;3E033GC;;;;;;;;;;;;;1;
37621dbf4b8434b0;220054;0d8035068ed79194;80;1;2024-09-23 00:00:00;2024-10-01 00:00:00;1;;;K80.00;I72.4;Z86.711;Z86.718;Z90.49;G25.81;;;;;;;;;;;;;;;S;S;E;E;E;S;;;;;;;;;;;;;;;BW211ZZ;BW40ZZZ;B246ZZZ;3E03329;3E033NZ;3E0337Z;3E013GC;;;;;;;;;;;;;;;;;;;;;;1;
77d1a050382877c2;220054;04a23117e1b70f36;82;2;2024-09-27 00:00:00;2024-10-01 00:00:00;1;;;I82.412;I82.432;L03.116;G31.84;D32.0;I50.9;M79.7;D50.9;M15.9;M81.0;F32.A;Z90.710;E66.9;Z72.3;;;;;;;S;S;S;S;S;S;S;S;S;S;S;E;S;E;;;;;;;B54CZZZ;B020ZZZ;3E013GC;3E03329;3E033NZ;;;;;;;;;;;;;;;;;;;;;;;;1;
91dc800b66bb48f3;220054;373686baae213e71;84;1;2024-09-24 00:00:00;2024-10-01 00:00:00;1;;;N39.0;B96.20;Z16.12;I11.0;I50.9;N40.0;I48.0;E11.9;G47.33;F09;I35.8;I34.89;Z79.4;Z59.3;Z79.01;Z79.84;;;;;S;S;S;S;S;S;S;S;S;S;S;S;E;E;E;E;;;;;3E03329;3E033NZ;3E033GC;3E013GC;;;;;;;;;;;;;;;;;;;;;;;;;1;
9d691f29ddb6cef9;220054;19095992703438e7;72;1;2024-10-01 00:00:00;2024-10-02 00:00:00;1;2024-10-01 00:00:00;;K40.90;I10;N40.0;E79.0;F32.A;;;;;;;;;;;;;;;;S;S;S;S;S;;;;;;;;;;;;;;;;0YU80JZ;;;;;;;;;;;;;;;;;;;;;;;;;;;;2;
32b60b7215860416;220054;01984482e141f1a4;91;2;2024-09-25 00:00:00;2024-10-02 00:00:00;1;;;J98.8;J96.91;Z22.322;K59.00;F03.C0;I10;E11.9;E78.5;F32.A;Z98.2;G91.9;Z59.3;R32;R15.9;;;;;;;S;S;E;S;S;S;S;S;S;E;S;E;S;S;;;;;;;3E03329;3E033GC;3E1H78Z;3E0F7SF;3E0337Z;3E033NZ;3E0F7GC;3E013VG;;;;;;;;;;;;;;;;;;;;;1;
3caa5e83885d94a6;220054;4d57e2ee4460bff9;47;1;2024-09-26 00:00:00;2024-10-03 00:00:00;1;;;E05.90;D50.9;Z86.19;;;;;;;;;;;;;;;;;;S;S;E;;;;;;;;;;;;;;;;;;BG44ZZZ;3E033NZ;;;;;;;;;;;;;;;;;;;;;;;;;;;1;
bed86cc6863398ec;220054;7395d66695df98d4;31;1;2024-10-02 00:00:00;2024-10-03 00:00:00;1;2024-10-02 00:00:00;;K40.90;;;;;;;;;;;;;;;;;;;;S;;;;;;;;;;;;;;;;;;;;0YU64JZ;;;;;;;;;;;;;;;;;;;;;;;;;;;;2;
97081d457908a66f;220054;014f47e74c15acf0;84;1;2024-09-27 00:00:00;2024-10-03 00:00:00;1;;;U07.1;I50.33;I11.0;E11.22;N18.4;I48.91;D50.9;Z79.01;E78.5;Z85.038;Z90.49;I45.10;Z79.4;;;;;;;;S;S;S;S;S;S;S;E;S;E;E;S;E;;;;;;;;3E03329;3E033NZ;3E0F7GC;3E033GC;4A02X4Z;;;;;;;;;;;;;;;;;;;;;;;;1;
d80ada5f6f1e507a;220054;15c1bfc8c164e46e;53;1;2024-10-03 00:00:00;2024-10-04 00:00:00;1;2024-10-03 00:00:00;;K35.80;;;;;;;;;;;;;;;;;;;;S;;;;;;;;;;;;;;;;;;;;0DTJ4ZZ;;;;;;;;;;;;;;;;;;;;;;;;;;;;2;
154ffbc4eb82833a;220054;b5446404d2a977ad;59;2;2024-10-03 00:00:00;2024-10-04 00:00:00;1;2024-10-03 00:00:00;;N99.840;Y83.6;C50.212;F32.A;E03.9;I10;E78.1;E88.89;Z85.3;Z80.3;Z80.0;Z80.52;Z17.0;;;;;;;;S;S;S;S;S;S;S;S;E;E;E;E;E;;;;;;;;0HCU0ZZ;0W380ZZ;;;;;;;;;;;;;;;;;;;;;;;;;;;1;
868a832d704457c9;220054;8f787f874560bdd4;89;1;2024-09-27 00:00:00;2024-10-04 00:00:00;1;;;L89.153;B96.5;I11.0;I50.9;E43;M62.3;E11.9;I48.91;F03.90;R91.1;D29.1;H91.90;Z79.84;Z79.82;;;;;;;S;S;S;S;S;S;S;S;S;S;S;S;E;E;;;;;;;3E03329;3E033GC;3E0337Z;3E013VG;3E033NZ;;;;;;;;;;;;;;;;;;;;;;;;1;
8fa8e387ccc3aefe;220054;e7c7591c472eac49;41;2;2024-10-02 00:00:00;2024-10-06 00:00:00;1;2024-10-02 00:00:00;;O42.92;O33.9;O34.211;O99.12;D68.61;O99.284;E03.9;O26.893;O90.81;Z3A.39;Z37.0;Z67.41;Z88.2;Z79.01;;;;;;;S;S;S;S;S;S;S;S;N;E;E;E;E;E;;;;;;;10D00Z1;3E0234Z;4A1HXCZ;;;;;;;;;;;;;;;;;;;;;;;;;;1;
3c08237e39cd557e;220054;200b1e04b93a4db8;90;1;2024-09-22 00:00:00;2024-10-07 00:00:00;2;;;S12.120A;S12.190A;W10.8XXA;R33.9;F05;M62.59;I35.1;I35.0;I27.20;E55.9;I11.0;I50.32;F10.21;;;;;;;;S;S;S;S;S;S;S;S;S;S;S;S;S;;;;;;;;B020ZZZ;B246ZZZ;;;;;;;;;;;;;;;;;;;;;;;;;;;1;
0997028ef3285fba;220054;5bf7ea3e8e7a0472;86;1;2024-09-16 00:00:00;2024-10-07 00:00:00;1;;;J98.8;R78.81;B96.1;B96.20;R54;G30.9;F02.C0;I45.10;Z74.8;Z79.82;;;;;;;;;;;S;S;S;S;S;S;S;S;S;E;;;;;;;;;;;BW241ZZ;3E03329;3E0333Z;3E0F7GC;3E0F7SF;3E0337Z;3E033NZ;3E013GC;;;;;;;;;;;;;;;;;;;;;1;
efbbb68379cc4bd4;220054;996b448fb0bb9f8e;71;1;2024-09-25 00:00:00;2024-10-07 00:00:00;1;;;S06.2X0A;F05;W17.89XA;;;;;;;;;;;;;;;;;;S;S;S;;;;;;;;;;;;;;;;;;B020ZZZ;3E033NZ;3E013GC;3E0337Z;;;;;;;;;;;;;;;;;;;;;;;;;1;
da3673a8721a5e66;220054;181e61de56120de8;96;2;2024-10-04 00:00:00;2024-10-08 00:00:00;1;;;I11.0;I50.9;I25.9;E78.5;F03.90;M81.0;C50.912;Z79.811;;;;;;;;;;;;;S;S;S;S;S;S;S;E;;;;;;;;;;;;;3E033GC;3E0337Z;3E013GC;;;;;;;;;;;;;;;;;;;;;;;;;;1;
795262ae108c10ae;220054;1623298206767431;39;2;2024-10-05 00:00:00;2024-10-08 00:00:00;1;;;O99.214;Z68.30;O70.1;O69.2XX0;O92.5;Z67.41;Z3A.37;Z37.0;;;;;;;;;;;;;S;E;N;N;N;E;E;E;;;;;;;;;;;;;10E0XZZ;3E0R3BZ;0KQM0ZZ;4A1HXCZ;;;;;;;;;;;;;;;;;;;;;;;;;1;
eef7d53405746c8e;220054;b5f0af25ce6ef0dc;57;1;2024-10-02 00:00:00;2024-10-08 00:00:00;1;;;R09.1;R91.8;E11.9;I10;E78.5;Z21;F11.20;Z86.19;K86.89;Z87.891;Z85.51;Z90.6;Z90.5;Z93.6;Z79.84;Z79.899;;;;;S;S;S;S;S;S;S;E;S;E;E;E;E;E;E;E;;;;;BW241ZZ;3E033NZ;3E013GC;;;;;;;;;;;;;;;;;;;;;;;;;;1;
dbdd4d0bef254342;220054;a772d7918c003dfa;42;2;2024-10-05 00:00:00;2024-10-08 00:00:00;1;;;O99.824;O63.1;O90.81;Z67.11;O26.893;Z3A.38;Z37.0;;;;;;;;;;;;;;S;N;N;E;S;E;E;;;;;;;;;;;;;;10D07Z6;4A1HXCZ;0W8NXZZ;3E0R3BZ;3E0234Z;;;;;;;;;;;;;;;;;;;;;;;;1;
aa3f4620546fddec;220054;b9b81171cc98d17e;35;2;2024-10-08 00:00:00;2024-10-08 00:00:00;1;2024-10-08 00:00:00;;N87.1;B97.7;R87.810;;;;;;;;;;;;;;;;;;S;S;S;;;;;;;;;;;;;;;;;;0UBC7ZZ;;;;;;;;;;;;;;;;;;;;;;;;;;;;2;
6449d86436e5f9fa;220054;95b3e1aa62803006;70;2;2024-10-03 00:00:00;2024-10-09 00:00:00;1;2024-10-08 00:00:00;;S82.002A;W19.XXXA;I10;E78.5;F32.A;;;;;;;;;;;;;;;;S;S;S;S;S;;;;;;;;;;;;;;;;0QSF04Z;;;;;;;;;;;;;;;;;;;;;;;;;;;;1;
3b5e7411ddf13e5b;220054;7828b29dbafff22d;85;1;2024-10-09 00:00:00;2024-10-09 00:00:00;1;2024-10-09 00:00:00;;T84.033A;;;;;;;;;;;;;;;;;;;;S;;;;;;;;;;;;;;;;;;;;0S9D3ZZ;;;;;;;;;;;;;;;;;;;;;;;;;;;;2;
176b75e8ea21cc92;220054;28df79518236383f;31;1;2024-10-09 00:00:00;2024-10-10 00:00:00;1;2024-10-09 00:00:00;;L05.92;;;;;;;;;;;;;;;;;;;;S;;;;;;;;;;;;;;;;;;;;0JB90ZZ;;;;;;;;;;;;;;;;;;;;;;;;;;;;2;
908b432a7d36eb17;220054;2e38db6907c6342f;58;1;2024-10-07 00:00:00;2024-10-10 00:00:00;1;;;S22.42XA;S27.321A;V48.5XXA;E66.01;I42.0;J44.9;G47.33;I10;Z86.19;;;;;;;;;;;;S;S;S;S;S;S;S;S;E;;;;;;;;;;;;B020ZZZ;BR20ZZZ;BW241ZZ;3E033NZ;3E0F7SF;3E0337Z;3E0333Z;3E03329;3E013GC;;;;;;;;;;;;;;;;;;;;1;
a386a3a5fe7edbcc;220054;af0cf929ce9e3dc2;69;2;2024-10-09 00:00:00;2024-10-10 00:00:00;1;2024-10-09 00:00:00;;D05.11;I10;F32.A;;;;;;;;;;;;;;;;;;S;S;S;;;;;;;;;;;;;;;;;;0HBT0ZX;0HHT3YZ;;;;;;;;;;;;;;;;;;;;;;;;;;;2;
da0e17f22ad15b8f;220054;480f2df0c4291916;41;1;2024-10-08 00:00:00;2024-10-10 00:00:00;1;2024-10-09 00:00:00;;N20.1;L40.9;N40.0;;;;;;;;;;;;;;;;;;S;S;S;;;;;;;;;;;;;;;;;;0TC68ZZ;;;;;;;;;;;;;;;;;;;;;;;;;;;;2;
702d027a07c02170;220054;404e54717c749005;75;1;2024-09-30 00:00:00;2024-10-11 00:00:00;8;2024-10-01 00:00:00;;M17.12;L29.9;I12.0;N18.6;Z99.2;E78.5;R73.09;D47.2;Z90.5;;;;;;;;;;;;S;N;S;S;E;S;S;S;E;;;;;;;;;;;;0SRD0J9;30233N1;5A1D70Z;;;;;;;;;;;;;;;;;;;;;;;;;;2;
3b59d4a4c898b4f7;220054;88a62ba75f075793;65;2;2024-10-06 00:00:00;2024-10-11 00:00:00;1;;;U07.1;R76.8;F32.A;E78.5;;;;;;;;;;;;;;;;;S;S;S;S;;;;;;;;;;;;;;;;;XW033E5;3E0333Z;3E0337Z;3E033NZ;3E013GC;;;;;;;;;;;;;;;;;;;;;;;;1;
79713a6c013a205c;220054;f6a6b2438cbd3c81;79;1;2024-10-04 00:00:00;2024-10-11 00:00:00;1;;;K56.609;T17.918A;I11.0;I50.9;I51.7;I42.1;J96.11;F79;M41.9;E79.0;Z99.81;Z59.3;;;;;;;;;S;N;S;S;S;S;S;S;S;S;E;E;;;;;;;;;BW201ZZ;B020ZZZ;4A02X4Z;0D9670Z;3E0337Z;3E03329;3E0333Z;;;;;;;;;;;;;;;;;;;;;;1;
e2eb06f887b08179;220054;3413510efed38fcc;91;2;2024-10-07 00:00:00;2024-10-11 00:00:00;1;;;D53.9;I50.31;N17.9;N18.32;E79.0;E55.9;E21.1;I08.1;I27.20;I48.91;Z79.01;I87.2;H35.30;K80.20;E53.8;R73.9;;;;;S;S;S;S;S;S;S;S;S;S;E;S;S;S;S;S;;;;;BW40ZZZ;3E033GC;3E033NZ;3E033VJ;30233N1;B246ZZZ;;;;;;;;;;;;;;;;;;;;;;;1;
ead26c04c3e08f69;220054;ec2e0480a26a2606;90;1;2024-10-06 00:00:00;2024-10-12 00:00:00;4;;;I11.0;I50.1;N17.9;J96.90;E87.5;E87.0;J44.9;J84.9;E78.5;C64.2;F43.23;F03.90;Z86.73;;;;;;;;S;S;S;S;S;S;S;S;S;S;S;S;E;;;;;;;;3E033GC;3E033NZ;;;;;;;;;;;;;;;;;;;;;;;;;;;1;
4c88602008d73961;220054;7c22aad803b73770;30;2;2024-10-09 00:00:00;2024-10-12 00:00:00;1;;;O36.8230;O36.1930;O34.83;N90.812;O70.0;O90.81;Z3A.39;Z37.0;Z67.40;;;;;;;;;;;;S;S;S;S;N;N;E;E;E;;;;;;;;;;;;10E0XZZ;3E0R3BZ;0U7C7ZZ;10907ZC;0HQ9XZZ;4A1HXCZ;;;;;;;;;;;;;;;;;;;;;;;1;
f1515367496602e5;220054;5597d35a5aacc719;52;2;2024-10-10 00:00:00;2024-10-12 00:00:00;1;2024-10-10 00:00:00;;K81.1;Z91.041;;;;;;;;;;;;;;;;;;;S;E;;;;;;;;;;;;;;;;;;;0FT44ZZ;;;;;;;;;;;;;;;;;;;;;;;;;;;;2;
cc1ea3a4df19a4f5;220054;56552115bb4e3879;69;1;2024-10-01 00:00:00;2024-10-12 00:00:00;1;2024-10-02 00:00:00;;C64.1;G97.1;T81.31XA;Y83.6;Z91.09;;;;;;;;;;;;;;;;S;N;N;N;E;;;;;;;;;;;;;;;;0TT04ZZ;0WUF0JZ;;;;;;;;;;;;;;;;;;;;;;;;;;;2;
6b72a4abd9f1fefb;220054;3858dcda5c787958;54;2;2024-10-10 00:00:00;2024-10-12 00:00:00;1;2024-10-11 00:00:00;;C43.72;F79;;;;;;;;;;;;;;;;;;;S;S;;;;;;;;;;;;;;;;;;;0JBP0ZZ;07BJ0ZX;3E013KZ;;;;;;;;;;;;;;;;;;;;;;;;;;2;
252841befd97ca1a;220054;db8fd23f863cc84a;81;2;2024-09-26 00:00:00;2024-10-12 00:00:00;1;;;Z51.89;F05;R40.0;I25.2;I48.91;I42.9;I63.9;F01.50;Z22.322;M62.84;T46.0X5A;K59.00;Z95.5;N18.9;I08.1;I27.20;F43.20;Z85.038;I12.9;E11.22;E;S;S;E;N;S;N;S;E;S;S;S;E;S;S;S;S;E;S;S;4A12X4Z;4A133B1;8E0ZXY6;B020ZZZ;3E033GC;3E033RZ;3E013GC;;;;;;;;;;;;;;;;;;;;;;1;
4e559d4d5a1c9755;220054;72daa2382e9ac719;70;2;2024-10-07 00:00:00;2024-10-13 00:00:00;4;;;K92.0;G72.81;C78.4;C78.6;C79.51;C78.89;C79.2;C50.919;Z79.620;Z79.634;Z51.5;;;;;;;;;;S;S;S;S;S;S;S;S;E;E;E;;;;;;;;;;3E033NZ;3E0337Z;3E0333Z;3E033GC;;;;;;;;;;;;;;;;;;;;;;;;;1;
d96ff33d15f828c1;220054;a210cff4cc1e7244;55;2;2024-10-10 00:00:00;2024-10-13 00:00:00;1;2024-10-11 00:00:00;;N81.2;N87.0;R87.810;N72;E78.5;Z68.32;Z98.84;;;;;;;;;;;;;;S;S;S;S;S;E;E;;;;;;;;;;;;;;0UT97ZZ;0JQC0ZZ;;;;;;;;;;;;;;;;;;;;;;;;;;;2;
9539c75a2a95db3f;220054;4f818c39cdbbc0ab;40;2;2024-10-13 00:00:00;2024-10-14 00:00:00;1;2024-10-13 00:00:00;;O90.1;;;;;;;;;;;;;;;;;;;;S;;;;;;;;;;;;;;;;;;;;0HQ9XZZ;;;;;;;;;;;;;;;;;;;;;;;;;;;;1;
36fa07e4c2153272;220054;1f6da6b649e4c395;74;1;2024-10-14 00:00:00;2024-10-14 00:00:00;1;;;R82.89;Z85.51;Z53.09;I82.509;Z79.01;E11.9;G71.11;Z87.891;Z79.84;;;;;;;;;;;;S;E;S;S;E;S;S;E;E;;;;;;;;;;;;;;;;;;;;;;;;;;;;;;;;;;;;;;;;2;
b4796683dee1160e;220054;c699a7a105762c60;23;1;2024-10-12 00:00:00;2024-10-14 00:00:00;1;2024-10-12 00:00:00;;K35.80;;;;;;;;;;;;;;;;;;;;S;;;;;;;;;;;;;;;;;;;;0DTJ4ZZ;BW40ZZZ;;;;;;;;;;;;;;;;;;;;;;;;;;;1;
f4268904483008b7;220054;185b49d7f3685310;67;1;2024-10-09 00:00:00;2024-10-14 00:00:00;1;2024-10-10 00:00:00;;K62.89;K43.5;K40.90;K66.0;K91.71;Y83.8;I10;I48.92;E78.5;E66.9;F17.210;Z85.048;Z93.3;Z90.49;Z86.73;Z79.01;;;;;S;S;S;S;N;N;S;S;S;S;S;E;E;E;E;E;;;;;0DBP4ZX;0WUF4JZ;0DQP4ZZ;0DN84ZZ;;;;;;;;;;;;;;;;;;;;;;;;;2;
05e7660e3b0975ea;220054;b8206c7766c061b0;56;1;2024-10-09 00:00:00;2024-10-15 00:00:00;1;;;J20.9;R91.8;J96.01;F17.210;Z88.8;;;;;;;;;;;;;;;;S;S;S;S;E;;;;;;;;;;;;;;;;3E03329;3E0F7GC;3E0333Z;3E0F7SF;3E033NZ;;;;;;;;;;;;;;;;;;;;;;;;1;
f23046e25b26182b;220054;e999bf530fd8162e;78;2;2024-10-07 00:00:00;2024-10-15 00:00:00;1;;;J13;I48.91;I10;E78.5;Z85.72;Z92.21;Z91.041;;;;;;;;;;;;;;S;S;S;S;E;E;E;;;;;;;;;;;;;;BW24ZZZ;3E03329;3E0F7SF;3E0F7GC;4A02X4Z;3E0337Z;3E0333Z;3E013GC;;;;;;;;;;;;;;;;;;;;;1;
1ead2836eaa4c73c;220054;719743f9f4aa4811;77;2;2024-10-12 00:00:00;2024-10-15 00:00:00;2;;;I44.1;J22;I10;M35.00;D50.9;E79.0;Z86.16;;;;;;;;;;;;;;S;S;S;S;S;S;E;;;;;;;;;;;;;;B246ZZZ;4A12X4Z;4A13XB1;3E0F7GC;3E033NZ;3E03329;3E0333Z;3E013GC;;;;;;;;;;;;;;;;;;;;;1;
24e6e48bfc50ebad;220054;51a8fc51218358e4;86;2;2024-10-10 00:00:00;2024-10-16 00:00:00;1;;;N17.9;G25.3;G40.909;I12.0;N18.5;E78.5;J45.909;G25.81;G21.4;F03.90;F32.A;;;;;;;;;;S;S;S;S;S;S;S;S;S;S;S;;;;;;;;;;B020ZZZ;3E0337Z;3E03329;;;;;;;;;;;;;;;;;;;;;;;;;;1;
4ad8a4d58beda223;220054;547d91d912fde870;61;1;2024-10-12 00:00:00;2024-10-16 00:00:00;1;;;J18.9;E11.9;D47.2;;;;;;;;;;;;;;;;;;S;S;S;;;;;;;;;;;;;;;;;;4A02X4Z;3E03329;;;;;;;;;;;;;;;;;;;;;;;;;;;1;
b4e139bc7e0bc678;220054;bf32eaeaa9efb8dd;60;1;2024-10-06 00:00:00;2024-10-16 00:00:00;1;;;J44.1;J44.0;J20.9;B20;Z79.899;F43.23;T50.995A;T38.0X5A;R73.03;M79.7;N52.9;M47.814;R91.8;F17.210;F12.10;;;;;;S;S;S;S;E;S;N;N;S;S;S;S;S;S;S;;;;;;BW241ZZ;4A02X4Z;B246ZZZ;3E03329;3E0333Z;3E0F7GC;3E033NZ;;;;;;;;;;;;;;;;;;;;;;1;
9c43d50663026f3b;220054;53c50d21c19a60ee;60;2;2024-10-15 00:00:00;2024-10-17 00:00:00;1;2024-10-16 00:00:00;;N20.0;E03.8;E78.5;I87.2;F32.A;Z85.038;Z90.49;Z92.21;;;;;;;;;;;;;S;S;S;S;S;E;E;E;;;;;;;;;;;;;0TF38ZZ;0T9380Z;;;;;;;;;;;;;;;;;;;;;;;;;;;2;
a6bee4b27d4dac44;220054;d48abf4e3b3a648f;76;1;2024-10-14 00:00:00;2024-10-17 00:00:00;1;;;N13.6;K52.9;I67.3;F03.90;F20.0;E53.8;Z74.09;Z59.3;;;;;;;;;;;;;S;S;S;S;S;S;S;E;;;;;;;;;;;;;3E033NZ;3E033GC;3E0337Z;3E013GC;;;;;;;;;;;;;;;;;;;;;;;;;1;
2a215e23643dd3bd;220054;177e0f5cedd9faa2;30;2;2024-10-16 00:00:00;2024-10-17 00:00:00;1;;;K42.9;G89.18;E66.01;Z68.37;;;;;;;;;;;;;;;;;S;N;S;E;;;;;;;;;;;;;;;;;0WUF0JZ;;;;;;;;;;;;;;;;;;;;;;;;;;;;1;
b7347e5ff1158916;220054;ce441b9db0d2e59a;79;1;2024-10-11 00:00:00;2024-10-17 00:00:00;1;;;I13.0;I50.9;N18.9;K76.0;K83.1;I25.10;J44.9;E11.9;E78.5;I73.9;M10.9;Z79.4;Z79.01;Z95.4;Z87.891;;;;;;S;S;S;S;S;S;S;S;S;S;S;E;E;E;E;;;;;;3E033GC;B246ZZZ;4A02X4Z;3E013GC;;;;;;;;;;;;;;;;;;;;;;;;;1;
0769063f7c0728e5;220054;9eed37037b1eb1e8;83;1;2024-09-23 00:00:00;2024-10-17 00:00:00;1;2024-09-24 00:00:00;;R31.0;N32.89;E11.9;I42.9;I48.21;I73.9;K70.30;K76.6;K31.89;I85.01;K62.89;K55.21;K64.4;K64.8;E03.8;Q63.1;M10.9;R33.9;E83.51;Z79.01;S;S;S;S;S;S;S;S;S;N;S;N;S;S;S;E;S;N;N;E;0W3R8ZZ;0TCB8ZZ;06L38CZ;0DJD8ZZ;30233N1;3E033GC;3E013GC;0T9B70Z;3E1K78Z;3E0337Z;3E03329;3E033NZ;;;;;;;;;;;;;;;;;1;
644e19b7d3adbadf;220054;2d5456cd1a19a026;76;1;2024-10-08 00:00:00;2024-10-17 00:00:00;1;;;J44.0;J18.9;I50.31;G47.33;Z99.89;Z88.0;Z87.891;;;;;;;;;;;;;;S;S;S;S;E;E;E;;;;;;;;;;;;;;3E03329;3E0333Z;3E0F7SF;3E0F7GC;B246ZZZ;4A02X4Z;3E013VG;3E033GC;3E0337Z;3E033NZ;;;;;;;;;;;;;;;;;;;1;
6f70b84c7999af33;220054;09a752e9dcc2dd60;34;2;2024-10-15 00:00:00;2024-10-18 00:00:00;1;;;O42.92;O69.82X0;O70.1;O90.81;O92.5;Z3A.39;Z37.0;Z67.10;;;;;;;;;;;;;S;S;N;N;N;E;E;E;;;;;;;;;;;;;10E0XZZ;3E0R3BZ;4A1HXCZ;0KQM0ZZ;;;;;;;;;;;;;;;;;;;;;;;;;1;
7b8eb2000b5cd68f;220054;7ed409d2987786b6;64;2;2024-10-16 00:00:00;2024-10-18 00:00:00;1;2024-10-17 00:00:00;;M18.11;M81.0;E78.5;F17.210;;;;;;;;;;;;;;;;;S;S;S;S;;;;;;;;;;;;;;;;;0RRS0JZ;;;;;;;;;;;;;;;;;;;;;;;;;;;;2;
7e2fad04e7bdb90c;220054;be826b03aca03818;61;1;2024-10-08 00:00:00;2024-10-18 00:00:00;1;;;C43.52;C78.00;I10;E11.9;E78.5;Z86.19;Z79.622;;;;;;;;;;;;;;S;S;S;S;S;E;E;;;;;;;;;;;;;;B02010Z;4A02X4Z;;;;;;;;;;;;;;;;;;;;;;;;;;;1;
70d524c13204e37d;220054;323632fbfb377e58;0;1;2024-10-18 00:00:00;2024-10-19 00:00:00;1;;;J06.9;;;;;;;;;;;;;;;;;;;;S;;;;;;;;;;;;;;;;;;;;;;;;;;;;;;;;;;;;;;;;;;;;;;;;1;
15624d8caafd8726;220054;6bb85cb18627d5c9;80;1;2024-10-18 00:00:00;2024-10-20 00:00:00;1;2024-10-18 00:00:00;;K43.9;N40.0;;;;;;;;;;;;;;;;;;;S;S;;;;;;;;;;;;;;;;;;;0WUF4JZ;;;;;;;;;;;;;;;;;;;;;;;;;;;;2;
939eb67ccefcb908;220054;40618de39546f99f;50;1;2024-10-12 00:00:00;2024-10-20 00:00:00;1;2024-10-12 00:00:00;;K61.0;E11.9;E78.5;E79.0;H40.9;;;;;;;;;;;;;;;;S;S;S;S;S;;;;;;;;;;;;;;;;0J9B0ZZ;0JBB0ZZ;BW201ZZ;3E03329;;;;;;;;;;;;;;;;;;;;;;;;;1;
81bdefcaefb12668;220054;3087484f6f849a09;66;1;2024-10-19 00:00:00;2024-10-21 00:00:00;1;;;J43.2;J98.8;J96.90;F41.8;F17.210;Z88.8;;;;;;;;;;;;;;;S;S;S;S;S;E;;;;;;;;;;;;;;;4A02X4Z;3E0F7SF;3E03329;3E0F7GC;;;;;;;;;;;;;;;;;;;;;;;;;1;
b8a9d030ede0e075;220054;35ab3dcea9d4ab81;87;2;2024-10-11 00:00:00;2024-10-21 00:00:00;1;;;J96.20;J44.0;J20.9;E11.65;T38.0X5A;I50.9;E78.5;I35.8;E03.9;D50.9;K44.9;F32.A;G31.84;M17.11;M81.0;Z87.440;Z99.81;Z79.84;Z79.82;;S;S;S;S;S;S;S;S;S;S;S;S;S;S;S;E;E;E;E;;4A02X4Z;3E0F7GC;3E0F7SF;3E03329;;;;;;;;;;;;;;;;;;;;;;;;;1;
323deec558260208;220054;dfe8d03f8e646fd3;9;2;2024-10-22 00:00:00;2024-10-22 00:00:00;1;;;Z00.70;R62.52;Z68.52;;;;;;;;;;;;;;;;;;E;S;E;;;;;;;;;;;;;;;;;;;;;;;;;;;;;;;;;;;;;;;;;;;;;;1;
0d69393124d76b8a;220054;4ec0a7cca817ce5a;63;1;2024-10-21 00:00:00;2024-10-22 00:00:00;1;2024-10-21 00:00:00;;K64.3;;;;;;;;;;;;;;;;;;;;S;;;;;;;;;;;;;;;;;;;;06BY0ZC;;;;;;;;;;;;;;;;;;;;;;;;;;;;2;
771a584db26f3be5;220054;661f7a120db1eae8;33;2;2024-10-20 00:00:00;2024-10-22 00:00:00;1;;;O48.0;O63.1;Z67.40;Z3A.40;Z37.0;;;;;;;;;;;;;;;;S;N;E;E;E;;;;;;;;;;;;;;;;10D07Z6;0W8NXZZ;3E0R3BZ;4A1HXCZ;;;;;;;;;;;;;;;;;;;;;;;;;1;
ce1fe01165689af4;220054;e0b438ab6bba9a63;72;1;2024-10-16 00:00:00;2024-10-22 00:00:00;1;;;I48.91;I50.32;E11.10;J44.1;J84.112;E11.22;N18.4;K44.9;K31.819;B90.9;F10.10;F17.210;Z95.5;Z91.14;Z79.4;Z79.02;;;;;S;S;S;S;S;S;S;S;S;E;S;S;E;E;E;E;;;;;3E033GC;;;;;;;;;;;;;;;;;;;;;;;;;;;;1;
91b00b17515dde3f;220054;ac8f44eedd64716b;75;1;2024-10-19 00:00:00;2024-10-22 00:00:00;1;;;J98.8;J96.91;F05;I10;K21.9;K57.90;K64.9;K76.0;M35.00;G31.83;F02.80;Z86.73;;;;;;;;;S;S;S;S;S;S;S;S;S;S;S;E;;;;;;;;;4A02X4Z;3E0F7SF;;;;;;;;;;;;;;;;;;;;;;;;;;;1;
0ca7cf763a3a83ea;220054;6130f924bc4561cd;70;1;2024-10-08 00:00:00;2024-10-22 00:00:00;1;;;R19.7;C78.80;C34.12;C79.72;C79.51;N17.9;I10;J44.9;E78.5;I71.43;I25.82;I42.0;I25.5;I25.2;I73.9;K57.30;Z85.21;Z90.02;Z87.891;;S;S;S;S;S;S;S;S;S;S;S;S;S;E;S;S;E;E;E;;BW24ZZZ;4A02X4Z;3E0337Z;;;;;;;;;;;;;;;;;;;;;;;;;;1;
840fe9bcec2fdc18;220054;fe30004c30e0a20e;2;1;2024-10-23 00:00:00;2024-10-23 00:00:00;1;;;Z01.82;;;;;;;;;;;;;;;;;;;;E;;;;;;;;;;;;;;;;;;;;;;;;;;;;;;;;;;;;;;;;;;;;;;;;2;
213cee4c2e798d67;220054;ca78ce2241c6cc4b;37;1;2024-10-22 00:00:00;2024-10-23 00:00:00;1;2024-10-22 00:00:00;;K43.2;;;;;;;;;;;;;;;;;;;;S;;;;;;;;;;;;;;;;;;;;0WUF0JZ;;;;;;;;;;;;;;;;;;;;;;;;;;;;2;
4cb9218cfa666638;220054;565bdc3792e1e506;96;2;2024-10-16 00:00:00;2024-10-23 00:00:00;1;;;J18.9;I10;E11.9;Z85.3;Z90.11;Z59.3;;;;;;;;;;;;;;;S;S;S;E;E;E;;;;;;;;;;;;;;;4A02X4Z;3E03329;3E0F7SF;3E0F7GC;;;;;;;;;;;;;;;;;;;;;;;;;1;
1f25e99e3553c6da;220054;241cdddd1d172250;89;1;2024-10-14 00:00:00;2024-10-23 00:00:00;1;;;U07.1;J98.8;I11.0;I50.9;J96.01;E11.9;Z88.0;Z88.6;Z88.1;Z79.84;Z85.46;Z92.3;Z95.0;;;;;;;;S;S;S;S;S;S;E;E;E;E;E;E;E;;;;;;;;B246ZZZ;4A02X4Z;XW033E5;3E0333Z;3E03329;3E033GC;3E0F7GC;3E033NZ;3E0F7SF;;;;;;;;;;;;;;;;;;;;1;
4b590782bc4d2fa4;220054;e6ca304a850bc69d;24;2;2024-10-21 00:00:00;2024-10-24 00:00:00;1;;;O70.0;Z3A.39;Z67.40;Z37.0;;;;;;;;;;;;;;;;;N;E;E;E;;;;;;;;;;;;;;;;;10E0XZZ;0HQ9XZZ;3E0R3BZ;4A1HXCZ;;;;;;;;;;;;;;;;;;;;;;;;;1;
b9cca35d38378d6e;220054;e3e685dba5ebf029;90;2;2024-10-18 00:00:00;2024-10-24 00:00:00;1;;;I13.0;I50.33;N17.9;N18.9;J06.9;I25.9;I44.0;D64.9;I44.7;G31.84;I87.2;M88.821;Z85.3;Z90.12;Z66;Z79.82;Z59.3;;;;S;S;S;S;S;S;S;S;S;S;S;S;E;E;S;E;E;;;;3E033GC;3E0F7SF;0T9B70Z;4A02X4Z;BW40ZZZ;30233N1;0TPBX0Z;3E0F7GC;3E0333Z;3E0337Z;3E033NZ;3E013GC;;;;;;;;;;;;;;;;;1;
aa906095d30693cc;220054;17dcf17a1a506b18;72;2;2024-10-17 00:00:00;2024-10-24 00:00:00;1;;;J10.1;J18.9;J96.90;I10;E78.5;I87.2;C54.1;D63.0;Z79.69;;;;;;;;;;;;S;S;S;S;S;S;S;S;E;;;;;;;;;;;;3E03329;3E0F7GC;3E0333Z;3E0F7SF;;;;;;;;;;;;;;;;;;;;;;;;;1;
2b248c8b0b474b79;220054;01705c5e4ec98e3d;68;1;2024-10-22 00:00:00;2024-10-26 00:00:00;1;2024-10-23 00:00:00;;C61;I10;E78.1;I70.219;;;;;;;;;;;;;;;;;S;S;S;S;;;;;;;;;;;;;;;;;0VT04ZZ;07TC4ZZ;0VT34ZZ;;;;;;;;;;;;;;;;;;;;;;;;;;2;
73b9ef118f339bcc;220054;e30addd196a5bc56;52;2;2024-10-26 00:00:00;2024-10-29 00:00:00;1;;;J47.1;J98.11;M45.A0;L40.9;F17.210;;;;;;;;;;;;;;;;S;S;S;S;S;;;;;;;;;;;;;;;;BW24ZZZ;4A02X4Z;3E0F7SF;3E03329;3E0333Z;3E0F7GC;;;;;;;;;;;;;;;;;;;;;;;1;
5b882a53ee67f7eb;220054;dfe340af634f2fd3;87;2;2024-10-24 00:00:00;2024-10-29 00:00:00;1;;;K31.811;D62;I97.88;I95.89;Y65.8;I11.9;I51.7;I35.0;I48.21;E11.9;E78.5;E05.90;Z79.01;;;;;;;;S;S;N;N;N;S;S;S;S;S;S;S;E;;;;;;;;0W3P8ZZ;30233N1;;;;;;;;;;;;;;;;;;;;;;;;;;;1;
d1f3f179640731dd;220054;900618c8f0cb1c81;62;1;2024-10-27 00:00:00;2024-10-29 00:00:00;1;2024-10-28 00:00:00;;J38.3;F17.210;;;;;;;;;;;;;;;;;;;S;S;;;;;;;;;;;;;;;;;;;0CBV8ZZ;0CBV8ZX;;;;;;;;;;;;;;;;;;;;;;;;;;;2;
b74f8a873d7aab15;220054;8d6dddff2f248ec0;88;1;2024-10-25 00:00:00;2024-10-29 00:00:00;1;;;K57.32;I10;E66.9;Z86.73;Z85.46;Z92.3;;;;;;;;;;;;;;;S;S;S;E;E;E;;;;;;;;;;;;;;;BW20ZZZ;3E0337Z;3E033NZ;3E03329;3E013GC;;;;;;;;;;;;;;;;;;;;;;;;1;
0ffce39d1678f18f;220054;eb467c31092edfcd;78;2;2024-10-24 00:00:00;2024-10-29 00:00:00;1;2024-10-25 00:00:00;;K31.84;K66.0;Y83.8;I10;E66.9;I48.0;G20;Z79.01;;;;;;;;;;;;;S;S;S;S;S;S;S;E;;;;;;;;;;;;;0D770ZZ;;;;;;;;;;;;;;;;;;;;;;;;;;;;2;
f32e8e44ddaecc2f;220054;5dfa59a799d0b6b7;61;1;2024-10-21 00:00:00;2024-10-30 00:00:00;1;;;I11.0;I50.23;I51.7;I34.0;J98.11;J90;J43.9;K70.30;B18.2;K86.0;F10.21;F14.91;F11.91;Z87.891;I81;E46;D53.9;S42.291A;W19.XXXA;Y92.009;S;S;S;S;S;S;S;S;S;S;S;S;S;E;S;S;S;S;S;S;B246ZZZ;4A02X4Z;3E033GC;3E033NZ;3E0337Z;3E0F7GC;;;;;;;;;;;;;;;;;;;;;;;1;
0b4df784c6e92870;220054;2496a44c706ddc98;0;2;2024-10-28 00:00:00;2024-10-31 00:00:00;1;;;Z76.3;Z76.2;;;;;;;;;;;;;;;;;;;E;E;;;;;;;;;;;;;;;;;;;;;;;;;;;;;;;;;;;;;;;;;;;;;;;1;
e8ade35b2503a38e;220054;ece5d68e5f190490;35;2;2024-10-28 00:00:00;2024-10-31 00:00:00;1;;;O48.0;O99.284;E03.9;O70.0;O90.81;Z67.10;Z3A.41;Z37.0;;;;;;;;;;;;;S;S;S;N;N;E;E;E;;;;;;;;;;;;;10E0XZZ;0HQ9XZZ;4A1HXCZ;3E0R3BZ;;;;;;;;;;;;;;;;;;;;;;;;;1;
f83f9c180bee401d;220054;f2e3ee801b8b5d40;28;2;2024-10-28 00:00:00;2024-10-31 00:00:00;1;2024-10-29 00:00:00;;O34.219;O48.0;O99.284;E03.9;O90.81;Z3A.40;Z37.0;Z67.20;;;;;;;;;;;;;S;S;S;S;N;E;E;E;;;;;;;;;;;;;10D00Z1;4A1HXCZ;;;;;;;;;;;;;;;;;;;;;;;;;;;1;
c4759a99a5c7e498;220054;20973be2ac4202cc;36;2;2024-10-29 00:00:00;2024-11-01 00:00:00;1;;;O76;O70.1;O90.81;Z3A.39;Z67.20;Z37.0;;;;;;;;;;;;;;;N;N;N;E;E;E;;;;;;;;;;;;;;;10D07Z6;3E033VJ;10907ZC;3E0R3BZ;;;;;;;;;;;;;;;;;;;;;;;;;1;
3b3fdd99d1c5acfd;220054;63db658ccaf7825f;24;2;2024-10-30 00:00:00;2024-11-02 00:00:00;1;2024-10-31 00:00:00;;O30.043;O32.8XX1;O99.824;Z3A.37;Z37.2;Z67.40;;;;;;;;;;;;;;;S;S;S;E;E;E;;;;;;;;;;;;;;;10D00Z1;4A1HXCZ;;;;;;;;;;;;;;;;;;;;;;;;;;;1;
0532ddef00668d42;220054;e3306de671ef2976;42;2;2024-11-01 00:00:00;2024-11-03 00:00:00;1;;;O99.284;E03.9;O99.02;D50.9;O69.2XX0;O77.0;O99.844;O26.893;Z3A.40;Z37.0;Z67.41;;;;;;;;;;S;S;S;S;N;S;S;S;E;E;E;;;;;;;;;;10E0XZZ;0W8NXZZ;10907ZC;3E0234Z;4A1HXCZ;;;;;;;;;;;;;;;;;;;;;;;;1;
35c7eb527e3361a0;220054;ebb920c69039f54f;94;2;2024-10-31 00:00:00;2024-11-03 00:00:00;4;;;S06.5X0A;S06.6X0A;W19.XXXA;I25.2;Z79.02;I10;E78.5;J45.909;E89.0;T38.2X5S;;;;;;;;;;;S;S;S;E;E;S;S;S;S;E;;;;;;;;;;;3E033NZ;3E0337Z;B020ZZZ;;;;;;;;;;;;;;;;;;;;;;;;;;1;
f974992c6ec36ae2;220054;a50ec981f2550a06;70;2;2024-10-28 00:00:00;2024-11-04 00:00:00;1;;;A41.51;N39.0;B96.20;Z16.24;N17.9;R09.02;G93.40;D68.9;E11.65;T38.0X5A;Z79.84;F32.9;G21.19;T50.905A;Z85.3;Z92.21;Z92.3;K80.20;E55.9;;S;S;S;S;S;S;S;S;N;N;E;S;S;S;E;E;E;S;S;;B020ZZZ;BW201ZZ;4A02X4Z;3E03329;3E0333Z;3E0F7GC;3E0F7SF;3E013VG;;;;;;;;;;;;;;;;;;;;;1;
47da2c203ee628fe;220054;c0e9f03674950fea;57;1;2024-11-03 00:00:00;2024-11-05 00:00:00;1;2024-11-04 00:00:00;;N20.0;Z96.0;E78.5;E55.9;;;;;;;;;;;;;;;;;S;S;S;S;;;;;;;;;;;;;;;;;0TF48ZZ;0TP580Z;0T9480Z;;;;;;;;;;;;;;;;;;;;;;;;;;2;
3b4a184f33dc09f6;220054;505360fca364cf33;57;1;2024-10-31 00:00:00;2024-11-05 00:00:00;1;;;J44.1;F17.210;F12.90;F11.21;N04.9;I73.9;I25.2;Z95.5;;;;;;;;;;;;;S;S;S;S;S;S;E;E;;;;;;;;;;;;;3E0333Z;3E03329;3E0F7GC;;;;;;;;;;;;;;;;;;;;;;;;;;1;
8d689a2716342540;220054;eca56e60dbe3e35b;79;1;2024-10-28 00:00:00;2024-11-05 00:00:00;1;;;J18.9;I11.0;I50.9;J96.02;J96.01;I25.2;Z95.1;E78.5;E11.9;G30.9;F02.C0;G20;R32;R15.9;Z79.4;Z79.82;Z59.3;;;;S;S;S;S;S;E;E;S;S;S;S;S;S;S;E;E;E;;;;4A02X4Z;3E03329;3E0F7GC;3E0F7SF;3E0333Z;3E033GC;;;;;;;;;;;;;;;;;;;;;;;1;
a6cf385d00bddf3c;220054;6778cbc92f99766c;86;2;2024-11-04 00:00:00;2024-11-05 00:00:00;4;;;C54.1;D63.0;I50.9;I35.0;Z89.611;Z89.612;;;;;;;;;;;;;;;S;S;S;S;E;E;;;;;;;;;;;;;;;3E033GC;3E033NZ;3E0337Z;3E013GC;3E013VG;;;;;;;;;;;;;;;;;;;;;;;;1;
df3ef37755981fda;220054;5671b77621687ad6;44;1;2024-10-28 00:00:00;2024-11-06 00:00:00;4;2024-11-05 00:00:00;;D3A.8;A41.9;R65.21;K65.9;N17.9;D68.9;E87.21;E16.2;F17.210;F10.20;;;;;;;;;;;S;N;N;N;N;N;N;N;S;S;;;;;;;;;;;0DBB0ZZ;BW241ZZ;3E043XZ;3E0433Z;3E043NZ;5A1D90Z;3E04329;5A1945Z;0BH17EZ;4A12X4Z;4A133B1;4A13XR1;3E0437Z;3E033NZ;3E0337Z;3E033GC;3E03329;3E013GC;;;;;;;;;;;1;
0d03d3163c9fe353;220054;8563226001227e0b;88;2;2024-10-27 00:00:00;2024-11-06 00:00:00;5;2024-10-28 00:00:00;;S72.101A;W19.XXXA;D64.9;E53.8;E55.9;I10;E78.5;I35.0;K21.9;I87.2;M15.9;;;;;;;;;;S;S;N;S;S;S;S;S;S;S;S;;;;;;;;;;0QS636Z;3E033NZ;3E013GC;;;;;;;;;;;;;;;;;;;;;;;;;;1;
b270ee77a75af4e8;220054;2affbb66acffa99a;63;1;2024-11-05 00:00:00;2024-11-06 00:00:00;1;2024-11-05 00:00:00;;K40.90;E78.5;;;;;;;;;;;;;;;;;;;S;S;;;;;;;;;;;;;;;;;;;0YU60JZ;;;;;;;;;;;;;;;;;;;;;;;;;;;;2;
227e7832204dd917;220054;f1cdff9db22a7e0b;82;2;2024-10-31 00:00:00;2024-11-07 00:00:00;1;;;G50.0;G30.9;F02.B0;F32.A;I10;Z90.710;Z90.722;Z90.49;;;;;;;;;;;;;S;S;S;S;S;E;E;E;;;;;;;;;;;;;3E033NZ;3E0337Z;;;;;;;;;;;;;;;;;;;;;;;;;;;1;
7203e1ad687f09e4;220054;c97a558a6f2991ed;75;1;2024-11-04 00:00:00;2024-11-07 00:00:00;1;;;I63.81;G46.5;G46.6;G81.94;R47.1;I48.0;R29.705;I10;E78.5;E66.9;;;;;;;;;;;S;S;S;S;S;S;S;S;S;S;;;;;;;;;;;B020ZZZ;B328ZZZ;B246ZZZ;4A02X4Z;4A12X4Z;;;;;;;;;;;;;;;;;;;;;;;;1;
d87ea7aa15bb36f3;220054;a5c359e1cbc2b432;67;1;2024-11-06 00:00:00;2024-11-07 00:00:00;1;2024-11-06 00:00:00;;K40.91;;;;;;;;;;;;;;;;;;;;S;;;;;;;;;;;;;;;;;;;;0YU54JZ;;;;;;;;;;;;;;;;;;;;;;;;;;;;2;
aa305b8fdd589534;220054;5fd3e238b139ed4f;86;2;2024-10-29 00:00:00;2024-11-07 00:00:00;1;;;K80.51;R93.2;I11.9;I45.10;R73.01;I69.998;H54.61;M81.0;R32;I87.2;Z90.710;;;;;;;;;;S;S;S;S;S;E;S;S;S;S;E;;;;;;;;;;BW21ZZZ;BW40ZZZ;3E0337Z;;;;;;;;;;;;;;;;;;;;;;;;;;1;
accd959b6e6fdf75;220054;be9f464f58bae7ca;38;2;2024-11-05 00:00:00;2024-11-07 00:00:00;1;;;O48.0;O33.5XX0;O77.0;O70.0;O90.81;Z3A.40;Z37.0;Z67.41;;;;;;;;;;;;;S;S;N;N;N;E;E;E;;;;;;;;;;;;;10E0XZZ;3E0R3BZ;0HQ9XZZ;4A1HXCZ;;;;;;;;;;;;;;;;;;;;;;;;;1;
0236359e653d4f53;220054;fe090a98215abea4;24;2;2024-11-07 00:00:00;2024-11-07 00:00:00;1;2024-11-07 00:00:00;;Z30.2;Z30.46;;;;;;;;;;;;;;;;;;;E;E;;;;;;;;;;;;;;;;;;;0UT74ZZ;0JHF3HZ;;;;;;;;;;;;;;;;;;;;;;;;;;;2;
9b49d65dcf7e8b8d;220054;12f951d06fd6923c;88;1;2024-11-06 00:00:00;2024-11-08 00:00:00;1;;;I82.411;I82.811;I11.9;D50.9;I71.40;K57.30;G31.84;N40.0;I87.2;Z86.718;Z86.711;;;;;;;;;;S;S;S;S;S;S;S;S;S;E;E;;;;;;;;;;B54BZZZ;4A02X4Z;3E013GC;;;;;;;;;;;;;;;;;;;;;;;;;;1;
6085532d1d9c2b50;220054;ec3c02965e8c2a17;80;1;2024-10-31 00:00:00;2024-11-08 00:00:00;1;;;J44.0;J13;I50.9;J96.91;N17.9;I12.9;E11.22;N18.4;E87.20;E53.8;I71.40;I87.2;Z95.820;Z86.711;Z79.01;Z79.82;Z87.891;;;;S;S;S;S;S;S;S;S;S;S;S;S;E;E;E;E;E;;;;3E03329;3E0F7SF;3E0F7GC;3E033GC;3E0337Z;3E0333Z;;;;;;;;;;;;;;;;;;;;;;;1;
d2712ec383094884;220054;90f2106be074cd85;40;2;2024-10-28 00:00:00;2024-11-08 00:00:00;1;;;K57.33;K62.89;;;;;;;;;;;;;;;;;;;S;S;;;;;;;;;;;;;;;;;;;0DBP8ZX;BW20ZZZ;3E03329;;;;;;;;;;;;;;;;;;;;;;;;;;1;
9a6f2cdeeddb93d6;220054;e51c6f262893c12a;46;1;2024-11-01 00:00:00;2024-11-09 00:00:00;4;;;M84.58XA;C34.12;C77.0;C77.1;C79.31;C78.7;C79.01;C79.02;C79.51;G89.3;I10;E78.5;Z74.8;Z99.81;Z79.52;;;;;;S;S;S;S;S;S;S;S;S;S;S;S;S;E;E;;;;;;2W35X3Z;BR29ZZZ;3E033NZ;3E033GC;3E0F7GC;3E013GC;3E0337Z;;;;;;;;;;;;;;;;;;;;;;1;
8f8f6aa7aa2462e1;220054;7916e3123d0fe0fc;66;1;2024-10-27 00:00:00;2024-11-09 00:00:00;1;2024-10-28 00:00:00;;C61;I10;M19.90;K59.81;R33.9;R31.9;;;;;;;;;;;;;;;S;S;S;N;N;N;;;;;;;;;;;;;;;0VT04ZZ;0VT34ZZ;30233N1;0T2BX0Z;3E1K78Z;3E0337Z;3E0336Z;3E1H78Z;0D9P70Z;3E0DXGC;;;;;;;;;;;;;;;;;;;2;
3db2156741d2e08a;220054;a9aaf743b5eb93da;77;1;2024-11-10 00:00:00;2024-11-10 00:00:00;1;;;N40.1;R33.8;Z53.09;Z79.01;I10;E78.5;E11.9;R91.1;E89.0;Z96.0;Z85.850;Z95.1;Z95.2;;;;;;;;S;S;S;E;S;S;S;S;S;S;E;E;E;;;;;;;;;;;;;;;;;;;;;;;;;;;;;;;;;;;;2;
ea807a749d8a4bed;220054;29f06fe9757f56da;37;2;2024-11-09 00:00:00;2024-11-11 00:00:00;1;;;O90.81;Z67.10;Z3A.38;Z37.0;;;;;;;;;;;;;;;;;N;E;E;E;;;;;;;;;;;;;;;;;10E0XZZ;4A1HXCZ;3E033GC;;;;;;;;;;;;;;;;;;;;;;;;;;1;
6f1d9dae9c9cd414;220054;f5cd7cb58eb897fa;80;2;2024-11-02 00:00:00;2024-11-11 00:00:00;1;2024-11-05 00:00:00;;S72.401A;M97.11XA;W18.2XXA;T81.590A;Y79.3;D50.0;M62.3;I10;E78.5;K44.9;I49.49;G47.00;M81.0;;;;;;;;S;S;S;N;N;N;N;S;S;S;S;S;S;;;;;;;;0QSB04Z;0QUB07Z;3E033NZ;3E013GC;30233N1;;;;;;;;;;;;;;;;;;;;;;;;1;
887f961d36e76e0f;220054;49cf48b006e4137c;54;2;2024-11-07 00:00:00;2024-11-12 00:00:00;1;2024-11-08 00:00:00;;D25.9;N39.0;M06.9;Z88.0;;;;;;;;;;;;;;;;;S;N;S;E;;;;;;;;;;;;;;;;;0UT90ZZ;0UT70ZZ;3E03329;;;;;;;;;;;;;;;;;;;;;;;;;;2;
405e33392d095fd4;220054;500927a214bccb97;78;2;2024-11-06 00:00:00;2024-11-12 00:00:00;1;;;R50.9;R34;L89.159;B95.4;G82.20;N31.9;R15.9;S24.112S;W17.89XS;I10;E66.3;M15.9;N83.9;;;;;;;;S;S;S;S;S;S;S;E;E;S;S;S;S;;;;;;;;3E03329;3E0337Z;3E033NZ;3E013GC;3E033GC;;;;;;;;;;;;;;;;;;;;;;;;1;
71431b380cc7f7ab;220054;a2ba2c34178d01f0;73;2;2024-11-03 00:00:00;2024-11-12 00:00:00;1;;;J18.9;I48.91;I27.20;I07.1;J96.21;I11.0;I50.31;I27.81;E04.2;C88.0;M81.0;Z88.0;;;;;;;;;S;S;S;S;S;S;S;S;S;S;S;E;;;;;;;;;4A02X4Z;B246ZZZ;3E033GC;3E03329;3E0F7SF;3E013GC;;;;;;;;;;;;;;;;;;;;;;;1;
2e2ceec0bf608fcd;220054;18eaeee78e9ba5c3;77;1;2024-10-11 00:00:00;2024-11-12 00:00:00;2;;;T82.03XA;T82.6XXA;I33.0;R78.81;B96.1;Z16.12;B96.89;I08.1;I50.9;I48.21;I27.20;I51.7;N18.9;Z79.01;;;;;;;S;S;S;S;S;S;S;S;S;S;S;S;S;E;;;;;;;B246ZZZ;B246ZZ4;B3201ZZ;4A02X4Z;3E033GC;3E0337Z;3E03329;3E033NZ;;;;;;;;;;;;;;;;;;;;;1;
1b7901ee546f3e5f;220054;98d5cf4e272a1059;46;2;2024-11-11 00:00:00;2024-11-13 00:00:00;1;2024-11-12 00:00:00;;D35.1;E21.0;M79.7;;;;;;;;;;;;;;;;;;S;S;S;;;;;;;;;;;;;;;;;;0GTN0ZZ;;;;;;;;;;;;;;;;;;;;;;;;;;;;2;
72ed100d60cb56b8;220054;d1d37c1e625b3960;70;1;2024-11-05 00:00:00;2024-11-14 00:00:00;1;;;A41.51;N41.0;B96.20;L02.31;E11.65;R33.9;E11.22;N18.2;I49.49;I69.393;R32;Z79.82;;;;;;;;;S;S;S;S;S;S;S;S;S;E;S;E;;;;;;;;;3E0333Z;3E03329;;;;;;;;;;;;;;;;;;;;;;;;;;;1;
80ef74d3df20afcd;220054;eab88589dec7b7af;78;1;2024-10-16 00:00:00;2024-11-14 00:00:00;1;2024-10-17 00:00:00;;C18.7;K91.89;T81.32XA;T81.43XA;K65.8;T81.44XA;T81.12XA;J96.00;N17.9;D68.9;Y83.6;R31.9;F05;D64.9;I51.81;E11.9;E66.9;E78.5;M79.602;K62.7;S;N;N;N;N;N;N;N;N;N;N;N;N;N;N;S;S;S;S;S;0DTN4ZZ;0DBM4ZZ;0D1M4Z4;3E1M48Z;3E1M48X;BW20ZZZ;3E04329;3E0437Z;3E043XZ;3E043GC;3E0F7SF;B246ZZZ;B54DZZZ;4A12X4Z;0T9B70Z;0TPBX0Z;3E1K78Z;3E043NZ;3E0436Z;4A133B1;;;;;;;;;2;
628d660bbafb6a54;220054;8f99178d9ee18f0f;57;1;2024-11-06 00:00:00;2024-11-15 00:00:00;2;;;T87.81;T87.42;L03.116;B95.2;B96.89;Z16.11;E11.51;J43.9;E66.9;K70.30;Z79.4;Z89.421;;;;;;;;;S;S;S;S;S;S;S;S;S;S;E;E;;;;;;;;;3E03329;3E03328;BW40ZZZ;4A02X4Z;3E033NZ;;;;;;;;;;;;;;;;;;;;;;;;1;
e495e0d8002640af;220054;bd6e76c7da83ba2d;52;1;2024-11-11 00:00:00;2024-11-15 00:00:00;1;;;T87.44;L03.116;E11.51;E11.21;E11.610;I10;E11.42;E66.9;E78.5;F17.210;Z79.4;;;;;;;;;;S;S;S;S;S;S;S;S;S;S;E;;;;;;;;;;0Y9J3ZZ;0YBJ3ZZ;3E03329;3E03328;;;;;;;;;;;;;;;;;;;;;;;;;1;
95d7e0446a2ed68f;220054;c99ce8c38bf2ba9e;1;1;2024-11-15 00:00:00;2024-11-15 00:00:00;1;;;J00;B97.10;;;;;;;;;;;;;;;;;;;S;S;;;;;;;;;;;;;;;;;;;;;;;;;;;;;;;;;;;;;;;;;;;;;;;1;
8e3b44b6b4cbb4c6;220054;c98c4c80cdcb58fd;60;2;2024-11-15 00:00:00;2024-11-16 00:00:00;1;2024-11-15 00:00:00;;D09.0;F31.9;Z91.51;;;;;;;;;;;;;;;;;;S;S;E;;;;;;;;;;;;;;;;;;0TBB8ZZ;;;;;;;;;;;;;;;;;;;;;;;;;;;;2;
8cf4ab7ade118304;220054;777479011ff7c1e1;67;1;2024-11-12 00:00:00;2024-11-17 00:00:00;4;;;C67.8;C77.2;R31.9;I10;E78.5;;;;;;;;;;;;;;;;S;S;S;S;S;;;;;;;;;;;;;;;;3E0337Z;3E033NZ;;;;;;;;;;;;;;;;;;;;;;;;;;;1;
0d8afc22463af269;220054;d1c39f764b9c6eda;0;2;2024-11-19 00:00:00;2024-11-19 00:00:00;2;;;P84;R25.8;;;;;;;;;;;;;;;;;;;S;S;;;;;;;;;;;;;;;;;;;5A09457;;;;;;;;;;;;;;;;;;;;;;;;;;;;1;
2b083aee77661e61;220054;8c3b2a9469c5c5a3;35;1;2024-11-14 00:00:00;2024-11-19 00:00:00;1;;;A15.0;F17.210;;;;;;;;;;;;;;;;;;;S;S;;;;;;;;;;;;;;;;;;;BW241ZZ;3E0F7GC;3E013GC;3E033NZ;;;;;;;;;;;;;;;;;;;;;;;;;1;
b0cf1ae163c34015;220054;50e473d6fd4102d2;79;1;2024-11-15 00:00:00;2024-11-19 00:00:00;1;2024-11-15 00:00:00;;N40.1;N35.912;D50.0;I10;E11.21;E11.319;E66.9;G20;F41.8;Z86.711;;;;;;;;;;;S;S;N;S;S;S;S;S;S;E;;;;;;;;;;;0VB00ZZ;30233N1;;;;;;;;;;;;;;;;;;;;;;;;;;;2;
f4dc198f7825cd58;220054;23ac5568271d3220;2;1;2024-11-19 00:00:00;2024-11-19 00:00:00;1;;;R56.00;G40.909;;;;;;;;;;;;;;;;;;;S;S;;;;;;;;;;;;;;;;;;;4A0ZXKZ;3E0F7SF;;;;;;;;;;;;;;;;;;;;;;;;;;;1;
6f6d3a292ea1b705;220054;5c6d4c4362fda55b;37;2;2024-11-20 00:00:00;2024-11-20 00:00:00;1;2024-11-20 00:00:00;;O02.1;;;;;;;;;;;;;;;;;;;;S;;;;;;;;;;;;;;;;;;;;10D17ZZ;BY49ZZZ;;;;;;;;;;;;;;;;;;;;;;;;;;;1;
3d22d74cb109ae42;220054;a5812c1f27dad6ce;66;1;2024-11-18 00:00:00;2024-11-20 00:00:00;1;2024-11-19 00:00:00;;M65.831;;;;;;;;;;;;;;;;;;;;S;;;;;;;;;;;;;;;;;;;;0RBL4ZZ;;;;;;;;;;;;;;;;;;;;;;;;;;;;2;
bb6d4ffac40de0b9;220054;165c01749315d93f;21;2;2024-11-20 00:00:00;2024-11-20 00:00:00;3;2024-11-20 00:00:00;;M20.11;M20.5X1;;;;;;;;;;;;;;;;;;;S;S;;;;;;;;;;;;;;;;;;;0QSN0ZZ;0QSN04Z;;;;;;;;;;;;;;;;;;;;;;;;;;;2;
0cbf7d2439aac408;220054;cda425e9f97187bf;33;2;2024-11-20 00:00:00;2024-11-21 00:00:00;1;2024-11-20 00:00:00;;K43.2;;;;;;;;;;;;;;;;;;;;S;;;;;;;;;;;;;;;;;;;;0WUF0JZ;;;;;;;;;;;;;;;;;;;;;;;;;;;;2;
827c3819e004afb7;220054;95a675eeb193db32;47;2;2024-11-18 00:00:00;2024-11-21 00:00:00;1;2024-11-18 00:00:00;;N20.1;G43.909;G47.00;F32.A;;;;;;;;;;;;;;;;;S;S;S;S;;;;;;;;;;;;;;;;;0T9480Z;3E03329;3E033NZ;;;;;;;;;;;;;;;;;;;;;;;;;;1;
ac6b6754c23fb968;220054;5e45a4c67c1b2b30;31;2;2024-11-21 00:00:00;2024-11-21 00:00:00;1;;;O02.1;;;;;;;;;;;;;;;;;;;;S;;;;;;;;;;;;;;;;;;;;10D17ZZ;BY49ZZZ;3E0234Z;;;;;;;;;;;;;;;;;;;;;;;;;;1;
4cd837c151f49f19;220054;1fabd6548b5c686c;39;2;2024-11-21 00:00:00;2024-11-21 00:00:00;1;2024-11-21 00:00:00;;O02.1;Z88.0;;;;;;;;;;;;;;;;;;;S;E;;;;;;;;;;;;;;;;;;;10D17ZZ;;;;;;;;;;;;;;;;;;;;;;;;;;;;1;
e1d550d34ca8ef9b;220054;0347a40441eb065b;39;1;2024-11-22 00:00:00;2024-11-22 00:00:00;1;2024-11-22 00:00:00;;Z30.2;;;;;;;;;;;;;;;;;;;;E;;;;;;;;;;;;;;;;;;;;0VBQ0ZZ;;;;;;;;;;;;;;;;;;;;;;;;;;;;2;
dbdea0a330a4852c;220054;c3b25cbfb955ae52;0;1;2024-11-20 00:00:00;2024-11-22 00:00:00;1;;;P59.9;P13.3;Q38.1;;;;;;;;;;;;;;;;;;S;S;E;;;;;;;;;;;;;;;;;;6A600ZZ;2W39XYZ;0CN7XZZ;;;;;;;;;;;;;;;;;;;;;;;;;;1;
331c37fd7e811188;220054;caa70285cd5c19ea;50;2;2024-11-21 00:00:00;2024-11-23 00:00:00;1;2024-11-22 00:00:00;;M18.9;;;;;;;;;;;;;;;;;;;;S;;;;;;;;;;;;;;;;;;;;0PTN0ZZ;0LX60ZZ;;;;;;;;;;;;;;;;;;;;;;;;;;;2;
dad21b36e5bea238;220054;cc0934aa8f0156ed;29;2;2024-11-25 00:00:00;2024-11-25 00:00:00;1;;;O47.1;O48.0;Z3A.40;;;;;;;;;;;;;;;;;;S;S;E;;;;;;;;;;;;;;;;;;4A1HXCZ;0UJD7ZZ;;;;;;;;;;;;;;;;;;;;;;;;;;;1;
0a409a267678d21f;220054;839df39ccd1f8bcd;47;2;2024-11-20 00:00:00;2024-11-25 00:00:00;1;2024-11-21 00:00:00;;C18.2;C77.2;I10;E66.9;F32.A;Q43.3;;;;;;;;;;;;;;;S;S;S;S;S;E;;;;;;;;;;;;;;;0DTF4ZZ;;;;;;;;;;;;;;;;;;;;;;;;;;;;2;
3efbf7e49f5021d7;220054;6d2756138c2e2ffb;58;1;2024-11-24 00:00:00;2024-11-25 00:00:00;1;;;R07.89;I25.10;I11.9;I51.7;E78.5;E11.9;J44.9;I35.8;F17.210;Z95.5;Z88.6;Z86.16;Z79.84;;;;;;;;S;S;S;S;S;S;S;S;S;E;E;E;E;;;;;;;;B246ZZZ;4A02X4Z;3E033GC;;;;;;;;;;;;;;;;;;;;;;;;;;1;
6515a6ab5d446954;220054;c65c7e0646091fc7;33;2;2024-11-22 00:00:00;2024-11-25 00:00:00;1;;;O48.0;O69.2XX0;O36.93X0;O70.0;O90.81;Z3A.40;Z67.40;Z37.0;;;;;;;;;;;;;S;S;N;N;N;E;E;E;;;;;;;;;;;;;10D07Z6;0UQGXZZ;3E0R3BZ;10907ZC;4A1HXCZ;;;;;;;;;;;;;;;;;;;;;;;;1;
2b06005dbf2e4236;220054;f463744c82b8cf77;75;1;2024-11-24 00:00:00;2024-11-25 00:00:00;1;2024-11-25 00:00:00;;J38.3;Z87.891;;;;;;;;;;;;;;;;;;;S;E;;;;;;;;;;;;;;;;;;;0CBT8ZX;;;;;;;;;;;;;;;;;;;;;;;;;;;;2;
701a946ff205bc93;220054;9d6d446a9c3223d6;87;2;2024-11-19 00:00:00;2024-11-26 00:00:00;1;;;J18.9;J96.00;I10;G31.84;Z59.3;Z90.49;;;;;;;;;;;;;;;S;S;S;S;E;E;;;;;;;;;;;;;;;3E03329;3E0F7GC;3E0333Z;3E013GC;3E033GC;3E033NZ;3E0F7SF;;;;;;;;;;;;;;;;;;;;;;1;
b1fd4da6c3e37cdc;220054;08975c2379c133b1;65;2;2024-11-22 00:00:00;2024-11-26 00:00:00;1;;;R63.4;K63.5;M79.7;F17.210;Z85.43;Z90.710;Z90.722;;;;;;;;;;;;;;S;S;S;S;E;E;E;;;;;;;;;;;;;;0DBE8ZZ;;;;;;;;;;;;;;;;;;;;;;;;;;;;2;
ebd9f39dbd5fffda;220054;8e93ecf54c14c3bd;90;2;2024-11-19 00:00:00;2024-11-26 00:00:00;1;;;K83.8;K80.50;K59.00;I10;E78.5;I25.9;C91.Z0;M51.17;M15.9;M81.0;I44.7;F41.9;Z88.1;Z79.82;;;;;;;S;S;S;S;S;S;S;S;S;S;S;S;E;E;;;;;;;BW20ZZZ;BW241ZZ;4A02X4Z;3E033NZ;3E0337Z;3E1H78Z;;;;;;;;;;;;;;;;;;;;;;;1;
5dd2c686fdf88a9a;220054;7644ae2d9d75decd;91;1;2024-11-17 00:00:00;2024-11-26 00:00:00;1;;;J44.1;B37.0;I10;E78.5;D50.9;E55.9;Z86.008;;;;;;;;;;;;;;S;S;S;S;S;S;E;;;;;;;;;;;;;;3E0333Z;3E0F7GC;3E03329;3E033NZ;3E0F7SF;3E033GC;;;;;;;;;;;;;;;;;;;;;;;1;
29c7104407fabb8e;220054;cc56fdaf293b12e1;76;1;2024-11-21 00:00:00;2024-11-26 00:00:00;1;;;D01.2;E78.5;;;;;;;;;;;;;;;;;;;S;S;;;;;;;;;;;;;;;;;;;0DBP8ZX;BW201ZZ;;;;;;;;;;;;;;;;;;;;;;;;;;;1;
ac4d29d9d6679a21;220054;0765824bf4288118;54;1;2024-11-26 00:00:00;2024-11-27 00:00:00;1;2024-11-26 00:00:00;;N20.0;E78.5;G47.33;;;;;;;;;;;;;;;;;;S;S;S;;;;;;;;;;;;;;;;;;0TF48ZZ;0T9480Z;;;;;;;;;;;;;;;;;;;;;;;;;;;2;
15263733ef646487;220054;4cacdea958eec737;59;2;2024-11-25 00:00:00;2024-11-27 00:00:00;1;2024-11-26 00:00:00;;N20.0;M79.7;M81.0;D56.9;Z88.6;Z88.8;;;;;;;;;;;;;;;S;S;S;S;E;E;;;;;;;;;;;;;;;0T9380Z;;;;;;;;;;;;;;;;;;;;;;;;;;;;2;
3e094902d1557f28;220054;f948fca9e05bb8e2;77;1;2024-11-05 00:00:00;2024-11-27 00:00:00;1;;;S06.5XAA;S22.43XA;S00.03XA;V48.5XXA;J18.9;Y95;J94.2;R40.4;T43.505A;T82.838A;D53.9;E53.8;I10;E11.3299;N40.1;N39.498;E79.0;I77.810;F10.20;F09;S;S;S;S;N;N;N;N;N;N;S;S;S;S;S;S;S;S;S;S;B020ZZZ;BR20ZZZ;BW24ZZZ;4A02X4Z;30233N1;3E033GC;0W993ZZ;3E03329;3E03328;3E0F7SF;3E033NZ;3E0337Z;3E0F7GC;3E0333Z;3E013GC;F01ZCZZ;F01ZDZZ;3E013VG;;;;;;;;;;;1;
12097f968fdf1dae;220054;27873c18828345b2;73;2;2024-11-24 00:00:00;2024-11-27 00:00:00;1;2024-11-25 00:00:00;;K81.1;I10;E78.5;F41.9;J44.9;I25.2;Z95.5;Z80.0;;;;;;;;;;;;;S;S;S;S;S;E;E;E;;;;;;;;;;;;;0FT44ZZ;;;;;;;;;;;;;;;;;;;;;;;;;;;;2;
05dd01fe2131aa63;220054;308ba19d18fcc719;3;1;2024-11-28 00:00:00;2024-11-28 00:00:00;1;;;Z01.82;;;;;;;;;;;;;;;;;;;;E;;;;;;;;;;;;;;;;;;;;;;;;;;;;;;;;;;;;;;;;;;;;;;;;2;
55beff8af49180c0;220054;bce157f013270dae;5;1;2024-11-22 00:00:00;2024-11-28 00:00:00;1;;;J15.7;J12.0;Z87.74;Z79.01;;;;;;;;;;;;;;;;;S;S;E;E;;;;;;;;;;;;;;;;;3E03329;3E0F7SF;;;;;;;;;;;;;;;;;;;;;;;;;;;1;
33a25f1cc8045989;220054;5c020cec2eae5518;74;1;2024-11-18 00:00:00;2024-11-28 00:00:00;1;;;J98.8;K12.32;T45.1X5A;J96.01;J96.02;I50.9;K59.00;R41.0;T39.2X5A;C34.82;C78.2;J91.0;C79.51;N40.0;Z51.5;Z79.52;Z79.891;Z87.891;;;S;S;S;S;S;S;S;S;S;S;S;S;S;S;E;E;E;E;;;B020ZZZ;3E0F7SF;3E0F7GC;3E0333Z;3E033GC;3E03329;;;;;;;;;;;;;;;;;;;;;;;1;
7706cb3912a63087;220054;83652e19da1898f6;38;2;2024-11-25 00:00:00;2024-11-28 00:00:00;1;;;O14.14;O26.833;N17.9;O63.1;O24.424;O99.284;E03.9;O70.1;O90.81;Z3A.37;Z37.0;Z67.20;;;;;;;;;S;S;S;N;S;S;S;N;N;E;E;E;;;;;;;;;10D07Z6;3E0R3BZ;10907ZC;0KQM0ZZ;4A1HXCZ;;;;;;;;;;;;;;;;;;;;;;;;1;
b87f8c2173b2a865;220054;06456738a6be7923;53;1;2024-11-23 00:00:00;2024-11-29 00:00:00;4;;;L89.154;I69.318;I69.354;I69.391;R13.19;I42.2;E11.9;E66.9;Z86.73;Z95.810;Z87.891;Z59.3;;;;;;;;;S;E;E;E;S;S;S;S;E;E;E;E;;;;;;;;;3E03329;B020ZZZ;3E0337Z;3E013GC;3E033GC;3E033NZ;;;;;;;;;;;;;;;;;;;;;;;1;
c26a3827bdb1ce50;220054;89742f4f5231d9fc;60;2;2024-11-27 00:00:00;2024-11-29 00:00:00;1;2024-11-27 00:00:00;;C50.212;Z17.0;E21.0;E06.3;E55.9;F41.8;Z79.60;;;;;;;;;;;;;;S;E;S;S;S;S;E;;;;;;;;;;;;;;0HBU0ZZ;0HSV0ZZ;07B60ZX;3E013KZ;3E013KZ;;;;;;;;;;;;;;;;;;;;;;;;2;
e191b3d7a89d522b;220054;7b213bd9e99ab22c;57;1;2024-11-28 00:00:00;2024-11-29 00:00:00;1;2024-11-28 00:00:00;;K40.90;;;;;;;;;;;;;;;;;;;;S;;;;;;;;;;;;;;;;;;;;0YU64JZ;;;;;;;;;;;;;;;;;;;;;;;;;;;;2;
2a6bd8ee408efcba;220054;4f03bb6316db4d36;49;2;2024-11-25 00:00:00;2024-11-30 00:00:00;1;;;I82.432;I82.442;I26.93;I67.6;T38.4X5A;D25.9;I87.2;;;;;;;;;;;;;;S;S;S;S;S;S;S;;;;;;;;;;;;;;B54DZZZ;B32S1ZZ;B32T1ZZ;4A02X4Z;3E013GC;;;;;;;;;;;;;;;;;;;;;;;;1;
4073088297841b26;220054;bb58313d1f2a031f;56;2;2024-11-28 00:00:00;2024-11-30 00:00:00;1;;;T81.43XA;N61.0;T81.31XA;Y83.6;E66.9;F41.8;J45.909;E89.0;Z88.6;Z88.1;;;;;;;;;;;S;S;S;S;S;S;S;S;E;E;;;;;;;;;;;3E03329;3E033NZ;;;;;;;;;;;;;;;;;;;;;;;;;;;1;
40391ee29399cd4e;220054;59585164ab997af7;84;2;2024-11-16 00:00:00;2024-12-02 00:00:00;5;2024-11-18 00:00:00;;S72.101A;W19.XXXA;D64.9;I10;E11.9;E78.5;G30.9;F02.80;E03.8;K21.9;Z79.4;Z79.82;M81.0;Z90.49;Z90.710;;;;;;S;S;N;S;S;S;S;S;S;S;E;E;S;E;E;;;;;;0QS636Z;3E013GC;3E033NZ;3E033GC;3E0337Z;30233N1;;;;;;;;;;;;;;;;;;;;;;;1;
0c35d9873141a368;220054;7bb20e39f85b5b08;0;2;2024-11-29 00:00:00;2024-12-02 00:00:00;1;;;P05.07;P07.39;;;;;;;;;;;;;;;;;;;S;S;;;;;;;;;;;;;;;;;;;;;;;;;;;;;;;;;;;;;;;;;;;;;;;1;
5be0e2c24efccc1b;220054;11e9cb9f7abea8f3;64;1;2024-11-28 00:00:00;2024-12-03 00:00:00;1;;;J44.0;J18.9;I11.0;I50.30;I51.7;E85.4;I43;I42.5;F17.210;Z60.3;;;;;;;;;;;S;S;S;S;S;S;S;S;S;S;;;;;;;;;;;3E03329;3E0F7GC;3E0333Z;B246ZZZ;3E033GC;3E0F7SF;3E033NZ;;;;;;;;;;;;;;;;;;;;;;1;
00b220234d0ba058;220054;3a6038f90e3c7f8d;2;2;2024-12-03 00:00:00;2024-12-03 00:00:00;1;;;Z01.82;;;;;;;;;;;;;;;;;;;;E;;;;;;;;;;;;;;;;;;;;;;;;;;;;;;;;;;;;;;;;;;;;;;;;2;
ec969fc8f8e9630f;220054;3fc29b9bde3bf996;14;2;2024-11-30 00:00:00;2024-12-03 00:00:00;1;;;E10.10;J03.90;;;;;;;;;;;;;;;;;;;S;S;;;;;;;;;;;;;;;;;;;3E03329;3E033NZ;4A12X4Z;4A13XB1;4A13XR1;4A10X4Z;;;;;;;;;;;;;;;;;;;;;;;1;
3972da46d5132587;220054;09c2c51d2f723504;91;1;2024-11-28 00:00:00;2024-12-04 00:00:00;1;;;J69.0;R13.10;F01.50;R82.71;B96.1;Z16.12;C18.9;Z99.81;I10;E11.9;E78.5;I48.0;E46;R32;R15.9;I65.23;N40.0;Z86.73;L12.0;Z59.3;S;S;S;S;S;S;S;E;S;S;S;S;S;S;S;S;S;E;S;E;3E03329;3E0F7GC;3E0333Z;3E033NZ;3E033GC;3E013VG;3E0F7SF;3E0337Z;;;;;;;;;;;;;;;;;;;;;1;
8ace528c38ad9f31;220054;2113197ce01b8c65;39;1;2024-12-03 00:00:00;2024-12-04 00:00:00;1;2024-12-03 00:00:00;;K40.90;;;;;;;;;;;;;;;;;;;;S;;;;;;;;;;;;;;;;;;;;0YU64JZ;;;;;;;;;;;;;;;;;;;;;;;;;;;;2;
cbbc00ae75b094c6;220054;b82d14bc886397ef;11;1;2024-11-29 00:00:00;2024-12-04 00:00:00;1;2024-11-30 00:00:00;;K35.33;J15.7;Y95;;;;;;;;;;;;;;;;;;S;N;N;;;;;;;;;;;;;;;;;;0DTJ4ZZ;BW40ZZZ;3E03329;3E033NZ;3E0337Z;;;;;;;;;;;;;;;;;;;;;;;;1;
f218773e2320cd10;220054;f23a2372e915a0d3;39;2;2024-12-04 00:00:00;2024-12-05 00:00:00;1;2024-12-04 00:00:00;;D24.2;E03.9;;;;;;;;;;;;;;;;;;;S;S;;;;;;;;;;;;;;;;;;;0HBU0ZZ;;;;;;;;;;;;;;;;;;;;;;;;;;;;2;
658d5eb129747157;220054;5b82212120ce362d;30;1;2024-12-04 00:00:00;2024-12-05 00:00:00;1;2024-12-04 00:00:00;;K80.10;K42.9;L40.9;;;;;;;;;;;;;;;;;;S;S;S;;;;;;;;;;;;;;;;;;0FT44ZZ;0WQF0ZZ;;;;;;;;;;;;;;;;;;;;;;;;;;;2;
41de9f02a2b13cca;220054;8b45fddcc9317ac0;1;1;2024-12-05 00:00:00;2024-12-05 00:00:00;1;;;Z01.82;;;;;;;;;;;;;;;;;;;;E;;;;;;;;;;;;;;;;;;;;;;;;;;;;;;;;;;;;;;;;;;;;;;;;2;
3b86140efeb3c92d;220054;07a0e30cf469e41f;85;2;2024-11-27 00:00:00;2024-12-05 00:00:00;1;;;J96.90;J18.9;Y95;J69.0;I48.91;I11.0;I50.30;G31.83;F02.80;G20;I27.81;E66.9;I87.2;M81.0;Z91.09;E05.90;M15.9;E53.8;Z79.01;;S;S;E;S;S;S;S;S;S;S;S;S;S;S;E;S;S;S;E;;3E03329;3E0F7GC;3E033GC;3E013GC;3E0333Z;3E0F7SF;;;;;;;;;;;;;;;;;;;;;;;1;
32b60b7215860416;220054;a5ecb623c4ae3537;91;2;2024-11-30 00:00:00;2024-12-05 00:00:00;1;;;J98.8;N39.0;F05;F03.C0;I10;E11.9;E78.5;F32.A;Z98.2;G91.9;Z59.3;R32;R15.9;Z99.81;;;;;;;S;S;S;S;S;S;S;S;E;S;E;S;S;E;;;;;;;3E03329;3E0F7GC;3E0333Z;3E0F7SF;3E0337Z;3E033GC;3E013VG;;;;;;;;;;;;;;;;;;;;;;1;
2fb7021808bce75d;220054;f906f802255a3a66;84;1;2024-12-01 00:00:00;2024-12-06 00:00:00;1;2024-12-02 00:00:00;;C64.1;N20.1;Z96.0;I10;E03.9;E78.5;E66.9;Z85.46;;;;;;;;;;;;;S;S;S;S;S;S;S;E;;;;;;;;;;;;;0TT04ZZ;;;;;;;;;;;;;;;;;;;;;;;;;;;;2;
7f4fe5e674657fc2;220054;38f51b48c816bb86;33;2;2024-12-04 00:00:00;2024-12-06 00:00:00;1;2024-12-05 00:00:00;;D27.0;;;;;;;;;;;;;;;;;;;;S;;;;;;;;;;;;;;;;;;;;0UB04ZZ;;;;;;;;;;;;;;;;;;;;;;;;;;;;2;
719ecb692cc649f6;220054;bd33f4a990670be8;32;2;2024-12-05 00:00:00;2024-12-06 00:00:00;1;;;O13.5;;;;;;;;;;;;;;;;;;;;S;;;;;;;;;;;;;;;;;;;;;;;;;;;;;;;;;;;;;;;;;;;;;;;;1;
30eac2c6729833a4;220054;e07e123357f0b72a;39;2;2024-12-05 00:00:00;2024-12-06 00:00:00;1;2024-12-05 00:00:00;;K64.3;;;;;;;;;;;;;;;;;;;;S;;;;;;;;;;;;;;;;;;;;06BY0ZC;;;;;;;;;;;;;;;;;;;;;;;;;;;;2;
12f4d1973ebb5d00;220054;afa8fcd0991e7455;57;1;2024-10-18 00:00:00;2024-12-07 00:00:00;4;;;G12.20;J96.02;J69.0;B96.5;E78.5;N40.0;;;;;;;;;;;;;;;S;S;S;S;S;S;;;;;;;;;;;;;;;0B113F4;0DH63UZ;BW211ZZ;3E03329;3E03328;3E0333Z;5A1945Z;4A133B1;4A12X4Z;;;;;;;;;;;;;;;;;;;;2;
d4ab687f34d8c89a;220054;f3a7cc7abb1b841b;90;1;2024-12-04 00:00:00;2024-12-11 00:00:00;1;2024-12-04 00:00:00;;C23;I10;E78.00;R73.09;Z79.82;;;;;;;;;;;;;;;;S;S;S;S;E;;;;;;;;;;;;;;;;0FT44ZZ;BW21ZZZ;;;;;;;;;;;;;;;;;;;;;;;;;;;1;
a124fd44ba85c3c9;220054;4177c1158ad1db45;72;2;2024-12-06 00:00:00;2024-12-12 00:00:00;1;;;J45.901;J98.8;J96.00;E03.9;Z85.72;Z92.21;Z91.048;G62.0;T45.1X5S;;;;;;;;;;;;S;S;S;S;E;E;E;S;E;;;;;;;;;;;;3E0F7GC;3E0F7SF;4A02X4Z;;;;;;;;;;;;;;;;;;;;;;;;;;1;
50e9c6b8fd8b0274;220054;848a83b4a04d91ed;96;2;2024-12-08 00:00:00;2024-12-12 00:00:00;1;;;J44.0;J18.9;J44.1;I11.0;I50.9;I48.91;G30.9;F02.A0;Z88.8;Z99.81;Z59.3;;;;;;;;;;S;S;S;S;S;S;S;S;E;E;E;;;;;;;;;;3E03329;3E0333Z;3E0F7SF;3E0F7GC;3E033GC;3E033NZ;;;;;;;;;;;;;;;;;;;;;;;1;
937a52023380e361;220054;693577dc6170af66;68;2;2024-12-11 00:00:00;2024-12-12 00:00:00;1;2024-12-11 00:00:00;;D05.81;I10;E78.5;M32.9;Z87.891;Z80.3;Z79.82;;;;;;;;;;;;;;S;S;S;S;E;E;E;;;;;;;;;;;;;;0HBU0ZZ;07B60ZX;3E013KZ;3E013KZ;;;;;;;;;;;;;;;;;;;;;;;;;2;
73b54bcde95f5a03;220054;99137c53dd520c67;66;2;2024-12-11 00:00:00;2024-12-13 00:00:00;1;2024-12-11 00:00:00;;K35.33;N61.0;N60.31;N64.1;I10;E11.9;F32.A;Z85.3;Z92.21;Z79.52;;;;;;;;;;;S;S;S;S;S;S;S;E;E;E;;;;;;;;;;;0DTJ4ZZ;0HBT0ZZ;BW40ZZZ;4A02X4Z;;;;;;;;;;;;;;;;;;;;;;;;;1;
ce702275c4119e80;220054;30a477352aab8835;73;1;2024-12-02 00:00:00;2024-12-13 00:00:00;1;;;C34.32;C78.01;C78.02;C77.1;C79.51;C79.71;Z87.891;I10;;;;;;;;;;;;;S;S;S;S;S;S;E;S;;;;;;;;;;;;;0BBJ8ZX;3E013GC;3E033NZ;;;;;;;;;;;;;;;;;;;;;;;;;;1;
d8e1c7a4a8a433e0;220054;29d5033b5e9f81fc;93;1;2024-12-12 00:00:00;2024-12-15 00:00:00;1;;;R31.0;T45.515A;I48.91;Z85.46;Z92.3;;;;;;;;;;;;;;;;S;S;S;E;E;;;;;;;;;;;;;;;;3E1K78Z;3E03329;;;;;;;;;;;;;;;;;;;;;;;;;;;1;
0a543f23a952e41c;220054;45ff84056ea87dd7;57;1;2024-12-10 00:00:00;2024-12-17 00:00:00;1;;;C34.11;C77.1;I10;I48.0;Z94.0;Z79.01;Z79.52;Z79.621;F17.210;;;;;;;;;;;;S;S;S;S;E;E;E;E;S;;;;;;;;;;;;BB4BZZZ;3E0F7SF;3E013GC;3E03329;;;;;;;;;;;;;;;;;;;;;;;;;1;
a1cba6629852c42a;220054;0310952843d37d75;85;2;2024-12-10 00:00:00;2024-12-17 00:00:00;1;;;L89.204;B96.89;L89.523;E77.8;E87.1;I10;E78.5;M47.9;Z88.6;Z88.8;Z59.3;;;;;;;;;;S;S;S;S;S;S;S;S;E;E;E;;;;;;;;;;3E03329;3E03328;3E033NZ;3E0F7GC;3E013GC;;;;;;;;;;;;;;;;;;;;;;;;1;
bcf9c95535411d2f;220054;eb5ec6fc96ae273e;73;1;2024-12-10 00:00:00;2024-12-17 00:00:00;1;2024-12-11 00:00:00;;N40.1;N13.8;R03.0;S37.30XA;R31.0;X58.XXXA;N32.89;E78.00;;;;;;;;;;;;;S;S;N;N;N;N;N;S;;;;;;;;;;;;;0VB08ZZ;0VJ43ZZ;3E03329;;;;;;;;;;;;;;;;;;;;;;;;;;2;
a2e6b787c4319aae;220054;e92ca47403119306;51;1;2024-12-15 00:00:00;2024-12-18 00:00:00;1;;;J13;J96.91;R74.8;E11.9;E78.5;Z85.6;;;;;;;;;;;;;;;S;S;S;S;S;E;;;;;;;;;;;;;;;3E03329;4A02X4Z;3E0F7GC;3E013GC;3E0F7SF;;;;;;;;;;;;;;;;;;;;;;;;1;
c3681dc63603ac96;220054;a613fc14c373784d;36;2;2024-11-26 00:00:00;2024-12-18 00:00:00;3;;;M86.662;L97.921;B96.5;D57.40;M87.052;Z96.641;K76.9;Z90.710;Z90.722;;;;;;;;;;;;S;S;S;S;S;S;S;E;E;;;;;;;;;;;;3E033NZ;3E013GC;;;;;;;;;;;;;;;;;;;;;;;;;;;2;
629513ee717271e1;220054;1b4c1bf4728aae53;55;1;2024-12-17 00:00:00;2024-12-19 00:00:00;1;2024-12-18 00:00:00;;N13.2;E78.00;;;;;;;;;;;;;;;;;;;S;S;;;;;;;;;;;;;;;;;;;0TC78ZZ;0T9480Z;;;;;;;;;;;;;;;;;;;;;;;;;;;2;
e4aa70f23feb3325;220054;7114c072ad8139ad;2;2;2024-12-19 00:00:00;2024-12-19 00:00:00;1;;;T45.0X1A;;;;;;;;;;;;;;;;;;;;S;;;;;;;;;;;;;;;;;;;;4A02X4Z;;;;;;;;;;;;;;;;;;;;;;;;;;;;1;
4a291ef640e36b17;220054;761b9f1bf04206fc;92;1;2024-12-13 00:00:00;2024-12-19 00:00:00;1;;;J98.8;I11.0;I50.9;I44.0;I69.320;I69.351;Z90.79;Z79.82;;;;;;;;;;;;;S;S;S;S;E;E;E;E;;;;;;;;;;;;;3E03329;3E0F7GC;3E033GC;4A02X4Z;;;;;;;;;;;;;;;;;;;;;;;;;1;
86bc79f14c811b8d;220054;7f2cffc88af69012;63;2;2024-12-05 00:00:00;2024-12-20 00:00:00;1;2024-12-05 00:00:00;;S72.101A;S32.301A;S32.601A;S32.501A;W17.89XA;I10;E11.9;E78.5;E03.9;;;;;;;;;;;;S;S;S;S;S;S;S;S;S;;;;;;;;;;;;0QS636Z;B020ZZZ;BR20ZZZ;BW211ZZ;3E013VG;3E0337Z;3E033NZ;3E03329;3E013GC;3E033GC;;;;;;;;;;;;;;;;;;;1;
298a1222d91877c6;220054;f543733d37d2b216;42;2;2024-12-19 00:00:00;2024-12-20 00:00:00;1;2024-12-19 00:00:00;;K40.90;E03.9;;;;;;;;;;;;;;;;;;;S;S;;;;;;;;;;;;;;;;;;;0YU64JZ;;;;;;;;;;;;;;;;;;;;;;;;;;;;2;
2fe67aee4a48e82b;220054;37bd7bc78ba48b08;55;2;2024-12-11 00:00:00;2024-12-20 00:00:00;1;;;K80.50;F41.8;;;;;;;;;;;;;;;;;;;S;S;;;;;;;;;;;;;;;;;;;3E013GC;3E033NZ;3E033GC;3E0337Z;3E0333Z;3E03329;;;;;;;;;;;;;;;;;;;;;;;1;
bd7297cb5b8310b7;220054;cb60e42694198b77;64;2;2024-12-19 00:00:00;2024-12-20 00:00:00;1;;;I48.19;I50.30;I08.0;E66.3;;;;;;;;;;;;;;;;;S;S;S;S;;;;;;;;;;;;;;;;;5A2204Z;;;;;;;;;;;;;;;;;;;;;;;;;;;;2;
654cb9f06dc85247;220054;535f32b142a4790b;83;1;2024-12-08 00:00:00;2024-12-20 00:00:00;1;;;A41.9;J18.9;D68.9;S37.30XA;R31.9;X58.XXXA;K83.1;T36.95XA;I10;E11.9;I48.91;E05.90;E78.5;I27.20;Z86.73;G47.33;Z88.8;Z85.72;Z95.5;Z95.2;S;S;S;N;N;N;N;N;S;S;S;S;S;S;E;S;E;E;E;E;3E0F7SF;3E03329;BW241ZZ;4A02X4Z;4A13XB1;4A12X4Z;;;;;;;;;;;;;;;;;;;;;;;1;
d8f300689f2e71ad;220054;f13ff302464237da;87;1;2024-12-15 00:00:00;2024-12-20 00:00:00;1;;;K31.811;D62;K57.30;K64.8;I10;E11.9;J44.9;E03.8;I48.0;Z79.01;I44.0;Z86.73;Z79.84;;;;;;;;S;S;S;S;S;S;S;S;S;E;S;E;E;;;;;;;;BW24ZZZ;0DJ08ZZ;0DJD8ZZ;4A02X4Z;30233N1;3E033GC;3E013VG;3E013GC;3E033GC;3E0337Z;;;;;;;;;;;;;;;;;;;1;
6c3849c8492ca864;220054;1c713f6886bdc5d8;78;1;2024-12-18 00:00:00;2024-12-20 00:00:00;1;;;K44.9;D50.0;K25.9;G25.81;K62.7;Y84.2;Z92.3;;;;;;;;;;;;;;S;S;S;S;S;S;E;;;;;;;;;;;;;;0DJ08ZZ;3E033GC;BW24ZZZ;30233N1;3E0337Z;;;;;;;;;;;;;;;;;;;;;;;;1;
d5e1933ce9746310;220054;22499deec046017f;21;2;2024-12-18 00:00:00;2024-12-21 00:00:00;1;;;O23.03;B96.20;Z16.24;Z3A.33;;;;;;;;;;;;;;;;;S;S;S;E;;;;;;;;;;;;;;;;;BY4FZZZ;3E03329;3E033NZ;3E0337Z;;;;;;;;;;;;;;;;;;;;;;;;;1;
a12b5e341bfa1f92;220054;6239b620f1a65b88;48;2;2024-12-20 00:00:00;2024-12-21 00:00:00;1;2024-12-20 00:00:00;;N20.1;G40.909;G50.0;;;;;;;;;;;;;;;;;;S;S;S;;;;;;;;;;;;;;;;;;0TJ58ZZ;;;;;;;;;;;;;;;;;;;;;;;;;;;;2;
cb9632a624fd3ee1;220054;6ef46dd9328be88b;23;2;2024-12-17 00:00:00;2024-12-21 00:00:00;1;;;T86.13;N10;B95.61;T86.12;N18.32;Y83.0;N31.9;N36.44;K42.9;F41.8;Q76.49;Z87.74;Z87.440;Z79.621;Z79.624;;;;;;S;S;S;S;S;S;S;S;S;S;E;E;E;E;E;;;;;;3E03329;3E0337Z;3E033NZ;3E033GC;BW40ZZZ;;;;;;;;;;;;;;;;;;;;;;;;1;
8257871d2a86281d;220054;51b11c9677bef548;44;2;2024-12-21 00:00:00;2024-12-21 00:00:00;1;2024-12-21 00:00:00;;K35.33;E10.9;;;;;;;;;;;;;;;;;;;S;S;;;;;;;;;;;;;;;;;;;0DTJ4ZZ;BW211ZZ;;;;;;;;;;;;;;;;;;;;;;;;;;;1;
8b2af41fbfc95e4d;220054;52a8d3ae30bcf797;71;2;2024-12-18 00:00:00;2024-12-23 00:00:00;1;2024-12-18 00:00:00;;M17.11;;;;;;;;;;;;;;;;;;;;S;;;;;;;;;;;;;;;;;;;;0SRC0J9;;;;;;;;;;;;;;;;;;;;;;;;;;;;2;
38463b8e31553c8a;220054;b381e38a268188d7;65;2;2024-12-03 00:00:00;2024-12-23 00:00:00;1;;;K85.90;E78.5;I87.2;M19.90;;;;;;;;;;;;;;;;;S;S;S;S;;;;;;;;;;;;;;;;;BW201ZZ;BW20ZZZ;3E03329;3E033NZ;3E013GC;3E0337Z;;;;;;;;;;;;;;;;;;;;;;;1;
863991408234acb2;220054;4c66e83f028302c8;29;1;2024-12-17 00:00:00;2024-12-23 00:00:00;1;;;I63.512;G81.91;R29.704;F14.10;E80.4;;;;;;;;;;;;;;;;S;S;S;S;S;;;;;;;;;;;;;;;;B020ZZZ;4A12X4Z;B246ZZZ;009U3ZX;BW241ZZ;;;;;;;;;;;;;;;;;;;;;;;;1;
9d8556fcc209ccbc;220054;30b5ced632015f8b;93;2;2024-12-18 00:00:00;2024-12-25 00:00:00;4;;;A41.51;N39.0;B96.20;Z16.12;J98.8;I10;F05;Z59.3;;;;;;;;;;;;;S;S;S;S;S;S;S;E;;;;;;;;;;;;;3E03329;3E033NZ;3E013GC;3E0337Z;3E033GC;3E013VJ;;;;;;;;;;;;;;;;;;;;;;;1;
2fe67aee4a48e82b;220054;b6f1cafd3b8f98da;55;2;2024-12-21 00:00:00;2024-12-26 00:00:00;1;;;K80.20;F41.8;;;;;;;;;;;;;;;;;;;S;S;;;;;;;;;;;;;;;;;;;BW21ZZZ;3E033NZ;3E013GC;3E033GC;3E0333Z;3E0337Z;;;;;;;;;;;;;;;;;;;;;;;1;
f35c40503ad3f371;220054;d962252c2c809c87;33;2;2024-12-27 00:00:00;2024-12-27 00:00:00;1;;;Z29.8;D84.9;Z85.71;Z92.21;E55.9;;;;;;;;;;;;;;;;E;S;E;E;S;;;;;;;;;;;;;;;;3E0F729;3E0333Z;3E033GC;8E0ZXY6;;;;;;;;;;;;;;;;;;;;;;;;;2;
f15c3384d1b563f8;220054;5bc087217b858997;88;2;2024-12-02 00:00:00;2024-12-28 00:00:00;4;;;J98.8;T17.918A;E87.0;R13.10;G30.9;F02.C0;F01.C0;I10;E11.9;E78.5;G47.30;Z99.89;K57.30;Z85.038;Z90.49;Z59.3;;;;;S;S;S;S;S;S;S;S;S;S;S;E;S;E;E;E;;;;;B020ZZZ;3E03329;3E0F7GC;3E0333Z;3E013GC;3E033GC;3E0337Z;3E013VG;;;;;;;;;;;;;;;;;;;;;1;
d5c07c8006677950;220054;9eb4b4bd61e43806;20;2;2024-12-26 00:00:00;2024-12-28 00:00:00;1;;;O48.0;O70.1;Z67.10;Z3A.40;Z37.0;;;;;;;;;;;;;;;;S;N;E;E;E;;;;;;;;;;;;;;;;10E0XZZ;0KQM0ZZ;3E0R3BZ;4A1HXCZ;;;;;;;;;;;;;;;;;;;;;;;;;1;
b83b88ffd48206ab;220054;7da155ef2689b53f;3;1;2024-12-27 00:00:00;2024-12-28 00:00:00;1;;;K52.9;;;;;;;;;;;;;;;;;;;;S;;;;;;;;;;;;;;;;;;;;3E033NZ;;;;;;;;;;;;;;;;;;;;;;;;;;;;1;
88b7367a153e4ce3;220054;ac29f1c600e7d8c7;66;2;2024-11-30 00:00:00;2024-12-28 00:00:00;4;;;C79.31;C78.7;C78.00;C77.9;C20;A41.4;Z51.5;;;;;;;;;;;;;;S;S;S;S;S;S;E;;;;;;;;;;;;;;B020ZZZ;3E0333Z;3E033NZ;3E033GC;3E0337Z;3E03329;;;;;;;;;;;;;;;;;;;;;;;1;
21bc6732175da811;220054;78966660b65c3fa0;19;2;2024-12-27 00:00:00;2024-12-29 00:00:00;1;2024-12-27 00:00:00;;E04.9;E28.2;;;;;;;;;;;;;;;;;;;S;S;;;;;;;;;;;;;;;;;;;0GTG0ZZ;;;;;;;;;;;;;;;;;;;;;;;;;;;;2;
4d2bafcd6f2aca05;220054;d7b48280a3a5a694;39;2;2024-11-04 00:00:00;2024-12-30 00:00:00;4;2024-12-04 00:00:00;;N39.0;B96.20;C71.6;A43.9;Z16.29;G06.0;G93.2;B59;B44.9;Y95;D64.9;D69.6;T36.8X5A;D68.9;E78.1;E87.0;J96.01;J96.02;R32;K12.0;S;S;S;N;N;N;N;N;N;N;N;N;N;N;N;N;N;N;S;S;3E04328;3E04329;3E0G76Z;5A1955Z;0BH17EZ;5A0945A;30233N1;3E033GC;B020ZZZ;BW241ZZ;BW24ZZZ;3E0436Z;3E043NZ;3E0F7SF;3E0F7GC;3E043GC;;;;;;;;;;;;;1;
3b86140efeb3c92d;220054;5e259f83a795a20a;85;2;2024-12-28 00:00:00;2024-12-31 00:00:00;4;;;A41.9;R65.20;J98.8;J96.00;E86.0;E87.0;I11.0;I50.32;I48.91;J45.909;I27.81;E66.9;E05.80;E53.8;I87.2;M81.0;G31.83;F02.80;G20;H81.90;S;S;S;S;S;S;S;S;S;S;S;S;S;S;S;S;S;S;S;S;3E03329;3E0337Z;3E033GC;3E0F7SF;3E0F7GC;3E0333Z;;;;;;;;;;;;;;;;;;;;;;;1;
2db9168aa5833f74;220105;fa9b3483bdd5289a;63;1;2024-09-18 00:00:00;2024-10-04 00:00:00;1;;;Z51.89;Z60.2;Z74.8;E46;E86.0;F33.9;N12;N18.4;I50.9;G93.40;I11.0;E11.9;E78.5;F10.20;Z79.82;Z87.891;;;;;E;S;S;S;S;S;S;S;S;S;S;S;S;S;E;E;;;;;GZ14ZZZ;3E0337Z;GZ3ZZZZ;;;;;;;;;;;;;;;;;;;;;;;;;;1;
068cabaff17bf495;220105;b22d66486fe8043d;59;1;2024-12-26 00:00:00;2024-12-27 00:00:00;2;;;Z59.89;Z59.02;Z73.89;Z63.8;M17.12;M25.061;S72.002A;X58.XXXA;T18.5XXA;F17.213;B20;G94;G31.84;I10;F10.20;F11.21;F12.10;F14.90;F60.9;K74.60;E;E;E;E;S;S;D;D;D;N;S;S;S;S;S;S;S;S;S;S;3E033NZ;3E0333Z;BQ01ZZZ;;;;;;;;;;;;;;;;;;;;;;;;;;1;
84245f8f75764284;220105;7b5c9b79a6548644;87;2;2024-11-29 00:00:00;2024-12-27 00:00:00;1;;;A42.89;N76.82;K56.41;R33.0;I11.0;I50.9;I48.91;R00.1;T46.0X5A;E11.9;G31.84;F32.A;L74.0;Z79.01;Z79.84;Z88.0;Z88.8;;;;S;S;S;S;S;S;S;N;N;S;S;S;S;E;E;E;E;;;;3E03329;3E03328;0T9B70Z;0DPDX0Z;0DCP7ZZ;F07M3ZZ;3E013GC;3E0337Z;3E033GC;3E033NZ;3E013NZ;3E1H78Z;;;;;;;;;;;;;;;;;1;
b53e54d188abc7a9;220054;fbde77355382b035;70;1;2024-09-25 00:00:00;2024-10-01 00:00:00;1;2024-09-26 00:00:00;;C18.7;K42.9;E11.9;E78.1;N40.0;C92.10;Z87.891;;;;;;;;;;;;;;S;S;S;S;S;S;E;;;;;;;;;;;;;;0DBP4ZZ;0WUF0JZ;;;;;;;;;;;;;;;;;;;;;;;;;;;2;
ff09a6dbfc929b23;220054;444bc1201ca17075;65;1;2024-09-25 00:00:00;2024-10-01 00:00:00;1;2024-09-26 00:00:00;;M16.52;;;;;;;;;;;;;;;;;;;;S;;;;;;;;;;;;;;;;;;;;0SRB0JA;;;;;;;;;;;;;;;;;;;;;;;;;;;;2;
08896d564a724b66;220054;ee6adc1532c51692;93;2;2024-09-21 00:00:00;2024-10-01 00:00:00;1;2024-09-24 00:00:00;;S72.101A;W19.XXXA;I13.0;I50.9;N18.2;E03.8;I87.2;M62.3;K59.00;N39.0;E55.9;E21.1;E53.8;G31.84;M81.0;F05;F32.A;Z95.0;;;S;S;S;S;S;S;S;N;S;S;S;S;S;S;S;S;S;E;;;0QS636Z;0T9B70Z;0TPBX0Z;;;;;;;;;;;;;;;;;;;;;;;;;;1;
c35393f302319e21;220054;951f28e756a23c89;60;1;2024-10-01 00:00:00;2024-10-02 00:00:00;1;2024-10-01 00:00:00;;K40.90;K42.9;E04.9;K57.92;G47.33;F17.210;Z99.89;;;;;;;;;;;;;;S;S;S;S;S;S;E;;;;;;;;;;;;;;0YU50JZ;0WUF0JZ;;;;;;;;;;;;;;;;;;;;;;;;;;;2;
f238e731e51f2431;220054;58bd70458cd86e67;7;2;2024-10-01 00:00:00;2024-10-02 00:00:00;1;2024-10-01 00:00:00;;S52.91XA;S52.201A;W19.XXXA;;;;;;;;;;;;;;;;;;S;S;E;;;;;;;;;;;;;;;;;;0PSH34Z;;;;;;;;;;;;;;;;;;;;;;;;;;;;1;
c76c832ecc091605;220054;f9af1eae6436d513;50;1;2024-09-28 00:00:00;2024-10-02 00:00:00;1;;;S22.089A;S42.202A;W20.8XXA;I10;E79.0;;;;;;;;;;;;;;;;S;S;S;S;S;;;;;;;;;;;;;;;;BR29ZZZ;BR27ZZZ;2W35X3Z;2W3BXYZ;3E033NZ;3E013GC;;;;;;;;;;;;;;;;;;;;;;;1;
14995ce83c54de08;220054;27888cb4ce723c64;90;1;2024-09-27 00:00:00;2024-10-02 00:00:00;1;;;I11.0;I50.33;J96.00;S22.31XA;W19.XXXA;Y92.009;J44.9;I48.21;E04.2;I27.20;N35.919;N40.0;Z86.73;Z95.3;Z79.01;;;;;;S;S;S;S;S;S;S;S;S;S;S;S;E;E;E;;;;;;4A02X4Z;3E0F7GC;3E033GC;3E0F7SF;3E033NZ;;;;;;;;;;;;;;;;;;;;;;;;1;
7c87a52b168b8b63;220054;94484e7a9e371c70;5;1;2024-09-30 00:00:00;2024-10-03 00:00:00;1;;;J12.89;B97.89;B97.10;K75.4;Z87.718;;;;;;;;;;;;;;;;S;S;S;S;E;;;;;;;;;;;;;;;;3E03329;3E0F7GC;;;;;;;;;;;;;;;;;;;;;;;;;;;1;
b19a38c6f4053219;220054;ae8555a831bd9582;93;2;2024-09-27 00:00:00;2024-10-03 00:00:00;1;;;J98.8;F32.A;I10;E78.5;Z59.3;;;;;;;;;;;;;;;;S;S;S;S;E;;;;;;;;;;;;;;;;3E03329;3E0F7GC;3E013GC;3E0337Z;;;;;;;;;;;;;;;;;;;;;;;;;1;
cb3bd1876e0641c8;220054;9f14112d27727c61;52;1;2024-10-01 00:00:00;2024-10-04 00:00:00;1;;;S22.42XA;S41.102A;V68.5XXA;F17.210;;;;;;;;;;;;;;;;;S;S;E;S;;;;;;;;;;;;;;;;;BW24ZZZ;BW40ZZZ;3E033NZ;;;;;;;;;;;;;;;;;;;;;;;;;;1;
17dfe3159806795d;220054;5e39b678153a33a9;93;1;2024-09-21 00:00:00;2024-10-04 00:00:00;1;;;I11.0;I50.33;I51.7;J96.90;I08.3;I27.20;I48.21;E61.1;I44.7;I73.9;D29.1;;;;;;;;;;S;S;S;S;S;S;S;S;S;S;S;;;;;;;;;;4A02X4Z;B246ZZZ;3E033GC;;;;;;;;;;;;;;;;;;;;;;;;;;1;
3fab896b6c31cf86;220054;ba190ffc2ab62bf5;90;1;2024-09-30 00:00:00;2024-10-04 00:00:00;1;;;I11.0;I50.9;I42.5;G47.33;I48.92;E78.5;;;;;;;;;;;;;;;S;S;S;S;S;S;;;;;;;;;;;;;;;4A02X4Z;B246ZZZ;3E033GC;3E0F7GC;;;;;;;;;;;;;;;;;;;;;;;;;1;
e36ed934d83c9b05;220054;1c174067d7baa409;52;1;2024-09-27 00:00:00;2024-10-04 00:00:00;1;;;T81.42XA;Y83.8;;;;;;;;;;;;;;;;;;;S;S;;;;;;;;;;;;;;;;;;;3E03329;BL43ZZZ;BL41ZZZ;;;;;;;;;;;;;;;;;;;;;;;;;;1;
0ad75e24e5196152;220054;21ebcce4a3fe2c69;90;2;2024-09-29 00:00:00;2024-10-04 00:00:00;1;;;S06.5X0A;W06.XXXA;N39.0;I12.0;N18.30;I35.0;D64.9;I48.91;F41.8;Z95.3;Z95.0;Z79.01;;;;;;;;;S;E;S;S;S;S;S;S;S;E;E;E;;;;;;;;;B020ZZZ;4A02X4Z;3E03329;3E033NZ;3E0333Z;3E0337Z;;;;;;;;;;;;;;;;;;;;;;;1;
ba329e92a330811c;220054;a35f1b31913d7346;71;1;2024-09-26 00:00:00;2024-10-04 00:00:00;1;2024-09-27 00:00:00;;C18.4;K91.89;K56.0;Y83.2;I51.7;I34.0;G82.20;E78.1;K57.92;Z95.3;;;;;;;;;;;S;N;N;N;S;S;S;S;S;E;;;;;;;;;;;0DTF4ZZ;;;;;;;;;;;;;;;;;;;;;;;;;;;;2;
1c427aaea73a0cbc;220054;35ef5c2d4fe7c249;86;2;2024-10-02 00:00:00;2024-10-07 00:00:00;1;;;K57.32;Z88.8;;;;;;;;;;;;;;;;;;;S;E;;;;;;;;;;;;;;;;;;;BW201ZZ;3E03329;3E0337Z;3E013GC;3E033NZ;3E033GC;;;;;;;;;;;;;;;;;;;;;;;1;
bdf9dc8b9a5a6566;220054;18377e795fe54bff;56;2;2024-09-29 00:00:00;2024-10-07 00:00:00;1;;;J47.0;B96.4;J96.01;M31.30;L40.9;Z79.52;Z79.2;Z88.1;;;;;;;;;;;;;S;S;S;S;S;E;E;E;;;;;;;;;;;;;3E03329;3E0F7SF;3E0F7GC;3E013GC;3E0333Z;3E033GC;;;;;;;;;;;;;;;;;;;;;;;1;
2b656b03aebb4c16;220054;e3dfec4576c428f7;88;1;2024-09-29 00:00:00;2024-10-08 00:00:00;1;;;C18.2;D50.9;E78.5;K44.9;K21.9;E79.0;K57.30;K29.50;Z86.73;;;;;;;;;;;;S;S;S;S;S;S;S;S;E;;;;;;;;;;;;0DBK8ZX;BW241ZZ;3E013GC;3E033GC;;;;;;;;;;;;;;;;;;;;;;;;;1;
6450a57574d66490;220054;a609ec34eeb0bf0f;90;1;2024-10-06 00:00:00;2024-10-08 00:00:00;1;;;I13.0;I50.33;N17.9;N18.31;D50.9;I48.91;Z79.01;I08.2;J45.909;;;;;;;;;;;;S;S;S;S;S;S;E;S;S;;;;;;;;;;;;3E033GC;3E0F7GC;3E033GC;4A02X4Z;;;;;;;;;;;;;;;;;;;;;;;;;1;
dad86c249fef140f;220054;270490751900f23e;56;1;2024-08-30 00:00:00;2024-10-08 00:00:00;1;;;T52.8X2A;E87.21;J80;N17.9;F05;F44.9;Z56.6;Z63.8;D64.9;G62.81;G25.3;T80.212A;B96.5;J18.9;Y95;I10;K44.9;K20.90;E78.5;D12.2;S;S;N;S;S;S;E;E;S;N;N;N;N;N;N;S;S;S;S;S;5A1955Z;0BH17EZ;5A1D90Z;5A0945A;3E0437Z;B020ZZZ;3E0F7SF;30243N1;3E013VJ;3E04329;3E0433Z;3E043GC;3E043NZ;009U3ZX;GZ14ZZZ;F0130ZZ;4A13XB1;4A12X4Z;4A13XR1;4A10X4Z;;;;;;;;;1;
fffb8b020bdc39bc;220054;9913aa3cf071b2ad;27;2;2024-10-06 00:00:00;2024-10-08 00:00:00;1;;;O42.02;O34.219;O69.82X0;O70.1;O90.81;Z67.40;Z3A.38;Z37.0;;;;;;;;;;;;;S;S;S;N;N;E;E;E;;;;;;;;;;;;;10E0XZZ;0KQM0ZZ;10907ZC;3E0R3BZ;4A1HXCZ;3E03329;;;;;;;;;;;;;;;;;;;;;;;1;
68af466095a44fcb;220054;de863982400c9733;66;1;2024-10-09 00:00:00;2024-10-10 00:00:00;1;2024-10-09 00:00:00;;K40.90;I10;;;;;;;;;;;;;;;;;;;S;S;;;;;;;;;;;;;;;;;;;0YU54JZ;;;;;;;;;;;;;;;;;;;;;;;;;;;;2;
9b85f3dc7dfc1382;220054;2341b60f50529397;50;1;2024-10-08 00:00:00;2024-10-10 00:00:00;1;2024-10-09 00:00:00;;M87.272;M19.172;S92.112S;W17.89XS;M25.772;M62.89;;;;;;;;;;;;;;;S;S;E;E;S;S;;;;;;;;;;;;;;;0SBG4ZZ;0QQM4ZZ;0SBG4ZZ;;;;;;;;;;;;;;;;;;;;;;;;;;2;
4d38925940c1167e;220054;c594488f25416b34;89;1;2024-10-04 00:00:00;2024-10-11 00:00:00;1;;;I13.0;I50.33;N18.4;E11.22;I34.0;E78.5;F32.3;Z59.3;Z88.6;Z95.5;Z86.16;Z79.82;Z79.4;;;;;;;;S;S;S;S;S;S;S;E;E;E;E;E;E;;;;;;;;4A02X4Z;B246ZZZ;;;;;;;;;;;;;;;;;;;;;;;;;;;1;
938546f03e155436;220054;e1da691e4f43d71e;32;2;2024-10-08 00:00:00;2024-10-11 00:00:00;1;2024-10-08 00:00:00;;O48.0;O76;O90.81;Z67.10;Z3A.40;Z37.0;;;;;;;;;;;;;;;S;N;N;E;E;E;;;;;;;;;;;;;;;10D00Z1;4A1HXCZ;3E033VJ;;;;;;;;;;;;;;;;;;;;;;;;;;1;
d3c19c3945496364;220054;34615066efd3b052;42;1;2024-10-10 00:00:00;2024-10-11 00:00:00;1;2024-10-10 00:00:00;;K80.10;;;;;;;;;;;;;;;;;;;;S;;;;;;;;;;;;;;;;;;;;0FT44ZZ;;;;;;;;;;;;;;;;;;;;;;;;;;;;2;
13215be4e761b791;220054;1496ee5f9288db64;65;1;2024-10-04 00:00:00;2024-10-11 00:00:00;1;;;D70.1;R50.81;T45.1X5A;C79.51;A41.51;N39.0;B96.20;Z79.630;Z79.631;K56.51;D48.0;Z93.6;I10;I48.91;K76.0;I42.0;E78.1;E79.0;Z85.51;Z85.048;S;S;S;S;S;S;S;E;E;S;S;E;S;S;S;S;S;S;E;E;BW211ZZ;3E03329;3E033NZ;3E013GC;3E0337Z;;;;;;;;;;;;;;;;;;;;;;;;1;
0f5a735a770f8da9;220054;dd61f006dfe16746;76;1;2024-10-11 00:00:00;2024-10-12 00:00:00;4;;;J18.9;J96.91;I13.0;I50.9;N18.32;G12.20;E11.22;K29.30;Z79.84;Z86.73;;;;;;;;;;;S;S;S;S;S;S;S;S;E;E;;;;;;;;;;;3E033NZ;3E0F7GC;3E0333Z;3E033GC;3E03329;;;;;;;;;;;;;;;;;;;;;;;;1;
058c44ecd20b78ac;220054;330248add0e2b62a;86;2;2024-10-03 00:00:00;2024-10-12 00:00:00;4;;;N39.0;B96.1;J96.90;I48.91;E87.0;L89.154;I11.0;I50.9;E11.9;R13.10;I42.0;I44.0;I44.7;F03.C0;E78.5;Z86.73;Z59.3;Z79.82;Z79.4;Z79.01;S;S;S;S;S;S;S;S;S;S;S;S;S;S;S;E;E;E;E;E;3E03329;3E033GC;3E033NZ;3E0337Z;;;;;;;;;;;;;;;;;;;;;;;;;1;
b5f422de914de5e7;220054;9b71c490acd3a595;26;2;2024-10-09 00:00:00;2024-10-13 00:00:00;1;;;O36.63X0;O48.0;O66.0;O63.1;O75.2;O90.81;Z3A.41;Z37.0;Z67.20;;;;;;;;;;;;S;S;N;N;N;N;E;E;E;;;;;;;;;;;;10D07Z6;3E0R3BZ;10907ZC;0W8NXZZ;4A1HXCZ;3E03329;;;;;;;;;;;;;;;;;;;;;;;1;
b5da43a02674d3f4;220054;20fa70080d73622f;34;2;2024-10-11 00:00:00;2024-10-13 00:00:00;1;;;O71.7;;;;;;;;;;;;;;;;;;;;S;;;;;;;;;;;;;;;;;;;;0U9G7ZZ;0UCG7ZZ;3E033NZ;3E03329;3E0333Z;3E033GC;3E0337Z;BW4GZZZ;;;;;;;;;;;;;;;;;;;;;1;
4da61d545e113bf3;220054;a2334bbf7be73da1;24;1;2024-10-11 00:00:00;2024-10-14 00:00:00;1;;;K57.32;;;;;;;;;;;;;;;;;;;;S;;;;;;;;;;;;;;;;;;;;3E03329;3E033NZ;3E033GC;3E0333Z;3E0337Z;;;;;;;;;;;;;;;;;;;;;;;;1;
bd70ecd209f20276;220054;fc5d74b63e77598e;60;2;2024-10-11 00:00:00;2024-10-14 00:00:00;1;2024-10-11 00:00:00;;K43.2;E78.5;Z85.038;Z90.49;;;;;;;;;;;;;;;;;S;S;E;E;;;;;;;;;;;;;;;;;0WUF4JZ;;;;;;;;;;;;;;;;;;;;;;;;;;;;2;
465e89833f8f8ee7;220054;42a0136199890e77;56;1;2024-10-14 00:00:00;2024-10-15 00:00:00;1;;;M23.342;M23.362;I10;Z86.73;;;;;;;;;;;;;;;;;S;S;S;E;;;;;;;;;;;;;;;;;0SBD4ZZ;;;;;;;;;;;;;;;;;;;;;;;;;;;;1;
7c4016d317157a6a;220054;d271ad91d4a99432;78;1;2024-10-08 00:00:00;2024-10-15 00:00:00;1;;;K76.0;R18.8;K76.6;K31.89;I85.10;D64.9;E11.22;N18.31;E78.5;E66.9;I48.0;E03.9;E53.8;E55.9;Z79.82;Z88.6;;;;;S;S;S;S;S;S;S;S;S;S;S;S;S;S;E;E;;;;;0W9G3ZX;3E013GC;3E013VG;;;;;;;;;;;;;;;;;;;;;;;;;;1;
63c02a758ea25233;220054;949f7412f8373577;74;1;2024-10-14 00:00:00;2024-10-15 00:00:00;1;2024-10-14 00:00:00;;C09.9;C77.0;I10;E78.5;I25.9;;;;;;;;;;;;;;;;S;S;S;S;S;;;;;;;;;;;;;;;;0CTPXZZ;;;;;;;;;;;;;;;;;;;;;;;;;;;;2;
e3f8814527193163;220054;8dd056ec49937a16;66;1;2024-10-13 00:00:00;2024-10-15 00:00:00;1;2024-10-14 00:00:00;;C32.1;F17.210;Z88.6;;;;;;;;;;;;;;;;;;S;S;E;;;;;;;;;;;;;;;;;;0CBR8ZX;;;;;;;;;;;;;;;;;;;;;;;;;;;;2;
39affc74d5c4d36d;220054;54c483502c5ee470;67;2;2024-10-02 00:00:00;2024-10-15 00:00:00;1;;;D56.3;D50.9;E05.20;R78.81;B96.20;Z16.12;Y95;K57.30;I42.0;F25.9;F79;Z59.3;M19.90;Z90.49;;;;;;;S;S;S;N;N;N;N;S;S;S;S;E;S;E;;;;;;;0DB68ZX;0DJD8ZZ;3E03329;;;;;;;;;;;;;;;;;;;;;;;;;;2;
d91bd6b7ae6c9bb8;220054;115e68adbf5a278e;88;2;2024-10-14 00:00:00;2024-10-17 00:00:00;1;;;K80.00;I10;E78.5;E11.9;E66.9;Z79.84;;;;;;;;;;;;;;;S;S;S;S;S;E;;;;;;;;;;;;;;;BW40ZZZ;3E033NZ;3E03329;3E0337Z;3E013VG;;;;;;;;;;;;;;;;;;;;;;;;1;
fa26175d7617cb6a;220054;d8c3b3feb76eb59e;45;2;2024-10-14 00:00:00;2024-10-18 00:00:00;1;;;N10;Z90.710;Z90.722;;;;;;;;;;;;;;;;;;S;E;E;;;;;;;;;;;;;;;;;;3E03329;;;;;;;;;;;;;;;;;;;;;;;;;;;;1;
d6c039b7ddb913b7;220054;be0978848a137997;79;2;2024-10-12 00:00:00;2024-10-18 00:00:00;1;2024-10-15 00:00:00;;S52.122A;S52.042A;W19.XXXA;;;;;;;;;;;;;;;;;;S;S;S;;;;;;;;;;;;;;;;;;0PCJ0ZZ;0RSM04Z;0RRM0JZ;BP2HZZZ;;;;;;;;;;;;;;;;;;;;;;;;;1;
34795d635961008d;220054;97910fd169c49c26;66;1;2024-10-16 00:00:00;2024-10-18 00:00:00;1;2024-10-17 00:00:00;;M18.9;;;;;;;;;;;;;;;;;;;;S;;;;;;;;;;;;;;;;;;;;0RRT0JZ;;;;;;;;;;;;;;;;;;;;;;;;;;;;2;
56540fe8b7768b0a;220054;11a06ff24bd3c9a5;42;1;2024-10-17 00:00:00;2024-10-18 00:00:00;1;2024-10-17 00:00:00;;K38.9;;;;;;;;;;;;;;;;;;;;S;;;;;;;;;;;;;;;;;;;;0DTJ4ZZ;;;;;;;;;;;;;;;;;;;;;;;;;;;;2;
e606b4ec460d9f35;220054;719deca02ca32a41;71;1;2024-10-13 00:00:00;2024-10-18 00:00:00;1;;;C34.12;C78.1;C78.2;C78.01;C79.51;I89.0;I47.1;M10.9;F17.210;;;;;;;;;;;;S;S;S;S;S;S;S;S;S;;;;;;;;;;;;BW241ZZ;0BB88ZX;3E013GC;3E033NZ;3E033GC;;;;;;;;;;;;;;;;;;;;;;;;1;
a7c60d09b9636f29;220054;d2c4a7a3602ff4fc;78;1;2024-10-14 00:00:00;2024-10-18 00:00:00;1;;;Z48.89;I21.09;I25.10;Z95.5;I10;E11.51;E66.9;L40.9;C64.1;Z90.5;Z79.620;Z59.3;Z79.4;;;;;;;;E;S;S;E;S;S;S;S;S;E;E;E;E;;;;;;;;3E033GC;;;;;;;;;;;;;;;;;;;;;;;;;;;;1;
ac0cad02ca3c92e9;220054;5d0d41da0b2216d8;36;2;2024-10-18 00:00:00;2024-10-21 00:00:00;1;;;O42.02;O70.1;O92.5;Z3A.40;Z67.10;Z37.0;;;;;;;;;;;;;;;S;N;S;E;E;E;;;;;;;;;;;;;;;10E0XZZ;0UQGXZZ;3E0R3BZ;3E033VJ;4A1HXCZ;;;;;;;;;;;;;;;;;;;;;;;;1;
1d872d0a12ee0fdd;220054;0bac947e7b84f583;53;2;2024-10-17 00:00:00;2024-10-21 00:00:00;1;2024-10-18 00:00:00;;D25.9;N92.0;I10;E67.8;;;;;;;;;;;;;;;;;S;S;S;S;;;;;;;;;;;;;;;;;0UT90ZZ;0UT70ZZ;0UT20ZZ;;;;;;;;;;;;;;;;;;;;;;;;;;2;
c4e50a05359a7619;220054;3b91fd039d4db693;44;1;2024-10-14 00:00:00;2024-10-21 00:00:00;1;;;K70.31;I85.10;D68.4;F10.21;F20.81;F17.210;F19.21;;;;;;;;;;;;;;S;S;S;S;S;S;S;;;;;;;;;;;;;;BW40ZZZ;0W9G3ZX;0W9G3ZZ;3E033GC;;;;;;;;;;;;;;;;;;;;;;;;;1;
0e011fdef8eebd05;220054;5ea66022e8990567;45;1;2024-10-18 00:00:00;2024-10-21 00:00:00;1;;;S52.572A;S52.612A;S32.018A;S32.028A;S32.038A;S32.048A;W17.89XA;Y99.0;;;;;;;;;;;;;S;S;S;S;S;S;S;S;;;;;;;;;;;;;2W3BX2Z;3E033NZ;3E0333Z;3E0337Z;3E033GC;3E013GC;;;;;;;;;;;;;;;;;;;;;;;1;
ffcb4c44d72f4e7e;220054;c23ec9bf5c44116d;30;1;2024-10-21 00:00:00;2024-10-22 00:00:00;1;2024-10-21 00:00:00;;K64.2;;;;;;;;;;;;;;;;;;;;S;;;;;;;;;;;;;;;;;;;;06BY0ZC;;;;;;;;;;;;;;;;;;;;;;;;;;;;2;
43aaa94a0c95edee;220054;512c4b86a3dfbf05;90;1;2024-10-19 00:00:00;2024-10-22 00:00:00;2;;;I44.2;I48.91;S00.83XA;W19.XXXA;I10;E78.5;E11.9;Z79.01;Z79.84;Z86.73;Z59.3;;;;;;;;;;S;S;S;S;S;S;S;E;E;E;E;;;;;;;;;;B020ZZZ;3E0F7SF;3E013VG;4A13XB1;4A12X4Z;3E013GC;0T9B70Z;;;;;;;;;;;;;;;;;;;;;;1;
71b0407ac3c6e6ac;220054;73ba02f8cb0f4244;88;1;2024-10-16 00:00:00;2024-10-22 00:00:00;1;;;J69.0;N17.9;R13.10;R33.9;I10;J44.9;C76.0;D63.0;F32.A;C79.51;C77.3;Z86.73;Z79.82;;;;;;;;S;S;S;S;S;S;S;S;S;S;S;E;E;;;;;;;;0T9B70Z;3E03329;3E0F7GC;;;;;;;;;;;;;;;;;;;;;;;;;;1;
e606b4ec460d9f35;220054;575505881392ffff;71;1;2024-10-21 00:00:00;2024-10-23 00:00:00;1;;;C34.12;C78.1;C78.2;C78.01;C79.51;I89.0;I47.1;M10.9;F17.210;;;;;;;;;;;;S;S;S;S;S;S;S;S;S;;;;;;;;;;;;;;;;;;;;;;;;;;;;;;;;;;;;;;;;2;
335798455c732e01;220054;c4fe2a20898ab3f9;71;2;2024-10-22 00:00:00;2024-10-23 00:00:00;1;2024-10-22 00:00:00;;C67.0;I10;E03.9;M81.0;Z85.528;Z90.5;;;;;;;;;;;;;;;S;S;S;S;E;E;;;;;;;;;;;;;;;0TBB8ZZ;;;;;;;;;;;;;;;;;;;;;;;;;;;;2;
78aeb65b0f097d37;220054;4b3a3d07c0cc7061;64;1;2024-10-14 00:00:00;2024-10-23 00:00:00;1;2024-10-17 00:00:00;;K40.30;K66.0;I10;E11.9;F79;R80.9;Z59.3;Z79.84;;;;;;;;;;;;;S;S;S;S;S;S;E;E;;;;;;;;;;;;;0YU64JZ;0DN84ZZ;0DNU4ZZ;BW201ZZ;0D9670Z;;;;;;;;;;;;;;;;;;;;;;;;1;
97a7255a2866965a;220054;5a4245c7883707f6;49;1;2024-10-22 00:00:00;2024-10-23 00:00:00;1;2024-10-22 00:00:00;;K40.20;E78.5;M10.9;;;;;;;;;;;;;;;;;;S;S;S;;;;;;;;;;;;;;;;;;0YUA4JZ;;;;;;;;;;;;;;;;;;;;;;;;;;;;2;
1f12a386888e67e8;220054;eb7498f11ba4d638;81;2;2024-10-18 00:00:00;2024-10-23 00:00:00;1;2024-10-18 00:00:00;;Z43.2;I10;F32.A;M81.0;M85.80;G25.0;M19.90;Z85.048;Z90.49;Z92.21;Z92.3;Z79.01;;;;;;;;;E;S;S;S;S;S;S;E;E;E;E;E;;;;;;;;;0DQB0ZZ;0WQFXZ2;;;;;;;;;;;;;;;;;;;;;;;;;;;2;
ebd7d6ce79279eda;220054;b49d1d3f053c4edb;77;1;2024-10-09 00:00:00;2024-10-24 00:00:00;1;;;I21.4;I25.10;I50.1;I50.20;I23.6;J96.90;F05;S37.30XA;R31.0;X58.XXXA;D62;F10.20;F17.210;Z89.429;Z95.820;Z79.84;I08.1;E11.51;G31.84;M06.9;S;S;S;S;S;S;N;N;N;N;N;S;S;E;E;E;S;S;S;S;B246ZZZ;4A12X4Z;4A13XB1;3E0F7SF;5A0945Z;3E0F7GC;3E033GC;3E0333Z;3E013GC;3E013VG;3E03329;0T9B70Z;;;;;;;;;;;;;;;;;1;
aaec621dc8620ea1;220054;20aff2f681c4af88;63;2;2024-10-23 00:00:00;2024-10-24 00:00:00;1;2024-10-23 00:00:00;;K43.9;E11.9;I10;J45.909;;;;;;;;;;;;;;;;;S;S;S;S;;;;;;;;;;;;;;;;;0WUF0JZ;;;;;;;;;;;;;;;;;;;;;;;;;;;;2;
096c9fac66f5626f;220054;303e836e147481e6;84;1;2024-10-20 00:00:00;2024-10-24 00:00:00;1;2024-10-21 00:00:00;;N40.0;I10;;;;;;;;;;;;;;;;;;;S;S;;;;;;;;;;;;;;;;;;;0VB04ZZ;;;;;;;;;;;;;;;;;;;;;;;;;;;;2;
fef4736c2e94b9f3;220054;f0bd1d9605ab9c90;77;1;2024-10-21 00:00:00;2024-10-24 00:00:00;1;2024-10-22 00:00:00;;K40.20;K42.9;;;;;;;;;;;;;;;;;;;S;S;;;;;;;;;;;;;;;;;;;0YUA0JZ;0WUF0JZ;;;;;;;;;;;;;;;;;;;;;;;;;;;2;
44ec2be46a0e5b81;220054;e8fe1a95a6c8525e;78;1;2024-10-11 00:00:00;2024-10-24 00:00:00;1;;;J98.8;J96.00;I50.32;I27.20;K44.9;I10;J44.9;J45.909;C61;D18.09;F10.20;Z59.3;Z99.81;Z79.01;Z79.82;;;;;;S;S;S;S;S;S;S;S;S;S;S;E;E;E;E;;;;;;4A02X4Z;3E0F7GC;3E0333Z;3E03329;;;;;;;;;;;;;;;;;;;;;;;;;1;
3e105461fba6150c;220054;10aad9355e408a4f;92;2;2024-10-22 00:00:00;2024-10-24 00:00:00;4;;;I13.0;I50.9;E11.22;N18.4;D63.1;N17.9;J96.22;E78.5;E11.3299;E11.622;I35.0;I48.21;R79.1;Z79.01;Z79.4;Z99.81;Z95.0;;;;S;S;S;S;S;S;S;S;S;S;S;S;S;E;E;E;E;;;;3E033GC;3E0F7SF;3E0337Z;3E033NZ;;;;;;;;;;;;;;;;;;;;;;;;;1;
c225d10da9601672;220054;055946acfbb383ed;95;1;2024-10-20 00:00:00;2024-10-25 00:00:00;1;;;I50.9;J98.8;E55.9;E21.1;E79.0;I48.91;I48.92;E78.5;Z95.5;Z85.46;;;;;;;;;;;S;S;S;S;S;S;S;S;E;E;;;;;;;;;;;4A02X4Z;3E033GC;3E03329;;;;;;;;;;;;;;;;;;;;;;;;;;1;
e217355fcefeeab4;220054;5604b5120be12786;81;1;2024-10-17 00:00:00;2024-10-25 00:00:00;1;;;I26.99;I11.9;I51.7;E11.9;E79.0;K76.0;K57.30;M47.9;I25.2;C80.1;Z85.89;Z92.3;Z87.891;;;;;;;;S;S;S;S;S;S;S;S;E;S;E;E;E;;;;;;;;4A02X4Z;B246ZZZ;3E013GC;;;;;;;;;;;;;;;;;;;;;;;;;;1;
89f8d91afe39ba05;220054;f267839fd7f49656;74;2;2024-09-26 00:00:00;2024-10-25 00:00:00;1;;;I26.99;Y95;J96.92;T82.7XXA;I80.8;R78.81;B95.61;A04.72;E78.5;E66.9;K44.9;E03.8;N17.9;E87.6;E87.20;N18.9;M19.90;G47.33;F32.9;I48.0;S;E;S;N;N;N;N;N;S;S;S;S;N;N;N;S;S;S;N;S;3E013GC;3E0F7SF;3E03329;0T9B70Z;5A09457;B246ZZZ;BW40ZZZ;4A12X4Z;4A13XB1;BW4FZZZ;B32SZZZ;B32TZZZ;;;;;;;;;;;;;;;;;1;
b4f33f79a96d4b9c;220054;edcebd943edbb19e;30;2;2024-10-23 00:00:00;2024-10-26 00:00:00;1;;;O70.21;O90.81;Z3A.37;Z37.0;Z67.10;;;;;;;;;;;;;;;;N;N;E;E;E;;;;;;;;;;;;;;;;10E0XZZ;3E0R3BZ;10907ZC;0DQR0ZZ;3E03329;;;;;;;;;;;;;;;;;;;;;;;;1;
8e8cf1b544e7a3a8;220054;9804fc4342016632;2;2;2024-10-26 00:00:00;2024-10-27 00:00:00;1;;;R56.00;;;;;;;;;;;;;;;;;;;;S;;;;;;;;;;;;;;;;;;;;3E0337Z;3E033NZ;;;;;;;;;;;;;;;;;;;;;;;;;;;1;
867b7b905d670790;220054;17bf4af2c9089379;65;1;2024-10-20 00:00:00;2024-10-28 00:00:00;2;;;D68.61;M32.9;L97.229;I96;F17.210;R93.422;;;;;;;;;;;;;;;S;S;S;S;S;S;;;;;;;;;;;;;;;BW251ZZ;3E0334Z;3E03329;3E0333Z;3E013GC;3E033NZ;3E013VG;;;;;;;;;;;;;;;;;;;;;;1;
5ee7c38bc2c88402;220054;c1880fd48cafc547;39;2;2024-10-21 00:00:00;2024-10-28 00:00:00;1;;;Z48.812;Z95.828;Z95.4;I97.190;I21.9;Y83.1;N17.9;I10;Z88.8;;;;;;;;;;;;E;E;E;S;S;S;S;S;E;;;;;;;;;;;;B246ZZZ;3E033GC;3E013GC;;;;;;;;;;;;;;;;;;;;;;;;;;1;
f8dff5c7469eb6ac;220054;a3b10e083d6c0ba0;100;1;2024-10-12 00:00:00;2024-10-29 00:00:00;1;;;J69.0;J96.00;I50.9;R33.9;K59.00;N17.9;D64.9;E55.9;E53.8;I48.91;E78.5;I69.359;Z79.01;;;;;;;;S;S;S;N;S;N;S;S;S;S;S;E;E;;;;;;;;3E03329;3E0333Z;3E0F7GC;3E033GC;0T9B70Z;3E0337Z;3E013GC;3E033NZ;3E1H78Z;;;;;;;;;;;;;;;;;;;;1;
f23046e25b26182b;220054;44248da114fe7e87;78;2;2024-10-19 00:00:00;2024-10-29 00:00:00;1;;;R50.9;E27.9;I48.0;E89.0;Z85.72;Z92.21;Z91.041;;;;;;;;;;;;;;S;S;S;S;E;E;E;;;;;;;;;;;;;;B246ZZZ;4A02X4Z;3E03329;3E033NZ;3E0F7GC;3E0337Z;3E013GC;;;;;;;;;;;;;;;;;;;;;;1;
7340f2f0d3b83b81;220054;148ff952a7eb3c10;56;1;2024-10-28 00:00:00;2024-10-29 00:00:00;1;2024-10-28 00:00:00;;N35.912;N40.1;R31.9;;;;;;;;;;;;;;;;;;S;S;S;;;;;;;;;;;;;;;;;;0T7D8ZZ;0TJB8ZZ;;;;;;;;;;;;;;;;;;;;;;;;;;;2;
2d44d0c895bf0907;220054;c0ca9721a2dcd722;42;1;2024-10-23 00:00:00;2024-10-29 00:00:00;1;;;B16.9;;;;;;;;;;;;;;;;;;;;S;;;;;;;;;;;;;;;;;;;;;;;;;;;;;;;;;;;;;;;;;;;;;;;;1;
a309d1c7a4d77f29;220054;91089adee25b872f;52;1;2024-10-28 00:00:00;2024-10-29 00:00:00;1;2024-10-28 00:00:00;;J34.2;J34.3;J34.89;G47.33;;;;;;;;;;;;;;;;;S;S;S;S;;;;;;;;;;;;;;;;;09SM0ZZ;09BL8ZZ;;;;;;;;;;;;;;;;;;;;;;;;;;;2;
252841befd97ca1a;220054;1113f456c6f04471;81;2;2024-10-18 00:00:00;2024-10-29 00:00:00;1;;;K11.21;I69.398;F01.50;I12.9;E11.22;N18.2;I48.91;E66.9;E78.5;F09;I42.8;K59.00;I25.2;Z95.5;Z85.038;Z79.84;Z79.02;Z79.01;Z59.3;;S;E;S;S;S;S;S;S;S;S;S;S;E;E;E;E;E;E;E;;4A02X4Z;3E03329;BW2FYZZ;3E033NZ;3E0333Z;;;;;;;;;;;;;;;;;;;;;;;;1;
ad7cb59a3b768229;220054;b3bd603b0ccc90e2;86;1;2024-10-29 00:00:00;2024-10-30 00:00:00;4;2024-10-29 00:00:00;;K40.30;A41.9;J98.8;N17.9;I12.9;N18.9;D69.6;C93.10;I48.21;J45.909;D36.10;Z79.01;Z85.46;Z92.3;Z88.0;Z88.1;;;;;S;N;N;N;S;S;S;S;S;S;S;E;E;E;E;E;;;;;0YU50JZ;3E0333Z;3E0F7GC;3E033NZ;3E0337Z;;;;;;;;;;;;;;;;;;;;;;;;1;
8583d4376f95a8d7;220054;27b05599fd14cee9;75;1;2024-10-29 00:00:00;2024-10-30 00:00:00;4;;;A41.9;R65.21;J96.90;I11.0;I50.9;I27.29;I07.1;E11.9;Z79.84;E78.5;I48.91;Z79.01;Z87.891;E79.0;J44.9;Z99.81;J84.112;B90.9;K21.9;G47.30;S;S;S;S;S;S;S;S;E;S;S;E;E;S;S;E;S;E;S;S;3E03329;3E033XZ;3E0337Z;3E033NZ;3E0333Z;3E013VG;3E0F7GC;3E0F7SF;;;;;;;;;;;;;;;;;;;;;1;
270a1de3f0eff2a8;220054;12d529a66137c855;12;2;2024-10-29 00:00:00;2024-10-31 00:00:00;1;;;R10.31;Z91.018;;;;;;;;;;;;;;;;;;;S;E;;;;;;;;;;;;;;;;;;;BW40ZZZ;3E033NZ;3E0337Z;;;;;;;;;;;;;;;;;;;;;;;;;;1;
10a8e89bc7020b48;220054;97cf71feb95e5e4f;83;2;2024-10-24 00:00:00;2024-10-31 00:00:00;1;;;I11.0;I50.22;I48.91;E11.22;N18.4;E11.319;E66.9;D50.9;E53.8;F09;I35.8;I27.20;Z79.4;Z79.84;Z88.8;;;;;;S;S;S;S;S;S;S;S;S;S;S;S;E;E;E;;;;;;3E033GC;3E033RZ;B246ZZZ;4A02X4Z;0T9B70Z;3E013GC;;;;;;;;;;;;;;;;;;;;;;;1;
479d1c5dfaff358b;220054;e8f18ce4206ff9ac;93;1;2024-10-27 00:00:00;2024-10-31 00:00:00;1;;;I82.412;I82.432;I26.99;D75.1;E04.2;E78.5;I25.10;Z14.8;;;;;;;;;;;;;S;S;S;S;S;S;S;E;;;;;;;;;;;;;B54CZZZ;B32S1ZZ;B32T1ZZ;B246ZZZ;4A02X4Z;;;;;;;;;;;;;;;;;;;;;;;;1;
3dcf857c104b9b14;220054;7a8a8b1752d760de;64;1;2024-10-23 00:00:00;2024-11-01 00:00:00;4;;;C16.8;C78.7;C77.2;K72.90;D50.0;R50.9;I50.9;T82.01XA;E78.5;F17.210;E66.3;I87.2;Z72.3;Z88.6;Z79.01;;;;;;S;S;S;S;S;N;S;S;S;S;S;S;E;E;E;;;;;;0DB68ZX;3E0F7SF;BW211ZZ;B020ZZZ;B424ZZZ;3E03329;3E033GC;3E0337Z;3E033NZ;3E0333Z;;;;;;;;;;;;;;;;;;;1;
3d38b13ecdb38779;220054;424afcb31d021b2a;68;1;2024-10-15 00:00:00;2024-11-01 00:00:00;1;2024-10-16 00:00:00;;T84.53XD;Y83.1;Z89.521;J44.9;E66.9;E78.5;E11.9;Z79.4;;;;;;;;;;;;;E;S;E;S;S;S;S;E;;;;;;;;;;;;;0SPC08Z;0SRC0JZ;;;;;;;;;;;;;;;;;;;;;;;;;;;2;
2efebd1a54661461;220054;349ee9a77b7ef93e;9;2;2024-10-30 00:00:00;2024-11-01 00:00:00;1;;;J20.9;;;;;;;;;;;;;;;;;;;;S;;;;;;;;;;;;;;;;;;;;3E0F7GC;3E0F7SF;;;;;;;;;;;;;;;;;;;;;;;;;;;1;
60392ff892b1bc25;220054;f5766dddb8525c65;27;2;2024-10-27 00:00:00;2024-11-02 00:00:00;1;2024-10-28 00:00:00;;O63.1;O72.1;O70.1;O90.81;O92.5;Z3A.38;Z37.0;Z67.40;;;;;;;;;;;;;N;N;N;N;N;E;E;E;;;;;;;;;;;;;10D07Z6;3E0R3BZ;0W8NXZZ;0W3R7ZZ;3E0H7GC;3E033VJ;3E033GC;0KQM0ZZ;4A1HXCZ;30233N1;3E0F7SF;4A12X4Z;4A133B1;4A13XR1;;;;;;;;;;;;;;;1;
0001c8be97376b21;220054;d9b27998dad034d3;62;2;2024-10-30 00:00:00;2024-11-03 00:00:00;1;2024-10-30 00:00:00;;K80.12;Z87.891;;;;;;;;;;;;;;;;;;;S;E;;;;;;;;;;;;;;;;;;;0FT44ZZ;;;;;;;;;;;;;;;;;;;;;;;;;;;;2;
7267184dab9f4ee8;220054;8a31a26d663ab08d;83;1;2024-10-16 00:00:00;2024-11-04 00:00:00;1;;;K22.2;K59.00;K57.30;T83.090A;J44.9;N40.0;Z86.11;;;;;;;;;;;;;;S;S;S;S;S;S;E;;;;;;;;;;;;;;BW2F1ZZ;BW241ZZ;0DJ08ZZ;0D738ZZ;0T25X0Z;3E013GC;3E0337Z;3E0F7GC;3E033NZ;3E0336Z;3E1H78Z;;;;;;;;;;;;;;;;;;1;
9c2d879972bb5343;220054;c1101a95852f69ae;33;2;2024-11-04 00:00:00;2024-11-05 00:00:00;1;2024-11-04 00:00:00;;O99.891;N83.511;H81.09;O34.81;N83.01;O99.281;E06.3;Z3A.09;;;;;;;;;;;;;S;S;S;S;S;S;S;E;;;;;;;;;;;;;0US04ZZ;0U9040Z;3E033NZ;3E0P7VZ;;;;;;;;;;;;;;;;;;;;;;;;;1;
9b35b8e2a13bf1e0;220054;6496ff30b9b1239b;52;1;2024-10-29 00:00:00;2024-11-05 00:00:00;1;;;Z48.812;I21.19;I25.10;I25.82;Z95.5;Z86.74;F17.210;I10;E78.5;E11.9;J44.9;Z79.4;;;;;;;;;E;S;S;S;E;E;S;S;S;S;S;E;;;;;;;;;4A12X4Z;4A13XB1;4A13XR1;3E013GC;B246ZZZ;4A02X4Z;3E0337Z;3E033NZ;3E0F7GC;;;;;;;;;;;;;;;;;;;;1;
4179806fcfd9312a;220054;2dc1976f96806936;88;1;2024-10-28 00:00:00;2024-11-05 00:00:00;1;;;R59.1;I35.0;E66.9;I10;H91.90;E11.21;E11.40;M10.9;J45.909;K21.9;M16.9;N40.1;Z79.4;Z79.84;;;;;;;S;S;S;S;S;S;S;S;S;S;S;S;E;E;;;;;;;BW241ZZ;3E0337Z;3E033GC;3E033NZ;;;;;;;;;;;;;;;;;;;;;;;;;2;
d6c26cd522236f10;220054;af350e914c6813bc;55;2;2024-11-03 00:00:00;2024-11-06 00:00:00;1;2024-11-04 00:00:00;;K80.10;I10;E03.9;M79.7;F32.A;Z88.1;;;;;;;;;;;;;;;S;S;S;S;S;E;;;;;;;;;;;;;;;0FT44ZZ;;;;;;;;;;;;;;;;;;;;;;;;;;;;2;
1cfb500752046c8f;220054;46dc5385ce3ef7ae;36;2;2024-11-04 00:00:00;2024-11-06 00:00:00;1;2024-11-05 00:00:00;;S52.512A;S52.602A;W19.XXXA;;;;;;;;;;;;;;;;;;S;S;S;;;;;;;;;;;;;;;;;;0PSJ04Z;3E033NZ;;;;;;;;;;;;;;;;;;;;;;;;;;;2;
d3490039c8cb7d03;220054;d1c2e077ece91d8a;85;2;2024-10-25 00:00:00;2024-11-06 00:00:00;1;;;I11.0;I50.33;J44.0;J20.9;E11.65;J96.12;J96.11;I27.20;I07.1;K86.1;G21.4;E03.8;E55.9;R29.6;I87.2;I69.351;F31.9;Z85.3;Z90.10;Z92.3;S;S;S;S;S;S;S;S;S;S;S;S;S;S;S;E;S;E;E;E;4A02X4Z;3E033GC;3E03329;3E0F7GC;;;;;;;;;;;;;;;;;;;;;;;;;1;
039d37491ed6e692;220054;d7e95bb8ccc3ebc4;90;2;2024-10-25 00:00:00;2024-11-07 00:00:00;1;;;J98.8;U07.1;N39.0;B96.20;Z22.322;E86.0;E87.0;I12.9;N18.9;E11.22;E78.00;G47.00;G30.9;F02.C0;F43.22;;;;;;S;S;S;S;E;S;S;S;S;S;S;S;S;S;S;;;;;;3E0337Z;3E013GC;3E03329;3E033NZ;;;;;;;;;;;;;;;;;;;;;;;;;1;
afa47fb1ccc053e4;220054;b2fde641de3183ae;50;2;2024-10-22 00:00:00;2024-11-07 00:00:00;1;;;M51.16;M51.86;;;;;;;;;;;;;;;;;;;S;S;;;;;;;;;;;;;;;;;;;3E0R33Z;3E0R3NZ;3E033NZ;3E013GC;3E0337Z;3E0333Z;;;;;;;;;;;;;;;;;;;;;;;1;
394ff1f06fe29415;220054;401917c770d329e8;60;1;2024-11-04 00:00:00;2024-11-07 00:00:00;1;;;N10;B96.20;K44.9;Z87.440;;;;;;;;;;;;;;;;;S;S;S;E;;;;;;;;;;;;;;;;;BW40ZZZ;3E03329;3E033NZ;;;;;;;;;;;;;;;;;;;;;;;;;;1;
c17b22848a32f045;220054;0277b3bb2ac0f760;77;1;2024-10-30 00:00:00;2024-11-07 00:00:00;1;;;J22;Y95;J84.112;I27.82;I82.509;K44.9;M15.9;N40.0;Z79.01;Z99.81;;;;;;;;;;;S;S;S;S;S;S;S;S;E;E;;;;;;;;;;;3E03329;3E0333Z;3E0F7GC;3E013GC;3E033GC;;;;;;;;;;;;;;;;;;;;;;;;1;
6577db9ccc3d4245;220054;89af97b061ec5a79;37;2;2024-10-30 00:00:00;2024-11-07 00:00:00;1;;;A09;K92.2;K76.89;M13.0;E55.9;L30.9;F17.210;Z79.52;Z88.6;Z88.2;;;;;;;;;;;S;S;S;S;S;S;S;E;E;E;;;;;;;;;;;BW201ZZ;0DJD8ZZ;3E033NZ;;;;;;;;;;;;;;;;;;;;;;;;;;1;
6e27486b18917958;220054;b0d2bd246dc90629;67;1;2024-11-04 00:00:00;2024-11-07 00:00:00;4;2024-11-07 00:00:00;;T81.43XA;K65.8;T81.44XA;A41.9;T81.12XA;K91.89;T81.32XA;T81.83XA;K60.4;Y83.6;L02.31;J96.90;E87.4;I49.01;K91.840;K66.1;T81.19XA;Y83.8;D62;D68.9;S;S;S;S;S;S;S;S;S;S;S;N;N;N;N;N;N;N;N;N;0D1M0Z4;0DQP0ZZ;3E1M38Z;0Y9130Z;0W9G0ZX;BW20ZZZ;0WJP8ZZ;5A1945Z;0BH17EZ;5A12012;5A19054;3E043XZ;5A2204Z;3E04329;3E04328;3E0433Z;3E043GC;3E043NZ;3E0437Z;;;;;;;;;;1;
59c51b8abac8c8fa;220054;2c4a07c1d81e83d9;59;1;2024-11-07 00:00:00;2024-11-08 00:00:00;1;2024-11-07 00:00:00;;K40.90;;;;;;;;;;;;;;;;;;;;S;;;;;;;;;;;;;;;;;;;;0YU54JZ;;;;;;;;;;;;;;;;;;;;;;;;;;;;2;
77612e1870aa7f26;220054;c0c75d75e7015441;65;1;2024-10-30 00:00:00;2024-11-08 00:00:00;1;2024-10-30 00:00:00;;S72.102A;W22.09XA;I10;E11.319;E78.5;Z79.4;Z88.6;Z86.79;;;;;;;;;;;;;S;S;S;S;S;E;E;E;;;;;;;;;;;;;0QS736Z;;;;;;;;;;;;;;;;;;;;;;;;;;;;1;
6b325c4b91160c52;220054;309b79aca11cc5c9;65;1;2024-10-21 00:00:00;2024-11-08 00:00:00;1;;;C34.01;C78.1;C78.01;C78.02;C79.2;C77.4;C79.51;D63.0;J43.9;J15.8;B96.89;I10;M06.9;F17.210;F10.21;Z59.3;;;;;S;S;S;S;S;S;S;S;S;S;S;S;S;S;S;E;;;;;BW241ZZ;0BB48ZX;0BD48ZX;3E1F88X;30233N1;3E03329;3E0F7GC;3E033NZ;3E0333Z;;;;;;;;;;;;;;;;;;;;1;
b5da9cf96025104c;220054;44a643c24ac9ebe9;65;1;2024-11-03 00:00:00;2024-11-08 00:00:00;1;2024-11-04 00:00:00;;N40.1;N13.8;N21.0;I10;E78.5;G47.33;Z99.89;;;;;;;;;;;;;;S;S;S;S;S;S;E;;;;;;;;;;;;;;0VB00ZZ;0TCB0ZZ;;;;;;;;;;;;;;;;;;;;;;;;;;;2;
f571ee0d638f365a;220054;5d2f6cac7b68baec;0;2;2024-11-06 00:00:00;2024-11-10 00:00:00;1;;;P59.0;P92.8;P07.18;P07.39;;;;;;;;;;;;;;;;;S;S;S;S;;;;;;;;;;;;;;;;;6A600ZZ;;;;;;;;;;;;;;;;;;;;;;;;;;;;1;
7f7f45cfc594e641;220054;594dcfb17688dd7c;0;1;2024-11-07 00:00:00;2024-11-10 00:00:00;1;;;P92.8;P05.03;P07.32;Q63.8;Z87.61;;;;;;;;;;;;;;;;S;S;S;E;E;;;;;;;;;;;;;;;;;;;;;;;;;;;;;;;;;;;;;;;;;;;;1;
8651ab1b363aaeea;220054;0bf9feee856ceced;19;1;2024-11-07 00:00:00;2024-11-11 00:00:00;1;;;B27.00;;;;;;;;;;;;;;;;;;;;S;;;;;;;;;;;;;;;;;;;;3E0337Z;3E033NZ;3E0333Z;;;;;;;;;;;;;;;;;;;;;;;;;;1;
63975756345cc6ee;220054;d191f2c758a45988;42;2;2024-11-07 00:00:00;2024-11-11 00:00:00;1;2024-11-07 00:00:00;;O34.211;Z30.2;Z67.40;Z3A.38;Z37.0;;;;;;;;;;;;;;;;S;E;E;E;E;;;;;;;;;;;;;;;;10D00Z1;0UB74ZZ;4A1HXCZ;;;;;;;;;;;;;;;;;;;;;;;;;;1;
0ad75e24e5196152;220054;b01a07a862a67598;90;2;2024-11-09 00:00:00;2024-11-11 00:00:00;4;;;J18.9;J96.00;F05;N17.9;I13.10;N18.31;D63.1;I50.9;I48.91;I35.0;I27.20;S06.5X0D;W06.XXXD;F41.8;Z95.5;Z95.3;Z91.09;Z79.01;Z51.5;;S;S;S;S;S;S;S;S;S;S;S;E;S;S;E;E;E;E;E;;3E03329;3E033NZ;;;;;;;;;;;;;;;;;;;;;;;;;;;1;
7bfd361ef2bbdfa0;220054;59ea0fede03cf492;11;1;2024-11-11 00:00:00;2024-11-12 00:00:00;1;;;R10.31;Z91.013;Z91.018;;;;;;;;;;;;;;;;;;S;E;E;;;;;;;;;;;;;;;;;;BW40ZZZ;;;;;;;;;;;;;;;;;;;;;;;;;;;;1;
df70af024f3535eb;220054;efddb3be6546a9c2;74;1;2024-11-11 00:00:00;2024-11-12 00:00:00;1;;;E87.5;I13.0;I50.9;N18.6;Z99.2;I48.0;J44.9;E79.0;I08.0;C61;C79.51;Z79.01;Z90.5;;;;;;;;S;S;S;S;E;S;S;S;S;S;S;E;E;;;;;;;;3E0337Z;3E033GC;3E0F7GC;3E013VG;4A02X4Z;5A1D70Z;4A13XB1;4A12X4Z;3E0F7SF;;;;;;;;;;;;;;;;;;;;1;
136f45c90e60bbb5;220054;567949753f83f6e3;36;2;2024-11-09 00:00:00;2024-11-12 00:00:00;1;;;O41.1230;O99.824;O48.0;Z3A.40;O66.0;O70.1;Z67.40;Z37.0;;;;;;;;;;;;;S;S;S;E;N;N;E;E;;;;;;;;;;;;;10D07Z7;3E033VJ;10907ZC;0KQM0ZZ;3E0R3BZ;3E03329;4A1HXCZ;;;;;;;;;;;;;;;;;;;;;;1;
89f8d91afe39ba05;220054;25f51ab005d9a685;74;2;2024-11-03 00:00:00;2024-11-12 00:00:00;1;;;A04.71;I26.99;E78.5;E66.9;K44.9;E03.8;N18.9;D63.1;G47.33;M19.90;;;;;;;;;;;S;S;S;S;S;S;S;S;S;S;;;;;;;;;;;3E03329;3E0337Z;3E0F7SF;3E013GC;3E013VJ;;;;;;;;;;;;;;;;;;;;;;;;1;
689973b2d39cb27b;220054;e097e05a85329a5a;76;1;2024-10-03 00:00:00;2024-11-12 00:00:00;1;;;R19.7;L89.159;B95.2;K22.70;E11.9;E78.5;Z87.891;N40.0;I69.920;I69.951;Z90.49;Z95.820;K44.9;Z79.82;Z59.3;;;;;;S;S;S;S;S;S;E;S;E;E;E;E;S;E;E;;;;;;BW201ZZ;0DJD8ZZ;0DBK8ZX;0DBL8ZX;0DBN8ZX;0DB38ZX;0DB98ZX;3E03329;3E03328;3E0337Z;3E013GC;3E033GC;3E0333Z;3E013VG;;;;;;;;;;;;;;;1;
cc446f72e8219efb;220054;f47a29070436f0a9;93;1;2024-10-31 00:00:00;2024-11-12 00:00:00;1;;;J18.9;J96.91;E61.1;E55.9;I50.33;I35.0;G25.0;E78.5;C90.00;C61;Z79.818;;;;;;;;;;S;S;S;S;S;S;S;S;S;S;E;;;;;;;;;;4A02X4Z;3E03329;3E0333Z;3E0F7GC;3E033GC;;;;;;;;;;;;;;;;;;;;;;;;1;
2d4e2fc7ab9adf49;220054;4750aec4c0b6e8fc;77;1;2024-11-05 00:00:00;2024-11-12 00:00:00;1;;;K63.3;D50.9;D56.3;K64.8;K64.4;K44.9;E78.5;E66.9;E79.0;N40.1;L40.59;Z79.620;;;;;;;;;S;S;S;S;S;S;S;S;S;S;S;E;;;;;;;;;0DBH8ZX;0DJ08ZZ;BW211ZZ;3E033GC;;;;;;;;;;;;;;;;;;;;;;;;;2;
b6f554293fa3b980;220054;443ec933c755840b;70;2;2024-11-12 00:00:00;2024-11-13 00:00:00;1;2024-11-12 00:00:00;;D09.0;I10;E78.5;M81.0;Z87.891;;;;;;;;;;;;;;;;S;S;S;S;E;;;;;;;;;;;;;;;;0TBB8ZZ;3E0K705;;;;;;;;;;;;;;;;;;;;;;;;;;;2;
601e723f1178133c;220054;f79507100a1e91da;92;2;2024-10-31 00:00:00;2024-11-13 00:00:00;1;;;I26.99;J18.9;J96.91;I13.0;I50.30;N18.9;E78.5;F01.50;I47.1;M06.9;I87.2;Z88.0;Z79.82;;;;;;;;S;S;S;S;S;S;S;S;S;S;S;E;E;;;;;;;;B54BZZZ;B246ZZZ;3E013GC;3E0F7GC;3E0333Z;3E0337Z;3E0F7SF;3E03329;3E033GC;3E033VJ;;;;;;;;;;;;;;;;;;;1;
616d2047a639c7c3;220054;782f1aaa10c53675;64;2;2024-10-30 00:00:00;2024-11-13 00:00:00;1;;;C79.51;C77.1;C77.0;C78.7;G83.4;C34.31;G89.3;Z79.620;Z85.72;Z92.21;Z87.891;;;;;;;;;;S;S;S;S;S;S;S;E;E;E;E;;;;;;;;;;3E0333Z;3E033NZ;3E033GC;3E0337Z;3E013GC;;;;;;;;;;;;;;;;;;;;;;;;1;
69a5f42cbc1a617a;220054;5e2c8a44d32f1253;60;2;2024-11-13 00:00:00;2024-11-13 00:00:00;1;2024-11-13 00:00:00;;M06.321;M06.322;M06.341;;;;;;;;;;;;;;;;;;S;S;S;;;;;;;;;;;;;;;;;;0JBG0ZZ;0JBH0ZZ;0JBJ0ZZ;;;;;;;;;;;;;;;;;;;;;;;;;;2;
62e57c9bd1209a37;220054;a521fe852b11aaab;74;1;2024-11-10 00:00:00;2024-11-14 00:00:00;1;2024-11-11 00:00:00;;E04.2;J39.8;E78.5;F10.10;R74.01;Z87.891;;;;;;;;;;;;;;;S;S;S;S;S;E;;;;;;;;;;;;;;;0GTH0ZZ;3E0333Z;4A13XB1;4A12X4Z;4A13XR1;4A10X4Z;;;;;;;;;;;;;;;;;;;;;;;2;
dc360d30471d1274;220054;4af59a681374ad9e;91;1;2024-11-07 00:00:00;2024-11-14 00:00:00;1;2024-11-08 00:00:00;;C16.3;C77.2;I10;I48.21;I08.0;E78.5;M35.3;M81.0;Z79.01;;;;;;;;;;;;S;S;S;S;S;S;S;S;E;;;;;;;;;;;;0DB64ZZ;0DT74ZZ;0D164ZA;0D1A4ZA;;;;;;;;;;;;;;;;;;;;;;;;;2;
669eadb062dc3f84;220054;a1c0354de2fee5e6;57;1;2024-11-14 00:00:00;2024-11-15 00:00:00;1;2024-11-14 00:00:00;;K64.4;E78.5;;;;;;;;;;;;;;;;;;;S;S;;;;;;;;;;;;;;;;;;;06BY0ZC;;;;;;;;;;;;;;;;;;;;;;;;;;;;2;
1de0f7d921c3e6df;220054;d56d5d1e14bd539b;90;2;2024-11-11 00:00:00;2024-11-15 00:00:00;1;;;J98.8;B95.3;I50.9;J96.91;N39.0;B96.20;I48.91;D49.4;F09;F41.1;Z59.3;;;;;;;;;;S;S;S;S;S;S;S;S;S;S;E;;;;;;;;;;3E03329;3E033GC;3E0F7SF;3E013GC;3E033NZ;;;;;;;;;;;;;;;;;;;;;;;;1;
4bfd2609b3e1dce7;220054;dfaaa7173edf89c7;67;2;2024-11-13 00:00:00;2024-11-15 00:00:00;1;2024-11-13 00:00:00;;K81.1;E78.5;I10;E03.8;;;;;;;;;;;;;;;;;S;S;S;S;;;;;;;;;;;;;;;;;0FT44ZZ;;;;;;;;;;;;;;;;;;;;;;;;;;;;2;
972f49af2c8615e2;220054;a6700c96849ab191;92;2;2024-11-06 00:00:00;2024-11-15 00:00:00;1;;;N17.9;T50.2X5A;I12.9;N18.9;I50.9;J98.8;I25.2;I42.0;I27.20;I34.0;I87.2;M15.9;Z79.82;Z88.0;Z59.3;Z74.09;Z66;;;;S;S;S;S;S;S;E;S;S;S;S;S;E;E;E;S;S;;;;3E0337Z;3E03329;3E0333Z;3E0F7SF;3E0F7GC;3E033NZ;3E033GC;;;;;;;;;;;;;;;;;;;;;;1;
161e40e7e5207cc7;220054;574ac6fef3f6832a;52;2;2024-11-15 00:00:00;2024-11-16 00:00:00;1;2024-11-15 00:00:00;;S52.501A;W19.XXXA;I10;E66.9;J45.909;;;;;;;;;;;;;;;;S;S;S;S;S;;;;;;;;;;;;;;;;0PSH04Z;;;;;;;;;;;;;;;;;;;;;;;;;;;;2;
ad4cf22c28ae87cb;220054;d8f9e244b5de60df;64;2;2024-11-11 00:00:00;2024-11-16 00:00:00;1;2024-11-11 00:00:00;;S42.251A;W19.XXXA;E78.5;;;;;;;;;;;;;;;;;;S;S;S;;;;;;;;;;;;;;;;;;0RSJXZZ;0PSC04Z;;;;;;;;;;;;;;;;;;;;;;;;;;;1;
37288f59054e601f;220054;058a63dd9cd7d794;52;2;2024-11-15 00:00:00;2024-11-16 00:00:00;1;2024-11-15 00:00:00;;K40.90;I87.2;;;;;;;;;;;;;;;;;;;S;S;;;;;;;;;;;;;;;;;;;0YU54JZ;;;;;;;;;;;;;;;;;;;;;;;;;;;;2;
c1439e59b0e8d3c7;220054;fe07d064baa43608;53;2;2024-11-05 00:00:00;2024-11-17 00:00:00;4;;;K80.00;I50.9;J96.90;C79.31;C77.8;Z85.3;Z90.12;Z79.69;Z79.891;;;;;;;;;;;;S;S;S;S;S;E;E;E;E;;;;;;;;;;;;BF4CZZZ;3E03329;3E0337Z;3E033NZ;3E033GC;3E013GC;;;;;;;;;;;;;;;;;;;;;;;1;
3b86140efeb3c92d;220054;88cb0ff57c3eee83;85;2;2024-11-09 00:00:00;2024-11-18 00:00:00;1;;;J45.901;I48.91;I11.0;I50.30;G31.83;F02.80;G20;I27.81;E66.9;I87.2;M81.0;Z91.09;E05.90;M15.9;E53.8;;;;;;S;S;S;S;S;S;S;S;S;S;S;E;S;S;S;;;;;;3E0F7GC;3E0333Z;3E03329;3E0F7SF;4A02X4Z;3E013GC;3E033GC;3E0337Z;;;;;;;;;;;;;;;;;;;;;1;
485898fda3f9241a;220054;f6525ffcbda80bf3;37;2;2024-11-18 00:00:00;2024-11-19 00:00:00;2;;;O62.3;O99.824;O34.83;N90.812;O70.0;;;;;;;;;;;;;;;;S;S;S;S;N;;;;;;;;;;;;;;;;10E0XZZ;0HQ9XZZ;4A1HXCZ;;;;;;;;;;;;;;;;;;;;;;;;;;1;
97081d457908a66f;220054;3cecc38652655882;85;1;2024-11-08 00:00:00;2024-11-19 00:00:00;1;;;I50.33;N17.9;E11.22;N18.9;D63.1;E66.9;R54;I48.91;R79.1;Z79.01;Z79.4;Z99.81;Z85.038;Z90.49;Z88.8;Z66;Z86.16;;;;S;S;S;S;S;S;S;S;S;E;E;E;E;E;E;S;E;;;;3E033GC;3E013GC;3E033NZ;;;;;;;;;;;;;;;;;;;;;;;;;;1;
7907ab0d46f877f8;220054;c807fe10c1be2dd1;43;2;2024-11-19 00:00:00;2024-11-19 00:00:00;1;2024-11-19 00:00:00;;M20.5X2;M77.42;;;;;;;;;;;;;;;;;;;S;S;;;;;;;;;;;;;;;;;;;0QSP04Z;0QSP04Z;0QSN04Z;;;;;;;;;;;;;;;;;;;;;;;;;;2;
8448a6d9be88a0aa;220054;afddc9f40fe51fdc;0;1;2024-11-18 00:00:00;2024-11-20 00:00:00;1;;;R56.00;K52.9;;;;;;;;;;;;;;;;;;;S;S;;;;;;;;;;;;;;;;;;;3E0337Z;;;;;;;;;;;;;;;;;;;;;;;;;;;;1;
791485cec53405f9;220054;aabedb8c18712831;87;1;2024-11-16 00:00:00;2024-11-20 00:00:00;1;;;J22;B97.29;I11.0;J96.10;I50.9;E78.5;I48.21;I35.0;E03.9;Z95.5;Z88.0;Z79.01;Z79.891;;;;;;;;S;S;S;S;S;S;S;S;S;E;E;E;E;;;;;;;;3E0F7GC;3E033GC;3E0F7SF;0T9B70Z;0TPBX0Z;3E0337Z;3E0333Z;3E013GC;;;;;;;;;;;;;;;;;;;;;1;
a2190f7c0c069d37;220054;72527b75c5258799;62;1;2024-11-04 00:00:00;2024-11-20 00:00:00;4;;;J44.0;J22;N17.9;I13.0;I50.23;N18.9;J96.02;I42.0;M79.81;E11.40;I48.91;E03.9;E78.5;F17.210;F10.20;Z79.01;Z60.2;Z95.810;Z66;Z79.4;S;S;S;S;S;S;S;S;S;S;S;S;S;S;S;E;S;E;N;E;3E03329;5A09457;3E0F7GC;3E033GC;3E0333Z;3E013GC;3E0337Z;;;;;;;;;;;;;;;;;;;;;;1;
0a6924e0a9ec0bcd;220054;2f634d91f983d46a;39;1;2024-11-17 00:00:00;2024-11-21 00:00:00;1;;;I21.4;E66.3;E78.5;F17.210;I25.2;Z95.5;Z82.49;;;;;;;;;;;;;;S;S;S;S;E;E;E;;;;;;;;;;;;;;B246ZZZ;4A02X4Z;3E013GC;4A12X4Z;4A13XB1;;;;;;;;;;;;;;;;;;;;;;;;1;
34cfa3735b432974;220054;8676099c33889077;28;2;2024-11-18 00:00:00;2024-11-21 00:00:00;1;2024-11-19 00:00:00;;O41.1230;O34.211;O99.824;O60.13X0;O69.0XX0;O90.81;Z37.0;Z3A.36;Z67.40;;;;;;;;;;;;S;S;S;S;N;N;E;E;E;;;;;;;;;;;;10D00Z1;0U7C7ZZ;3E033VJ;10907ZC;4A1HXCZ;3E03329;;;;;;;;;;;;;;;;;;;;;;;1;
e78b99ab79456cca;220054;e400a30a472fa23a;52;1;2024-11-20 00:00:00;2024-11-21 00:00:00;1;2024-11-20 00:00:00;;K43.9;E66.9;K76.0;R73.9;D75.89;E79.0;Z79.84;Z87.01;;;;;;;;;;;;;S;S;S;S;S;S;E;E;;;;;;;;;;;;;0WUF0JZ;;;;;;;;;;;;;;;;;;;;;;;;;;;;2;
a756acd0cf7db1bf;220054;e19acfaa45a9107b;67;1;2024-11-19 00:00:00;2024-11-22 00:00:00;1;2024-11-20 00:00:00;;C67.0;I10;G62.9;I73.9;E78.5;I25.2;;;;;;;;;;;;;;;S;S;S;S;S;E;;;;;;;;;;;;;;;0TBB8ZZ;;;;;;;;;;;;;;;;;;;;;;;;;;;;2;
093b1b307f7cc039;220054;fa6930bf75c3c1d4;78;2;2024-11-21 00:00:00;2024-11-22 00:00:00;1;;;I48.19;I11.0;E11.9;E78.5;E66.9;J44.9;R91.1;G47.33;Z86.19;Z91.09;Z99.89;;;;;;;;;;S;S;S;S;S;S;S;S;E;E;E;;;;;;;;;;5A2204Z;B246ZZZ;;;;;;;;;;;;;;;;;;;;;;;;;;;2;
1664c81d292cc6a4;220054;e27bfe5977612f3b;34;2;2024-11-19 00:00:00;2024-11-22 00:00:00;1;;;O48.0;O69.2XX0;O72.0;Z91.09;Z3A.41;Z67.10;Z37.0;;;;;;;;;;;;;;S;N;N;E;E;E;E;;;;;;;;;;;;;;10E0XZZ;3E0R3BZ;10907ZC;4A1HXCZ;10D17Z9;;;;;;;;;;;;;;;;;;;;;;;;1;
58bf3420b25716df;220054;122916159cd2e007;76;1;2024-11-21 00:00:00;2024-11-22 00:00:00;1;2024-11-21 00:00:00;;K40.91;I10;Z85.46;Z90.79;Z85.820;;;;;;;;;;;;;;;;S;S;E;E;E;;;;;;;;;;;;;;;;0YU54JZ;;;;;;;;;;;;;;;;;;;;;;;;;;;;2;
26c8702b908c5d92;220054;ca5d064760e8e022;80;2;2024-11-20 00:00:00;2024-11-22 00:00:00;1;;;I48.0;I44.0;I10;E78.5;I44.7;E03.9;M12.30;Z79.82;;;;;;;;;;;;;S;S;S;S;S;S;S;E;;;;;;;;;;;;;4A12X4Z;4A02X4Z;B246ZZZ;3E033RZ;3E033NZ;;;;;;;;;;;;;;;;;;;;;;;;1;
2fd56c3048a89a4e;220054;4f5206c92ff865ef;43;2;2024-11-18 00:00:00;2024-11-22 00:00:00;1;;;D50.0;D25.9;;;;;;;;;;;;;;;;;;;S;S;;;;;;;;;;;;;;;;;;;BW201ZZ;0DJD8ZZ;4A02X4Z;;;;;;;;;;;;;;;;;;;;;;;;;;1;
3bc9534f09381d9b;220054;713c03861d223094;86;2;2024-11-18 00:00:00;2024-11-23 00:00:00;1;;;E11.621;L97.529;L03.032;E11.22;I12.9;N18.9;I48.91;Z79.01;E78.5;F32.A;G40.109;Z89.422;Z79.4;Z79.82;;;;;;;S;S;S;S;S;S;S;E;S;S;S;E;E;E;;;;;;;3E03329;3E03328;3E033NZ;;;;;;;;;;;;;;;;;;;;;;;;;;1;
64835b34eebd2bb7;220054;6c4a1831167e1141;74;2;2024-11-21 00:00:00;2024-11-23 00:00:00;1;2024-11-22 00:00:00;;N99.3;N39.41;N36.2;I10;E89.0;;;;;;;;;;;;;;;;S;S;S;S;S;;;;;;;;;;;;;;;;0USG0ZZ;0JQC0ZZ;0JQC0ZZ;;;;;;;;;;;;;;;;;;;;;;;;;;2;
bc872ec14556421e;220054;1bafa3af070fe5a2;73;2;2024-11-22 00:00:00;2024-11-23 00:00:00;1;2024-11-22 00:00:00;;K81.1;I10;E11.9;E78.5;E03.9;K44.9;;;;;;;;;;;;;;;S;S;S;S;S;S;;;;;;;;;;;;;;;0FT44ZZ;;;;;;;;;;;;;;;;;;;;;;;;;;;;2;
f0ac27677d5cefd2;220054;9033db1e080790dd;36;2;2024-11-21 00:00:00;2024-11-23 00:00:00;1;;;O48.0;Z3A.40;O90.81;O69.2XX0;O26.893;Z88.6;Z67.41;Z37.0;;;;;;;;;;;;;S;E;N;N;S;S;S;E;;;;;;;;;;;;;10907ZC;3E0R3BZ;10E0XZZ;4A1HXCZ;3E0234Z;3E033VJ;;;;;;;;;;;;;;;;;;;;;;;1;
c2d798cba040771d;220054;5bf259dafb0548ef;62;2;2024-11-18 00:00:00;2024-11-25 00:00:00;1;;;J44.1;J98.8;J96.22;E87.29;I50.9;F17.210;;;;;;;;;;;;;;;S;S;S;S;S;S;;;;;;;;;;;;;;;3E0333Z;3E0F7GC;3E03329;3E0F7SF;5A09457;3E033NZ;3E033GC;3E013GC;;;;;;;;;;;;;;;;;;;;;1;
bd29a474b85e059e;220054;ceb9286911c48907;73;2;2024-11-08 00:00:00;2024-11-25 00:00:00;1;;;D64.9;R19.5;D47.2;R33.0;T40.415A;R11.0;T45.4X5A;N83.201;K44.9;K57.30;D72.10;M48.56XA;J44.9;K21.9;I10;E78.5;D50.9;E79.0;E03.9;M79.7;S;S;S;N;N;N;N;S;S;S;S;S;S;S;S;S;S;S;S;S;BW40ZZZ;BW241ZZ;BU4CZZZ;0DJD8ZZ;0DJ08ZZ;4A02X4Z;2W35X3Z;3E033GC;30233N1;;;;;;;;;;;;;;;;;;;;2;
72498f4c465a2042;220054;46d854afba225268;66;2;2024-11-19 00:00:00;2024-11-26 00:00:00;1;2024-11-20 00:00:00;;M16.12;E03.9;E21.3;Z88.0;;;;;;;;;;;;;;;;;S;S;S;E;;;;;;;;;;;;;;;;;0SRB0JA;;;;;;;;;;;;;;;;;;;;;;;;;;;;2;
e6869ebb5852eefb;220054;170e1cdd7029b191;47;1;2024-11-25 00:00:00;2024-11-26 00:00:00;1;2024-11-25 00:00:00;;R93.89;;;;;;;;;;;;;;;;;;;;S;;;;;;;;;;;;;;;;;;;;09BN8ZX;;;;;;;;;;;;;;;;;;;;;;;;;;;;2;
b3b10288aa224279;220054;a82dbd926605cea5;51;2;2024-11-26 00:00:00;2024-11-26 00:00:00;1;;;N95.0;J45.909;;;;;;;;;;;;;;;;;;;S;S;;;;;;;;;;;;;;;;;;;0UDB7ZX;;;;;;;;;;;;;;;;;;;;;;;;;;;;1;
6cbe779383726488;220054;2dae544f479e2774;75;1;2024-11-21 00:00:00;2024-11-27 00:00:00;1;;;J18.9;J96.01;D64.9;I10;E78.5;E03.9;E11.9;E79.0;G31.84;C79.31;Z85.818;Z86.73;Z87.01;Z79.84;;;;;;;S;S;S;S;S;S;S;S;S;S;E;E;E;E;;;;;;;3E03329;3E0F7GC;3E0F7SF;3E033NZ;3E0337Z;3E033GC;3E013GC;;;;;;;;;;;;;;;;;;;;;;1;
23ea9de6042f5e7e;220054;02ab6eb082f7356e;61;1;2024-11-22 00:00:00;2024-11-28 00:00:00;1;;;I21.19;I25.10;I25.82;I97.89;I21.A9;Y84.0;I10;E79.0;Z87.891;;;;;;;;;;;;S;S;S;N;N;N;S;S;E;;;;;;;;;;;;B246ZZZ;4A02X4Z;3E033GC;3E033NZ;4A13XB1;4A12X4Z;;;;;;;;;;;;;;;;;;;;;;;1;
e9fbd8489be4ef39;220054;b8f5d54186bb165f;84;2;2024-11-20 00:00:00;2024-11-28 00:00:00;1;2024-11-22 00:00:00;;S72.011A;W19.XXXA;I10;Z85.820;Z94.7;Z79.82;;;;;;;;;;;;;;;S;S;S;E;E;E;;;;;;;;;;;;;;;0SRR0J9;;;;;;;;;;;;;;;;;;;;;;;;;;;;1;
7642129247b11971;220054;23e1e0b2ad6fe33d;26;2;2024-11-27 00:00:00;2024-11-28 00:00:00;1;;;T82.858A;T86.11;N05.9;T86.12;Z99.2;N18.6;H35.039;D69.6;Q61.4;Z79.621;Z79.52;;;;;;;;;;S;S;S;S;E;S;S;S;E;E;E;;;;;;;;;;4A02X4Z;;;;;;;;;;;;;;;;;;;;;;;;;;;;2;
52269d66e7ba48ac;220054;16774ef6ee064cab;87;1;2024-11-25 00:00:00;2024-11-29 00:00:00;1;;;I63.522;R47.01;G81.91;H53.461;R29.715;I35.1;F03.90;Z59.3;Z88.8;Z91.013;;;;;;;;;;;S;S;S;S;S;S;S;E;E;E;;;;;;;;;;;B020ZZZ;B246ZZZ;4A12X4Z;3E013GC;3E0337Z;;;;;;;;;;;;;;;;;;;;;;;;1;
eec1a3e9dc9de318;220054;f69f1a4a99194c7c;81;1;2024-11-25 00:00:00;2024-11-29 00:00:00;1;;;J13;G20;G31.84;I10;M35.3;M06.9;E78.5;E03.9;N40.0;M81.0;Z87.891;;;;;;;;;;S;S;S;S;S;S;S;S;S;S;E;;;;;;;;;;3E03329;3E0F7SF;;;;;;;;;;;;;;;;;;;;;;;;;;;1;
d210a9dddb0ec047;220054;7ff38ee1017af804;59;1;2024-11-18 00:00:00;2024-11-29 00:00:00;1;;;B20;G94;G31.84;I10;I70.91;F10.20;F11.21;F17.210;F12.90;F60.9;K74.60;J43.9;A63.0;Z79.899;Z91.199;Z59.02;Z73.89;Z91.51;Z91.81;Z86.19;S;S;S;S;S;S;S;S;S;S;S;S;S;E;E;E;E;E;E;E;BW24ZZZ;B020ZZZ;;;;;;;;;;;;;;;;;;;;;;;;;;;2;
cd7c7c990ed6282b;220054;7e6695ee66e5e983;87;2;2024-11-20 00:00:00;2024-11-29 00:00:00;1;;;J18.9;J96.22;I13.0;I50.33;N18.30;N17.9;E86.0;E87.0;E53.8;E11.22;E11.42;E78.5;G20;F02.80;R13.19;G25.81;E21.3;I45.10;F41.8;K44.9;S;S;S;S;S;S;S;S;S;S;S;S;S;S;S;S;S;S;S;S;3E03329;3E0F7GC;3E033GC;3E0333Z;3E0337Z;3E013VG;3E013GC;3E0F7SF;;;;;;;;;;;;;;;;;;;;;1;
71b3909f93d3f976;220054;63c3da29b799b9bd;30;2;2024-11-28 00:00:00;2024-11-30 00:00:00;1;;;O48.0;O34.83;N90.812;O90.81;Z3A.40;Z37.0;Z67.20;Z86.13;Z86.19;;;;;;;;;;;;S;S;S;N;E;E;E;E;E;;;;;;;;;;;;10E0XZZ;4A1HXCZ;;;;;;;;;;;;;;;;;;;;;;;;;;;1;
6587b942ebd2f4a1;220054;881e9fceb10623cf;58;2;2024-11-28 00:00:00;2024-11-30 00:00:00;1;2024-11-28 00:00:00;;K80.10;I10;;;;;;;;;;;;;;;;;;;S;S;;;;;;;;;;;;;;;;;;;0FT44ZZ;;;;;;;;;;;;;;;;;;;;;;;;;;;;2;
5d8cb7b818925cd4;220054;f2855ce7b09fb667;69;1;2024-11-27 00:00:00;2024-11-30 00:00:00;1;2024-11-27 00:00:00;;N20.1;I10;G47.33;Z99.89;;;;;;;;;;;;;;;;;S;S;S;E;;;;;;;;;;;;;;;;;0T9480Z;BT4JZZZ;3E03329;;;;;;;;;;;;;;;;;;;;;;;;;;1;
7c66feecdf380a6e;220054;988ea1d0fe760d50;89;1;2024-11-26 00:00:00;2024-12-01 00:00:00;1;2024-11-27 00:00:00;;N40.1;I10;Z95.0;;;;;;;;;;;;;;;;;;S;S;E;;;;;;;;;;;;;;;;;;0VB08ZZ;;;;;;;;;;;;;;;;;;;;;;;;;;;;2;
0b1fc4e04bc0c023;220054;33828f30df9ea90e;77;1;2024-11-20 00:00:00;2024-12-02 00:00:00;5;2024-11-25 00:00:00;;S72.012A;W19.XXXA;I12.9;N18.32;K44.9;G40.909;Z86.711;Z91.09;;;;;;;;;;;;;S;E;S;S;S;S;E;E;;;;;;;;;;;;;0SRS039;3E013GC;3E033GC;3E033VJ;30233N1;3E033NZ;3E0337Z;;;;;;;;;;;;;;;;;;;;;;1;
c93e127270c3005a;220054;9c35d1fca5ea2ad1;54;1;2024-11-28 00:00:00;2024-12-03 00:00:00;1;;;K57.32;E78.1;Z88.6;Z88.8;;;;;;;;;;;;;;;;;S;S;E;E;;;;;;;;;;;;;;;;;BW24ZZZ;3E03329;3E033NZ;3E0337Z;3E013GC;;;;;;;;;;;;;;;;;;;;;;;;1;
784507fe0cd34d88;220054;dcacbce8cfe81184;68;2;2024-11-27 00:00:00;2024-12-03 00:00:00;1;2024-11-28 00:00:00;;K43.2;I10;E66.9;E21.3;F17.210;;;;;;;;;;;;;;;;S;S;S;S;S;;;;;;;;;;;;;;;;0WUF4JZ;;;;;;;;;;;;;;;;;;;;;;;;;;;;2;
a30ddd0c7a5921de;220054;a009af8b8c82b38a;42;2;2024-11-28 00:00:00;2024-12-03 00:00:00;1;2024-11-29 00:00:00;;D25.9;R03.0;;;;;;;;;;;;;;;;;;;S;N;;;;;;;;;;;;;;;;;;;0UT94ZZ;0UT74ZZ;;;;;;;;;;;;;;;;;;;;;;;;;;;2;
d56cfc63551b620d;220054;382a65db48706817;80;1;2024-11-27 00:00:00;2024-12-03 00:00:00;1;;;J18.9;D69.6;N17.9;E11.22;N18.9;C84.00;I48.91;I07.1;I27.20;D50.9;E04.2;E03.9;E78.5;N40.0;Z79.01;Z79.4;Z79.84;;;;S;S;S;S;S;S;S;S;S;S;S;S;S;S;E;E;E;;;;3E03329;;;;;;;;;;;;;;;;;;;;;;;;;;;;1;
e305455ed4379b5e;220054;20728477859d6819;31;1;2024-11-29 00:00:00;2024-12-04 00:00:00;1;;;J93.83;F17.210;;;;;;;;;;;;;;;;;;;S;S;;;;;;;;;;;;;;;;;;;0W9B30Z;0WPBX0Z;3E033NZ;;;;;;;;;;;;;;;;;;;;;;;;;;1;
2ab35b42fb8a08bf;220054;9a4b3a80d1b4999d;70;1;2024-12-03 00:00:00;2024-12-04 00:00:00;1;2024-12-03 00:00:00;;K42.9;J44.9;I10;E78.5;F32.A;L40.9;;;;;;;;;;;;;;;S;S;S;S;S;S;;;;;;;;;;;;;;;0WUF0JZ;;;;;;;;;;;;;;;;;;;;;;;;;;;;2;
a23eb959845701a7;220054;06e7aed419fbda7c;80;2;2024-11-20 00:00:00;2024-12-04 00:00:00;1;;;K91.840;Y84.8;D49.0;E27.9;I10;E78.5;E11.319;Z79.4;D50.9;E55.9;K57.30;K64.4;;;;;;;;;S;S;S;S;S;S;S;E;S;S;S;S;;;;;;;;;BW241ZZ;3E0337Z;3E033GC;3E033NZ;3E013GC;;;;;;;;;;;;;;;;;;;;;;;;1;
0e60b87c17d63fe0;220054;c514c7d668094b4c;77;2;2024-11-20 00:00:00;2024-12-04 00:00:00;1;;;L03.115;B96.5;L97.919;I87.2;G89.29;E53.8;E61.1;I10;E11.51;I70.203;E11.42;G60.8;E78.5;R76.0;N81.4;N81.6;M17.0;;;;S;S;S;S;S;S;S;S;S;S;S;S;S;S;S;S;S;;;;3E03329;3E0333Z;3E013GC;;;;;;;;;;;;;;;;;;;;;;;;;;1;
c65ea22f0d7c58de;220054;719f8d486b9a5258;47;2;2024-12-02 00:00:00;2024-12-04 00:00:00;2;;;T81.42XA;G06.0;Y83.8;C71.8;Z79.52;Z92.3;Z92.21;;;;;;;;;;;;;;S;S;S;S;E;E;E;;;;;;;;;;;;;;3E03329;B020ZZZ;;;;;;;;;;;;;;;;;;;;;;;;;;;1;
38511b56642feeef;220054;82eb5e4d3f4d18ea;70;1;2024-11-29 00:00:00;2024-12-05 00:00:00;1;;;I61.0;R27.8;I10;E78.5;E11.9;Z79.84;;;;;;;;;;;;;;;S;S;S;S;S;E;;;;;;;;;;;;;;;B020ZZZ;B020ZZZ;B020ZZZ;3E013VG;3E0337Z;;;;;;;;;;;;;;;;;;;;;;;;1;
c601bc1100c49c9d;220054;a4c5d2d308f82461;68;2;2024-11-22 00:00:00;2024-12-05 00:00:00;1;;;J47.1;K76.0;R49.1;E78.5;I87.2;G31.84;Z87.891;M81.0;F32.A;M47.816;R32;Z86.19;;;;;;;;;S;S;S;S;S;S;E;S;S;S;S;E;;;;;;;;;BW40ZZZ;BW24ZZZ;3E03329;3E0F7GC;3E0333Z;3E013GC;3E0F7SF;3E013VG;;;;;;;;;;;;;;;;;;;;;1;
6597adca00848e17;220054;a6ba526f6198df25;83;1;2024-11-27 00:00:00;2024-12-05 00:00:00;1;;;I11.0;I50.22;I48.21;J44.1;R45.1;E78.5;E11.9;N40.0;Z79.84;;;;;;;;;;;;S;S;S;S;S;S;S;S;E;;;;;;;;;;;;4A02X4Z;B246ZZZ;3E033GC;3E0F7GC;3E0333Z;3E013VG;3E013GC;3E0F7SF;;;;;;;;;;;;;;;;;;;;;1;
83b756df67e87332;220054;18530ea86c9c6e2b;96;2;2024-11-27 00:00:00;2024-12-05 00:00:00;1;;;M84.451A;K52.9;F20.0;K29.40;H25.9;I11.0;I50.9;D53.1;F05;Z22.322;Z79.82;Z59.3;Z74.09;;;;;;;;S;N;S;S;S;S;S;S;S;E;E;E;S;;;;;;;;3E033NZ;3E0337Z;3E033GC;3E013GC;;;;;;;;;;;;;;;;;;;;;;;;;1;
2fc762aa72971e36;220054;4d571bdcf3846f57;75;1;2024-12-05 00:00:00;2024-12-06 00:00:00;1;2024-12-05 00:00:00;;K40.90;K42.9;I10;J45.909;Z87.891;;;;;;;;;;;;;;;;S;S;S;S;E;;;;;;;;;;;;;;;;0YU64JZ;0WQF0ZZ;;;;;;;;;;;;;;;;;;;;;;;;;;;2;
2e92da229d09aef2;220054;48be08c6d8c811c9;58;1;2024-12-01 00:00:00;2024-12-06 00:00:00;1;2024-12-01 00:00:00;;C67.0;N17.0;N13.39;J43.9;F17.210;F10.20;;;;;;;;;;;;;;;S;S;S;S;S;S;;;;;;;;;;;;;;;0TBB8ZZ;0T9480Z;0T9330Z;BT41ZZZ;BW20ZZZ;3E0437Z;3E033NZ;3E033GC;3E013GC;3E0F7GC;;;;;;;;;;;;;;;;;;;1;
bb8ea708cec7c480;220054;58e389d10cb0bc18;24;2;2024-12-05 00:00:00;2024-12-07 00:00:00;1;;;B27.00;Z91.09;;;;;;;;;;;;;;;;;;;S;E;;;;;;;;;;;;;;;;;;;3E0337Z;3E0333Z;;;;;;;;;;;;;;;;;;;;;;;;;;;1;
71d2aa7f0ead39cb;220054;32696524aecec0e8;67;2;2024-12-04 00:00:00;2024-12-08 00:00:00;1;;;K56.50;E06.3;E03.8;K52.0;Y84.2;Z85.42;Z90.710;Z92.21;;;;;;;;;;;;;S;S;S;S;S;E;E;E;;;;;;;;;;;;;BW201ZZ;3E0DXGC;0D9670Z;3E0337Z;3E033NZ;;;;;;;;;;;;;;;;;;;;;;;;1;
e4dbdb16362a01a9;220054;23ba45cfbebf52fa;52;2;2024-12-05 00:00:00;2024-12-09 00:00:00;1;2024-12-05 00:00:00;;D25.2;N80.102;Z80.3;Z88.6;;;;;;;;;;;;;;;;;S;S;E;E;;;;;;;;;;;;;;;;;0UT90ZZ;0UT20ZZ;0UT70ZZ;;;;;;;;;;;;;;;;;;;;;;;;;;2;
877ed5191aef5d77;220054;420f43d0036fba94;0;2;2024-12-07 00:00:00;2024-12-09 00:00:00;1;;;P70.1;;;;;;;;;;;;;;;;;;;;S;;;;;;;;;;;;;;;;;;;;3E0337Z;;;;;;;;;;;;;;;;;;;;;;;;;;;;1;
ac9cde8cf898643a;220054;ca7ab64070e20b42;18;2;2024-11-27 00:00:00;2024-12-10 00:00:00;1;2024-11-29 00:00:00;;K50.013;K50.014;T81.49XA;B95.2;Z16.11;Y83.6;L71.9;Z79.1;Z88.0;;;;;;;;;;;;S;S;N;N;N;N;S;E;E;;;;;;;;;;;;0DBB4ZZ;0DTF4ZZ;BW201ZZ;;;;;;;;;;;;;;;;;;;;;;;;;;1;
56b2fe16afe34b85;220054;d7d87bfdf5e7692d;92;2;2024-12-06 00:00:00;2024-12-10 00:00:00;1;;;G45.9;R56.9;B37.0;F05;G47.00;I35.1;I51.7;E78.5;E03.8;E04.2;M81.0;F09;Z85.3;Z79.82;;;;;;;S;S;S;N;N;S;S;S;S;S;S;S;E;E;;;;;;;B020ZZZ;4A02X4Z;3E033NZ;3E0337Z;3E033GC;3E03329;;;;;;;;;;;;;;;;;;;;;;;1;
578bb7eb90964750;220054;d0491d6ae70e7cc2;69;2;2024-12-02 00:00:00;2024-12-10 00:00:00;1;;;J43.9;J22;J96.91;E66.9;I34.1;F17.210;D72.820;E78.5;M79.7;Z88.6;Z88.1;;;;;;;;;;S;S;S;S;S;S;S;S;S;E;E;;;;;;;;;;3E03329;3E0333Z;3E0F7GC;3E0F7SF;3E0337Z;;;;;;;;;;;;;;;;;;;;;;;;1;
39a26dc39aa7a49a;220054;1cbb3f9febae20ac;38;2;2024-12-10 00:00:00;2024-12-11 00:00:00;2;;;O14.13;O30.043;O99.283;E03.9;Z3A.35;Z67.40;;;;;;;;;;;;;;;S;S;S;S;E;E;;;;;;;;;;;;;;;4A13XB1;BY4GZZZ;;;;;;;;;;;;;;;;;;;;;;;;;;;1;
028d0bd2a8dd90fa;220054;051929b09cc5353b;73;1;2024-11-14 00:00:00;2024-12-11 00:00:00;1;2024-11-25 00:00:00;;T84.53XA;B96.89;E11.9;E78.00;Z88.8;;;;;;;;;;;;;;;;S;S;S;S;E;;;;;;;;;;;;;;;;0S9C0ZX;0SBC0ZZ;3E1U38Z;3E03329;3E03328;;;;;;;;;;;;;;;;;;;;;;;;1;
c8ca52bbcdb39436;220054;0e9dc917c137f986;62;1;2024-12-10 00:00:00;2024-12-12 00:00:00;1;;;I47.1;I24.9;R03.0;E79.0;K44.9;N40.0;Z87.891;;;;;;;;;;;;;;S;S;S;S;S;S;E;;;;;;;;;;;;;;B246ZZZ;4A02X4Z;;;;;;;;;;;;;;;;;;;;;;;;;;;1;
3b25324bcd1ed2cd;220054;62bc2b53ef926101;80;1;2024-11-26 00:00:00;2024-12-12 00:00:00;5;;;I11.0;I50.33;I48.21;S72.112A;M97.02XA;W19.XXXA;E11.319;E11.51;E78.5;E61.1;Z95.5;D64.9;M51.26;Z90.49;Z96.643;Z89.421;Z89.422;Z79.84;;;S;S;S;S;S;S;S;S;S;S;E;S;S;E;S;E;E;E;;;4A02X4Z;B246ZZZ;3E033GC;3E0333Z;3E0F7GC;3E033NZ;3E0337Z;3E013VG;;;;;;;;;;;;;;;;;;;;;1;
0a96b7a9f15e2c72;220054;c492daa75b4d02dc;90;1;2024-11-30 00:00:00;2024-12-12 00:00:00;1;;;R29.6;T79.6XXA;W19.XXXA;N17.9;F05;I11.0;I50.9;E11.9;E78.5;G21.4;G31.84;I25.2;Z95.5;I82.512;I82.532;Z79.01;Z79.4;Z79.84;;;S;S;S;S;S;S;S;S;S;S;S;E;E;S;S;E;E;E;;;B020ZZZ;4A02X4Z;3E0337Z;3E03329;3E013GC;3E033GC;3E033NZ;;;;;;;;;;;;;;;;;;;;;;1;
2a5c4c11d9d9c6c5;220054;ac411de910fbde78;71;1;2024-12-10 00:00:00;2024-12-12 00:00:00;1;2024-12-10 00:00:00;;D09.0;C16.0;C78.7;J44.9;E78.1;F17.210;;;;;;;;;;;;;;;S;S;S;S;S;S;;;;;;;;;;;;;;;0TBB8ZZ;;;;;;;;;;;;;;;;;;;;;;;;;;;;2;
dc2b7f96282530b9;220054;efb219e89b8d0664;71;2;2024-12-11 00:00:00;2024-12-12 00:00:00;1;2024-12-11 00:00:00;;K42.9;I10;E78.5;Z88.8;Z88.1;;;;;;;;;;;;;;;;S;S;S;E;E;;;;;;;;;;;;;;;;0WQF0ZZ;;;;;;;;;;;;;;;;;;;;;;;;;;;;2;
a633b06b49c0dc31;220054;4089cb40038b2e90;55;2;2024-12-11 00:00:00;2024-12-13 00:00:00;1;2024-12-12 00:00:00;;M18.11;G43.909;J30.9;;;;;;;;;;;;;;;;;;S;S;S;;;;;;;;;;;;;;;;;;0RRS0JZ;;;;;;;;;;;;;;;;;;;;;;;;;;;;2;
1f41ffceed4c7bef;220054;ff36e737f53a2ac8;72;1;2024-11-30 00:00:00;2024-12-13 00:00:00;1;;;I11.0;I50.33;J96.91;J44.9;I27.23;G47.33;I27.22;I48.21;E78.5;C83.19;Z87.891;Z79.01;Z99.89;;;;;;;;S;S;S;S;S;S;S;S;S;S;E;E;E;;;;;;;;4A02X4Z;3E033GC;3E0F7GC;3E0337Z;3E0F7SF;;;;;;;;;;;;;;;;;;;;;;;;1;
bc8e78f77c7173f2;220054;622beadbdc1730f6;18;2;2024-12-11 00:00:00;2024-12-13 00:00:00;1;;;J00;B34.9;G40.822;P91.60;G80.0;F79;R32;R15.9;Z99.3;;;;;;;;;;;;S;S;S;S;S;S;S;S;E;;;;;;;;;;;;3E03329;3E033NZ;3E033GC;;;;;;;;;;;;;;;;;;;;;;;;;;1;
4109a71297b5ffd7;220054;2b9b2d143fb5c7e0;49;1;2024-12-09 00:00:00;2024-12-14 00:00:00;1;2024-12-10 00:00:00;;K57.32;K63.2;E79.0;M47.816;F41.9;Z90.49;;;;;;;;;;;;;;;S;S;S;S;S;E;;;;;;;;;;;;;;;0DTN4ZZ;;;;;;;;;;;;;;;;;;;;;;;;;;;;2;
59b60d0af5892f56;220054;2ee07a96d5ead478;69;1;2024-12-11 00:00:00;2024-12-15 00:00:00;1;2024-12-12 00:00:00;;K44.9;I10;G47.33;E78.5;I25.2;F17.210;Z99.89;;;;;;;;;;;;;;S;S;S;S;E;S;E;;;;;;;;;;;;;;0DV44ZZ;0BQT4ZZ;0BQT4ZZ;;;;;;;;;;;;;;;;;;;;;;;;;;2;
e0c97e0b09b3327b;220054;0c61aa60fa59aedd;32;2;2024-12-12 00:00:00;2024-12-15 00:00:00;1;;;O48.0;Z3A.40;O99.824;O69.82X0;O99.72;L30.1;O70.0;O90.81;Z67.10;Z37.0;;;;;;;;;;;S;E;S;S;S;S;N;N;E;E;;;;;;;;;;;10E0XZZ;3E0P7VZ;0UQMXZZ;10907ZC;3E0R3BZ;4A1HXCZ;3E03329;;;;;;;;;;;;;;;;;;;;;;1;
6adf6580f71c3cdf;220054;c42db25b0c03f754;29;1;2024-12-12 00:00:00;2024-12-16 00:00:00;1;2024-12-12 00:00:00;;K35.31;R78.81;B96.1;Z16.11;;;;;;;;;;;;;;;;;S;S;S;S;;;;;;;;;;;;;;;;;0DTJ4ZZ;BW40ZZZ;3E03329;3E033NZ;3E0337Z;;;;;;;;;;;;;;;;;;;;;;;;1;
6902788b0e12feb2;220054;e1b72812e59874a4;59;1;2024-12-11 00:00:00;2024-12-16 00:00:00;1;2024-12-12 00:00:00;;K80.00;K42.9;E78.5;I10;;;;;;;;;;;;;;;;;S;S;S;S;;;;;;;;;;;;;;;;;0FT44ZZ;0WQF3ZZ;BW40ZZZ;3E03329;;;;;;;;;;;;;;;;;;;;;;;;;1;
9d8eff45ddf340a9;220054;bab3766b520fc5ae;87;2;2024-11-10 00:00:00;2024-12-16 00:00:00;1;2024-11-12 00:00:00;;S72.102A;W19.XXXA;I11.0;I50.9;J98.8;E87.1;E46;K59.00;D64.9;E55.9;E66.9;K58.9;E06.3;E03.8;;;;;;;S;S;S;N;N;N;S;S;S;S;S;S;S;S;;;;;;;0QS736Z;3E013GC;3E033NZ;3E0337Z;3E013VG;3E033GC;F07L6ZZ;F07Z9ZZ;;;;;;;;;;;;;;;;;;;;;1;
e8707b2374120625;220054;75a84e2df760098a;64;1;2024-12-06 00:00:00;2024-12-17 00:00:00;1;2024-12-06 00:00:00;;C18.7;C78.4;T81.32XA;Y83.3;C78.7;C78.6;C77.5;E11.9;Z87.891;Z79.631;Z79.620;;;;;;;;;;S;S;N;N;S;S;S;S;E;E;E;;;;;;;;;;0D1B0Z4;0WUF0JZ;BW20ZZZ;3E03329;3E0337Z;3E013VG;3E033NZ;3E013GC;3E033GC;;;;;;;;;;;;;;;;;;;;1;
72a1f1fcccdbd072;220054;260a1f71e558d1f2;70;1;2024-12-06 00:00:00;2024-12-17 00:00:00;1;2024-12-06 00:00:00;;M00.861;I10;L40.9;I11.9;;;;;;;;;;;;;;;;;S;S;S;S;;;;;;;;;;;;;;;;;3E1U48Z;0S9C3ZZ;0S9C3ZX;3E03329;3E033NZ;3E033GC;3E0337Z;3E013GC;;;;;;;;;;;;;;;;;;;;;1;
4503ead6ae1d42a2;220054;a116911426e13c78;89;1;2024-12-08 00:00:00;2024-12-17 00:00:00;1;;;A41.9;N39.0;F05;F09;E11.9;I10;Z79.01;Q21.12;Z79.4;Z86.73;I95.2;T50.905A;;;;;;;;;S;S;S;S;S;S;E;E;E;E;N;N;;;;;;;;;B020ZZZ;3E03329;3E033NZ;3E013GC;3E0337Z;;;;;;;;;;;;;;;;;;;;;;;;1;
a15d7eadff83d961;220054;75d16d74ef0b106b;87;1;2024-11-11 00:00:00;2024-12-17 00:00:00;1;;;A41.9;J98.8;J96.90;J44.9;N17.9;N18.32;D45;G30.9;F02.80;R13.10;F32.A;M81.0;Z99.81;Z59.3;Z86.16;Z87.01;Z79.01;;;;S;S;S;S;S;S;S;S;S;S;S;S;E;E;E;E;E;;;;3E03329;3E0F7GC;3E0333Z;3E0F7SF;4A02X4Z;;;;;;;;;;;;;;;;;;;;;;;;1;
f810ba18d7518ab0;220054;eb32ba2691be91ce;96;2;2024-12-12 00:00:00;2024-12-17 00:00:00;1;;;I13.0;I50.9;N17.9;N18.9;E66.3;M81.0;F43.23;Z59.3;;;;;;;;;;;;;S;S;S;S;S;S;S;E;;;;;;;;;;;;;4A02X4Z;3E033GC;3E0333Z;3E0F7GC;;;;;;;;;;;;;;;;;;;;;;;;;1;
062071f1f005b12c;220054;30311dd6c698f70e;28;2;2024-12-15 00:00:00;2024-12-17 00:00:00;1;;;O41.03X0;O99.844;O90.81;Z3A.39;Z37.0;Z67.20;;;;;;;;;;;;;;;S;S;N;E;E;E;;;;;;;;;;;;;;;10E0XZZ;3E0R3BZ;3E033VJ;4A1HXCZ;;;;;;;;;;;;;;;;;;;;;;;;;1;
f5952b50cc04cb74;220054;ab037d41dbc4dbd0;60;1;2024-12-16 00:00:00;2024-12-18 00:00:00;1;2024-12-16 00:00:00;;K42.0;;;;;;;;;;;;;;;;;;;;S;;;;;;;;;;;;;;;;;;;;0WUF0JZ;3E033NZ;3E0337Z;;;;;;;;;;;;;;;;;;;;;;;;;;1;
f2b28b44d17dff8d;220054;2b57873cf0c04e78;92;2;2024-12-13 00:00:00;2024-12-18 00:00:00;1;;;A41.9;A09;N17.9;E86.0;E87.0;R40.2113;R40.2213;R40.2313;I10;I48.20;E11.9;I69.354;Z22.322;Z59.3;Z87.440;Z79.82;Z79.4;;;;S;S;S;S;S;S;S;S;S;S;S;E;E;E;E;E;E;;;;3E03329;B020ZZZ;4A02X4Z;3E0337Z;3E013GC;3E033GC;;;;;;;;;;;;;;;;;;;;;;;1;
d19e89ca33ad4a04;220054;013ff29e8c2e8151;53;1;2024-12-13 00:00:00;2024-12-19 00:00:00;2;;;T17.918A;I46.8;G93.1;N28.0;R40.2113;R40.2213;R40.2313;I11.0;I50.9;I48.91;I45.10;E87.1;T85.528A;Y84.5;E11.9;;;;;;S;S;S;S;S;S;S;S;S;S;S;S;N;N;S;;;;;;5A12012;5A19054;5A1955Z;0BH17EZ;3E04329;3E0437Z;0DH67UZ;0DW6XUZ;3E0G76Z;3E043NZ;4A10X4Z;4A12X4Z;3E013GC;4A13XR1;0T9B70Z;B020ZZZ;3E043XZ;B246ZZZ;3E043GC;3E0F7GC;;;;;;;;;1;
d30c00e05f8aaff5;220054;f5aa96427313d171;53;1;2024-12-15 00:00:00;2024-12-19 00:00:00;1;;;J18.9;E11.9;E66.01;F17.210;Z79.84;Z79.4;;;;;;;;;;;;;;;S;S;S;S;E;E;;;;;;;;;;;;;;;3E03329;3E0333Z;;;;;;;;;;;;;;;;;;;;;;;;;;;1;
926d50b4648b3922;220054;6ff4d3d62e0d6450;90;2;2024-12-11 00:00:00;2024-12-19 00:00:00;4;;;J98.8;I13.0;I50.9;E11.22;J96.90;N18.32;Z86.73;Z59.3;E03.9;Z79.84;;;;;;;;;;;S;S;S;S;S;S;E;E;S;E;;;;;;;;;;;3E03329;3E0F7SF;3E013VG;3E013GC;3E033NZ;3E033GC;3E0337Z;;;;;;;;;;;;;;;;;;;;;;1;
30137a874b532c78;220054;a49514d8e5df1501;72;1;2024-12-10 00:00:00;2024-12-20 00:00:00;4;2024-12-19 00:00:00;;K43.3;C21.1;C79.89;E66.01;K91.71;I12.9;N18.9;E78.5;E79.0;J42;Z60.2;;;;;;;;;;S;S;S;S;N;S;S;S;S;S;S;;;;;;;;;;0DS84ZZ;0WUF4JZ;0DQ84ZZ;BW20ZZZ;0D9670Z;3E0DXGC;3E0436Z;3E033NZ;3E0337Z;3E013GC;3E033GC;;;;;;;;;;;;;;;;;;1;
64b33358710fcf36;220054;0887faa09cf3096b;87;2;2024-12-15 00:00:00;2024-12-20 00:00:00;5;2024-12-16 00:00:00;;S72.102A;W01.0XXA;Y92.009;I10;E11.9;E78.5;E79.0;K59.00;Z79.84;D64.9;Z91.81;;;;;;;;;;S;S;S;S;S;S;S;S;E;N;E;;;;;;;;;;0QS736Z;3E013VG;3E1H78Z;;;;;;;;;;;;;;;;;;;;;;;;;;1;
88ede52d3444dbb4;220054;21b085b30b6fad04;75;1;2024-12-19 00:00:00;2024-12-20 00:00:00;1;2024-12-19 00:00:00;;K40.90;I10;K20.90;;;;;;;;;;;;;;;;;;S;S;S;;;;;;;;;;;;;;;;;;0YU54JZ;;;;;;;;;;;;;;;;;;;;;;;;;;;;2;
c7aaf6c69aaee790;220054;bc71678fd0d619ac;0;2;2024-12-18 00:00:00;2024-12-20 00:00:00;1;;;P55.1;;;;;;;;;;;;;;;;;;;;S;;;;;;;;;;;;;;;;;;;;6A600ZZ;;;;;;;;;;;;;;;;;;;;;;;;;;;;1;
9f835f66e5833604;220054;f3d4eb2517375985;72;2;2024-12-08 00:00:00;2024-12-20 00:00:00;1;;;I13.0;I50.9;E11.22;N18.9;N17.9;J44.9;G47.33;I27.23;I27.82;I27.24;I48.91;I44.7;I87.2;E66.01;M17.9;Z99.89;Z74.09;Z85.72;Z85.3;Z92.21;S;S;S;S;S;S;S;S;S;S;S;S;S;S;S;E;S;E;E;E;3E033GC;0T9B70Z;3E033NZ;;;;;;;;;;;;;;;;;;;;;;;;;;1;
39c3e41667af0c8e;220054;a2d99e2378e61987;26;2;2024-12-16 00:00:00;2024-12-20 00:00:00;1;;;J18.9;R82.71;B95.3;M32.9;I73.00;D50.9;E66.01;G43.909;Z79.52;;;;;;;;;;;;S;S;S;S;S;S;S;S;E;;;;;;;;;;;;3E03329;3E0333Z;3E013GC;;;;;;;;;;;;;;;;;;;;;;;;;;1;
ba3dfae3f2b15550;220054;9ec20ff3f4c7a7a0;76;1;2024-12-15 00:00:00;2024-12-20 00:00:00;1;2024-12-16 00:00:00;;D09.0;N13.30;I25.2;I48.91;J44.9;I11.9;Z95.5;Z79.01;;;;;;;;;;;;;S;S;E;S;S;S;E;E;;;;;;;;;;;;;0TBB8ZZ;;;;;;;;;;;;;;;;;;;;;;;;;;;;2;
60702b51fc7a63c2;220054;4d7c7923d2f42669;100;2;2024-12-09 00:00:00;2024-12-20 00:00:00;1;;;N39.0;R78.81;B96.20;J20.9;J96.01;N17.9;E46;K83.1;E11.65;T38.0X5A;K52.1;T36.95XA;I10;E78.5;D64.9;F09;F42.9;Z86.73;Z59.3;Z79.4;S;S;S;S;S;S;S;S;S;S;N;N;S;S;S;S;S;E;E;E;3E03329;3E0F7SF;4A02X4Z;0T9B70Z;3E0337Z;3E0F7GC;3E033NZ;3E0333Z;3E013GC;;;;;;;;;;;;;;;;;;;;1;
6f7cbefcb9e31605;220054;99663f3eda7c8ef2;68;1;2024-12-20 00:00:00;2024-12-21 00:00:00;1;2024-12-20 00:00:00;;Z46.6;N20.0;I10;E78.5;Z85.038;Z87.891;;;;;;;;;;;;;;;E;S;S;S;E;E;;;;;;;;;;;;;;;0TP580Z;0T9380Z;;;;;;;;;;;;;;;;;;;;;;;;;;;2;
345101b535b9cf42;220054;1ff5655d660d1b5d;48;2;2024-12-19 00:00:00;2024-12-21 00:00:00;1;2024-12-20 00:00:00;;D39.11;Z85.3;Z97.8;Z92.21;;;;;;;;;;;;;;;;;S;E;E;E;;;;;;;;;;;;;;;;;0UT24ZZ;0UT74ZZ;;;;;;;;;;;;;;;;;;;;;;;;;;;2;
0040e00c0de54fa2;220054;af6cb1a68315e105;57;1;2024-12-12 00:00:00;2024-12-21 00:00:00;2;;;T81.9XXA;Y83.6;E78.5;E66.9;N18.9;I87.2;K22.70;Z90.49;;;;;;;;;;;;;S;S;S;S;S;S;S;E;;;;;;;;;;;;;BW201ZZ;BW201ZZ;3E03329;3E033NZ;3E0337Z;;;;;;;;;;;;;;;;;;;;;;;;1;
179e9e26d99f7cd8;220054;d3cbd8c61c8d4d18;41;2;2024-12-19 00:00:00;2024-12-22 00:00:00;1;;;O99.02;O99.284;E55.9;O99.12;D69.6;O48.0;O77.0;O70.1;Z3A.40;Z37.0;Z67.40;;;;;;;;;;S;S;S;S;S;S;N;N;E;E;E;;;;;;;;;;10E0XZZ;3E0R3BZ;0W8NXZZ;0KQM0ZZ;4A1HXCZ;;;;;;;;;;;;;;;;;;;;;;;;1;
29ae3f19f3fd5254;220054;afa974b2843f0897;69;2;2024-12-07 00:00:00;2024-12-22 00:00:00;1;;;K55.9;N39.0;M05.9;M81.0;I10;E78.5;E89.0;R92.8;Z85.038;Z90.49;;;;;;;;;;;S;S;S;S;S;S;S;S;E;E;;;;;;;;;;;0DBL8ZX;0DBM8ZX;BW40ZZZ;BW251ZZ;BH01ZZZ;BH42ZZZ;3E03329;3E0337Z;3E033NZ;3E013GC;;;;;;;;;;;;;;;;;;;1;
362379a1dfc6a638;220054;10466594a52580d5;41;2;2024-12-19 00:00:00;2024-12-22 00:00:00;1;2024-12-20 00:00:00;;D25.9;Z78.0;E11.9;I10;;;;;;;;;;;;;;;;;S;E;S;S;;;;;;;;;;;;;;;;;0UT94ZZ;0UT24ZZ;0UT74ZZ;;;;;;;;;;;;;;;;;;;;;;;;;;2;
1a8fb9beae7f2c9d;220054;528001b4d68a4b28;50;1;2024-12-18 00:00:00;2024-12-23 00:00:00;1;;;L03.115;;;;;;;;;;;;;;;;;;;;S;;;;;;;;;;;;;;;;;;;;3E03329;B54BZZZ;3E033NZ;3E0337Z;3E013GC;3E033GC;;;;;;;;;;;;;;;;;;;;;;;1;
9002f582af4a34d3;220054;ca6e2db6c0696dbb;46;1;2024-12-18 00:00:00;2024-12-23 00:00:00;1;;;K85.90;R74.01;E78.1;F10.21;F17.210;;;;;;;;;;;;;;;;S;S;S;S;S;;;;;;;;;;;;;;;;BW40ZZZ;4A02X4Z;3E013GC;3E033NZ;;;;;;;;;;;;;;;;;;;;;;;;;1;
86ea5634115a6186;220054;533cd1c55aaea1fc;91;2;2024-12-17 00:00:00;2024-12-23 00:00:00;1;;;I13.0;I50.9;N18.4;J98.8;I35.1;E78.5;E03.9;I48.20;Z79.01;Z86.16;Z59.3;;;;;;;;;;S;S;S;S;S;S;S;S;E;E;E;;;;;;;;;;3E033GC;3E03329;3E0333Z;3E033NZ;3E0337Z;3E013GC;;;;;;;;;;;;;;;;;;;;;;;1;
b3781ec1b806762f;220054;41cb8430d2367c0c;32;1;2024-12-16 00:00:00;2024-12-23 00:00:00;1;;;A86;F05;;;;;;;;;;;;;;;;;;;S;S;;;;;;;;;;;;;;;;;;;B020ZZZ;009U3ZX;5A1945Z;0BH17EZ;0DH67UZ;3E0G76Z;3E043GC;3E04329;3E043NZ;4A10X4Z;4A12X4Z;4A13XR1;4A13XB1;;;;;;;;;;;;;;;;1;
f9b67b06ae1db393;220054;9e789899f235cc35;91;2;2024-12-13 00:00:00;2024-12-23 00:00:00;4;;;K56.600;I11.0;I50.9;N17.9;Q61.02;N18.4;A41.9;R65.20;J96.00;I48.91;K44.9;Z66;;;;;;;;;S;S;S;S;E;S;N;N;N;S;S;S;;;;;;;;;BW21ZZZ;0D9670Z;3E03329;3E0337Z;3E033NZ;3E0DXGC;3E0F7GC;3E033GC;3E013GC;3E013VJ;;;;;;;;;;;;;;;;;;;1;
0a85c540c13b0d32;220054;e6ec97f283366701;77;1;2024-12-20 00:00:00;2024-12-24 00:00:00;1;;;K52.1;T45.1X5A;E87.6;C20;I10;E11.9;E78.5;Z79.4;Z79.84;Z86.73;Z88.6;;;;;;;;;;S;S;S;S;S;S;S;E;E;E;E;;;;;;;;;;BW241ZZ;3E0337Z;3E033NZ;3E033GC;3E013GC;;;;;;;;;;;;;;;;;;;;;;;;1;
5ca5139bc68cdd16;220054;f254d49edde76531;38;2;2024-12-22 00:00:00;2024-12-24 00:00:00;1;;;O24.424;O69.82X0;O70.0;O90.81;Z3A.38;Z37.0;Z67.20;;;;;;;;;;;;;;S;S;N;N;E;E;E;;;;;;;;;;;;;;10E0XZZ;3E0R3BZ;10907ZC;0UQGXZZ;4A1HXCZ;;;;;;;;;;;;;;;;;;;;;;;;1;
0685d7e62aefc56f;220054;9309cc000569c5ce;11;1;2024-12-19 00:00:00;2024-12-24 00:00:00;1;;;B02.21;F90.9;;;;;;;;;;;;;;;;;;;S;S;;;;;;;;;;;;;;;;;;;3E03329;3E0333Z;3E033NZ;3E0337Z;3E033GC;;;;;;;;;;;;;;;;;;;;;;;;1;
f5bef57ec4cece00;220054;105316691567aa3b;83;2;2024-12-23 00:00:00;2024-12-24 00:00:00;1;2024-12-23 00:00:00;;C50.212;Z17.1;I10;;;;;;;;;;;;;;;;;;S;E;S;;;;;;;;;;;;;;;;;;0HBU0ZZ;07B60ZX;3E013KZ;0HHU3YZ;BH41ZZZ;;;;;;;;;;;;;;;;;;;;;;;;2;
3712a646f0fda672;220054;4de5251abd6922bd;33;2;2024-12-22 00:00:00;2024-12-26 00:00:00;1;;;O42.02;O99.284;E03.9;O48.0;Z3A.40;O70.0;O90.81;Z67.41;Z37.0;;;;;;;;;;;;S;S;S;S;E;N;N;E;E;;;;;;;;;;;;10E0XZZ;3E0P7VZ;0UQGXZZ;3E0R3BZ;4A1HXCZ;;;;;;;;;;;;;;;;;;;;;;;;1;
4d3e4e7be9596178;220054;76311b303b298b2b;70;1;2024-12-23 00:00:00;2024-12-26 00:00:00;1;;;S75.011D;S72.101D;X58.XXXD;I82.509;I27.82;Z79.01;Z59.3;;;;;;;;;;;;;;E;E;S;S;S;E;E;;;;;;;;;;;;;;3E033NZ;3E013GC;3E0337Z;;;;;;;;;;;;;;;;;;;;;;;;;;1;
4696323bd0487823;220054;4d8620b32abb5044;89;1;2024-12-20 00:00:00;2024-12-27 00:00:00;4;;;J18.9;J69.0;J96.00;R13.19;E11.22;N18.4;I10;F32.A;F03.B0;Z59.3;Z99.81;Z79.84;Z79.4;;;;;;;;S;N;N;S;S;S;S;S;S;E;E;E;E;;;;;;;;3E03329;3E0F7GC;3E0337Z;3E033GC;3E0333Z;3E033NZ;;;;;;;;;;;;;;;;;;;;;;;1;
e688abc5cf3a1048;220054;62bf539ce04412c6;35;2;2024-12-20 00:00:00;2024-12-27 00:00:00;1;;;O21.1;E87.6;Z3A.13;;;;;;;;;;;;;;;;;;S;S;E;;;;;;;;;;;;;;;;;;BY49ZZZ;3E0337Z;;;;;;;;;;;;;;;;;;;;;;;;;;;1;
d7f927572e8534bc;220054;33c37c979ca5759c;52;2;2024-11-11 00:00:00;2024-12-27 00:00:00;1;;;A41.9;R65.20;N17.9;E87.1;C78.6;Z85.048;Z90.49;I25.2;K76.0;Z92.3;K57.30;Z88.1;F17.210;Z90.710;Z90.722;;;;;;S;S;S;S;S;E;E;E;S;E;S;E;S;E;E;;;;;;BW40ZZZ;BW20ZZZ;4A12X4Z;4A13XB1;0D9670Z;3E03329;3E0337Z;3E04305;3E033NZ;30233N1;3E013GC;3E033GC;3E1H78Z;;;;;;;;;;;;;;;;1;
b4aad90c5de62650;220054;0ce988456ce8efb3;72;2;2024-12-21 00:00:00;2024-12-27 00:00:00;1;;;I21.4;I25.42;I10;E78.5;K44.9;M79.7;F32.A;Z91.041;;;;;;;;;;;;;S;S;S;S;S;S;S;E;;;;;;;;;;;;;B246ZZZ;3E013GC;;;;;;;;;;;;;;;;;;;;;;;;;;;1;
7c26470ba33f121a;220054;916409e9c9288a86;72;1;2024-12-20 00:00:00;2024-12-27 00:00:00;1;;;J43.8;J98.8;B97.4;I27.20;R91.8;I10;E78.5;N40.1;N39.3;F10.21;Z87.891;Z99.81;Z79.52;;;;;;;;S;S;S;S;S;S;S;S;S;S;E;E;E;;;;;;;;3E03329;3E0F7SF;3E0F7GC;;;;;;;;;;;;;;;;;;;;;;;;;;1;
bdb17ca6986402d6;220054;4444992144b0d247;87;2;2024-12-11 00:00:00;2024-12-27 00:00:00;4;;;I11.0;I50.9;J96.90;I48.91;E66.9;J98.8;J47.9;K56.7;J45.909;;;;;;;;;;;;S;S;S;S;S;S;S;N;S;;;;;;;;;;;;3E033GC;3E0333Z;3E0F7GC;3E03329;3E033NZ;3E0F7SF;3E013GC;3E1H78Z;;;;;;;;;;;;;;;;;;;;;1;
f8fc2e1eed9658ba;220054;55cd1b2d16393c03;67;2;2024-12-27 00:00:00;2024-12-29 00:00:00;1;2024-12-27 00:00:00;;N20.0;K64.9;L82.1;M54.30;F32.A;;;;;;;;;;;;;;;;S;S;S;S;S;;;;;;;;;;;;;;;;0TF48ZZ;0T9480Z;;;;;;;;;;;;;;;;;;;;;;;;;;;2;
fe2394228380486d;220054;c9591609a55dbb59;61;1;2024-12-27 00:00:00;2024-12-31 00:00:00;1;;;J22;I48.91;J96.20;B97.4;Z87.891;;;;;;;;;;;;;;;;S;S;S;S;E;;;;;;;;;;;;;;;;3E03329;3E033NZ;4A02X4Z;3E0333Z;3E033GC;3E0F7GC;;;;;;;;;;;;;;;;;;;;;;;1;
b1f7793099392742;220054;75ca71820c91bcab;1;1;2024-12-30 00:00:00;2024-12-31 00:00:00;1;;;J04.0;;;;;;;;;;;;;;;;;;;;S;;;;;;;;;;;;;;;;;;;;3E0F7GC;;;;;;;;;;;;;;;;;;;;;;;;;;;;1;
0f88bc9e785207e7;220054;ce137b43667acf8c;52;2;2024-12-20 00:00:00;2024-12-31 00:00:00;1;2024-12-20 00:00:00;;D35.1;E21.0;C73;C77.0;E78.5;E89.2;Y83.6;;;;;;;;;;;;;;S;S;S;S;S;N;N;;;;;;;;;;;;;;0GTL0ZZ;0GTN0ZZ;0GTH0ZZ;0GTJ0ZZ;07B10ZZ;3E0337Z;4A12X4Z;4A13XB1;0T9B70Z;;;;;;;;;;;;;;;;;;;;2;
a23eb959845701a7;220054;552171c26671795a;80;2;2024-12-25 00:00:00;2024-12-31 00:00:00;1;2024-12-26 00:00:00;;C18.2;E27.9;I10;E78.5;E11.319;Z79.4;D50.9;E55.9;K57.30;K64.4;;;;;;;;;;;S;S;S;S;S;E;S;S;S;S;;;;;;;;;;;0DTF4ZZ;;;;;;;;;;;;;;;;;;;;;;;;;;;;2;
079c698b0d805e4e;220105;ca36bc94b793dc94;94;2;2024-10-08 00:00:00;2024-11-06 00:00:00;1;;;I11.0;I50.9;J18.9;J96.90;R33.9;R64;M62.84;R54;F05;G24.3;E11.9;J84.112;I48.91;E03.8;F03.90;Z79.4;Z79.01;Z99.81;;;S;S;S;S;S;S;S;S;N;S;S;S;S;S;S;E;E;E;;;3E0F7SF;3E03329;3E033NZ;3E0337Z;3E0F7GC;3E033GC;;;;;;;;;;;;;;;;;;;;;;;1;
7fbbf78d999acf9a;220105;9595a7fb0540330d;75;2;2024-10-18 00:00:00;2024-11-07 00:00:00;1;;;I69.354;I12.9;E11.22;N18.4;E78.5;I48.0;E66.9;G47.33;K90.0;Z99.89;Z79.01;Z79.84;;;;;;;;;E;S;S;S;S;S;S;S;S;E;E;E;;;;;;;;;B020ZZZ;F0727ZZ;F0717ZZ;3E013GC;;;;;;;;;;;;;;;;;;;;;;;;;1;
f2d0cbb0ea6895dc;220105;3cb6610297956ff7;61;2;2024-11-14 00:00:00;2024-11-29 00:00:00;1;;;I69.351;I10;E11.9;E66.9;Z79.4;Z79.84;;;;;;;;;;;;;;;E;S;S;S;E;E;;;;;;;;;;;;;;;F0727ZZ;F0717ZZ;;;;;;;;;;;;;;;;;;;;;;;;;;;1;
7e0986dedc96dee3;220105;95bdf4fc18d849b7;78;1;2024-11-14 00:00:00;2024-11-29 00:00:00;1;;;Z48.815;Z48.3;R10.9;Z85.038;F01.50;I10;E78.5;E11.9;Z93.3;Z90.49;Z85.46;Z92.3;;;;;;;;;E;E;N;E;S;S;S;S;E;E;E;E;;;;;;;;;BW201ZZ;3E03329;B020ZZZ;3E0333Z;3E013GC;;;;;;;;;;;;;;;;;;;;;;;;1;
c0f72175cf56cc7e;220105;66eac9358899d89b;82;1;2024-11-29 00:00:00;2024-12-17 00:00:00;1;;;Z48.815;C61;Z93.3;K59.00;M10.079;J20.9;Y95;I48.91;C20;G91.2;Z79.60;Z79.818;Z79.01;Z87.891;Z88.0;;;;;;E;S;E;S;N;N;N;S;S;S;E;E;E;E;E;;;;;;F07M3ZZ;3E0333Z;3E0F7GC;3E033GC;3E0337Z;3E013GC;3E033NZ;;;;;;;;;;;;;;;;;;;;;;1;
c101395366f9b97a;220105;a9d2e438eb986fd1;87;1;2024-12-03 00:00:00;2024-12-23 00:00:00;1;;;S72.012D;W19.XXXD;Z96.642;I10;I48.91;D53.1;C61;Z87.891;Z79.01;Z85.51;M19.90;;;;;;;;;;E;E;S;S;S;S;S;E;E;E;S;;;;;;;;;;F07L6ZZ;F07Z9ZZ;;;;;;;;;;;;;;;;;;;;;;;;;;;1;
b4c91ba523cac7af;220054;bf5de2e081969759;93;2;2024-09-25 00:00:00;2024-10-01 00:00:00;1;;;J18.9;Y95;C20;C78.7;G31.84;I10;E78.5;E79.0;F32.A;Z86.73;Z85.038;;;;;;;;;;S;S;S;S;S;S;S;S;S;E;E;;;;;;;;;;3E03329;3E0F7SF;B32S1ZZ;B32T1ZZ;3E0337Z;3E0F7GC;3E033GC;3E013GC;3E033NZ;;;;;;;;;;;;;;;;;;;;1;
e7378943df5ea7bb;220054;07ee9b4f362f528a;75;1;2024-09-24 00:00:00;2024-10-01 00:00:00;1;;;K20.91;K44.9;K60.2;I10;I42.2;I48.21;E78.5;G20;F32.A;Z79.01;;;;;;;;;;;S;S;S;S;S;S;S;S;S;E;;;;;;;;;;;4A02X4Z;0DJ08ZZ;30233N1;;;;;;;;;;;;;;;;;;;;;;;;;;1;
208b3112782e46e8;220054;daa1b09d50e9a649;56;2;2024-09-30 00:00:00;2024-10-01 00:00:00;1;2024-09-30 00:00:00;;K41.30;I10;I34.1;I08.1;G43.909;F41.8;;;;;;;;;;;;;;;S;S;S;S;S;S;;;;;;;;;;;;;;;0YU70JZ;3E033NZ;3E0337Z;;;;;;;;;;;;;;;;;;;;;;;;;;1;
eaf7d41ea72b2a81;220054;48d86d6f35426714;79;1;2024-09-25 00:00:00;2024-10-02 00:00:00;1;;;N39.0;B96.5;Z16.24;I11.0;I50.9;I48.91;Z79.01;J44.9;Z95.2;G25.0;E05.90;M47.9;M51.36;M51.27;K59.00;R13.10;Z90.49;Z96.0;;;S;S;S;S;S;S;E;S;E;S;S;S;S;S;S;S;E;S;;;3E03329;3E033GC;0T2BX0Z;;;;;;;;;;;;;;;;;;;;;;;;;;2;
9e1f8bd895d4cd5e;220054;75b60dd1d84434c1;92;2;2024-09-24 00:00:00;2024-10-02 00:00:00;1;;;N39.0;B95.2;B96.20;Z16.12;J98.8;K56.41;M62.3;R32;I10;I48.91;F03.90;F43.21;F05;Z79.01;;;;;;;S;S;S;S;S;S;S;S;S;S;S;S;S;E;;;;;;;3E03329;3E0F7GC;3E1H78Z;3E0337Z;3E033NZ;3E033GC;3E013GC;;;;;;;;;;;;;;;;;;;;;;1;
10ea6b462df0cbcb;220054;7f51d3165791543a;12;1;2024-10-02 00:00:00;2024-10-02 00:00:00;1;;;Z00.70;Z00.71;;;;;;;;;;;;;;;;;;;E;E;;;;;;;;;;;;;;;;;;;;;;;;;;;;;;;;;;;;;;;;;;;;;;;2;
93a1a39cdf2fe894;220054;14ecf7f6dc139b29;95;2;2024-09-29 00:00:00;2024-10-02 00:00:00;1;;;I11.0;I50.9;T50.A95A;D64.9;I48.91;E87.6;F09;H40.9;Z86.73;Z59.3;;;;;;;;;;;S;S;S;S;S;S;S;S;E;E;;;;;;;;;;;3E033NZ;3E033GC;3E013GC;;;;;;;;;;;;;;;;;;;;;;;;;;1;
b349c0b02d766636;220054;fb43eff2a62f2b87;14;1;2024-10-02 00:00:00;2024-10-03 00:00:00;1;2024-10-02 00:00:00;;S82.392D;X58.XXXD;;;;;;;;;;;;;;;;;;;E;E;;;;;;;;;;;;;;;;;;;0QPH34Z;;;;;;;;;;;;;;;;;;;;;;;;;;;;2;
0c73e800f5a09c93;220054;45375d488a239d87;66;1;2024-10-01 00:00:00;2024-10-03 00:00:00;1;2024-10-02 00:00:00;;M23.306;M17.11;;;;;;;;;;;;;;;;;;;S;S;;;;;;;;;;;;;;;;;;;0SBC4ZZ;0SBC4ZZ;;;;;;;;;;;;;;;;;;;;;;;;;;;2;
574de8cbef23b321;220054;39b1f8060c42b496;83;1;2024-09-26 00:00:00;2024-10-03 00:00:00;1;;;J44.0;J18.9;D84.9;C18.6;C78.5;C78.7;C79.51;C77.1;C77.2;K59.03;T40.605A;N99.114;Y84.2;Z88.8;;;;;;;S;S;S;S;S;S;S;S;S;S;S;S;S;E;;;;;;;3E03329;3E033NZ;3E013GC;3E0337Z;3E0F7GC;3E033GC;3E013VG;;;;;;;;;;;;;;;;;;;;;;1;
cdf866e0931c8264;220054;901865a566bd9455;51;1;2024-10-02 00:00:00;2024-10-03 00:00:00;1;2024-10-02 00:00:00;;K64.9;D17.1;;;;;;;;;;;;;;;;;;;S;S;;;;;;;;;;;;;;;;;;;06BY0ZC;0JB80ZZ;;;;;;;;;;;;;;;;;;;;;;;;;;;2;
1f12a386888e67e8;220054;4c17ee2c72f41682;81;2;2024-09-26 00:00:00;2024-10-03 00:00:00;1;;;N17.9;E86.0;E87.1;E87.5;E83.42;K94.19;R19.7;Y83.3;I10;E78.5;E03.9;F32.A;M81.0;M85.80;G25.0;M19.90;Z85.048;Z90.49;Z92.21;Z92.3;S;S;S;S;S;S;S;S;S;S;S;S;S;S;S;S;E;E;E;E;3E0337Z;;;;;;;;;;;;;;;;;;;;;;;;;;;;1;
b5da43a02674d3f4;220054;78c370ac422e4033;34;2;2024-10-01 00:00:00;2024-10-04 00:00:00;1;;;O89.4;O90.81;R90.89;;;;;;;;;;;;;;;;;;S;S;S;;;;;;;;;;;;;;;;;;B020ZZZ;3E033NZ;3E0333Z;30233N1;;;;;;;;;;;;;;;;;;;;;;;;;1;
15b1dd565860c9bc;220054;ec942e88c7c07a54;85;1;2024-09-20 00:00:00;2024-10-04 00:00:00;1;;;C78.01;J93.12;C79.51;Z51.5;I10;E78.5;Z85.51;E79.0;Z99.81;;;;;;;;;;;;S;S;S;E;S;S;E;S;E;;;;;;;;;;;;3E033NZ;3E0337Z;;;;;;;;;;;;;;;;;;;;;;;;;;;1;
133e6877deb9adb3;220054;4bacd8fe6c5dd4e1;56;2;2024-10-04 00:00:00;2024-10-04 00:00:00;1;2024-10-04 00:00:00;;N87.1;R87.810;B97.7;E03.9;D50.9;;;;;;;;;;;;;;;;S;S;S;S;S;;;;;;;;;;;;;;;;0UBC7ZZ;;;;;;;;;;;;;;;;;;;;;;;;;;;;2;
354bb10d35334b7b;220054;27fd5362e678b8f0;4;2;2024-10-02 00:00:00;2024-10-05 00:00:00;1;;;J04.0;;;;;;;;;;;;;;;;;;;;S;;;;;;;;;;;;;;;;;;;;3E0333Z;3E0F7GC;3E0337Z;;;;;;;;;;;;;;;;;;;;;;;;;;1;
ad21d24ce0bac798;220054;28d09769ae9b74cc;56;1;2024-10-03 00:00:00;2024-10-06 00:00:00;1;2024-10-04 00:00:00;;M23.612;M23.304;I10;Z86.19;;;;;;;;;;;;;;;;;S;S;S;E;;;;;;;;;;;;;;;;;0MRP47Z;0SBD4ZZ;;;;;;;;;;;;;;;;;;;;;;;;;;;2;
beb06af8bd5c6885;220054;dadd8feaa3b5c30c;6;1;2024-10-03 00:00:00;2024-10-06 00:00:00;1;;;J20.0;J96.00;;;;;;;;;;;;;;;;;;;S;S;;;;;;;;;;;;;;;;;;;3E0F7SF;3E0F7GC;3E0337Z;;;;;;;;;;;;;;;;;;;;;;;;;;1;
ce3d38665ffdea83;220054;5a57dae3c300c5af;0;1;2024-10-03 00:00:00;2024-10-06 00:00:00;1;;;A37.00;J21.8;J96.00;;;;;;;;;;;;;;;;;;S;S;S;;;;;;;;;;;;;;;;;;3E03329;3E0F7GC;3E0F7SF;;;;;;;;;;;;;;;;;;;;;;;;;;1;
9539c75a2a95db3f;220054;7286b8cac0791cc8;40;2;2024-10-04 00:00:00;2024-10-06 00:00:00;1;;;O48.0;O63.1;Z3A.40;Z67.40;Z37.0;;;;;;;;;;;;;;;;S;N;E;E;E;;;;;;;;;;;;;;;;10D07Z6;10907ZC;0W8NXZZ;4A1HXCZ;;;;;;;;;;;;;;;;;;;;;;;;;1;
cc783c68a5537cad;220054;c910bb8414c67df5;32;2;2024-10-04 00:00:00;2024-10-06 00:00:00;1;;;O36.63X0;O70.0;O90.81;Z67.10;Z3A.39;Z37.0;;;;;;;;;;;;;;;S;N;N;E;E;E;;;;;;;;;;;;;;;10E0XZZ;0HQ9XZZ;3E0R3BZ;4A1HXCZ;;;;;;;;;;;;;;;;;;;;;;;;;1;
e5ca36da1af33da1;220054;e479623d6f129ca8;36;2;2024-10-04 00:00:00;2024-10-06 00:00:00;1;;;O48.0;O70.1;O90.81;Z3A.41;Z67.10;Z37.0;;;;;;;;;;;;;;;S;S;S;E;E;E;;;;;;;;;;;;;;;10E0XZZ;0KQM0ZZ;3E0R3BZ;4A1HXCZ;;;;;;;;;;;;;;;;;;;;;;;;;1;
1ef6f5181014e18d;220054;1b4055d500691b21;73;1;2024-10-02 00:00:00;2024-10-07 00:00:00;1;2024-10-03 00:00:00;;K44.9;J44.9;I10;E11.9;E78.5;F17.210;;;;;;;;;;;;;;;S;S;S;S;S;S;;;;;;;;;;;;;;;0DV44ZZ;;;;;;;;;;;;;;;;;;;;;;;;;;;;2;
0aff64b5c804dddb;220054;e6dde5b80d153740;65;1;2024-10-02 00:00:00;2024-10-08 00:00:00;1;;;I48.92;I97.89;I44.2;T46.2X5A;Y84.8;C78.6;R18.0;K70.31;C78.7;C78.01;C78.02;C77.8;Z85.038;Z90.49;I85.10;K76.6;K31.89;E11.9;I10;I42.0;S;N;N;N;N;S;S;S;S;S;S;S;E;E;S;S;S;S;S;S;5A2204Z;3E033RZ;4A02X4Z;3E0337Z;3E013VG;3E033NZ;;;;;;;;;;;;;;;;;;;;;;;1;
2ab2bf7580a8a019;220054;bdfc3537bf980244;66;1;2024-10-04 00:00:00;2024-10-08 00:00:00;1;;;I61.1;R47.01;R27.8;J06.9;J44.9;I10;E78.5;E66.9;I69.198;G40.802;;;;;;;;;;;S;S;S;S;S;S;S;S;E;S;;;;;;;;;;;4A02X4Z;B020ZZZ;;;;;;;;;;;;;;;;;;;;;;;;;;;1;
ab89f36b3b76a9c1;220054;7cad3ac371659b23;81;1;2024-09-30 00:00:00;2024-10-08 00:00:00;1;;;K56.2;T46.0X5A;Z79.899;J96.10;I10;K70.30;I85.10;Q24.0;K42.9;J44.9;E11.9;E78.5;G31.84;Z86.73;Z99.81;Z59.3;Z79.84;Z79.82;;;S;S;E;S;S;S;S;E;S;S;S;S;S;E;E;E;E;E;;;0DSN8ZZ;3E1H78Z;3E033NZ;3E03329;3E0F7GC;3E033GC;3E0337Z;;;;;;;;;;;;;;;;;;;;;;1;
f04b2932b21a5fc1;220054;cdf6b090c8f13f91;55;1;2024-10-08 00:00:00;2024-10-08 00:00:00;1;2024-10-08 00:00:00;;R97.20;;;;;;;;;;;;;;;;;;;;S;;;;;;;;;;;;;;;;;;;;0VB07ZX;BV49ZZZ;;;;;;;;;;;;;;;;;;;;;;;;;;;2;
8684dd614cd57a91;220054;c86f056a36979d5b;75;2;2024-10-07 00:00:00;2024-10-09 00:00:00;1;2024-10-07 00:00:00;;K42.0;L03.311;M06.9;E03.9;Z88.8;;;;;;;;;;;;;;;;S;S;S;S;E;;;;;;;;;;;;;;;;0WQF0ZZ;0DBU0ZZ;BW201ZZ;BH49ZZZ;3E03329;3E033NZ;3E0337Z;;;;;;;;;;;;;;;;;;;;;;1;
09bb2f798987be0c;220054;19f110c1a2d0e8c5;46;1;2024-10-08 00:00:00;2024-10-10 00:00:00;1;2024-10-09 00:00:00;;M23.331;M23.91;;;;;;;;;;;;;;;;;;;S;S;;;;;;;;;;;;;;;;;;;0SQC4ZZ;;;;;;;;;;;;;;;;;;;;;;;;;;;;2;
deb0573f48f54a31;220054;598e5135077c2e3e;87;2;2024-10-02 00:00:00;2024-10-10 00:00:00;2;2024-10-04 00:00:00;;S72.101A;W19.XXXA;Y92.009;I10;E78.5;M81.0;E53.8;G50.0;K59.00;G47.00;D46.9;Z79.82;;;;;;;;;S;S;S;S;S;S;S;S;S;S;N;E;;;;;;;;;0QS636Z;30233N1;;;;;;;;;;;;;;;;;;;;;;;;;;;1;
c56ecbc0b2b75ddc;220054;c24286176145cff3;33;2;2024-10-09 00:00:00;2024-10-10 00:00:00;1;2024-10-09 00:00:00;;L05.92;L73.2;;;;;;;;;;;;;;;;;;;S;S;;;;;;;;;;;;;;;;;;;0JB90ZZ;;;;;;;;;;;;;;;;;;;;;;;;;;;;2;
eb79abde940ad58b;220054;34583a8a1644bf45;36;2;2024-10-10 00:00:00;2024-10-11 00:00:00;1;2024-10-10 00:00:00;;Z30.2;;;;;;;;;;;;;;;;;;;;E;;;;;;;;;;;;;;;;;;;;0UB74ZZ;;;;;;;;;;;;;;;;;;;;;;;;;;;;2;
e21033d803d01802;220054;a401551cff87adc4;52;2;2024-10-01 00:00:00;2024-10-11 00:00:00;1;2024-10-04 00:00:00;;T84.623A;T81.83XA;Y83.1;S82.242A;S82.422A;X50.9XXA;Y93.41;;;;;;;;;;;;;;S;S;E;S;S;S;S;;;;;;;;;;;;;;0QPH04Z;0QSH3BZ;;;;;;;;;;;;;;;;;;;;;;;;;;;2;
028fe04c2da2d274;220054;85dc1dd3c283728b;84;2;2024-09-30 00:00:00;2024-10-11 00:00:00;1;;;K80.50;C18.0;K91.61;Y84.8;I10;E78.5;E03.9;;;;;;;;;;;;;;S;S;N;N;S;S;S;;;;;;;;;;;;;;0DBH8ZX;BW40ZZZ;BW201ZZ;3E033GC;3E033NZ;3E0337Z;3E013GC;;;;;;;;;;;;;;;;;;;;;;1;
71409607687a66d4;220054;2a13de2e499d2fa9;42;2;2024-10-11 00:00:00;2024-10-13 00:00:00;1;2024-10-11 00:00:00;;N20.2;D50.9;Z85.820;;;;;;;;;;;;;;;;;;S;S;E;;;;;;;;;;;;;;;;;;0TF78ZZ;0T9480Z;;;;;;;;;;;;;;;;;;;;;;;;;;;2;
dd9797aca88b5851;220054;53c12e96f57c6d46;44;2;2024-10-10 00:00:00;2024-10-13 00:00:00;1;2024-10-11 00:00:00;;D25.9;;;;;;;;;;;;;;;;;;;;S;;;;;;;;;;;;;;;;;;;;0UT90ZZ;0UT70ZZ;;;;;;;;;;;;;;;;;;;;;;;;;;;2;
a7c5726b409191a9;220054;3b79161ad9de54c9;35;2;2024-10-11 00:00:00;2024-10-13 00:00:00;1;;;O48.0;O99.824;O70.1;O90.81;Z67.10;Z3A.41;;;;;;;;;;;;;;;S;S;N;N;E;E;;;;;;;;;;;;;;;10D07Z6;0W8NXZZ;3E0R3BZ;4A1HXCZ;;;;;;;;;;;;;;;;;;;;;;;;;1;
f6e2070fb8a2694c;220054;812fdb092eeb346c;73;1;2024-09-23 00:00:00;2024-10-14 00:00:00;2;;;D76.1;D61.818;N17.9;N18.9;K72.00;K75.4;D68.4;B55.0;R16.1;R73.09;T38.0X5A;A02.9;;;;;;;;;S;S;S;S;S;S;S;S;S;N;N;N;;;;;;;;;30233N1;3E03329;3E0333Z;30233R1;3E0436Z;3E013VG;4A12X4Z;4A13XB1;4A13XR1;4A10X4Z;0T9B70Z;;;;;;;;;;;;;;;;;;2;
4281faa9cbcdcc90;220054;597ea6ea77e1e73a;71;1;2024-10-09 00:00:00;2024-10-14 00:00:00;1;;;J98.8;I11.0;I50.9;E11.51;Z79.4;I48.20;Z79.01;G47.30;Z99.89;F32.A;F17.210;F10.21;E79.0;M19.90;E83.118;K44.9;M51.27;M81.0;E55.9;M99.83;S;S;S;S;E;S;E;S;E;S;S;S;S;S;S;S;S;S;S;S;B246ZZZ;3E03329;3E033GC;3E0F7GC;3E0333Z;3E0337Z;;;;;;;;;;;;;;;;;;;;;;;1;
859d1a197ced2ac0;220054;0d442299d9e2675e;71;1;2024-10-06 00:00:00;2024-10-14 00:00:00;1;;;R78.81;B96.89;B96.1;U07.1;C78.7;C77.2;C25.0;E11.9;E78.5;K70.30;F10.90;F17.210;Z79.4;Z79.84;I73.9;M99.83;M47.9;M88.1;Z79.52;Z79.891;S;S;S;S;S;S;S;S;S;S;S;S;E;E;S;S;S;S;E;E;3E03329;3E0337Z;3E033NZ;BW201ZZ;;;;;;;;;;;;;;;;;;;;;;;;;1;
07b8da9bce65ebab;220054;b014ec3331e1d72c;80;1;2024-10-14 00:00:00;2024-10-15 00:00:00;1;2024-10-14 00:00:00;;K42.9;E66.9;I10;;;;;;;;;;;;;;;;;;S;S;S;;;;;;;;;;;;;;;;;;0WUF0JZ;;;;;;;;;;;;;;;;;;;;;;;;;;;;2;
105e5887be8b4080;220054;4c80e8ec02a1fc24;9;1;2024-10-13 00:00:00;2024-10-16 00:00:00;1;2024-10-14 00:00:00;;J35.1;;;;;;;;;;;;;;;;;;;;S;;;;;;;;;;;;;;;;;;;;0CTPXZZ;;;;;;;;;;;;;;;;;;;;;;;;;;;;2;
3222526377fb6194;220054;dcac373ba8b0cc6d;62;1;2024-10-14 00:00:00;2024-10-16 00:00:00;1;2024-10-15 00:00:00;;C43.60;C77.3;I10;I25.2;Z79.82;;;;;;;;;;;;;;;;S;S;S;E;E;;;;;;;;;;;;;;;;0JBD0ZZ;07B50ZX;07B10ZX;C75N1ZZ;;;;;;;;;;;;;;;;;;;;;;;;;2;
3cceed06dcf359bd;220054;c3747054c652cd4a;83;2;2024-10-06 00:00:00;2024-10-16 00:00:00;1;;;I51.81;I11.0;I50.9;I47.1;I48.0;K57.30;K29.50;E03.9;Z86.73;Z79.01;;;;;;;;;;;S;S;S;S;S;S;S;S;E;E;;;;;;;;;;;B448ZZZ;BW24ZZZ;B246ZZZ;4A02X4Z;3E013GC;3E033GC;;;;;;;;;;;;;;;;;;;;;;;1;
5a244e0c4b35b884;220054;dc0fd31caa6c9d65;85;2;2024-10-05 00:00:00;2024-10-16 00:00:00;1;2024-10-10 00:00:00;;K92.2;R10.13;K91.71;K74.3;K57.30;K86.1;K50.90;K44.9;F32.A;Z95.3;Z90.49;M35.00;M19.90;Z86.11;;;;;;;S;S;N;S;S;S;S;S;S;E;E;S;S;E;;;;;;;0DQN0ZZ;0DJD0ZZ;BW201ZZ;BW20ZZZ;0DJD8ZZ;0DJ08ZZ;3E033NZ;3E03329;3E033GC;3E013GC;;;;;;;;;;;;;;;;;;;1;
803479abc0d6d893;220054;2ed92e03cca29026;62;1;2024-09-30 00:00:00;2024-10-16 00:00:00;1;;;K85.20;K86.0;F10.20;E87.1;T43.505A;T50.2X5A;I10;K20.0;J44.1;K74.00;Z21;F99;F17.210;Z86.19;Z88.0;;;;;;S;S;S;N;S;S;S;S;S;S;S;S;S;E;E;;;;;;BW40ZZZ;0DB18ZX;0DB38ZX;0DB68ZX;3E033NZ;3E0337Z;3E0F7GC;;;;;;;;;;;;;;;;;;;;;;1;
6eadd3acfeb2ce47;220054;44959e9e1c922d0b;38;1;2024-10-02 00:00:00;2024-10-17 00:00:00;1;;;B20;B59;A60.01;D61.818;E53.8;E55.9;E87.1;Z86.19;;;;;;;;;;;;;S;S;S;S;S;S;S;E;;;;;;;;;;;;;BW241ZZ;3E1F88X;3E0337Z;3E033NZ;;;;;;;;;;;;;;;;;;;;;;;;;1;
83b5b4277476885f;220054;89d64b1ff5035aff;90;2;2024-10-08 00:00:00;2024-10-17 00:00:00;1;;;J98.8;B95.3;I48.91;I11.0;I50.9;I35.0;I25.2;E78.5;F32.A;L89.623;L89.611;R54;K59.00;E46;Z79.02;Z95.0;Z59.3;Z74.09;;;S;S;S;S;S;S;E;S;S;S;S;S;S;S;E;E;E;S;;;4A02X4Z;3E03329;3E033NZ;3E033GC;3E0337Z;3E013GC;;;;;;;;;;;;;;;;;;;;;;;1;
42d0f8b177ff5a1b;220054;7d43b076e2f7b485;94;2;2024-10-10 00:00:00;2024-10-18 00:00:00;1;2024-10-10 00:00:00;;A41.9;R65.20;N20.2;N17.9;I10;I48.91;D64.9;E55.9;F32.A;Z79.01;;;;;;;;;;;S;S;S;S;S;S;S;S;S;E;;;;;;;;;;;0T9480Z;4A12X4Z;4A13XB1;BW2110Z;3E03329;3E033GC;3E0337Z;3E033NZ;;;;;;;;;;;;;;;;;;;;;1;
abe906fcb516dea7;220054;72f932ce6cd82d2e;65;1;2024-10-17 00:00:00;2024-10-18 00:00:00;1;;;I48.19;Z87.891;;;;;;;;;;;;;;;;;;;S;E;;;;;;;;;;;;;;;;;;;5A2204Z;;;;;;;;;;;;;;;;;;;;;;;;;;;;2;
74cad9ff30beddc4;220054;0d6e5718905e5c26;93;2;2024-09-22 00:00:00;2024-10-18 00:00:00;1;2024-09-27 00:00:00;;S72.011A;W19.XXXA;I48.91;R00.1;I13.0;I50.9;J96.92;E11.22;N18.9;N25.81;E78.5;I35.0;M17.9;D64.9;K56.41;F09;L89.152;B96.20;E55.9;M62.84;S;S;S;S;S;S;S;S;S;S;S;S;S;N;S;S;S;S;S;S;0SRR0J9;F07Z9ZZ;3E033GC;3E0F7SF;3E1H78Z;0T9B70Z;3E013VG;;;;;;;;;;;;;;;;;;;;;;1;
05bd8474bc736918;220054;e57fc97e2200cf69;89;1;2024-10-06 00:00:00;2024-10-18 00:00:00;1;;;N40.1;R39.15;R33.8;R30.0;N17.9;I50.9;M88.9;E11.9;E78.5;D50.9;G31.83;F02.80;K44.9;K20.90;K31.819;I35.2;Z86.73;Z79.4;Z79.84;;S;S;S;S;S;S;S;S;S;S;S;S;S;S;S;S;E;E;E;;0T9B70Z;3E033NZ;3E0337Z;3E033GC;;;;;;;;;;;;;;;;;;;;;;;;;1;
43bea7a4c06b9cdd;220054;97d9d375cf9f5444;70;1;2024-10-07 00:00:00;2024-10-20 00:00:00;4;;;J18.9;J96.90;G20;Z85.46;Z92.3;Z59.3;Z79.899;Z99.3;;;;;;;;;;;;;S;S;S;E;E;E;E;E;;;;;;;;;;;;;BW241ZZ;4A02X4Z;3E03329;3E0F7GC;3E0F7SF;3E0337Z;3E033GC;3E0333Z;3E013GC;3E033NZ;;;;;;;;;;;;;;;;;;;1;
ac3a1b204c401924;220054;2cc236267f0fd6f0;28;2;2024-10-18 00:00:00;2024-10-20 00:00:00;1;;;O34.219;O48.0;O69.82X0;O70.0;Z3A.41;Z37.0;Z67.40;;;;;;;;;;;;;;S;S;S;N;E;E;E;;;;;;;;;;;;;;10E0XZZ;3E0R3BZ;10907ZC;0UQGXZZ;4A1HXCZ;;;;;;;;;;;;;;;;;;;;;;;;1;
9b8d6eabc347d96a;220054;b28027c5f62246cc;87;1;2024-10-07 00:00:00;2024-10-21 00:00:00;1;;;I50.9;I27.20;J44.9;N39.0;N40.0;Z22.322;Z22.39;E66.9;Z95.5;Z99.89;Z99.81;Z87.891;Z79.82;;;;;;;;S;S;S;S;S;E;E;S;E;E;E;E;E;;;;;;;;4A02X4Z;3E033GC;3E0337Z;;;;;;;;;;;;;;;;;;;;;;;;;;1;
0c02f70ec83396cc;220054;3416a182024911a0;91;2;2024-10-03 00:00:00;2024-10-21 00:00:00;1;2024-10-08 00:00:00;;S72.102A;W19.XXXA;D64.9;F05;K59.00;R33.9;N39.0;B96.89;Z16.11;R13.19;N25.81;M35.3;I10;M16.9;M81.0;Z79.52;;;;;S;S;N;N;S;N;S;S;S;S;S;S;S;S;S;E;;;;;0QS736Z;B020ZZZ;30233N1;F07L6ZZ;0T9B70Z;3E03329;3E1H38Z;;;;;;;;;;;;;;;;;;;;;;1;
14995ce83c54de08;220054;034105cb80746c7d;90;1;2024-10-04 00:00:00;2024-10-22 00:00:00;4;;;I11.0;I50.33;J44.1;J96.20;I20.0;I34.0;I48.21;D47.2;Z95.3;Z86.73;Z79.01;;;;;;;;;;S;S;S;S;N;S;S;S;E;E;E;;;;;;;;;;3E0333Z;3E033GC;3E0F7GC;3E013VG;3E033NZ;3E03329;;;;;;;;;;;;;;;;;;;;;;;1;
f6d63dff83b59add;220054;17fa7109b8bc8ab1;54;1;2024-10-21 00:00:00;2024-10-22 00:00:00;1;2024-10-21 00:00:00;;K80.10;K76.0;I10;E11.9;E78.5;F17.210;Z79.84;;;;;;;;;;;;;;S;S;S;S;S;S;E;;;;;;;;;;;;;;0FT44ZZ;;;;;;;;;;;;;;;;;;;;;;;;;;;;2;
bab181bcdb4ec7e2;220054;48e8fbe90dad5267;68;1;2024-10-17 00:00:00;2024-10-23 00:00:00;1;2024-10-18 00:00:00;;N40.1;N13.8;Z96.0;N21.0;D47.1;Z79.899;Z86.11;;;;;;;;;;;;;;S;S;S;S;S;E;E;;;;;;;;;;;;;;0VB08ZZ;0TCB3ZZ;;;;;;;;;;;;;;;;;;;;;;;;;;;2;
04328aa0833ca176;220054;3390b60aed9325a8;80;1;2024-10-22 00:00:00;2024-10-23 00:00:00;1;2024-10-22 00:00:00;;N47.1;N48.1;N35.914;N40.0;I48.21;E79.0;E66.9;R79.1;Z79.01;Z88.6;;;;;;;;;;;S;S;S;S;S;S;S;S;E;E;;;;;;;;;;;0VNSXZZ;0VTTXZZ;0T7D8ZZ;;;;;;;;;;;;;;;;;;;;;;;;;;2;
1ead2836eaa4c73c;220054;3fda26416c25202a;77;2;2024-10-17 00:00:00;2024-10-23 00:00:00;1;;;Z48.812;Z95.0;J18.9;J22;I10;M35.00;D50.9;E79.0;Z86.16;;;;;;;;;;;;E;E;S;S;S;S;S;S;E;;;;;;;;;;;;4A02X4Z;3E0F7GC;3E0333Z;3E03329;3E033GC;;;;;;;;;;;;;;;;;;;;;;;;1;
d7f6e8263d77cf4b;220054;05ca261fe8e41afd;72;1;2024-10-10 00:00:00;2024-10-24 00:00:00;1;;;K83.09;K80.20;R78.81;B96.20;E11.65;I10;F17.210;Z85.46;Z90.79;Z79.82;Z79.84;;;;;;;;;;S;S;S;S;S;S;S;E;E;E;E;;;;;;;;;;BW201ZZ;3E03329;3E0337Z;3E033GC;3E013GC;3E033NZ;3E013VG;;;;;;;;;;;;;;;;;;;;;;1;
38beea3634ec9683;220054;1068e2b4384aef76;62;1;2024-10-24 00:00:00;2024-10-25 00:00:00;2;2024-10-24 00:00:00;;S32.509A;S33.2XXA;S32.10XA;S35.90XA;V27.49XA;Y92.410;I10;E78.5;;;;;;;;;;;;;S;S;S;S;S;S;S;S;;;;;;;;;;;;;0QS235Z;0QS335Z;BR2C0ZZ;BW211ZZ;3E033NZ;3E033GC;3E0337Z;;;;;;;;;;;;;;;;;;;;;;1;
809b63d87c1d2ba4;220054;0807be784351b435;23;2;2024-10-18 00:00:00;2024-10-25 00:00:00;1;;;N10;Q62.5;;;;;;;;;;;;;;;;;;;S;E;;;;;;;;;;;;;;;;;;;BW40ZZZ;3E03329;3E033NZ;3E0337Z;;;;;;;;;;;;;;;;;;;;;;;;;1;
b6baae0a76b5f85e;220054;6aa3dfa7babb7cd8;95;1;2024-10-20 00:00:00;2024-10-25 00:00:00;1;;;I13.0;I50.9;N17.9;N18.9;I48.92;E79.0;E55.9;N25.81;K59.00;E78.00;Z79.01;Z79.84;;;;;;;;;S;S;S;S;S;S;S;S;S;S;E;E;;;;;;;;;4A02X4Z;3E033GC;3E0333Z;3E0337Z;3E0F7GC;;;;;;;;;;;;;;;;;;;;;;;;1;
c38f441371cc788f;220054;17d89b948e67c7f1;80;2;2024-10-14 00:00:00;2024-10-25 00:00:00;1;;;L89.159;D50.9;G31.83;F02.80;I10;E78.5;E03.9;Z86.16;Z59.3;Z88.2;;;;;;;;;;;S;S;S;S;S;S;S;E;E;E;;;;;;;;;;;4A02X4Z;3E03329;3E033GC;;;;;;;;;;;;;;;;;;;;;;;;;;1;
6a6bd73d2b9643d9;220054;3caf7ce7e19156b4;61;1;2024-10-08 00:00:00;2024-10-25 00:00:00;1;;;A37.00;R55;S09.90XA;W19.XXXA;J45.901;G47.33;Z99.89;Z87.891;;;;;;;;;;;;;S;S;S;S;S;S;E;E;;;;;;;;;;;;;B020ZZZ;B246ZZZ;4A02X4Z;4A12X4Z;3E0F7GC;3E0333Z;3E03329;3E033NZ;;;;;;;;;;;;;;;;;;;;;1;
7b517415fd50e779;220054;2453c4eff189676d;51;1;2024-10-20 00:00:00;2024-10-25 00:00:00;1;;;N17.9;N11.9;N30.90;T83.83XA;Y84.6;I10;E11.9;N18.4;R33.9;E78.00;E79.0;H47.393;K76.0;F17.210;H52.4;Z80.0;Z79.84;Z91.199;;;S;S;S;S;S;S;S;S;S;S;S;S;S;S;S;E;E;E;;;3E0337Z;0T9B70Z;BW20ZZZ;BT43ZZZ;B348ZZ3;B246ZZZ;4A02X4Z;4A07X0Z;4A07XBZ;08J0XZZ;08J1XZZ;3E013VG;3E033NZ;3E033GC;;;;;;;;;;;;;;;1;
002a0cf21cca92d6;220054;eba484eb71f2245f;34;2;2024-10-26 00:00:00;2024-10-29 00:00:00;1;2024-10-26 00:00:00;;O65.4;O34.219;O90.81;Z3A.39;Z67.41;Z37.0;;;;;;;;;;;;;;;S;S;N;E;E;E;;;;;;;;;;;;;;;10D00Z1;4A1HXCZ;;;;;;;;;;;;;;;;;;;;;;;;;;;1;
c6e84304a3435d37;220054;c556758f879338c5;93;2;2024-10-11 00:00:00;2024-10-29 00:00:00;1;;;N39.0;B96.20;Z16.12;I13.0;I50.9;N17.9;N18.4;E87.20;F05;M15.9;R07.89;I44.7;E78.5;F32.A;K44.9;K57.90;Z90.710;Z90.722;Z88.1;Z88.8;S;S;S;S;S;S;S;S;N;S;S;S;S;S;S;S;E;E;E;E;3E03329;3E0F7GC;3E0337Z;3E033NZ;3E033GC;4A02X4Z;0T9B70Z;3E0F7SF;;;;;;;;;;;;;;;;;;;;;1;
afcfab57387459b6;220054;93c68e400b0b6606;48;1;2024-10-27 00:00:00;2024-10-29 00:00:00;1;;;R74.01;;;;;;;;;;;;;;;;;;;;S;;;;;;;;;;;;;;;;;;;;0FB03ZX;BF45ZZZ;;;;;;;;;;;;;;;;;;;;;;;;;;;2;
d6a5410e9a8e420a;220054;3b4e055af500cae2;70;1;2024-10-29 00:00:00;2024-10-29 00:00:00;1;2024-10-29 00:00:00;;C61;Z92.3;;;;;;;;;;;;;;;;;;;S;E;;;;;;;;;;;;;;;;;;;0VB07ZX;BV49ZZZ;;;;;;;;;;;;;;;;;;;;;;;;;;;2;
132f2532f36fef99;220054;86f0948252a03eb8;20;1;2024-10-28 00:00:00;2024-10-30 00:00:00;1;2024-10-29 00:00:00;;S62.300A;W22.09XA;;;;;;;;;;;;;;;;;;;S;E;;;;;;;;;;;;;;;;;;;0PSP34Z;3E0333Z;;;;;;;;;;;;;;;;;;;;;;;;;;;2;
d63a88e8ac8a76ea;220054;c17f6162f7334787;34;2;2024-10-29 00:00:00;2024-10-30 00:00:00;1;2024-10-29 00:00:00;;N23;;;;;;;;;;;;;;;;;;;;S;;;;;;;;;;;;;;;;;;;;0T9480Z;BW211ZZ;3E033NZ;3E013GC;3E0337Z;;;;;;;;;;;;;;;;;;;;;;;;1;
1ddbecba4cc543f3;220054;48389fa9d3e6d9d3;41;1;2024-10-27 00:00:00;2024-10-30 00:00:00;1;2024-10-28 00:00:00;;K44.9;K21.00;K42.9;;;;;;;;;;;;;;;;;;S;S;S;;;;;;;;;;;;;;;;;;0DV44ZZ;0BQT4ZZ;0BQT4ZZ;0WQF0ZZ;;;;;;;;;;;;;;;;;;;;;;;;;2;
2c8fcd934c73090b;220054;2f363bc32e151fe7;99;1;2024-10-24 00:00:00;2024-10-30 00:00:00;1;;;N39.0;B96.1;Z16.12;I13.2;E11.22;N18.5;E11.40;E11.621;L97.429;N40.0;G31.84;M25.512;F05;I82.511;I82.531;Z85.038;Z90.49;Z95.0;Z59.3;Z99.3;S;S;S;S;S;S;S;S;S;S;S;S;S;S;S;E;E;E;E;E;3E03329;0T9B70Z;3E033NZ;0JDR0ZZ;BW40ZZZ;3E0337Z;3E033GC;;;;;;;;;;;;;;;;;;;;;;1;
a35b02e4638189f6;220054;9af387e67a4b4126;96;1;2024-10-28 00:00:00;2024-10-31 00:00:00;4;;;J93.83;J96.90;D49.1;Z51.5;Z87.891;E87.1;I10;E11.9;I48.91;;;;;;;;;;;;S;S;S;E;E;S;S;S;S;;;;;;;;;;;;3E0337Z;3E013GC;3E033NZ;;;;;;;;;;;;;;;;;;;;;;;;;;1;
097cec10a3d58cba;220054;5786a322edc58bee;97;1;2024-10-27 00:00:00;2024-10-31 00:00:00;1;;;N39.0;B95.2;N39.3;I10;E11.22;E78.5;N40.0;I25.2;Z87.440;Z95.3;;;;;;;;;;;S;S;S;S;S;S;S;E;E;E;;;;;;;;;;;0T9B70Z;BT4JZZZ;3E03329;;;;;;;;;;;;;;;;;;;;;;;;;;1;
38de6a43a392b30e;220054;f482f07eed347d49;61;2;2024-10-29 00:00:00;2024-10-31 00:00:00;1;2024-10-29 00:00:00;;K43.2;E78.5;;;;;;;;;;;;;;;;;;;S;S;;;;;;;;;;;;;;;;;;;0WUF0JZ;;;;;;;;;;;;;;;;;;;;;;;;;;;;2;
130f48cf04bdccf3;220054;a6ad203731f18b2b;58;1;2024-10-29 00:00:00;2024-10-31 00:00:00;1;2024-10-29 00:00:00;;C67.6;C77.5;I10;E78.5;Z79.69;;;;;;;;;;;;;;;;S;S;S;S;E;;;;;;;;;;;;;;;;0TB78ZZ;;;;;;;;;;;;;;;;;;;;;;;;;;;;2;
af4c962ba1f1d9b8;220054;40cb68260f8925c0;78;1;2024-10-29 00:00:00;2024-10-31 00:00:00;1;2024-10-29 00:00:00;;D09.0;Z87.891;;;;;;;;;;;;;;;;;;;S;E;;;;;;;;;;;;;;;;;;;0TBB8ZZ;;;;;;;;;;;;;;;;;;;;;;;;;;;;2;
291d94a42897fb4a;220054;590295ca5d6304d0;74;2;2024-10-21 00:00:00;2024-10-31 00:00:00;1;2024-10-25 00:00:00;;S72.012A;W19.XXXA;E03.9;M25.50;;;;;;;;;;;;;;;;;S;E;S;S;;;;;;;;;;;;;;;;;0SRS0JZ;;;;;;;;;;;;;;;;;;;;;;;;;;;;1;
0aff64b5c804dddb;220054;f46763c21a29283d;65;1;2024-10-27 00:00:00;2024-11-01 00:00:00;4;;;C78.7;R18.0;I44.2;C78.6;K70.31;C78.01;C78.02;C77.8;Z85.038;Z90.49;I85.10;K76.6;K31.89;E11.9;I10;I42.0;N40.0;G71.228;Z79.01;Z79.84;S;S;N;S;S;S;S;S;E;E;S;S;S;S;S;S;S;S;E;E;0W9G3ZZ;0W9G3ZX;3E033NZ;3E033GC;3E013VG;3E0337Z;3E03329;3E1H78Z;;;;;;;;;;;;;;;;;;;;;1;
85398465e6b1f09c;220054;efb9ca7a70351679;70;2;2024-10-25 00:00:00;2024-11-01 00:00:00;1;;;K80.50;Z90.49;I10;E78.5;E55.9;F32.A;M31.0;M81.0;M19.90;N20.0;;;;;;;;;;;S;E;S;S;S;S;S;S;S;S;;;;;;;;;;;BW20ZZZ;3E0337Z;3E03329;3E033NZ;3E013GC;;;;;;;;;;;;;;;;;;;;;;;;1;
e937a00956a043ad;220054;a4ff54ceecbfc394;67;2;2024-10-24 00:00:00;2024-11-02 00:00:00;1;2024-10-25 00:00:00;;M87.252;M81.8;;;;;;;;;;;;;;;;;;;S;S;;;;;;;;;;;;;;;;;;;0SRE0J9;0SRS03Z;;;;;;;;;;;;;;;;;;;;;;;;;;;2;
22881e5ddcd54fce;220054;1b024ad733ce2af4;66;2;2024-10-30 00:00:00;2024-11-02 00:00:00;1;2024-10-30 00:00:00;;K64.3;J43.9;J45.909;Z99.81;I10;E78.00;E11.9;F32.A;;;;;;;;;;;;;S;S;S;E;S;S;S;S;;;;;;;;;;;;;06BY0ZC;;;;;;;;;;;;;;;;;;;;;;;;;;;;2;
cfbf3a8ca02f36a0;220054;7787114272bb3332;65;1;2024-10-11 00:00:00;2024-11-04 00:00:00;4;;;C80.1;C78.39;C78.7;C77.8;C78.1;C79.51;C78.01;J38.02;F17.210;;;;;;;;;;;;S;S;S;S;S;S;S;S;S;;;;;;;;;;;;3E0436Z;3E033NZ;0BB38ZX;07B13ZX;BW4FZZZ;BW241ZZ;3E03305;3E0337Z;3E0F7GC;3E0333Z;3E013VG;3E03329;3E013GC;3E033GC;;;;;;;;;;;;;;;1;
9b8d6eabc347d96a;220054;bda03530153b813b;87;1;2024-11-03 00:00:00;2024-11-05 00:00:00;4;;;I50.9;J96.92;J44.9;I27.20;E66.9;Z99.81;Z99.89;Z74.09;;;;;;;;;;;;;S;S;S;S;S;E;E;S;;;;;;;;;;;;;3E033GC;3E0F7GC;3E033NZ;3E013GC;3E0337Z;;;;;;;;;;;;;;;;;;;;;;;;1;
ac8182322704a6c5;220054;c4754fc39af0c0b6;64;1;2024-10-26 00:00:00;2024-11-05 00:00:00;1;2024-10-29 00:00:00;;S72.012A;W19.XXXA;I10;;;;;;;;;;;;;;;;;;S;S;S;;;;;;;;;;;;;;;;;;0SRB04Z;;;;;;;;;;;;;;;;;;;;;;;;;;;;1;
bdd6b9d02cf09e33;220054;c3b2f8c17286096d;24;2;2024-11-03 00:00:00;2024-11-05 00:00:00;1;;;O48.0;Z3A.41;O99.334;F17.210;O90.81;Z67.10;Z37.0;;;;;;;;;;;;;;S;E;S;S;N;E;E;;;;;;;;;;;;;;10E0XZZ;3E0R3BZ;10907ZC;4A1HXCZ;;;;;;;;;;;;;;;;;;;;;;;;;1;
b5b6984410b057d6;220054;12dd861f4666d467;40;1;2024-11-04 00:00:00;2024-11-05 00:00:00;1;2024-11-04 00:00:00;;J38.7;;;;;;;;;;;;;;;;;;;;S;;;;;;;;;;;;;;;;;;;;0CBV8ZZ;;;;;;;;;;;;;;;;;;;;;;;;;;;;2;
6141013a57f1bc5c;220054;d34cef4546b179eb;21;2;2024-11-03 00:00:00;2024-11-06 00:00:00;1;;;O90.81;Z67.40;Z3A.39;Z37.0;Z88.8;;;;;;;;;;;;;;;;N;E;E;E;E;;;;;;;;;;;;;;;;10E0XZZ;0W8NXZZ;3E0R3BZ;10907ZC;4A12X4Z;;;;;;;;;;;;;;;;;;;;;;;;1;
d013506da79b2dca;220054;183cfc31f6ae9542;69;1;2024-11-05 00:00:00;2024-11-06 00:00:00;1;2024-11-05 00:00:00;;N32.0;N35.919;Z09;Z86.008;I10;K76.0;Z85.46;Z92.3;;;;;;;;;;;;;S;S;E;E;S;S;E;E;;;;;;;;;;;;;0T7C8ZZ;0T7D8ZZ;0TJB8ZZ;;;;;;;;;;;;;;;;;;;;;;;;;;2;
ba20d3e139e751e3;220054;331a51dc585abb92;60;1;2024-10-30 00:00:00;2024-11-06 00:00:00;1;;;A41.9;K83.09;T83.598A;N39.0;N13.9;C61;C78.7;C77.2;C79.51;C79.52;D63.0;D69.6;;;;;;;;;S;S;S;S;S;S;S;S;S;S;S;S;;;;;;;;;BW40ZZZ;B02010Z;30233N1;3E03329;3E033NZ;3E0333Z;3E033WK;;;;;;;;;;;;;;;;;;;;;;1;
91c27deb4c316782;220054;c777c217b009f0ed;52;1;2024-11-06 00:00:00;2024-11-07 00:00:00;1;2024-11-06 00:00:00;;K40.90;;;;;;;;;;;;;;;;;;;;S;;;;;;;;;;;;;;;;;;;;0YU64JZ;;;;;;;;;;;;;;;;;;;;;;;;;;;;2;
6f3a122dd39607ea;220054;da1ab18d72d7f43e;26;2;2024-11-05 00:00:00;2024-11-07 00:00:00;1;;;N13.2;N23;Z86.718;Z86.711;;;;;;;;;;;;;;;;;S;S;E;E;;;;;;;;;;;;;;;;;BW20ZZZ;3E033NZ;3E0337Z;;;;;;;;;;;;;;;;;;;;;;;;;;1;
2baeb9322c2fe2ee;220054;1a0dc29fb1f92321;33;2;2024-11-06 00:00:00;2024-11-07 00:00:00;1;2024-11-06 00:00:00;;D24.2;Z80.3;;;;;;;;;;;;;;;;;;;S;E;;;;;;;;;;;;;;;;;;;0HBU0ZZ;;;;;;;;;;;;;;;;;;;;;;;;;;;;2;
a6bee4b27d4dac44;220054;b76d977ba51b5ebb;76;1;2024-11-02 00:00:00;2024-11-07 00:00:00;1;;;N13.6;B96.20;Z16.12;E46;K52.9;I67.3;F03.90;F20.0;E53.8;Z59.3;Z74.09;;;;;;;;;;S;S;S;S;S;S;S;S;S;E;S;;;;;;;;;;3E03329;3E033NZ;3E013GC;3E033GC;;;;;;;;;;;;;;;;;;;;;;;;;1;
0084f77aa5c66ae7;220054;3932629d1a725502;39;2;2024-11-07 00:00:00;2024-11-07 00:00:00;1;2024-11-07 00:00:00;;N90.7;Z80.42;;;;;;;;;;;;;;;;;;;S;E;;;;;;;;;;;;;;;;;;;0UBMXZZ;;;;;;;;;;;;;;;;;;;;;;;;;;;;2;
ea807a749d8a4bed;220054;7587ee3819cd9cf8;37;2;2024-11-07 00:00:00;2024-11-08 00:00:00;1;;;O47.1;Z3A.37;Z37.0;;;;;;;;;;;;;;;;;;S;E;E;;;;;;;;;;;;;;;;;;3E03329;;;;;;;;;;;;;;;;;;;;;;;;;;;;1;
3fca74c0570574b5;220054;38f62c9baaac8477;57;1;2024-11-06 00:00:00;2024-11-08 00:00:00;1;2024-11-07 00:00:00;;S52.572A;W19.XXXA;E10.9;;;;;;;;;;;;;;;;;;S;S;S;;;;;;;;;;;;;;;;;;0PSJ04Z;;;;;;;;;;;;;;;;;;;;;;;;;;;;2;
114ab684b2e89e54;220054;b8984c5ecfa41e11;45;2;2024-11-07 00:00:00;2024-11-08 00:00:00;1;;;R20.1;G81.94;R29.810;R40.2142;R40.2362;R40.2252;Z73.3;Z98.84;;;;;;;;;;;;;S;S;S;S;S;S;E;E;;;;;;;;;;;;;B020ZZZ;B32R1ZZ;B3281ZZ;4A02X4Z;3E033NZ;;;;;;;;;;;;;;;;;;;;;;;;1;
be156b370566b239;220054;293c48e72e893dc2;74;1;2024-10-26 00:00:00;2024-11-08 00:00:00;1;;;L03.116;R78.81;B95.0;N17.9;I11.0;I50.9;U07.1;B00.1;E78.5;G81.94;G40.909;S06.5X0S;I44.0;E55.9;Z91.09;Z88.1;E66.9;;;;S;S;S;S;S;S;S;S;S;S;S;E;S;S;E;E;S;;;;3E03329;3E033NZ;3E013VG;3E0337Z;3E0333Z;;;;;;;;;;;;;;;;;;;;;;;;1;
00e2291a968e2b6f;220054;90cf720e5bf76804;97;2;2024-10-23 00:00:00;2024-11-08 00:00:00;1;;;I48.91;I11.0;I50.9;F03.B0;R13.19;L89.159;L08.9;K57.30;R40.0;T43.505A;R92.8;;;;;;;;;;S;S;S;S;S;S;S;S;N;N;S;;;;;;;;;;BW40ZZZ;B020ZZZ;BW24ZZZ;BW2FZZZ;4A02X4Z;3E033GC;3E033NZ;3E03329;3E033RZ;3E0337Z;;;;;;;;;;;;;;;;;;;1;
1db44964b04c015d;220054;3936210df251234e;57;2;2024-11-04 00:00:00;2024-11-09 00:00:00;1;2024-11-08 00:00:00;;S52.502A;S52.602A;W19.XXXA;;;;;;;;;;;;;;;;;;S;S;S;;;;;;;;;;;;;;;;;;0PSJ04Z;0PSLXZZ;;;;;;;;;;;;;;;;;;;;;;;;;;;2;
0e99dcab192d157e;220054;57d1d20df1893724;68;1;2024-11-06 00:00:00;2024-11-10 00:00:00;1;;;K81.0;R17;I10;J44.9;E78.5;D29.1;;;;;;;;;;;;;;;S;S;S;S;S;S;;;;;;;;;;;;;;;BW201ZZ;3E013GC;3E0337Z;3E033NZ;3E03329;;;;;;;;;;;;;;;;;;;;;;;;1;
918d2e57587de863;220054;e73b84ad4920374a;31;2;2024-11-08 00:00:00;2024-11-10 00:00:00;1;;;O48.0;O90.81;Z3A.40;Z37.0;Z67.40;;;;;;;;;;;;;;;;S;N;E;E;E;;;;;;;;;;;;;;;;10E0XZZ;3E0R3BZ;4A1HXCZ;;;;;;;;;;;;;;;;;;;;;;;;;;1;
392d5967c6bfec8e;220054;863000363e012960;65;1;2024-11-05 00:00:00;2024-11-10 00:00:00;1;2024-11-06 00:00:00;;C61;I10;;;;;;;;;;;;;;;;;;;S;S;;;;;;;;;;;;;;;;;;;0VT04ZZ;0VTQ4ZZ;0VT34ZZ;07TC4ZZ;;;;;;;;;;;;;;;;;;;;;;;;;2;
ff6a39702e58d074;220054;6f78aafd24014c87;68;2;2024-11-04 00:00:00;2024-11-11 00:00:00;1;;;U07.1;J12.82;J15.9;J47.0;J96.00;;;;;;;;;;;;;;;;S;S;S;S;S;;;;;;;;;;;;;;;;3E03329;XW033E5;3E0F7GC;3E0333Z;3E013GC;3E033NZ;3E0F7SF;3E0337Z;;;;;;;;;;;;;;;;;;;;;1;
fbd49da4a4017dcc;220054;5c2f929d7c1b76c5;83;1;2024-11-10 00:00:00;2024-11-11 00:00:00;2;;;I44.1;I10;;;;;;;;;;;;;;;;;;;S;S;;;;;;;;;;;;;;;;;;;4A12X4Z;B246ZZZ;4A13XB1;4A13XR1;3E033GC;3E0337Z;3E0F7SF;;;;;;;;;;;;;;;;;;;;;;1;
ad95230f78246f16;220054;fcf9cdb0212163b6;92;1;2024-11-02 00:00:00;2024-11-12 00:00:00;1;;;I63.81;G46.5;R47.1;R29.704;G81.91;R40.2143;R40.2253;R40.2363;I12.9;N18.9;I35.1;R00.8;H26.101;X58.XXXS;;;;;;;S;S;S;S;S;S;S;S;S;S;S;S;S;S;;;;;;;B020ZZZ;4A12X4Z;4A02X4Z;B246ZZZ;3E033GC;3E0337Z;3E013VG;3E013GC;3E1H78Z;;;;;;;;;;;;;;;;;;;;1;
3a57a2dcebdcac5e;220054;813a80451b22653a;60;1;2024-11-11 00:00:00;2024-11-13 00:00:00;1;2024-11-12 00:00:00;;S82.832A;W19.XXXA;I10;E66.9;G47.33;F17.210;Z99.89;Z85.46;;;;;;;;;;;;;S;S;S;S;S;S;E;E;;;;;;;;;;;;;0QSK04Z;;;;;;;;;;;;;;;;;;;;;;;;;;;;1;
e3e2e0aa4831b6d4;220054;b4f552f132a0f5b1;52;1;2024-11-13 00:00:00;2024-11-13 00:00:00;1;2024-11-13 00:00:00;;R59.0;E11.9;K86.1;K86.81;K83.09;Z79.4;;;;;;;;;;;;;;;S;S;S;S;S;E;;;;;;;;;;;;;;;07B10ZX;;;;;;;;;;;;;;;;;;;;;;;;;;;;2;
52f2da114bdbc2a8;220054;b0420347a4e4f241;52;2;2024-11-12 00:00:00;2024-11-13 00:00:00;1;2024-11-12 00:00:00;;K64.1;F43.20;Z91.041;;;;;;;;;;;;;;;;;;S;S;E;;;;;;;;;;;;;;;;;;06BY0ZC;;;;;;;;;;;;;;;;;;;;;;;;;;;;2;
ca5e3826cfde092b;220054;6b07bf8e6050e969;75;2;2024-11-11 00:00:00;2024-11-14 00:00:00;4;;;G00.1;J13;C78.6;C80.1;I10;D35.1;E21.0;Z85.72;Z90.81;Z79.69;I48.0;;;;;;;;;;S;S;S;S;S;S;S;E;E;E;S;;;;;;;;;;B0201ZZ;009U3ZX;B246ZZZ;3E03329;3E0337Z;3E0333Z;3E013GC;3E0F7GC;3E033GC;;;;;;;;;;;;;;;;;;;;1;
778619695f93d926;220054;4e255d1f0948ec52;67;1;2024-11-12 00:00:00;2024-11-14 00:00:00;1;2024-11-12 00:00:00;;D09.0;I10;E78.5;M06.9;I49.3;L27.0;T46.4X5A;Z87.891;Z88.8;;;;;;;;;;;;S;S;S;S;S;N;N;E;E;;;;;;;;;;;;0TBB8ZZ;3E0K705;;;;;;;;;;;;;;;;;;;;;;;;;;;2;
7053958467897155;220054;631642cfc704bb62;89;1;2024-11-08 00:00:00;2024-11-14 00:00:00;1;;;K92.2;D50.0;N17.9;I10;I48.91;Z79.01;Z95.0;Z59.3;Z85.51;;;;;;;;;;;;S;S;S;S;S;E;E;E;E;;;;;;;;;;;;3E033GC;3E0F7SF;3E033NZ;3E0337Z;3E013GC;;;;;;;;;;;;;;;;;;;;;;;;1;
ff09bae265edfa20;220054;5864ead8a24ccc2a;78;1;2024-11-07 00:00:00;2024-11-15 00:00:00;4;;;J69.0;J96.90;R13.19;L89.154;L89.204;I12.9;E11.22;N18.9;C88.4;E78.5;E66.9;I25.10;E79.0;J45.909;F03.90;Z86.73;Z79.82;Z79.891;;;S;S;S;S;S;S;S;S;S;S;S;S;S;S;S;E;E;E;;;3E03329;3E0F7GC;3E013VG;3E0333Z;3E0337Z;3E013GC;3E033NZ;;;;;;;;;;;;;;;;;;;;;;1;
0afd423761b30350;220054;67442c7dbad58cf4;58;2;2024-11-14 00:00:00;2024-11-15 00:00:00;1;2024-11-14 00:00:00;;K64.4;K64.8;Z88.0;;;;;;;;;;;;;;;;;;S;S;E;;;;;;;;;;;;;;;;;;06BY0ZC;;;;;;;;;;;;;;;;;;;;;;;;;;;;2;
cbb589d4c9ef3e2d;220054;10aed8cd17a8050b;64;2;2024-11-13 00:00:00;2024-11-15 00:00:00;1;2024-11-13 00:00:00;;C50.812;Z17.0;C77.3;Z85.3;Z92.21;Z92.3;;;;;;;;;;;;;;;S;E;S;E;E;E;;;;;;;;;;;;;;;0HTU0ZZ;0JB60ZZ;07T60ZZ;3E013KZ;3E013KZ;;;;;;;;;;;;;;;;;;;;;;;;2;
0144c87f47c1bd56;220054;c310a7c093c7029d;92;1;2024-11-09 00:00:00;2024-11-15 00:00:00;1;;;N39.0;B96.4;Z16.24;R31.0;N17.9;N13.0;Q62.5;I10;F32.A;I69.154;I69.192;I69.354;I69.322;Z87.440;Z79.82;Z99.81;Z59.3;Z74.09;;;S;S;S;S;S;S;E;S;S;E;E;E;E;E;E;E;E;S;;;3E03329;0T9B70Z;3E1K78Z;BW40ZZZ;3E033NZ;3E033GC;3E0337Z;;;;;;;;;;;;;;;;;;;;;;1;
2277572b4a4400a2;220054;fc858b53f4c794ce;68;1;2024-11-12 00:00:00;2024-11-16 00:00:00;1;2024-11-13 00:00:00;;C61;I10;F17.210;;;;;;;;;;;;;;;;;;S;S;S;;;;;;;;;;;;;;;;;;0VT04ZZ;0VT34ZZ;07TC4ZZ;;;;;;;;;;;;;;;;;;;;;;;;;;2;
d1ff8eb5a4694fb0;220054;1df53522853a849b;28;2;2024-11-15 00:00:00;2024-11-17 00:00:00;1;;;O48.0;O26.893;O90.81;Z3A.40;Z37.0;;;;;;;;;;;;;;;;S;S;N;E;E;;;;;;;;;;;;;;;;10E0XZZ;10907ZC;3E0R3BZ;4A1HXCZ;3E0234Z;;;;;;;;;;;;;;;;;;;;;;;;1;
31e9e5d8d996bc50;220054;07d6698cd2dce8cf;36;2;2024-11-14 00:00:00;2024-11-18 00:00:00;1;2024-11-16 00:00:00;;O41.03X0;O75.2;O36.93X0;O61.1;O61.0;O90.81;Z3A.40;Z37.0;Z67.20;;;;;;;;;;;;S;N;N;N;N;N;E;E;E;;;;;;;;;;;;10D00Z1;0U7C7ZZ;3E033VJ;4A1HXCZ;;;;;;;;;;;;;;;;;;;;;;;;;1;
03c7cd6c83f1610c;220054;3a67eba3574b5416;44;2;2024-11-16 00:00:00;2024-11-18 00:00:00;1;;;D50.9;D25.9;I10;;;;;;;;;;;;;;;;;;S;S;S;;;;;;;;;;;;;;;;;;4A02X4Z;30233N1;3E033GC;;;;;;;;;;;;;;;;;;;;;;;;;;1;
27cfd50ee9980091;220054;d2197717eb3248bc;77;1;2024-10-14 00:00:00;2024-11-18 00:00:00;1;;;J44.0;J18.9;N17.8;T50.905A;K29.70;T36.95XA;R93.3;I10;E78.5;E79.0;Z86.73;;;;;;;;;;S;S;S;S;S;S;N;S;S;S;E;;;;;;;;;;0DB68ZX;0B978ZX;0B968ZX;3E1F88X;BW241ZZ;3E03329;;;;;;;;;;;;;;;;;;;;;;;1;
98dd1eda0b200b09;220054;01798dd9ed44a819;78;1;2024-11-13 00:00:00;2024-11-19 00:00:00;1;;;R40.4;R56.9;R55;J44.9;E78.5;Z79.82;;;;;;;;;;;;;;;S;S;S;S;S;E;;;;;;;;;;;;;;;B020ZZZ;4A02X4Z;B246ZZZ;B32S1ZZ;B32T1ZZ;4A12X4Z;;;;;;;;;;;;;;;;;;;;;;;1;
c4bd0e33836b8bc4;220054;4ea9ef66509cd1ca;25;2;2024-11-18 00:00:00;2024-11-19 00:00:00;1;2024-11-18 00:00:00;;K80.10;;;;;;;;;;;;;;;;;;;;S;;;;;;;;;;;;;;;;;;;;0FT44ZZ;;;;;;;;;;;;;;;;;;;;;;;;;;;;2;
bfdf7421d9972dd2;220054;9fcce8132fcaa9a1;70;2;2024-11-12 00:00:00;2024-11-20 00:00:00;1;;;R34;I95.9;N17.0;T39.395A;N01.9;N28.89;M62.82;I10;N39.0;B96.20;E87.5;J44.9;I87.2;E66.9;M15.9;F32.9;F17.210;Z85.3;Z90.11;Z92.21;S;S;S;S;S;S;S;S;S;S;S;S;S;S;S;S;S;E;E;E;BW40ZZZ;3E0337Z;3E03329;;;;;;;;;;;;;;;;;;;;;;;;;;1;
4e36ac45406c0461;220054;a2f879e73b88da29;87;2;2024-11-07 00:00:00;2024-11-20 00:00:00;1;;;J44.1;J96.10;I10;E78.5;F17.210;F32.A;I87.2;Z99.81;Z59.3;;;;;;;;;;;;S;S;S;S;S;S;S;E;E;;;;;;;;;;;;3E0333Z;3E0F7GC;3E0337Z;3E0F7SF;4A02X4Z;3E03329;3E013VG;3E013GC;3E033GC;;;;;;;;;;;;;;;;;;;;1;
804e099677087f66;220054;08a834eb3a957963;71;1;2024-11-19 00:00:00;2024-11-20 00:00:00;1;;;K56.609;C78.00;I25.10;N20.0;K44.9;I10;E11.9;E78.5;Z85.038;Z90.49;Z85.89;;;;;;;;;;S;S;S;S;S;S;S;S;E;E;E;;;;;;;;;;BW2010Z;3E0337Z;3E033NZ;;;;;;;;;;;;;;;;;;;;;;;;;;1;
15151d7e073b2c58;220054;8f02f3c624bd3280;33;2;2024-11-18 00:00:00;2024-11-20 00:00:00;1;;;O42.12;O48.0;Z3A.40;O99.824;O69.2XX0;O90.81;O26.893;Z37.0;;;;;;;;;;;;;S;S;E;S;N;N;S;E;;;;;;;;;;;;;10E0XZZ;3E0P7VZ;4A1HXCZ;3E03329;3E0234Z;;;;;;;;;;;;;;;;;;;;;;;;1;
ce1fe01165689af4;220054;02fe3aa3924866fd;72;1;2024-11-13 00:00:00;2024-11-20 00:00:00;1;;;I50.33;J44.1;J84.9;I48.0;E11.65;E11.22;N18.4;K31.819;F17.211;I25.2;Z95.5;Z79.4;Z79.01;Z79.02;;;;;;;S;S;S;S;S;S;S;S;S;E;E;E;E;E;;;;;;;4A02X4Z;B246ZZZ;3E03329;3E033GC;3E0F7GC;3E0333Z;;;;;;;;;;;;;;;;;;;;;;;1;
b6550633aa9f482d;220054;70085e74ff076092;34;2;2024-11-18 00:00:00;2024-11-21 00:00:00;1;;;O48.0;O69.1XX0;O70.1;O90.81;Z3A.41;Z67.40;Z37.0;;;;;;;;;;;;;;S;N;N;N;E;E;E;;;;;;;;;;;;;;10E0XZZ;3E0P7VZ;3E033VJ;0KQM0ZZ;4A1HXCZ;3E0R3BZ;;;;;;;;;;;;;;;;;;;;;;;1;
a5cf52161e7cbbbe;220054;ddd9cd5ff1175c5f;41;2;2024-11-20 00:00:00;2024-11-21 00:00:00;1;2024-11-20 00:00:00;;L05.91;E73.9;Z91.09;;;;;;;;;;;;;;;;;;S;S;E;;;;;;;;;;;;;;;;;;0JB90ZZ;;;;;;;;;;;;;;;;;;;;;;;;;;;;2;
887f961d36e76e0f;220054;2410d00f397a8b5a;54;2;2024-11-12 00:00:00;2024-11-22 00:00:00;1;2024-11-15 00:00:00;;T81.42XA;N76.0;R78.81;B96.6;Y83.6;D64.9;M06.9;Z79.899;Z88.0;;;;;;;;;;;;S;S;S;S;S;S;S;E;E;;;;;;;;;;;;0U9G0ZZ;BW211ZZ;BW40ZZZ;3E03328;3E03329;3E033NZ;3E033GC;3E0333Z;3E013GC;;;;;;;;;;;;;;;;;;;;1;
aecc3d435b70323d;220054;29cbde97985982eb;83;1;2024-11-18 00:00:00;2024-11-22 00:00:00;1;;;I63.81;H49.02;I10;E78.5;;;;;;;;;;;;;;;;;S;S;S;S;;;;;;;;;;;;;;;;;B246ZZZ;4A12X45;B020ZZZ;B32RZZZ;;;;;;;;;;;;;;;;;;;;;;;;;1;
c8a6af6abb0a93f9;220054;8a3ee2672a7c0aaa;74;2;2024-11-22 00:00:00;2024-11-23 00:00:00;1;2024-11-22 00:00:00;;K60.2;K64.9;I10;E78.5;Z88.2;Z88.0;Z88.1;;;;;;;;;;;;;;S;S;S;S;E;E;E;;;;;;;;;;;;;;0D8R0ZZ;;;;;;;;;;;;;;;;;;;;;;;;;;;;2;
36fa07e4c2153272;220054;c9c4720bbaa4e538;75;1;2024-11-19 00:00:00;2024-11-23 00:00:00;1;2024-11-19 00:00:00;;Z08;Z85.51;N35.914;E11.9;G71.11;Z79.84;I82.509;Z79.01;Z87.891;;;;;;;;;;;;E;E;S;S;S;E;S;E;E;;;;;;;;;;;;0TBB8ZX;0T7D8ZZ;;;;;;;;;;;;;;;;;;;;;;;;;;;2;
1877db039068d04a;220054;edb913233d86f8b3;68;2;2024-11-21 00:00:00;2024-11-23 00:00:00;1;2024-11-22 00:00:00;;N81.6;M79.7;M19.90;Z88.0;;;;;;;;;;;;;;;;;S;S;S;E;;;;;;;;;;;;;;;;;0JQC0ZZ;;;;;;;;;;;;;;;;;;;;;;;;;;;;2;
9d833bcfd8d594de;220054;ab64e6d958625eec;63;2;2024-11-22 00:00:00;2024-11-23 00:00:00;1;2024-11-22 00:00:00;;N81.10;N81.89;Z79.82;;;;;;;;;;;;;;;;;;S;S;E;;;;;;;;;;;;;;;;;;0JQC0ZZ;;;;;;;;;;;;;;;;;;;;;;;;;;;;2;
517df98093e12a6d;220054;fb4ea1937c98260a;69;2;2024-11-21 00:00:00;2024-11-24 00:00:00;1;2024-11-21 00:00:00;;C54.1;Z17.0;D25.2;I10;E03.9;Z68.30;;;;;;;;;;;;;;;S;E;S;S;S;E;;;;;;;;;;;;;;;0UT90ZZ;0UT20ZZ;0UT70ZZ;;;;;;;;;;;;;;;;;;;;;;;;;;2;
df23f09726c228e6;220054;574926987a756fe5;60;1;2024-11-19 00:00:00;2024-11-25 00:00:00;1;;;M47.12;M47.814;M47.816;M51.26;F17.210;F10.21;;;;;;;;;;;;;;;S;S;S;S;S;S;;;;;;;;;;;;;;;BP49ZZZ;3E033NZ;3E0333Z;;;;;;;;;;;;;;;;;;;;;;;;;;2;
32745d7cfd37ed7c;220054;5421ad20f1f58757;72;2;2024-11-18 00:00:00;2024-11-25 00:00:00;1;;;J44.1;E61.1;E78.5;F32.A;Z87.01;Z99.81;Z88.8;Z88.1;;;;;;;;;;;;;S;S;S;S;E;E;E;E;;;;;;;;;;;;;3E0333Z;3E0F7GC;3E03329;3E0F7SF;3E013GC;3E013VG;;;;;;;;;;;;;;;;;;;;;;;1;
119f6f1317fe3a65;220054;f39668b2d675bd59;22;2;2024-11-22 00:00:00;2024-11-25 00:00:00;1;;;S42.002A;S32.019A;R41.3;V48.5XXA;Y92.410;;;;;;;;;;;;;;;;S;S;S;S;S;;;;;;;;;;;;;;;;2W39XYZ;2W35X3Z;BW241ZZ;B020ZZZ;3E0333Z;3E033NZ;3E033GC;3E0337Z;;;;;;;;;;;;;;;;;;;;;1;
0882c3110fe80954;220054;7b505cd932b8d42e;51;1;2024-11-21 00:00:00;2024-11-26 00:00:00;1;;;I21.4;I25.10;I97.89;I21.A9;Y84.0;I47.20;F17.210;E78.5;I10;;;;;;;;;;;;S;S;N;N;N;N;S;S;S;;;;;;;;;;;;4A02X4Z;B246ZZZ;3E013GC;4A12X4Z;4A13XB1;4A13XR1;;;;;;;;;;;;;;;;;;;;;;;1;
0cd2843ddd866758;220054;a18577ae35da27d9;91;1;2024-11-22 00:00:00;2024-11-26 00:00:00;1;;;N17.9;E86.0;N18.31;E87.0;F09;E79.0;K59.00;R64;R54;Z59.3;;;;;;;;;;;S;S;S;S;S;S;S;S;S;E;;;;;;;;;;;3E0337Z;0T9B70Z;3E033NZ;3E033GC;;;;;;;;;;;;;;;;;;;;;;;;;1;
510b2f6c76f349b2;220054;6cc0b16338198f3d;85;2;2024-11-16 00:00:00;2024-11-26 00:00:00;1;;;I21.19;I25.10;I25.3;Z95.5;I23.6;I48.91;F05;R31.0;E11.9;I10;Z86.73;Z87.74;E03.9;Z79.82;Z88.0;Z79.4;Z79.01;;;;S;S;S;E;S;S;N;N;S;S;E;E;S;E;E;E;E;;;;4A02X4Z;3E033NZ;3E033GC;3E0337Z;;;;;;;;;;;;;;;;;;;;;;;;;1;
ce5cf9ca2d9a662f;220054;62abdf7d38fff9e5;48;1;2024-11-26 00:00:00;2024-11-27 00:00:00;1;2024-11-26 00:00:00;;K60.3;;;;;;;;;;;;;;;;;;;;S;;;;;;;;;;;;;;;;;;;;0JBB0ZZ;0DQR0ZZ;;;;;;;;;;;;;;;;;;;;;;;;;;;2;
bdb17ca6986402d6;220054;e1cf39b4e4ea768f;87;2;2024-11-12 00:00:00;2024-11-27 00:00:00;1;;;U07.1;J12.82;J18.9;Y95;I11.0;I50.9;I48.91;E66.9;S22.080D;W19.XXXD;Z66;;;;;;;;;;S;S;N;N;S;S;S;S;E;S;S;;;;;;;;;;XW033E5;3E0333Z;3E033GC;3E0F7SF;3E0F7GC;BW24ZZZ;4A02X4Z;2W35XYZ;3E03329;3E0337Z;3E033NZ;3E013GC;;;;;;;;;;;;;;;;;1;
c9ff591caaef601c;220054;7294bb69bbc077c5;91;1;2024-11-18 00:00:00;2024-11-28 00:00:00;1;;;J43.9;J18.9;J96.00;D50.9;D53.9;E55.9;R73.9;T38.0X5A;D69.6;I10;E03.8;Z86.73;Z87.891;Z79.82;;;;;;;S;S;S;S;S;S;N;N;S;S;S;E;E;E;;;;;;;BW241ZZ;4A02X4Z;3E0333Z;3E03329;3E033GC;3E0F7SF;3E013GC;;;;;;;;;;;;;;;;;;;;;;1;
5edbaabd7be6bf6b;220054;70030380f0283e6a;69;1;2024-11-20 00:00:00;2024-11-28 00:00:00;1;;;J18.9;R10.9;G89.29;F32.A;Z60.3;;;;;;;;;;;;;;;;S;S;S;S;S;;;;;;;;;;;;;;;;3E03329;3E0F7SF;3E0333Z;3E0337Z;3E0F7GC;3E013GC;3E033NZ;;;;;;;;;;;;;;;;;;;;;;1;
16114c9e78845eca;220054;94297fdd7c426222;90;1;2024-11-21 00:00:00;2024-11-28 00:00:00;1;;;K55.21;I11.9;I50.9;J44.9;I48.91;I44.0;K57.92;E78.5;Z79.01;;;;;;;;;;;;S;S;S;S;S;S;S;S;E;;;;;;;;;;;;BW201ZZ;4A02X4Z;3E033GC;3E013GC;3E0333Z;3E03329;;;;;;;;;;;;;;;;;;;;;;;1;
1de0f7d921c3e6df;220054;09e25e8cc77f78f3;90;2;2024-11-20 00:00:00;2024-11-28 00:00:00;1;;;E86.0;E87.0;I50.9;R82.71;B96.20;F03.C0;R13.11;I48.91;F41.1;Z99.81;Z79.82;;;;;;;;;;S;S;S;S;S;S;S;S;S;E;E;;;;;;;;;;3E0337Z;3E033GC;B020ZZZ;BW4FZZZ;4A02X4Z;3E013GC;3E033NZ;;;;;;;;;;;;;;;;;;;;;;1;
40bc33b6901d9232;220054;aab6e20efb22928c;60;2;2024-11-27 00:00:00;2024-11-28 00:00:00;1;2024-11-27 00:00:00;;K43.2;I10;E11.9;E78.5;E66.9;Z68.41;Z90.49;Z79.85;;;;;;;;;;;;;S;S;S;S;S;E;E;E;;;;;;;;;;;;;0WUF0JZ;;;;;;;;;;;;;;;;;;;;;;;;;;;;2;
7f7c35281d1277e1;220054;6559c481c87236c8;38;1;2024-11-27 00:00:00;2024-11-29 00:00:00;1;;;I31.9;;;;;;;;;;;;;;;;;;;;S;;;;;;;;;;;;;;;;;;;;B246ZZZ;4A02X4Z;3E0333Z;;;;;;;;;;;;;;;;;;;;;;;;;;1;
381c75f3df877977;220054;59fa2c36d9f65243;64;1;2024-11-26 00:00:00;2024-11-29 00:00:00;1;2024-11-26 00:00:00;;N99.840;T81.42XA;B95.7;Y83.8;R73.01;K40.90;M54.50;;;;;;;;;;;;;;S;S;S;E;S;S;S;;;;;;;;;;;;;;0V970ZZ;0V970ZX;0W3R0ZZ;BV44ZZZ;;;;;;;;;;;;;;;;;;;;;;;;;1;
e115198e8aaf6698;220054;9c9f7ccc5cabf1bf;89;1;2024-11-26 00:00:00;2024-11-30 00:00:00;1;;;R31.9;N39.0;N35.919;Z96.0;J44.9;I48.19;I10;E78.5;I25.2;Z99.89;;;;;;;;;;;S;S;S;S;S;S;S;S;E;E;;;;;;;;;;;3E1K78Z;3E03329;;;;;;;;;;;;;;;;;;;;;;;;;;;1;
cbcce7745dd6f1bc;220054;de734e27f712f5e0;95;2;2024-11-22 00:00:00;2024-11-30 00:00:00;4;;;K80.00;N17.9;I12.9;N18.30;I48.91;D47.2;E04.2;R32;Z79.01;Z59.3;;;;;;;;;;;S;N;S;S;S;S;S;S;E;E;;;;;;;;;;;BW40ZZZ;BW20ZZZ;4A02X4Z;3E03329;3E0337Z;3E033GC;3E033NZ;3E013GC;;;;;;;;;;;;;;;;;;;;;1;
d4d27f37ce28e2e4;220054;5f31c388f772de58;43;1;2024-11-17 00:00:00;2024-12-02 00:00:00;1;2024-11-18 00:00:00;;Z43.2;K66.0;Y83.6;K91.89;K56.0;T81.32XA;T81.41XA;Y83.2;F43.20;Z85.038;Z90.49;;;;;;;;;;E;S;S;N;N;N;N;N;S;E;E;;;;;;;;;;0DQB0ZZ;0WQFXZ2;0DBB0ZX;0DBW0ZX;0BBT0ZX;0DBU0ZX;0D1B0Z4;BW201ZZ;0D9670Z;;;;;;;;;;;;;;;;;;;;2;
da6fc351783fce58;220054;d5f986e5dcb3d28c;89;2;2024-11-23 00:00:00;2024-12-02 00:00:00;1;;;K83.09;K83.8;B37.0;I11.0;I50.30;E11.9;I48.21;M31.6;D64.9;M81.0;Z86.73;H47.019;Z79.01;Z79.891;Z86.004;Z90.49;Z85.3;;;;S;S;N;S;S;S;S;S;S;S;E;S;E;E;E;E;E;;;;BW201ZZ;3E03329;3E033NZ;3E013GC;3E0337Z;3E013VG;;;;;;;;;;;;;;;;;;;;;;;1;
bfdf7421d9972dd2;220054;e91562bcfbe0225b;70;2;2024-11-23 00:00:00;2024-12-02 00:00:00;1;;;A04.72;N17.9;N18.9;E87.6;J44.9;I87.2;E66.9;M15.9;I10;F32.9;F17.210;Z85.3;Z90.11;Z92.21;Z92.3;Z74.09;;;;;S;S;S;S;S;S;S;S;S;S;S;E;E;E;E;S;;;;;3E033NZ;3E013GC;;;;;;;;;;;;;;;;;;;;;;;;;;;1;
6136b5984443bc11;220054;03b5b484692a5846;65;2;2024-12-01 00:00:00;2024-12-03 00:00:00;1;2024-12-02 00:00:00;;D09.0;F17.210;E03.9;;;;;;;;;;;;;;;;;;S;S;S;;;;;;;;;;;;;;;;;;0TBB8ZZ;;;;;;;;;;;;;;;;;;;;;;;;;;;;2;
f4f44c9848d1c998;220054;751809f2683ddc61;79;1;2024-12-02 00:00:00;2024-12-03 00:00:00;1;2024-12-02 00:00:00;;K40.90;E11.22;N18.9;D63.1;J44.9;I34.0;I48.91;I25.9;Z79.01;Z95.5;I42.0;Z85.46;Z92.3;;;;;;;;S;S;S;S;S;S;S;S;E;E;S;E;E;;;;;;;;0YU60JZ;;;;;;;;;;;;;;;;;;;;;;;;;;;;2;
d52080e3a2e7b9bc;220054;73303a8fe2e6b0c9;89;2;2024-11-22 00:00:00;2024-12-03 00:00:00;1;;;J18.9;I11.0;I50.9;J96.90;K59.00;F05;E11.65;T38.0X5A;E78.5;E66.9;I48.21;G30.9;F02.80;Z86.73;Z79.01;Z79.84;;;;;S;S;S;S;S;S;N;N;S;S;S;S;S;E;E;E;;;;;BW24ZZZ;4A02X4Z;3E03329;3E0333Z;3E033GC;3E0F7GC;3E033NZ;3E013VG;;;;;;;;;;;;;;;;;;;;;1;
4b7931ce9a4d21a4;220054;e21ecefdc0a9ba6e;78;2;2024-11-28 00:00:00;2024-12-03 00:00:00;1;;;N10;B96.20;Z16.12;I10;E78.5;E53.8;K29.50;K31.A0;F09;Z59.3;;;;;;;;;;;S;S;S;S;S;S;S;S;S;E;;;;;;;;;;;3E03329;3E033NZ;BW40ZZZ;3E0337Z;;;;;;;;;;;;;;;;;;;;;;;;;1;
11ec09efd232765b;220054;1084d29c2cf4a5da;69;2;2024-12-03 00:00:00;2024-12-04 00:00:00;1;;;I48.21;I16.9;T46.0X5A;I11.0;I50.9;E11.9;E78.1;K31.89;K76.0;F10.20;Z85.3;Z92.3;F17.210;Z85.048;Z79.01;Z79.84;;;;;S;S;S;S;S;S;S;S;S;S;E;E;S;E;E;E;;;;;4A02X4Z;;;;;;;;;;;;;;;;;;;;;;;;;;;;1;
e932ccb0b8496600;220054;507ee0a699ec761d;83;1;2024-10-22 00:00:00;2024-12-04 00:00:00;1;;;G30.9;F02.C11;F02.C18;F02.C4;J69.0;E53.8;H40.9;Z59.3;;;;;;;;;;;;;S;S;S;S;S;S;S;E;;;;;;;;;;;;;3E033NZ;3E033GC;3E03329;3E0333Z;3E0F7GC;3E0337Z;;;;;;;;;;;;;;;;;;;;;;;1;
57be4cb2f332dd8a;220054;f7f426afb56433a9;45;2;2024-12-04 00:00:00;2024-12-04 00:00:00;1;2024-12-04 00:00:00;;D24.2;Z80.3;;;;;;;;;;;;;;;;;;;S;E;;;;;;;;;;;;;;;;;;;0HBU0ZZ;;;;;;;;;;;;;;;;;;;;;;;;;;;;2;
2395491aa8dd5e16;220054;a0cdb097eac84df6;39;2;2024-12-04 00:00:00;2024-12-05 00:00:00;1;2024-12-04 00:00:00;;K80.10;I10;E78.5;F41.9;;;;;;;;;;;;;;;;;S;S;S;S;;;;;;;;;;;;;;;;;0FT44ZZ;;;;;;;;;;;;;;;;;;;;;;;;;;;;2;
0cccfff396b38d01;220054;318f56b3d7bb9fc1;87;1;2024-12-02 00:00:00;2024-12-05 00:00:00;1;;;I50.9;I48.91;J98.8;I10;E78.5;C61;Z19.2;C79.51;;;;;;;;;;;;;S;S;S;S;S;S;E;S;;;;;;;;;;;;;4A02X4Z;3E033GC;3E033NZ;3E0337Z;;;;;;;;;;;;;;;;;;;;;;;;;1;
ee992b7eecfb2355;220054;8ee7cce868a43e86;12;1;2024-12-03 00:00:00;2024-12-06 00:00:00;1;;;R10.9;;;;;;;;;;;;;;;;;;;;S;;;;;;;;;;;;;;;;;;;;BW40ZZZ;;;;;;;;;;;;;;;;;;;;;;;;;;;;1;
ece4e5378d84f418;220054;99c7dd0a10415bae;88;2;2024-11-19 00:00:00;2024-12-06 00:00:00;1;2024-11-19 00:00:00;;A41.9;K65.3;K25.5;K81.1;N17.9;S22.41XA;W19.XXXA;I10;G20;F02.80;Z95.5;;;;;;;;;;S;S;S;S;S;S;S;S;S;S;E;;;;;;;;;;0DQ60ZZ;0FT40ZZ;0D9W0ZX;BW251ZZ;3E03329;30233N1;3E0336Z;3E033NZ;3E013GC;;;;;;;;;;;;;;;;;;;;1;
8d4e7195cb02a4bd;220054;03b84f4891a69665;88;2;2024-11-24 00:00:00;2024-12-06 00:00:00;4;;;G45.9;I05.2;I09.81;I50.9;I12.9;N18.32;J96.90;I48.91;Z79.01;Z59.3;;;;;;;;;;;S;S;S;S;S;S;S;S;E;E;;;;;;;;;;;B020ZZZ;3E033GC;5A09457;3E0F7SF;3E013GC;3E0337Z;3E033NZ;;;;;;;;;;;;;;;;;;;;;;1;
9c375f57c0f53e90;220054;9bdd72282f21c648;32;1;2024-12-05 00:00:00;2024-12-07 00:00:00;1;2024-12-05 00:00:00;;K35.33;;;;;;;;;;;;;;;;;;;;S;;;;;;;;;;;;;;;;;;;;0DTJ4ZZ;BW40ZZZ;;;;;;;;;;;;;;;;;;;;;;;;;;;1;
b18f84b7ad044cb9;220054;9c8a48f3d24e5f97;34;2;2024-12-05 00:00:00;2024-12-08 00:00:00;1;2024-12-05 00:00:00;;K35.33;J45.909;;;;;;;;;;;;;;;;;;;S;S;;;;;;;;;;;;;;;;;;;0DTJ4ZZ;BW20ZZZ;BW40ZZZ;;;;;;;;;;;;;;;;;;;;;;;;;;1;
dc1b23038c8941d6;220054;c19d04992aae4ff6;71;1;2024-12-03 00:00:00;2024-12-08 00:00:00;1;2024-12-04 00:00:00;;N40.1;N13.8;R55;F32.A;Z88.0;;;;;;;;;;;;;;;;S;S;N;S;E;;;;;;;;;;;;;;;;0VB04ZZ;3E0337Z;3E033GC;;;;;;;;;;;;;;;;;;;;;;;;;;2;
f50c36912cf39505;220054;dff2ec5f71c07c70;25;2;2024-12-09 00:00:00;2024-12-10 00:00:00;1;;;O26.832;N23;O34.82;N83.201;O99.612;K90.0;Z3A.27;Z79.02;;;;;;;;;;;;;S;S;S;S;S;S;E;E;;;;;;;;;;;;;BY4CZZZ;3E033NZ;3E0337Z;;;;;;;;;;;;;;;;;;;;;;;;;;1;
08896d564a724b66;220054;c37dfcfcb5c44c81;93;2;2024-11-30 00:00:00;2024-12-10 00:00:00;1;;;J98.8;B97.4;I13.0;I50.9;N18.9;F05;K29.40;K59.00;I87.2;E03.8;F09;F32.A;R32;Z95.0;Z59.3;Z79.01;;;;;S;S;S;S;S;N;S;S;S;S;S;S;S;E;E;E;;;;;4A02X4Z;3E03329;3E0F7GC;3E0333Z;3E033GC;3E033NZ;;;;;;;;;;;;;;;;;;;;;;;1;
74acd0814604821d;220054;dd479046c9f56cf9;30;2;2024-12-08 00:00:00;2024-12-11 00:00:00;1;;;O48.0;O63.1;O70.1;Z3A.40;Z37.0;Z67.40;;;;;;;;;;;;;;;S;N;N;E;E;E;;;;;;;;;;;;;;;10D07Z6;3E0R3BZ;10907ZC;0KQM0ZZ;4A1HXCZ;;;;;;;;;;;;;;;;;;;;;;;;1;
432f5d07003af7fa;220054;30034dac850f91ab;64;1;2024-12-07 00:00:00;2024-12-12 00:00:00;1;;;I63.331;I67.2;R29.701;F10.20;F17.210;Z86.73;;;;;;;;;;;;;;;S;S;S;S;S;E;;;;;;;;;;;;;;;B0201ZZ;B348ZZZ;B246ZZZ;4A12X4Z;3E0337Z;;;;;;;;;;;;;;;;;;;;;;;;1;
0323d1759de3b0b7;220054;bbb4bbcf6cc947c9;86;1;2024-12-04 00:00:00;2024-12-12 00:00:00;1;;;I11.0;I50.20;K76.1;M45.9;D84.821;T45.1X5A;N40.0;M41.9;M47.816;I44.7;Z91.041;;;;;;;;;;S;S;S;S;S;S;S;S;S;S;E;;;;;;;;;;B246ZZZ;4A02X4Z;3E033GC;3E0F7SF;3E0F7GC;3E03329;3E0333Z;3E0337Z;;;;;;;;;;;;;;;;;;;;;1;
59a0e1ef58ddb133;220054;886ac550167f35b5;56;2;2024-12-11 00:00:00;2024-12-12 00:00:00;1;2024-12-11 00:00:00;;M23.321;M23.8X1;;;;;;;;;;;;;;;;;;;S;S;;;;;;;;;;;;;;;;;;;0SBC4ZZ;0SBC4ZZ;;;;;;;;;;;;;;;;;;;;;;;;;;;2;
97f84f76a777cd36;220054;c01e1f1052e05676;72;1;2024-12-10 00:00:00;2024-12-12 00:00:00;1;2024-12-10 00:00:00;;D09.0;N40.0;I10;E78.5;E11.9;E79.0;Z87.891;;;;;;;;;;;;;;S;S;S;S;S;S;E;;;;;;;;;;;;;;0TBB8ZX;0VB08ZZ;;;;;;;;;;;;;;;;;;;;;;;;;;;2;
9ae1e629160a18e2;220054;7ef83e64a98ab150;89;2;2024-11-29 00:00:00;2024-12-13 00:00:00;5;2024-12-03 00:00:00;;S72.22XA;W19.XXXA;Y92.009;D64.9;E87.20;L89.151;E55.9;E53.8;N17.9;I12.9;E11.22;N18.9;N25.81;E46;I42.0;I27.20;I44.7;E78.5;E79.0;Z79.82;S;S;S;N;D;N;S;S;S;S;S;S;S;S;S;S;S;S;S;E;0QS736Z;;;;;;;;;;;;;;;;;;;;;;;;;;;;1;
7c18ebd53289f1e5;220054;921310493733a99d;76;2;2024-12-02 00:00:00;2024-12-13 00:00:00;1;;;E87.1;T46.5X5A;I11.0;I50.9;J18.9;K56.41;M10.062;I35.9;I34.9;I48.91;E66.9;M81.0;D64.9;R15.9;R32;F09;Z86.018;Z90.49;Z79.01;Z59.3;S;S;S;S;S;S;S;S;S;S;S;S;S;S;S;S;E;E;E;E;3E0337Z;B246ZZZ;4A02X4Z;3E033GC;3E03329;3E1H78Z;3E0F7GC;3E033NZ;;;;;;;;;;;;;;;;;;;;;1;
00d0e45d2aaf437b;220054;835ba415a5ed1ffd;58;1;2024-12-13 00:00:00;2024-12-14 00:00:00;4;;;A41.51;R65.21;J98.8;B96.20;Z16.24;N17.9;C15.3;D84.81;Z51.5;Z79.634;Z93.1;Z85.818;Z85.810;Z92.3;Z88.6;;;;;;S;S;S;S;S;S;S;S;E;E;E;E;E;E;E;;;;;;3E03329;3E0337Z;3E033NZ;3E0F7GC;3E0F7SF;;;;;;;;;;;;;;;;;;;;;;;;1;
44e888142999040b;220054;a5f1ebccf6c044be;68;1;2024-12-11 00:00:00;2024-12-14 00:00:00;4;;;J69.0;R40.3;S06.6X6S;S06.366S;V19.88XS;L89.152;K56.41;F03.C0;Z93.1;Z86.16;Z59.3;;;;;;;;;;S;S;E;E;E;S;S;S;E;E;E;;;;;;;;;;3E03329;BW20ZZZ;3E0337Z;3E013GC;3E033GC;3E033NZ;3E0333Z;3E0F7GC;;;;;;;;;;;;;;;;;;;;;1;
c7adad7600a3ec4d;220054;9326261fc0c6058b;70;1;2024-12-07 00:00:00;2024-12-15 00:00:00;1;;;N10;T83.098A;N99.89;N13.5;Y83.2;E11.21;E11.51;D64.9;Z85.51;Z90.6;Z93.6;Z90.79;Z86.718;Z87.891;Z79.4;Z79.01;;;;;S;S;S;S;S;S;S;S;E;E;E;E;E;E;E;E;;;;;3E03329;3C1ZX8Z;30233N1;3E0337Z;3E033NZ;3E013GC;;;;;;;;;;;;;;;;;;;;;;;1;
fbf116da0fc23ba0;220054;07bf2a176a0028ff;49;1;2024-12-03 00:00:00;2024-12-16 00:00:00;1;2024-12-12 00:00:00;;S82.241A;S82.401A;S22.21XA;S22.32XA;S22.41XA;S22.029A;S22.031A;S22.049A;S22.059A;S22.089A;V23.99XA;Y92.410;;;;;;;;;S;S;S;S;S;S;S;S;S;S;S;S;;;;;;;;;0QHG36Z;0QPG35Z;2W35X3Z;3E013GC;3E033NZ;;;;;;;;;;;;;;;;;;;;;;;;1;
fcf0185bcb541398;220054;2b5df6270fd705d6;56;2;2024-12-11 00:00:00;2024-12-16 00:00:00;1;2024-12-12 00:00:00;;K80.12;K74.60;F17.210;F10.91;M45.9;;;;;;;;;;;;;;;;S;S;S;S;S;;;;;;;;;;;;;;;;0FT44ZZ;0FB04ZX;;;;;;;;;;;;;;;;;;;;;;;;;;;2;
3ac58eedbb807dc9;220054;75d9fedb1e9b330c;93;2;2024-11-26 00:00:00;2024-12-16 00:00:00;1;;;J47.0;J18.9;I50.84;I50.23;J96.91;I48.91;I44.7;I34.0;I27.20;N18.30;M81.0;G31.84;Z99.81;Z22.322;Z86.16;Z59.3;;;;;S;S;S;S;S;S;S;S;S;S;S;S;E;E;E;E;;;;;3E03329;3E03328;B020ZZZ;3E033GC;3E033RZ;3E0F7SF;3E0F7GC;3E0333Z;3E0337Z;3E033NZ;;;;;;;;;;;;;;;;;;;1;
a72393d4d7ee4123;220054;57bea45da33c1a95;79;2;2024-12-06 00:00:00;2024-12-17 00:00:00;5;;;I63.81;G46.5;R29.706;R29.707;G81.91;R47.1;I48.91;I10;E78.5;E03.8;Z88.6;;;;;;;;;;S;S;S;N;S;S;S;S;S;S;E;;;;;;;;;;B020ZZZ;B32R1ZZ;B246ZZZ;4A12X4Z;F0727ZZ;F0717ZZ;3E013GC;3E033NZ;;;;;;;;;;;;;;;;;;;;;1;
4cce04f2e703179f;220054;823a71843467b1b9;2;1;2024-12-13 00:00:00;2024-12-17 00:00:00;1;;;N39.0;N13.70;;;;;;;;;;;;;;;;;;;S;S;;;;;;;;;;;;;;;;;;;3E03329;;;;;;;;;;;;;;;;;;;;;;;;;;;;1;
482193551d4c082c;220054;e40cc2e7fc9919cf;45;1;2024-12-16 00:00:00;2024-12-17 00:00:00;1;2024-12-16 00:00:00;;C82.31;;;;;;;;;;;;;;;;;;;;S;;;;;;;;;;;;;;;;;;;;07B20ZZ;;;;;;;;;;;;;;;;;;;;;;;;;;;;2;
6f6226ab7399944d;220054;370fea99c49c53e7;77;1;2024-12-16 00:00:00;2024-12-17 00:00:00;1;;;R93.7;D46.9;Z85.46;Z90.79;;;;;;;;;;;;;;;;;S;S;E;E;;;;;;;;;;;;;;;;;;;;;;;;;;;;;;;;;;;;;;;;;;;;;2;
cc6ef8e4ace272ae;220054;e89c4cd329ab103e;67;2;2024-12-08 00:00:00;2024-12-18 00:00:00;1;;;E86.0;N39.0;B96.1;J44.9;G30.9;F02.C0;;;;;;;;;;;;;;;S;S;S;S;S;S;;;;;;;;;;;;;;;3E0337Z;3E03329;;;;;;;;;;;;;;;;;;;;;;;;;;;1;
37a03388958fc6b5;220054;544105622c2f9945;85;2;2024-12-11 00:00:00;2024-12-18 00:00:00;1;;;I11.0;I50.33;N39.0;B96.20;Z16.12;E05.20;I08.1;I27.20;I48.91;R13.10;Z86.73;Z59.3;Z79.01;;;;;;;;S;S;S;S;S;S;S;S;S;S;E;E;E;;;;;;;;4A02X4Z;3E03329;3E033GC;3E033NZ;3E013GC;;;;;;;;;;;;;;;;;;;;;;;;1;
b63bc5992164b92b;220054;99b38f6b6b3d2a62;95;1;2024-11-30 00:00:00;2024-12-19 00:00:00;1;;;J44.1;I50.9;Q43.8;K59.09;R33.9;J96.10;R13.12;I10;;;;;;;;;;;;;S;S;E;S;S;S;S;S;;;;;;;;;;;;;3E0F7GC;3E0333Z;3E033GC;3E03329;3E0F7SF;3E0337Z;3E013VG;3E033NZ;3E1H78Z;;;;;;;;;;;;;;;;;;;;1;
1667a984fb3d2f4d;220054;3a9285299a3d297d;71;1;2024-12-15 00:00:00;2024-12-19 00:00:00;1;2024-12-16 00:00:00;;N40.1;N13.8;;;;;;;;;;;;;;;;;;;S;S;;;;;;;;;;;;;;;;;;;0VB08ZZ;0VJ43ZZ;;;;;;;;;;;;;;;;;;;;;;;;;;;2;
7d13846356a01b5e;220054;bcef0469553169f8;46;1;2024-12-17 00:00:00;2024-12-19 00:00:00;1;2024-12-18 00:00:00;;C43.59;;;;;;;;;;;;;;;;;;;;S;;;;;;;;;;;;;;;;;;;;0JB70ZZ;07BH0ZX;;;;;;;;;;;;;;;;;;;;;;;;;;;2;
77944bcaf0ed5607;220054;7c5879b390200ceb;54;2;2024-12-19 00:00:00;2024-12-19 00:00:00;1;2024-12-19 00:00:00;;N87.1;B97.7;N85.00;M35.00;Z97.5;;;;;;;;;;;;;;;;S;S;S;S;E;;;;;;;;;;;;;;;;0UBC7ZZ;0UDB7ZX;0UPDXHZ;;;;;;;;;;;;;;;;;;;;;;;;;;2;
40ce571b24dbefe8;220054;d563eb703c5cf4c5;45;1;2024-12-10 00:00:00;2024-12-20 00:00:00;1;2024-12-10 00:00:00;;T84.021A;E03.9;D86.9;M06.9;;;;;;;;;;;;;;;;;S;S;S;S;;;;;;;;;;;;;;;;;0SWBXJZ;0SWBXJZ;;;;;;;;;;;;;;;;;;;;;;;;;;;1;
9123a08c0deb933d;220054;5ebff27d5fdf7619;24;1;2024-12-16 00:00:00;2024-12-20 00:00:00;1;;;J36;Z88.0;;;;;;;;;;;;;;;;;;;S;E;;;;;;;;;;;;;;;;;;;3E03329;3E0333Z;3E0337Z;3E033NZ;;;;;;;;;;;;;;;;;;;;;;;;;1;
93bd246590caef87;220054;edc403e106f35ad5;72;2;2024-12-12 00:00:00;2024-12-21 00:00:00;1;2024-12-13 00:00:00;;S72.012A;W19.XXXA;L27.0;T36.8X5A;I10;E11.9;E78.5;D64.9;E03.9;F32.A;Z88.0;Z88.1;;;;;;;;;S;S;N;N;S;S;S;S;S;S;E;E;;;;;;;;;0QS734Z;;;;;;;;;;;;;;;;;;;;;;;;;;;;1;
422e7ddfd15bd392;220054;56919ee875d9dbe9;2;2;2024-12-20 00:00:00;2024-12-21 00:00:00;1;;;R11.10;B34.9;;;;;;;;;;;;;;;;;;;S;S;;;;;;;;;;;;;;;;;;;3E0337Z;;;;;;;;;;;;;;;;;;;;;;;;;;;;1;
a756acd0cf7db1bf;220054;4d8e042edbeecc63;67;1;2024-12-19 00:00:00;2024-12-23 00:00:00;1;;;R31.0;Z85.51;I10;G62.9;I73.9;I25.2;E78.5;Z85.038;Z90.49;;;;;;;;;;;;S;E;S;S;S;E;S;E;E;;;;;;;;;;;;0T9B70Z;3E1K78Z;0TPBX0Z;;;;;;;;;;;;;;;;;;;;;;;;;;1;
3874367488fe89af;220054;8e4d58e4ed7bf3c6;78;1;2024-12-09 00:00:00;2024-12-23 00:00:00;1;;;S22.068A;S42.101A;S22.42XA;W19.XXXA;K56.2;K59.81;N17.9;I48.91;E89.3;E78.5;Z79.01;;;;;;;;;;S;S;S;S;N;S;S;S;S;S;E;;;;;;;;;;2W35X3Z;0D9E8ZZ;BW24ZZZ;3E033NZ;3E033GC;3E0337Z;;;;;;;;;;;;;;;;;;;;;;;1;
478c41d6f152e6b3;220054;3ca0fe2d7dd95f5e;64;2;2024-11-25 00:00:00;2024-12-23 00:00:00;1;;;J10.01;I21.4;J96.00;I50.31;I25.2;I25.10;Z98.61;K52.1;T36.95XA;J22;B96.89;B95.3;B95.1;I10;E11.22;N18.4;E11.51;E11.319;E11.65;T38.0X5A;S;S;S;S;E;S;E;N;N;S;S;S;S;S;S;S;S;S;N;N;4A13XB1;4A12X4Z;B246ZZZ;3E03329;3E03328;3E0F7SF;3E033VJ;30233N1;3E033GC;3E0F7GC;4A02X4Z;3E0333Z;3E033NZ;3E0337Z;;;;;;;;;;;;;;;1;
4a509e009a065430;220054;6422910e96724a07;86;2;2024-12-19 00:00:00;2024-12-23 00:00:00;2;2024-12-19 00:00:00;;S72.302A;W06.XXXA;Y92.230;S72.102D;W19.XXXD;D64.9;L97.919;L97.929;I10;E78.5;I48.91;Z79.01;G30.9;F02.C0;Z59.3;Z79.84;M81.0;;;;S;S;S;E;S;S;S;S;S;S;S;E;S;S;E;E;S;;;;0QS936Z;0QP734Z;30233N1;3E033NZ;3E013GC;3E03329;;;;;;;;;;;;;;;;;;;;;;;1;
760b0053d3fafcbc;220054;d7c3fc43b5722b97;98;2;2024-12-12 00:00:00;2024-12-23 00:00:00;1;;;N39.0;B96.20;K56.600;F43.20;I12.9;N18.9;Z59.3;Z85.038;Z90.49;Z93.3;;;;;;;;;;;S;S;S;S;S;S;E;E;E;E;;;;;;;;;;;3E03329;3E0337Z;3E033GC;3E013VJ;3E033NZ;;;;;;;;;;;;;;;;;;;;;;;;1;
b83b88ffd48206ab;220054;c5437e4ccafcfa79;3;1;2024-12-24 00:00:00;2024-12-24 00:00:00;1;;;K52.9;;;;;;;;;;;;;;;;;;;;S;;;;;;;;;;;;;;;;;;;;;;;;;;;;;;;;;;;;;;;;;;;;;;;;1;
e0d9d02d62bdef76;220054;57c1edaa02804374;87;1;2024-12-14 00:00:00;2024-12-24 00:00:00;1;;;R31.0;Z92.3;Z85.46;D50.0;I13.10;I51.89;N18.32;E53.8;E78.5;E79.0;M81.0;Z86.73;;;;;;;;;S;E;E;S;S;S;S;S;S;S;S;E;;;;;;;;;3E1K78Z;30233N1;;;;;;;;;;;;;;;;;;;;;;;;;;;1;
1051765c541d5c9d;220054;8bf1819dffe8e79e;78;1;2024-12-18 00:00:00;2024-12-26 00:00:00;1;;;J13;J44.0;J44.1;J96.01;G70.00;Z79.624;I10;E11.9;Z86.711;Z85.46;Z92.3;Z88.0;Z88.1;Z79.84;;;;;;;S;S;S;S;S;E;S;S;E;E;E;E;E;E;;;;;;;3E03329;3E03328;3E0F7GC;3E013GC;3E0F7SF;3E0337Z;3E013VG;;;;;;;;;;;;;;;;;;;;;;1;
00148827c3346f3e;220054;93216208fcfa1b8a;58;1;2024-12-19 00:00:00;2024-12-26 00:00:00;1;;;J43.9;F17.210;I10;F41.9;F60.9;Z86.11;;;;;;;;;;;;;;;S;S;S;S;S;E;;;;;;;;;;;;;;;3E0333Z;3E0F7GC;3E0F7SF;3E03329;3E033GC;3E033NZ;;;;;;;;;;;;;;;;;;;;;;;1;
8bfe9d216cb16936;220054;7cdffdd670c80d05;78;1;2024-11-28 00:00:00;2024-12-27 00:00:00;5;;;Z51.89;L89.154;N39.0;B96.5;L40.9;M62.3;E11.42;Z87.11;I50.9;Z86.16;N40.0;I87.2;Z79.84;;;;;;;;E;S;N;N;S;S;S;E;S;E;S;S;E;;;;;;;;BW201ZZ;F0737ZZ;3E013GC;3E013VG;3E03329;3E033NZ;3E033GC;;;;;;;;;;;;;;;;;;;;;;1;
a12b08fe333ce2ba;220054;3fdaa5f290a3958d;65;2;2024-12-08 00:00:00;2024-12-27 00:00:00;1;;;A41.9;J98.8;J69.0;J70.2;T45.1X5A;C09.9;C79.51;I95.9;R34;E10.9;E03.9;F41.8;Z86.73;;;;;;;;S;S;S;S;S;S;S;S;S;S;S;S;E;;;;;;;;3E03329;3E0333Z;B32S1ZZ;B32T1ZZ;BW2F1ZZ;3E033XZ;3E033GC;3E0337Z;3E0F7GC;3E013GC;3E033NZ;;;;;;;;;;;;;;;;;;1;
37970dbb3fb68c0e;220054;6cd7a4bba6051eaa;87;2;2024-12-19 00:00:00;2024-12-27 00:00:00;1;;;N39.0;B95.2;I11.0;I09.81;I50.33;I08.0;I63.9;G81.94;H53.9;I48.21;J42;E66.9;F32.A;Z79.01;Z91.09;Z77.22;Z59.3;;;;S;S;S;S;S;S;N;N;N;S;S;S;S;E;E;S;E;;;;B020ZZZ;BW241ZZ;3E03329;3E033GC;3E0F7SF;;;;;;;;;;;;;;;;;;;;;;;;1;
2d3437c6b29dc870;220054;a4416a07f99f3fa6;77;1;2024-12-14 00:00:00;2024-12-27 00:00:00;1;;;I11.0;I50.31;I27.29;I27.81;I48.21;E11.9;E78.5;E79.0;Z79.4;Z79.84;Z79.01;Z87.891;;;;;;;;;S;S;S;S;S;S;S;S;E;E;E;E;;;;;;;;;3E033GC;3E0F7GC;3E0337Z;3E03329;4A02X4Z;B32S1ZZ;B32T1ZZ;B246ZZZ;;;;;;;;;;;;;;;;;;;;;1;
ce0a62e14763cdb4;220054;c2c92a21162aab4b;37;1;2024-12-09 00:00:00;2024-12-27 00:00:00;1;;;K85.20;K85.80;E78.1;F10.20;;;;;;;;;;;;;;;;;S;S;S;S;;;;;;;;;;;;;;;;;BW211ZZ;BW201ZZ;BW201ZZ;BW201ZZ;4A02X4Z;3E03329;3E033NZ;3E013GC;3E033GC;3E0337Z;;;;;;;;;;;;;;;;;;;1;
f5b11cf32a01e148;220054;9a570110dbfb3956;86;2;2024-12-11 00:00:00;2024-12-27 00:00:00;1;;;C22.1;K83.1;C78.7;C78.00;C77.2;R18.0;I10;E78.00;I35.8;E79.0;E55.9;M81.0;Z59.3;;;;;;;;S;S;S;S;S;S;S;S;S;S;S;S;E;;;;;;;;BW40ZZZ;BW20ZZZ;3E033NZ;3E013GC;3E033GC;;;;;;;;;;;;;;;;;;;;;;;;1;
6871de2b265d3ae5;220054;db6d88d1fea0e3d2;30;2;2024-12-25 00:00:00;2024-12-28 00:00:00;1;2024-12-26 00:00:00;;O42.02;O14.14;O26.03;O61.0;O90.81;O69.2XX0;Z3A.38;Z67.10;Z37.0;;;;;;;;;;;;S;S;S;N;N;N;E;E;E;;;;;;;;;;;;10D00Z1;3E0P7VZ;3E033VJ;4A1HXCZ;;;;;;;;;;;;;;;;;;;;;;;;;1;
09200cfe60aa4d51;220054;a010f9edc639c270;8;1;2024-12-27 00:00:00;2024-12-28 00:00:00;1;;;S36.90XA;V09.9XXA;Y93.23;;;;;;;;;;;;;;;;;;S;E;N;;;;;;;;;;;;;;;;;;BW40ZZZ;;;;;;;;;;;;;;;;;;;;;;;;;;;;1;
28a96e2ae4a2ad92;220054;a72e01a2b84e48c3;89;1;2024-12-16 00:00:00;2024-12-29 00:00:00;1;2024-12-17 00:00:00;;C18.3;C78.4;C78.6;J18.9;Y95;Z53.31;G31.84;Z85.46;Z90.79;;;;;;;;;;;;S;S;S;N;N;E;S;E;E;;;;;;;;;;;;0DBL0ZZ;0DBB0ZZ;0DBA0ZZ;0DBW0ZZ;0WJG4ZZ;BW241ZZ;3E03329;;;;;;;;;;;;;;;;;;;;;;2;
9bee024f44dd1c5e;220054;fe30d7bc8ffd4845;0;2;2024-12-28 00:00:00;2024-12-30 00:00:00;1;;;P59.9;;;;;;;;;;;;;;;;;;;;S;;;;;;;;;;;;;;;;;;;;6A600ZZ;;;;;;;;;;;;;;;;;;;;;;;;;;;;1;
5e1ba7e9e15bc42b;220054;f57ffd6c92e80c3b;52;1;2024-12-27 00:00:00;2024-12-30 00:00:00;1;;;R11.10;E78.2;E79.0;I10;D17.5;N43.3;;;;;;;;;;;;;;;S;S;S;S;S;S;;;;;;;;;;;;;;;BW20ZZZ;3E0337Z;3E03329;3E013GC;3E033NZ;;;;;;;;;;;;;;;;;;;;;;;;1;
cdc47e4c7f1d1a31;220054;440ee9ff40edeb57;39;1;2024-12-30 00:00:00;2024-12-31 00:00:00;2;;;R04.2;K92.0;D50.0;F17.210;;;;;;;;;;;;;;;;;S;S;S;S;;;;;;;;;;;;;;;;;B32SZZZ;B32TZZZ;3E0F7SF;3E0337Z;3E03329;4A12X4Z;4A13XB1;4A13XR1;;;;;;;;;;;;;;;;;;;;;1;
e32ca259b39698fa;220105;998f305fde8fe70b;97;2;2024-10-07 00:00:00;2024-10-17 00:00:00;1;;;N39.0;R00.1;T46.0X5A;E86.0;I48.91;I87.2;F01.50;Z59.3;Z79.01;;;;;;;;;;;;S;S;S;S;S;S;S;E;E;;;;;;;;;;;;3E03329;3E0337Z;;;;;;;;;;;;;;;;;;;;;;;;;;;1;
163c92b775cf5d3b;220105;dc9e3b7b748916e5;80;2;2024-09-19 00:00:00;2024-10-18 00:00:00;1;;;L30.9;L12.0;L12.30;L29.8;E21.3;D50.9;E46;I10;E11.319;G30.9;F02.80;I25.10;I25.2;Z95.5;Z79.4;Z79.82;;;;;S;S;S;S;S;S;S;S;S;S;S;S;E;E;E;E;;;;;BW20ZZZ;;;;;;;;;;;;;;;;;;;;;;;;;;;;1;
88fda2a794dd97bd;220105;bd66f82d22700c6b;89;1;2024-10-31 00:00:00;2024-11-06 00:00:00;4;;;C76.1;J96.90;C88.0;N04.9;D50.9;J44.9;I10;E11.9;K44.9;Z51.5;;;;;;;;;;;S;S;S;S;S;S;S;S;S;E;;;;;;;;;;;3E033NZ;;;;;;;;;;;;;;;;;;;;;;;;;;;;1;
dca0bb0d0d5745da;220105;b8e4e46a591b8855;87;2;2024-11-06 00:00:00;2024-11-29 00:00:00;1;;;S72.002D;X58.XXXD;F05;I48.0;I13.0;I50.9;N18.9;F03.90;F41.8;Z86.73;Z88.0;Z79.01;;;;;;;;;E;E;N;S;S;S;S;S;S;E;E;E;;;;;;;;;F07L6ZZ;F07Z9ZZ;3E013GC;3E033NZ;3E0337Z;;;;;;;;;;;;;;;;;;;;;;;;1;
71d448313044218c;220105;4dbd804245d423dd;86;2;2024-12-03 00:00:00;2024-12-17 00:00:00;2;;;S72.102D;W19.XXXD;D64.9;S72.92XA;W06.XXXA;Y92.230;L97.919;L97.929;I10;E78.5;I48.91;Z79.01;G30.9;F02.C0;Z59.3;Z79.84;;;;;E;E;S;N;N;N;S;S;S;S;S;E;S;S;E;E;;;;;3E013VG;3E013GC;F07L6ZZ;F07Z9ZZ;;;;;;;;;;;;;;;;;;;;;;;;;1;
6e50771ccd01a54e;220105;61fe940531a0ecc6;80;1;2024-11-29 00:00:00;2024-12-20 00:00:00;1;;;Z51.89;K76.9;K76.6;E78.5;I10;E03.9;;;;;;;;;;;;;;;E;S;S;S;S;S;;;;;;;;;;;;;;;3E033NZ;3E0F7GC;3E013GC;3E033GC;3E1H78Z;F07M3ZZ;;;;;;;;;;;;;;;;;;;;;;;1;
7852b454d5b92f95;220054;fc326d6f674060f2;60;1;2024-09-23 00:00:00;2024-10-01 00:00:00;1;;;K80.50;C22.0;C77.2;I48.0;G47.33;K70.9;F10.11;N62;E66.9;Z68.34;N40.0;E55.9;D50.9;Z79.620;Z87.891;Z79.82;;;;;S;S;S;S;S;S;S;S;S;E;S;S;S;E;E;E;;;;;BW201ZZ;3E033NZ;;;;;;;;;;;;;;;;;;;;;;;;;;;1;
94e50c51c484f58d;220054;8f6216ff0b7c7423;76;1;2024-09-24 00:00:00;2024-10-01 00:00:00;1;;;K57.33;I10;E11.22;N18.5;D63.1;D50.9;I27.20;J44.9;E79.0;E66.9;Z86.008;Z90.5;Z90.6;Z86.711;Z99.89;Z87.891;;;;;S;S;S;S;S;S;S;S;S;S;E;E;E;E;E;E;;;;;BW2010Z;3E033GC;;;;;;;;;;;;;;;;;;;;;;;;;;;1;
6b03d237934ae955;220054;e789183bec70db9a;85;2;2024-09-22 00:00:00;2024-10-02 00:00:00;1;;;J98.8;J96.00;I35.1;J42;I13.0;I50.9;N18.9;E03.8;E78.5;M81.0;K21.9;F32.A;Z86.711;Z79.01;;;;;;;S;S;S;S;S;S;S;S;S;S;S;S;E;E;;;;;;;BW24ZZZ;3E0F7SF;3E0F7GC;B246ZZZ;3E0333Z;3E033GC;3E03329;;;;;;;;;;;;;;;;;;;;;;1;
c17b22848a32f045;220054;db1d49f06cec4625;77;1;2024-09-22 00:00:00;2024-10-02 00:00:00;1;;;J96.20;J84.112;K21.9;K44.9;K31.819;K29.50;K76.0;I27.20;N40.0;Z86.711;Z86.718;Z60.2;Z99.81;;;;;;;;S;S;S;S;S;S;S;S;S;E;E;S;E;;;;;;;;0DJ08ZZ;BW211ZZ;BW40ZZZ;4A02X4Z;3E0F7GC;3E0333Z;3E013GC;3E033NZ;;;;;;;;;;;;;;;;;;;;;1;
93b2337e3c20fabe;220054;52960b7507d01d39;72;1;2024-10-01 00:00:00;2024-10-02 00:00:00;1;2024-10-02 00:00:00;;M67.411;;;;;;;;;;;;;;;;;;;;S;;;;;;;;;;;;;;;;;;;;0RBJ0ZZ;;;;;;;;;;;;;;;;;;;;;;;;;;;;2;
e5c5d2f17bd8618c;220054;885e90554949842c;38;1;2024-10-02 00:00:00;2024-10-02 00:00:00;1;2024-10-02 00:00:00;;M23.304;;;;;;;;;;;;;;;;;;;;S;;;;;;;;;;;;;;;;;;;;0SBD4ZZ;;;;;;;;;;;;;;;;;;;;;;;;;;;;2;
154ffbc4eb82833a;220054;2dc0853ae66c0f58;59;2;2024-10-02 00:00:00;2024-10-03 00:00:00;1;2024-10-02 00:00:00;;C50.212;Z17.0;E03.9;I10;E78.1;E88.89;F32.A;Z85.3;Z80.3;Z80.0;Z80.52;;;;;;;;;;S;E;S;S;S;S;S;E;E;E;E;;;;;;;;;;0HBU0ZZ;07B60ZX;3E013KZ;3E013KZ;0HHU3YZ;;;;;;;;;;;;;;;;;;;;;;;;2;
e2b35f2d56edaf50;220054;118c5427536345e4;68;2;2024-10-02 00:00:00;2024-10-03 00:00:00;1;2024-10-02 00:00:00;;K43.2;I10;F32.A;;;;;;;;;;;;;;;;;;S;S;S;;;;;;;;;;;;;;;;;;0WUF0JZ;;;;;;;;;;;;;;;;;;;;;;;;;;;;2;
e1dfe9e7841d652c;220054;cfa2e70e4dcec173;46;2;2024-09-12 00:00:00;2024-10-03 00:00:00;1;;;I50.9;I50.30;D52.0;D50.0;I16.1;J96.00;F17.210;F41.9;E66.9;K44.9;;;;;;;;;;;S;S;S;S;S;S;S;S;S;S;;;;;;;;;;;B32S1ZZ;B32T1ZZ;4A02X4Z;B246ZZZ;5A0955A;30233N1;BT43ZZZ;BW201ZZ;0DJ08ZZ;0DJD8ZZ;4A13XB1;4A12X4Z;3E0333Z;3E0F7GC;3E033GC;3E0337Z;3E0F7SF;;;;;;;;;;;;1;
c99617f88aa1a757;220054;b17dd843de5e8cce;67;2;2024-10-01 00:00:00;2024-10-03 00:00:00;1;;;D47.9;B18.1;I12.9;N18.9;;;;;;;;;;;;;;;;;S;S;S;S;;;;;;;;;;;;;;;;;;;;;;;;;;;;;;;;;;;;;;;;;;;;;2;
e93213d0c36862ce;220054;12e3de154b6e154e;61;2;2024-09-25 00:00:00;2024-10-04 00:00:00;5;;;I69.354;R40.2413;F32.A;;;;;;;;;;;;;;;;;;E;S;S;;;;;;;;;;;;;;;;;;B020ZZZ;B246ZZZ;4A12X45;;;;;;;;;;;;;;;;;;;;;;;;;;1;
f82d99c734d8481b;220054;fd4c30341eb737c1;75;1;2024-10-04 00:00:00;2024-10-04 00:00:00;1;2024-10-04 00:00:00;;Z46.6;N13.5;E11.9;I10;E78.5;Z95.3;Z95.1;Z79.82;;;;;;;;;;;;;E;S;S;S;S;E;E;E;;;;;;;;;;;;;0TP580Z;0T9380Z;;;;;;;;;;;;;;;;;;;;;;;;;;;2;
712d245b90a5f7be;220054;47bffbaa77f7d6f4;76;1;2024-09-26 00:00:00;2024-10-04 00:00:00;1;;;D46.9;K25.4;I50.9;I73.9;I25.2;Z87.891;Z79.82;;;;;;;;;;;;;;S;S;S;S;E;E;E;;;;;;;;;;;;;;07DR3ZX;BW241ZZ;0DJ08ZZ;3E013VJ;30233N1;;;;;;;;;;;;;;;;;;;;;;;;1;
ee021b110842ebc3;220054;5acc39fe99cb35b7;87;1;2024-10-04 00:00:00;2024-10-05 00:00:00;4;;;I50.9;I48.91;J96.00;I95.89;;;;;;;;;;;;;;;;;S;S;S;S;;;;;;;;;;;;;;;;;3E033GC;3E033RZ;3E0F7GC;3E033NZ;3E0337Z;;;;;;;;;;;;;;;;;;;;;;;;1;
91dc800b66bb48f3;220054;11eb5d18ecd68882;84;1;2024-10-03 00:00:00;2024-10-05 00:00:00;4;;;I11.0;I50.9;J96.00;N39.0;E11.9;I48.0;G47.33;F03.90;E46;I35.8;I34.89;Z59.3;Z79.01;Z79.4;Z79.84;Z51.5;;;;;S;S;S;S;S;S;S;S;S;S;S;E;E;E;E;E;;;;;3E033GC;3E03329;3E033NZ;;;;;;;;;;;;;;;;;;;;;;;;;;1;
673319381871f2ca;220054;d55fb486da261f35;85;2;2024-09-27 00:00:00;2024-10-07 00:00:00;1;;;I13.0;I50.32;N18.9;I34.0;L03.116;G40.909;E66.01;E11.9;I87.2;N95.0;L30.4;;;;;;;;;;S;S;S;S;S;S;S;S;S;S;S;;;;;;;;;;BW24ZZZ;4A02X4Z;3E03329;3E033NZ;3E033GC;3E013GC;;;;;;;;;;;;;;;;;;;;;;;1;
63e196eee30ca131;220054;6e99209cc390c0b7;48;1;2024-09-17 00:00:00;2024-10-08 00:00:00;1;;;J96.22;J44.1;I11.0;I50.30;G93.41;E87.29;I27.20;D75.1;L40.9;Z79.620;Z22.322;K52.9;E78.5;E66.9;F17.210;;;;;;S;S;S;S;S;S;S;S;S;E;E;N;S;S;S;;;;;;B32SZZZ;B32TZZZ;B246ZZZ;BW211ZZ;4A02X4Z;5A0955Z;4A12X4Z;4A133B1;3E03329;3E03328;3E033NZ;3E0333Z;3E0F7GC;3E013GC;3E033GC;3E0333Z;3E013VG;;;;;;;;;;;;1;
b618e02e428e6686;220054;6ce199cd972f295c;0;2;2024-10-06 00:00:00;2024-10-08 00:00:00;1;;;P92.8;;;;;;;;;;;;;;;;;;;;S;;;;;;;;;;;;;;;;;;;;;;;;;;;;;;;;;;;;;;;;;;;;;;;;1;
122ded7b79e02314;220054;31dbd8238bcda9a9;0;2;2024-10-06 00:00:00;2024-10-08 00:00:00;1;;;P59.9;;;;;;;;;;;;;;;;;;;;S;;;;;;;;;;;;;;;;;;;;6A600ZZ;;;;;;;;;;;;;;;;;;;;;;;;;;;;1;
ccdddab812b2fbc5;220054;1f9ec2225f3a031b;77;1;2024-09-13 00:00:00;2024-10-08 00:00:00;1;;;K91.89;K28.0;Y83.2;D50.0;Z85.09;Z90.49;Z90.411;Z90.3;R59.1;I10;D12.5;I88.9;J45.909;;;;;;;;S;S;S;S;E;E;E;E;S;S;S;S;S;;;;;;;;0DJ08ZZ;0DBF8ZX;0DBN8ZZ;30233N1;BW241ZZ;BW4FZZZ;07B13ZX;3E03329;3E033NZ;3E0F7GC;3E0337Z;;;;;;;;;;;;;;;;;;1;
d2c663847413310f;220054;1c4809082dda6635;68;1;2024-10-08 00:00:00;2024-10-09 00:00:00;1;2024-10-08 00:00:00;;N30.80;I10;I71.40;E11.9;E78.5;Z87.891;Z88.0;Z79.84;;;;;;;;;;;;;S;S;S;S;S;E;E;E;;;;;;;;;;;;;0TBB8ZZ;;;;;;;;;;;;;;;;;;;;;;;;;;;;2;
bce443a88ca650cc;220054;98e793249bd86d79;79;1;2024-10-08 00:00:00;2024-10-10 00:00:00;1;2024-10-08 00:00:00;;C67.9;;;;;;;;;;;;;;;;;;;;S;;;;;;;;;;;;;;;;;;;;0TBB8ZZ;;;;;;;;;;;;;;;;;;;;;;;;;;;;2;
2df2648869b780b3;220054;f29a4024005db917;43;1;2024-10-01 00:00:00;2024-10-10 00:00:00;1;;;C18.6;C78.01;C78.02;C78.7;C77.2;I82.422;I26.99;H53.2;;;;;;;;;;;;;S;S;S;S;S;S;S;S;;;;;;;;;;;;;0DBM8ZX;B02010Z;3E013GC;3E0F7SF;3E0F7GC;3E0333Z;3E033GC;;;;;;;;;;;;;;;;;;;;;;1;
6b548db61eef301d;220054;5a92b695c98030f7;99;2;2024-09-23 00:00:00;2024-10-10 00:00:00;1;;;I11.0;I50.30;I48.21;I27.20;E11.9;J43.9;M81.0;M17.9;M11.20;D64.9;I25.2;I35.0;K59.00;N19;Z79.4;Z86.711;Z88.6;Z88.8;;;S;S;S;S;S;S;S;S;S;S;E;S;S;S;E;E;E;E;;;3E033GC;3E03329;3E0F7SF;4A02X4Z;3E033NZ;3E0337Z;3E013VG;3E0F7GC;;;;;;;;;;;;;;;;;;;;;1;
01c70a5432b916ab;220054;bb8a308cf235f1db;45;1;2024-10-09 00:00:00;2024-10-10 00:00:00;1;2024-10-09 00:00:00;;K35.30;;;;;;;;;;;;;;;;;;;;S;;;;;;;;;;;;;;;;;;;;0DTJ4ZZ;BW40ZZZ;BW201ZZ;;;;;;;;;;;;;;;;;;;;;;;;;;1;
f8397450f4625dae;220054;51bb5b154ea4f3b9;18;1;2024-10-09 00:00:00;2024-10-11 00:00:00;1;2024-10-09 00:00:00;;N62;;;;;;;;;;;;;;;;;;;;S;;;;;;;;;;;;;;;;;;;;0HBV0ZZ;;;;;;;;;;;;;;;;;;;;;;;;;;;;2;
23def4890de8d116;220054;d17bb844e28a7f6a;81;1;2024-10-07 00:00:00;2024-10-11 00:00:00;1;;;J44.0;J20.1;G31.9;F05;I11.9;I51.7;I34.0;I48.21;E78.5;N40.0;;;;;;;;;;;S;S;S;N;S;S;S;S;S;S;;;;;;;;;;;3E03329;3E0333Z;4A02X4Z;B020ZZZ;3E0F7GC;3E033NZ;3E013GC;;;;;;;;;;;;;;;;;;;;;;1;
a9bf08d23370e4b1;220054;bee41bcc964dfe4b;82;2;2024-10-07 00:00:00;2024-10-11 00:00:00;1;;;A41.9;J98.8;I10;J45.909;H40.9;I44.7;Z79.82;Z85.118;Z90.2;Z88.0;;;;;;;;;;;S;S;S;S;S;S;E;E;E;E;;;;;;;;;;;3E03329;3E0333Z;3E0F7GC;3E0337Z;3E033GC;3E013VG;;;;;;;;;;;;;;;;;;;;;;;1;
a15d7eadff83d961;220054;7f71a8f33395e507;87;1;2024-09-09 00:00:00;2024-10-11 00:00:00;1;;;J69.0;J44.9;I48.91;E86.0;E87.0;F05;R82.71;B96.5;Z16.19;K52.9;D53.9;N18.9;E79.0;G30.9;F02.80;D45;F32.A;N40.1;M81.0;Z99.81;S;S;S;S;S;S;S;S;S;S;S;S;S;S;S;S;S;S;S;E;3E03329;30233N1;3E0F7GC;3E0F7SF;3E033GC;3E0337Z;3E013GC;;;;;;;;;;;;;;;;;;;;;;1;
dc360d30471d1274;220054;91b4e8ba27ed626a;91;1;2024-10-08 00:00:00;2024-10-11 00:00:00;1;;;C16.3;I10;I48.21;I08.0;E78.5;M35.3;M81.0;Z79.01;;;;;;;;;;;;;S;S;S;S;S;S;S;E;;;;;;;;;;;;;0DB68ZX;BW241ZZ;3E013GC;;;;;;;;;;;;;;;;;;;;;;;;;;1;
798aa4b58958597a;220054;c3acb75ad210f839;67;1;2024-10-01 00:00:00;2024-10-11 00:00:00;1;;;C34.31;J44.9;J96.00;I10;Z87.891;;;;;;;;;;;;;;;;S;S;S;S;E;;;;;;;;;;;;;;;;3E1F88X;0B968ZX;4A02X4Z;BW24ZZZ;;;;;;;;;;;;;;;;;;;;;;;;;1;
f24898ffd98472e8;220054;8a5c8237fa1ba4fa;50;2;2024-10-09 00:00:00;2024-10-12 00:00:00;1;2024-10-10 00:00:00;;N81.2;N72;N85.8;;;;;;;;;;;;;;;;;;S;S;S;;;;;;;;;;;;;;;;;;0UT9FZZ;0UT7FZZ;0UT2FZZ;;;;;;;;;;;;;;;;;;;;;;;;;;2;
51f41bc665319c45;220054;913d36e08dcc4697;36;2;2024-10-11 00:00:00;2024-10-13 00:00:00;1;2024-10-11 00:00:00;;K35.30;I10;;;;;;;;;;;;;;;;;;;S;S;;;;;;;;;;;;;;;;;;;0DTJ4ZZ;BW40ZZZ;3E033NZ;3E0337Z;;;;;;;;;;;;;;;;;;;;;;;;;1;
2b8dda5d307dddf0;220054;36fcb2b56eb929cb;41;2;2024-10-13 00:00:00;2024-10-13 00:00:00;1;2024-10-13 00:00:00;;O02.1;;;;;;;;;;;;;;;;;;;;S;;;;;;;;;;;;;;;;;;;;10D17ZZ;;;;;;;;;;;;;;;;;;;;;;;;;;;;1;
fcc8723fa92add22;220054;0c683fbf202efd6e;91;2;2024-10-06 00:00:00;2024-10-14 00:00:00;1;;;A41.59;N39.0;B96.4;D69.59;I11.0;I50.9;I08.1;I27.20;N81.4;K59.00;;;;;;;;;;;S;S;S;N;S;S;S;S;S;N;;;;;;;;;;;3E03329;B246ZZZ;BW40ZZZ;4A02X4Z;3E033NZ;3E0333Z;3E033GC;3E013GC;3E0337Z;3E0F7GC;;;;;;;;;;;;;;;;;;;1;
bbd70b43d663cca7;220054;426059dbc40aa625;72;2;2024-10-09 00:00:00;2024-10-14 00:00:00;1;;;J13;J96.00;E46;E55.9;I10;G93.89;Y84.2;Z85.819;Z92.21;Z59.3;Z79.82;Z79.52;;;;;;;;;S;S;S;S;S;S;S;E;E;E;E;E;;;;;;;;;3E03329;3E0F7GC;3E0337Z;3E0333Z;3E033GC;3E013GC;3E0F7SF;;;;;;;;;;;;;;;;;;;;;;1;
9772c7cc7ff06944;220054;9d1a737f9b9ac910;83;2;2024-10-07 00:00:00;2024-10-15 00:00:00;1;;;J18.9;J20.9;J96.91;J96.92;I11.0;I50.9;F05;K44.9;F32.A;F09;Z88.0;Z59.3;;;;;;;;;S;S;S;S;S;S;S;S;S;S;E;E;;;;;;;;;3E03329;3E0333Z;BW241ZZ;4A02X4Z;3E0F7SF;3E0F7GC;3E033GC;3E0337Z;3E033NZ;3E013GC;;;;;;;;;;;;;;;;;;;1;
5a9a2ff8d850e41f;220054;f7a2950b40091ae0;38;2;2024-10-13 00:00:00;2024-10-16 00:00:00;1;2024-10-13 00:00:00;;O98.72;B20;O34.219;O34.83;N90.810;O34.13;D25.1;O90.81;O92.5;Z3A.39;Z37.0;Z67.30;Z79.899;;;;;;;;S;S;S;S;S;S;S;N;N;E;E;E;E;;;;;;;;10D00Z1;3E033GC;;;;;;;;;;;;;;;;;;;;;;;;;;;1;
8b0d41bb9f63b7b8;220054;97a4dfb9a151091f;90;2;2024-10-15 00:00:00;2024-10-16 00:00:00;1;;;I63.421;R29.722;R29.725;H53.462;G81.94;I48.91;F03.90;Z59.3;;;;;;;;;;;;;S;S;N;S;S;S;S;E;;;;;;;;;;;;;B020ZZZ;;;;;;;;;;;;;;;;;;;;;;;;;;;;1;
ba7c578f12a88c53;220054;d2cdd81945bae4b5;78;1;2024-10-09 00:00:00;2024-10-16 00:00:00;1;;;K52.9;N17.9;E83.51;E83.42;K80.20;E11.65;R94.31;I13.0;I50.9;I51.7;N18.9;E11.22;M10.09;E87.20;D64.9;E78.1;E66.9;E79.0;D51.0;Z79.4;S;S;S;S;S;N;S;S;S;S;S;S;S;S;S;S;S;S;S;E;BW40ZZZ;BW21ZZZ;B246ZZZ;4A02X4Z;3E03329;3E0337Z;3E0333Z;3E033NZ;3E033GC;;;;;;;;;;;;;;;;;;;;1;
ba20d3e139e751e3;220054;f1cd0a1e4a9f65d8;60;1;2024-10-06 00:00:00;2024-10-17 00:00:00;1;;;J18.9;D61.810;T45.1X5A;C61;C78.6;C77.2;C79.51;C78.7;Z19.1;K83.1;R60.0;Z79.630;Z79.633;;;;;;;;S;S;S;S;S;S;S;S;E;S;S;E;E;;;;;;;;BW201ZZ;3E0337Z;3E03329;3E033NZ;3E033GC;3E013GC;30233N1;3E0333Z;;;;;;;;;;;;;;;;;;;;;1;
2f001a935a358858;220054;8b7e68bbbfde729c;93;2;2024-10-10 00:00:00;2024-10-17 00:00:00;1;;;C43.59;C78.00;C78.7;C79.89;C49.A2;D64.9;Z22.322;I10;I48.91;E11.9;E78.5;G30.9;F02.80;F32.A;E03.9;Z79.84;Z51.5;;;;S;S;S;S;S;S;E;S;S;S;S;S;S;S;S;E;E;;;;BW21ZZZ;0DB68ZX;3E033NZ;3E033GC;3E0337Z;;;;;;;;;;;;;;;;;;;;;;;;1;
33b5df7c77411369;220054;93aa5dae926b4a85;43;1;2024-10-17 00:00:00;2024-10-18 00:00:00;1;2024-10-17 00:00:00;;K40.90;;;;;;;;;;;;;;;;;;;;S;;;;;;;;;;;;;;;;;;;;0YU64JZ;;;;;;;;;;;;;;;;;;;;;;;;;;;;2;
219125b2bf7e384d;220054;3537bbb3b5486204;66;2;2024-10-18 00:00:00;2024-10-18 00:00:00;1;2024-10-18 00:00:00;;N84.0;N99.71;Y83.8;I10;E11.9;Z79.84;;;;;;;;;;;;;;;S;N;N;S;S;E;;;;;;;;;;;;;;;0UB98ZZ;0UQC8ZZ;;;;;;;;;;;;;;;;;;;;;;;;;;;2;
1c33a238ffbd7177;220054;40867f3208ba3651;32;1;2024-10-16 00:00:00;2024-10-18 00:00:00;1;2024-10-16 00:00:00;;K60.5;L40.9;;;;;;;;;;;;;;;;;;;S;S;;;;;;;;;;;;;;;;;;;0JBB0ZZ;0J8B0ZZ;;;;;;;;;;;;;;;;;;;;;;;;;;;2;
905f6b87c2212d01;220054;6847b5132df927f3;69;1;2024-10-15 00:00:00;2024-10-20 00:00:00;1;2024-10-16 00:00:00;;C61;K40.90;I10;M19.90;Z87.891;;;;;;;;;;;;;;;;S;S;S;S;E;;;;;;;;;;;;;;;;0VT04ZZ;07BC4ZZ;;;;;;;;;;;;;;;;;;;;;;;;;;;2;
0c9d1a98994191e8;220054;85f2797729c3c4c5;80;1;2024-10-16 00:00:00;2024-10-20 00:00:00;2;;;G45.9;I48.21;I10;I65.22;;;;;;;;;;;;;;;;;S;S;S;S;;;;;;;;;;;;;;;;;B020ZZZ;B328ZZZ;B32RZZZ;4A02X4Z;3E013GC;3E0337Z;3E033NZ;;;;;;;;;;;;;;;;;;;;;;1;
ce550e4e4ea803c2;220054;bed8d02ebcef042c;0;1;2024-10-19 00:00:00;2024-10-20 00:00:00;1;;;P59.9;;;;;;;;;;;;;;;;;;;;S;;;;;;;;;;;;;;;;;;;;6A600ZZ;;;;;;;;;;;;;;;;;;;;;;;;;;;;1;
1b7012b94228998d;220054;b44834d2c8bc8ea8;35;2;2024-10-18 00:00:00;2024-10-20 00:00:00;1;;;O41.03X0;O92.5;Z67.40;Z3A.39;Z37.0;;;;;;;;;;;;;;;;S;N;E;E;E;;;;;;;;;;;;;;;;10E0XZZ;10907ZC;3E0R3BZ;3E0P7VZ;4A1HXCZ;;;;;;;;;;;;;;;;;;;;;;;;1;
fd8c1d6a17d24457;220054;28b51e9a8f74d35b;79;1;2024-10-15 00:00:00;2024-10-21 00:00:00;1;;;J44.0;J18.9;J44.1;E11.9;E78.5;I87.2;Z87.891;Z79.82;Z79.84;;;;;;;;;;;;S;S;S;S;S;S;E;E;E;;;;;;;;;;;;3E03329;3E0F7SF;3E0333Z;3E0F7GC;BW24ZZZ;3E013VG;;;;;;;;;;;;;;;;;;;;;;;1;
8410b6cb34dd4f54;220054;a59c796d90b1e439;91;2;2024-10-14 00:00:00;2024-10-21 00:00:00;1;;;J69.0;J13;N39.0;G35;I10;G30.9;F02.C11;E11.9;Z87.440;Z79.84;Z79.82;Z74.09;Z59.3;Z51.5;;;;;;;S;S;S;S;S;S;S;S;E;E;E;S;E;E;;;;;;;3E03329;3E033NZ;3E033GC;3E0337Z;3E013GC;;;;;;;;;;;;;;;;;;;;;;;;1;
60f64220a51525ee;220054;c42820837cc76ef5;97;2;2024-10-01 00:00:00;2024-10-21 00:00:00;1;;;I11.0;I50.9;J96.92;T17.918A;J98.8;G30.9;F02.B0;E05.20;J44.9;F32.A;R32;R15.9;Z99.81;Z79.82;;;;;;;S;S;S;N;N;S;S;S;S;S;S;S;E;E;;;;;;;3E033GC;3E03329;3E0F7GC;3E0333Z;3E0F7SF;;;;;;;;;;;;;;;;;;;;;;;;1;
6450a57574d66490;220054;12325fdc4ec405b8;90;1;2024-10-16 00:00:00;2024-10-21 00:00:00;1;;;I13.0;I50.32;N18.31;I48.91;Z79.01;I08.2;J45.909;R97.0;I87.2;K90.49;Z88.0;Z91.012;Z91.09;Z88.8;;;;;;;S;S;S;S;E;S;S;S;S;S;E;E;E;E;;;;;;;3E033GC;3E0F7GC;4A02X4Z;;;;;;;;;;;;;;;;;;;;;;;;;;1;
db745a83da1a7d32;220054;479211e17591a237;92;2;2024-10-20 00:00:00;2024-10-21 00:00:00;4;;;I13.0;I50.9;N18.9;N17.9;J90;I48.91;J96.00;N39.0;R79.1;Z79.01;;;;;;;;;;;S;S;S;S;S;S;S;S;S;E;;;;;;;;;;;3E033GC;3E03329;3E0F7SF;3E0F7GC;3E033NZ;3E0337Z;3E0333Z;;;;;;;;;;;;;;;;;;;;;;1;
ff09bae265edfa20;220054;f8320961bcc73393;78;1;2024-10-13 00:00:00;2024-10-22 00:00:00;1;;;J69.0;J96.00;L89.152;L89.323;L89.223;L89.214;B96.5;N39.0;B96.20;Z16.12;E46;D64.9;E53.8;C88.4;I12.9;E11.22;N18.9;F03.C0;D49.4;J45.909;S;S;S;S;S;S;S;S;S;S;S;S;S;S;S;S;S;S;S;S;3E03329;3E0F7GC;3E0333Z;3E013GC;3E033NZ;3E033GC;3E0F7SF;3E0337Z;3E033VJ;0T2BX0Z;;;;;;;;;;;;;;;;;;;1;
a1020c900ca52c31;220054;5edbbd4d229cf96d;77;2;2024-10-15 00:00:00;2024-10-22 00:00:00;1;2024-10-16 00:00:00;;M17.12;;;;;;;;;;;;;;;;;;;;S;;;;;;;;;;;;;;;;;;;;0SUD09C;;;;;;;;;;;;;;;;;;;;;;;;;;;;2;
8583d4376f95a8d7;220054;787dc8988d0dfbc9;75;1;2024-10-03 00:00:00;2024-10-23 00:00:00;1;;;I11.0;I50.9;J44.1;I27.29;I07.1;E11.9;Z79.84;I48.91;Z79.01;E78.5;E79.0;K21.9;G47.30;Z87.891;Z99.81;J84.112;B90.9;Z85.51;;;S;S;S;S;S;S;E;S;E;S;S;S;S;E;E;S;E;E;;;4A02X4Z;B246ZZZ;3E033GC;3E0F7GC;3E033GC;3E013VG;3E033NZ;3E0333Z;3E03329;3E0F7SF;;;;;;;;;;;;;;;;;;;1;
a9bf08d23370e4b1;220054;18623adca7fce299;82;2;2024-10-16 00:00:00;2024-10-23 00:00:00;4;;;A41.9;R65.20;J18.9;I10;J45.909;I44.7;I48.91;E87.20;J96.91;Z88.0;Z85.118;Z90.2;Z79.82;;;;;;;;S;S;S;S;S;S;N;N;S;E;E;E;E;;;;;;;;5A09457;3E033XZ;5A0935A;3E03328;3E03329;5A2204Z;3E033NZ;3E013GC;3E0F7GC;3E033GC;;;;;;;;;;;;;;;;;;;1;
ce4437f18e900785;220054;a517f7d2bf82b18f;70;2;2024-10-23 00:00:00;2024-10-24 00:00:00;1;2024-10-23 00:00:00;;M20.12;M20.5X2;M77.42;;;;;;;;;;;;;;;;;;S;S;S;;;;;;;;;;;;;;;;;;0QSP04Z;0SGQ04Z;0QSP04Z;;;;;;;;;;;;;;;;;;;;;;;;;;2;
eed76c6026cac9e5;220054;44bc8ea7f41be7e8;70;1;2024-10-20 00:00:00;2024-10-24 00:00:00;1;2024-10-21 00:00:00;;C61;T85.79XA;I10;;;;;;;;;;;;;;;;;;S;S;S;;;;;;;;;;;;;;;;;;0VT04ZZ;0VT34ZZ;0W9F4ZZ;3E03329;;;;;;;;;;;;;;;;;;;;;;;;;2;
76938eb0bf1864ef;220054;e57c590c49c50efe;34;2;2024-10-23 00:00:00;2024-10-24 00:00:00;1;;;O99.824;O70.1;O90.81;Z67.20;Z3A.38;Z37.0;;;;;;;;;;;;;;;S;N;N;E;E;E;;;;;;;;;;;;;;;10E0XZZ;4A1HXCZ;3E0R3BZ;3E03329;;;;;;;;;;;;;;;;;;;;;;;;;1;
e98f3fcc86d71c89;220054;476ecee2cce2d4df;64;1;2024-10-23 00:00:00;2024-10-24 00:00:00;1;2024-10-23 00:00:00;;K40.20;K44.9;N40.0;;;;;;;;;;;;;;;;;;S;S;S;;;;;;;;;;;;;;;;;;0YUA0JZ;;;;;;;;;;;;;;;;;;;;;;;;;;;;2;
7f7c35281d1277e1;220054;ca7ddfd31af6b1c2;38;1;2024-10-18 00:00:00;2024-10-25 00:00:00;1;;;I30.9;;;;;;;;;;;;;;;;;;;;S;;;;;;;;;;;;;;;;;;;;B246ZZZ;3E0333Z;3E0337Z;3E033NZ;;;;;;;;;;;;;;;;;;;;;;;;;1;
43d59e1feae15bff;220054;d4e9d0c0a87e8919;40;2;2024-10-22 00:00:00;2024-10-25 00:00:00;1;;;O48.0;O24.429;O40.3XX0;O99.824;O70.0;O90.81;Z3A.41;Z37.0;Z67.40;Z88.0;;;;;;;;;;;S;S;S;S;N;N;E;E;E;E;;;;;;;;;;;10E0XZZ;3E0R3BZ;3E0P7VZ;3E033VJ;0HQ9XZZ;4A1HXCZ;;;;;;;;;;;;;;;;;;;;;;;1;
343ae80216fc5317;220054;645f9b32d1584f0c;59;2;2024-09-25 00:00:00;2024-10-25 00:00:00;1;2024-10-08 00:00:00;;R18.8;R60.0;C78.7;C78.6;C77.2;K76.6;K83.1;K72.90;C56.1;I31.39;D50.9;N39.0;B96.20;B95.2;E87.6;T50.2X5A;T82.514A;R19.7;Z79.620;Z79.630;S;S;S;S;S;S;S;S;S;S;S;S;S;N;N;N;N;S;E;E;0JPT0WZ;02PYX3Z;0JH60WZ;02HV33Z;0W9G3ZZ;0W9G3ZX;3E033GC;BW201ZZ;BW241ZZ;B543ZZZ;B544ZZZ;B546ZZZ;B547ZZZ;BW40ZZZ;B52T1ZZ;B4201ZZ;B246ZZZ;3E03329;3E013GC;3E0337Z;;;;;;;;;1;
2ad98972fe29d466;220054;779629a5be6da715;71;1;2024-10-25 00:00:00;2024-10-26 00:00:00;1;2024-10-25 00:00:00;;K40.90;D17.1;;;;;;;;;;;;;;;;;;;S;S;;;;;;;;;;;;;;;;;;;0YU54JZ;0YB50ZZ;;;;;;;;;;;;;;;;;;;;;;;;;;;2;
7bae1f298aa5dbec;220054;78d55713b4c5c882;71;1;2024-10-25 00:00:00;2024-10-26 00:00:00;1;2024-10-25 00:00:00;;K40.20;;;;;;;;;;;;;;;;;;;;S;;;;;;;;;;;;;;;;;;;;0YUA4JZ;;;;;;;;;;;;;;;;;;;;;;;;;;;;2;
9c3410851cd82999;220054;d4c8c5ef65316743;70;2;2024-10-24 00:00:00;2024-10-26 00:00:00;1;;;K56.600;C78.6;K57.30;I10;E78.5;F41.9;Z85.038;Z90.49;;;;;;;;;;;;;S;S;S;S;S;S;E;E;;;;;;;;;;;;;0D9670Z;3E0DXGC;BW201ZZ;3E0337Z;3E033NZ;3E033GC;3E013GC;;;;;;;;;;;;;;;;;;;;;;1;
3090742a10bae5aa;220054;9a2da1f4e1422718;80;2;2024-10-10 00:00:00;2024-10-28 00:00:00;1;;;K56.609;J18.9;I48.91;I34.0;E11.65;R13.10;B37.0;E78.5;I44.7;Z95.2;Z90.49;Z90.710;Z79.82;;;;;;;;S;S;S;S;S;S;S;S;S;E;E;E;E;;;;;;;;BW211ZZ;4A02X4Z;B246ZZZ;3E03329;3E0F7GC;3E033GC;3E013VG;3E033NZ;;;;;;;;;;;;;;;;;;;;;1;
0997028ef3285fba;220054;0a4649f38b5e25df;86;1;2024-10-13 00:00:00;2024-10-29 00:00:00;1;;;N39.0;R33.9;K59.00;G30.1;F02.C0;R13.12;I12.9;N18.9;I45.10;E78.5;M81.0;M19.90;N40.0;R54;Z59.3;;;;;;S;S;S;S;S;S;S;S;S;S;S;S;S;S;E;;;;;;BW241ZZ;3E013GC;3E0337Z;3E03329;3E033NZ;;;;;;;;;;;;;;;;;;;;;;;;1;
aa3f46c922b470c5;220054;e4f3df9481bcf82a;27;2;2024-10-27 00:00:00;2024-10-29 00:00:00;1;;;O69.82X0;O48.0;O90.81;Z3A.40;Z67.10;Z37.0;;;;;;;;;;;;;;;S;S;N;E;E;E;;;;;;;;;;;;;;;10E0XZZ;3E0R3BZ;4A1HXCZ;;;;;;;;;;;;;;;;;;;;;;;;;;1;
88492e3d79ae60f4;220054;5df3263b7ede53f4;87;2;2024-10-29 00:00:00;2024-10-30 00:00:00;1;;;G45.9;N18.1;D50.9;E03.8;E55.9;;;;;;;;;;;;;;;;S;S;S;S;S;;;;;;;;;;;;;;;;4A02X4Z;B020ZZZ;;;;;;;;;;;;;;;;;;;;;;;;;;;1;
a74e8a450eba1c3d;220054;59afff7ea84782c1;75;1;2024-10-25 00:00:00;2024-10-30 00:00:00;1;;;J44.0;J18.9;J45.901;G47.30;Z99.89;E03.2;T46.2X5S;Z87.891;I48.0;Z79.01;D47.3;Z95.820;Z89.421;;;;;;;;S;S;S;S;E;S;E;E;S;E;S;E;E;;;;;;;;3E03329;3E0F7GC;3E0333Z;3E013VG;3E0F7SF;;;;;;;;;;;;;;;;;;;;;;;;1;
69bfb710476b8e4e;220054;b0346598f30a7353;26;2;2024-10-24 00:00:00;2024-10-30 00:00:00;1;;;T81.43XA;N73.9;Y83.6;Z88.1;;;;;;;;;;;;;;;;;S;S;S;E;;;;;;;;;;;;;;;;;BU4CZZZ;BW211ZZ;3E03329;;;;;;;;;;;;;;;;;;;;;;;;;;1;
f33ee8d3e66401d3;220054;e56bfda57180d506;68;1;2024-10-22 00:00:00;2024-10-30 00:00:00;1;;;K80.00;K25.4;I11.9;I51.7;I48.92;Z95.810;Z59.3;;;;;;;;;;;;;;S;S;S;S;S;E;E;;;;;;;;;;;;;;3E033NZ;3E03329;3E033GC;3E013GC;3E0337Z;;;;;;;;;;;;;;;;;;;;;;;;1;
cc5f33ddce8a1616;220054;78ffc4371ab174b0;96;2;2024-10-28 00:00:00;2024-10-30 00:00:00;4;;;J18.9;I48.91;N18.5;J96.00;N17.9;E89.0;I87.2;E79.0;F09;F32.A;Z59.3;;;;;;;;;;S;S;S;S;S;S;S;S;S;S;E;;;;;;;;;;3E03329;3E0333Z;3E0337Z;3E033GC;3E033NZ;;;;;;;;;;;;;;;;;;;;;;;;1;
9202ac5ee3303882;220054;8f03b5d7087ed8f8;101;2;2024-10-31 00:00:00;2024-10-31 00:00:00;4;;;J69.0;J96.00;I63.9;F03.90;I10;I48.91;E78.5;;;;;;;;;;;;;;S;S;S;S;S;S;S;;;;;;;;;;;;;;3E033NZ;3E0F7SF;;;;;;;;;;;;;;;;;;;;;;;;;;;1;
ce5dafe67132bdb2;220054;99048982671ff273;90;1;2024-10-11 00:00:00;2024-10-31 00:00:00;1;;;R78.81;B96.1;N39.0;N13.9;Z96.0;I12.9;N18.9;E11.22;I48.91;E78.5;F32.A;Z79.01;Z59.3;;;;;;;;S;S;S;S;S;S;S;S;S;S;S;E;E;;;;;;;;0T9B70Z;4A02X4Z;3E03329;30233N1;3E033NZ;3E0337Z;3E03328;3E013GC;3E013VJ;;;;;;;;;;;;;;;;;;;;1;
1b2f9a1c811e44db;220054;e37be054ae941b42;91;1;2024-10-26 00:00:00;2024-10-31 00:00:00;1;;;L03.115;I11.0;I50.33;I27.20;E78.5;M10.9;D47.3;D18.01;Z95.5;Z79.01;Z79.64;;;;;;;;;;S;S;S;S;S;S;S;S;E;E;E;;;;;;;;;;3E03329;3E033GC;3E0F7SF;B246ZZZ;3E0F7GC;3E013GC;;;;;;;;;;;;;;;;;;;;;;;1;
da05a69c26abdc3e;220054;d98ad34a93f0f0cd;74;2;2024-10-30 00:00:00;2024-10-31 00:00:00;1;2024-10-30 00:00:00;;C50.811;Z17.0;E78.5;F41.8;Z80.3;;;;;;;;;;;;;;;;S;E;S;S;E;;;;;;;;;;;;;;;;0HBT0ZZ;07B50ZX;3E013KZ;3E013KZ;0HHT3YZ;;;;;;;;;;;;;;;;;;;;;;;;2;
b5013215f5ee2703;220054;895899364c04c3ce;66;2;2024-10-31 00:00:00;2024-11-01 00:00:00;1;2024-10-31 00:00:00;;L73.2;I10;E78.00;G25.81;F32.A;;;;;;;;;;;;;;;;S;S;S;S;S;;;;;;;;;;;;;;;;0JBL0ZZ;;;;;;;;;;;;;;;;;;;;;;;;;;;;2;
9b7427db25c44748;220054;2ed5518a25df633f;27;1;2024-10-29 00:00:00;2024-11-03 00:00:00;1;;;L02.11;;;;;;;;;;;;;;;;;;;;S;;;;;;;;;;;;;;;;;;;;B0201ZZ;3E03329;3E033NZ;3E033GC;3E0133Z;;;;;;;;;;;;;;;;;;;;;;;;1;
cc958fe21dfbe356;220054;071f301f0621e589;82;1;2024-10-22 00:00:00;2024-11-04 00:00:00;1;;;J47.0;B96.5;C44.42;C77.0;Z79.620;Z88.6;;;;;;;;;;;;;;;S;S;S;S;E;E;;;;;;;;;;;;;;;3E1F88X;BW24ZZZ;4A02X4Z;3E0F7SF;3E013GC;3E0337Z;3E033NZ;3E0333Z;;;;;;;;;;;;;;;;;;;;;1;
91a234eccb7b7bc8;220054;de480f619daf620b;86;1;2024-10-20 00:00:00;2024-11-05 00:00:00;5;2024-10-24 00:00:00;;S72.011A;W19.XXXA;D64.9;N39.0;N17.9;E55.9;E21.1;I10;E78.5;E11.9;Z79.4;I48.21;Z79.01;Z95.2;E79.0;Z87.891;R41.9;M47.9;K59.00;;S;S;N;S;N;S;S;S;S;S;E;S;E;E;S;E;S;S;S;;0SRR0J9;F07L6ZZ;F07Z9ZZ;3E013GC;3E033NZ;3E03329;3E033GC;3E1H78Z;;;;;;;;;;;;;;;;;;;;;1;
1f41ffceed4c7bef;220054;da4e5167fcbfab8d;72;1;2024-11-04 00:00:00;2024-11-05 00:00:00;1;2024-11-04 00:00:00;;K40.90;I11.0;I50.9;J44.9;I27.22;I27.23;G47.33;I48.91;E78.5;C83.19;Z87.891;;;;;;;;;;S;S;S;S;S;S;S;S;S;S;E;;;;;;;;;;0YU50JZ;;;;;;;;;;;;;;;;;;;;;;;;;;;;2;
6cb643b0e22a601f;220054;dbac35d0d43db4fa;46;1;2024-11-03 00:00:00;2024-11-05 00:00:00;1;;;N20.2;N23;N17.9;Z91.041;;;;;;;;;;;;;;;;;S;S;S;E;;;;;;;;;;;;;;;;;BT4JZZZ;BT23ZZZ;3E033NZ;3E0333Z;3E0337Z;;;;;;;;;;;;;;;;;;;;;;;;1;
714885cc6fd9593b;220054;bb9e09a5f6a1b901;93;1;2024-10-25 00:00:00;2024-11-05 00:00:00;1;2024-10-29 00:00:00;;S72.101A;W19.XXXA;J69.0;D64.9;N17.9;M62.3;F05;E53.8;E55.9;E21.1;K59.00;R13.10;L89.159;D50.9;I50.9;I48.92;F20.9;R32;Z59.3;Z74.09;S;S;S;N;N;N;N;S;S;S;S;S;S;S;S;S;S;S;E;S;0QS636Z;30233N1;3E03329;3E0333Z;3E0F7GC;3E013GC;3E1H38Z;;;;;;;;;;;;;;;;;;;;;;1;
6946465209c2cb45;220054;43b9e49b5d1ca74c;80;2;2024-10-25 00:00:00;2024-11-05 00:00:00;1;;;K85.90;F05;R21;D64.9;M05.80;M81.0;E55.9;E53.8;F09;Z59.3;;;;;;;;;;;S;N;N;S;S;S;S;S;S;E;;;;;;;;;;;BW201ZZ;4A02X4Z;3E0337Z;3E033NZ;3E03329;3E033GC;3E013GC;;;;;;;;;;;;;;;;;;;;;;1;
634176d68e6b16bf;220054;800a9438001f3307;85;1;2024-10-26 00:00:00;2024-11-05 00:00:00;1;;;I50.33;E85.4;I43;R78.81;I77.89;B95.61;I71.9;I51.7;I27.20;I48.91;D47.2;J92.0;L40.9;Z79.01;;;;;;;S;S;S;S;S;S;S;S;S;S;S;S;S;E;;;;;;;BW201ZZ;3E033GC;3E0F7SF;4A02X4Z;3E033NZ;3E03329;3E0337Z;3E0F7GC;;;;;;;;;;;;;;;;;;;;;1;
de8842a70a313b7e;220054;9546c5f8e248c54e;70;1;2024-11-03 00:00:00;2024-11-05 00:00:00;1;2024-11-04 00:00:00;;J33.0;M30.1;;;;;;;;;;;;;;;;;;;S;S;;;;;;;;;;;;;;;;;;;09BK8ZZ;;;;;;;;;;;;;;;;;;;;;;;;;;;;2;
5c088770a21be90d;220054;8823ced2033bc39e;88;1;2024-10-21 00:00:00;2024-11-05 00:00:00;1;;;I13.0;I50.31;E11.22;N18.4;N17.9;N25.81;E55.9;E21.1;N39.0;B96.89;E78.5;E66.9;I25.2;I08.0;D64.9;J92.0;J44.9;Z79.82;Z79.84;Z87.891;S;S;S;S;S;S;S;S;S;S;S;S;E;S;S;S;S;E;E;E;3E033GC;BW24ZZZ;3E03329;3E013GC;;;;;;;;;;;;;;;;;;;;;;;;;1;
56d165c2b0bda337;220054;4af80b1679ea5127;91;2;2024-10-29 00:00:00;2024-11-06 00:00:00;4;;;I13.0;I50.9;N18.32;J98.8;J96.00;I48.91;E79.0;M15.9;F09;Z66;;;;;;;;;;;S;S;S;S;S;S;S;S;S;S;;;;;;;;;;;3E033GC;3E033NZ;3E013GC;3E0F7GC;3E0333Z;3E03329;;;;;;;;;;;;;;;;;;;;;;;1;
c4ec7c1722d37bda;220054;158ccb8cedb261cc;17;1;2024-11-05 00:00:00;2024-11-06 00:00:00;1;;;M25.312;Z53.8;;;;;;;;;;;;;;;;;;;S;N;;;;;;;;;;;;;;;;;;;;;;;;;;;;;;;;;;;;;;;;;;;;;;;2;
91b04f046fbc9aa8;220054;df88778df17e9445;22;2;2024-11-06 00:00:00;2024-11-06 00:00:00;1;2024-11-06 00:00:00;;D24.1;;;;;;;;;;;;;;;;;;;;S;;;;;;;;;;;;;;;;;;;;0HBT0ZZ;;;;;;;;;;;;;;;;;;;;;;;;;;;;2;
c3c90e412fe15938;220054;2d484e1d31670c76;56;1;2024-10-31 00:00:00;2024-11-07 00:00:00;1;;;J98.8;B95.62;B96.5;B96.3;M47.9;M51.16;M51.17;Z86.11;;;;;;;;;;;;;S;S;S;S;S;S;S;E;;;;;;;;;;;;;BW241ZZ;3E03329;3E033NZ;3E013GC;;;;;;;;;;;;;;;;;;;;;;;;;1;
47d662f68a4dbb86;220054;2494e041acc71a2a;60;1;2024-10-30 00:00:00;2024-11-07 00:00:00;1;;;D50.9;Z79.82;Z79.02;I25.2;Z95.5;I72.8;I10;E78.5;Z87.891;;;;;;;;;;;;S;E;E;E;E;S;S;S;E;;;;;;;;;;;;BW201ZZ;30233N1;3E033GC;3E0337Z;;;;;;;;;;;;;;;;;;;;;;;;;1;
34cfa3735b432974;220054;11c72e6a558473a0;28;2;2024-11-05 00:00:00;2024-11-08 00:00:00;1;;;O47.03;Z3A.34;;;;;;;;;;;;;;;;;;;S;E;;;;;;;;;;;;;;;;;;;BY4FZZZ;3E0333Z;;;;;;;;;;;;;;;;;;;;;;;;;;;1;
5ea0db22e4c1bfda;220054;964d5dfa5fff1314;41;1;2024-11-07 00:00:00;2024-11-08 00:00:00;1;2024-11-07 00:00:00;;K40.90;;;;;;;;;;;;;;;;;;;;S;;;;;;;;;;;;;;;;;;;;0YU64JZ;;;;;;;;;;;;;;;;;;;;;;;;;;;;2;
d7f927572e8534bc;220054;c7e6d3f7ed45d3e0;52;2;2024-10-30 00:00:00;2024-11-09 00:00:00;1;2024-11-04 00:00:00;;C78.6;Z85.048;Z90.49;I25.2;K76.0;Z92.3;K57.30;Z88.1;;;;;;;;;;;;;S;E;E;E;S;E;S;E;;;;;;;;;;;;;0JH60WZ;02HV33Z;BW201ZZ;BW241ZZ;B246ZZZ;4A02X4Z;3E04305;3E033NZ;3E03329;3E013GC;3E0333Z;3E0337Z;3E0336Z;;;;;;;;;;;;;;;;1;
4073088297841b26;220054;c916df435ac952f1;56;2;2024-11-06 00:00:00;2024-11-09 00:00:00;1;2024-11-06 00:00:00;;N62;N99.840;Y83.6;E66.9;J45.909;E89.0;F32.A;Z88.6;Z88.1;;;;;;;;;;;;S;N;N;S;S;S;S;E;E;;;;;;;;;;;;0HBV0ZZ;;;;;;;;;;;;;;;;;;;;;;;;;;;;2;
125826e4658fac9e;220054;86eabe1202a07c6b;18;2;2024-11-07 00:00:00;2024-11-09 00:00:00;1;2024-11-07 00:00:00;;K35.33;;;;;;;;;;;;;;;;;;;;S;;;;;;;;;;;;;;;;;;;;0DTJ4ZZ;BW40ZZZ;3E0337Z;3E033NZ;;;;;;;;;;;;;;;;;;;;;;;;;1;
e444eee040341c38;220054;38261c7fb5b38971;74;1;2024-11-08 00:00:00;2024-11-09 00:00:00;1;2024-11-08 00:00:00;;K40.90;G20;M45.9;Z87.891;;;;;;;;;;;;;;;;;S;S;S;E;;;;;;;;;;;;;;;;;0YU54JZ;;;;;;;;;;;;;;;;;;;;;;;;;;;;2;
50fe066d0097674b;220054;24525869e89b50a2;18;2;2024-11-06 00:00:00;2024-11-09 00:00:00;1;;;O34.83;N90.812;Z67.40;Z3A.38;Z37.0;;;;;;;;;;;;;;;;S;S;E;E;E;;;;;;;;;;;;;;;;10E0XZZ;10907ZC;3E0R3BZ;4A1HXCZ;;;;;;;;;;;;;;;;;;;;;;;;;1;
bf607a0f2843ec60;220054;43fef56385c33859;67;2;2024-11-07 00:00:00;2024-11-10 00:00:00;1;2024-11-07 00:00:00;;N13.2;R14.0;I10;E78.5;;;;;;;;;;;;;;;;;S;N;S;S;;;;;;;;;;;;;;;;;0T9480Z;BW21ZZZ;3E033NZ;3E0337Z;3E03329;;;;;;;;;;;;;;;;;;;;;;;;1;
6513004626751a4b;220054;afd426b6b7152c9d;75;2;2024-11-10 00:00:00;2024-11-11 00:00:00;1;;;I48.91;I10;E11.9;Z95.4;Z95.0;Z79.01;;;;;;;;;;;;;;;S;S;S;E;E;E;;;;;;;;;;;;;;;3E0337Z;3E033GC;3E013VG;;;;;;;;;;;;;;;;;;;;;;;;;;1;
1cb148400332d20e;220054;5ce7d6fe52648cb8;56;2;2024-11-05 00:00:00;2024-11-12 00:00:00;1;;;M51.16;M51.27;;;;;;;;;;;;;;;;;;;S;S;;;;;;;;;;;;;;;;;;;BR39ZZZ;BR33ZZZ;3E033NZ;3E0333Z;3E013GC;;;;;;;;;;;;;;;;;;;;;;;;1;
12ed3226d4dadb3c;220054;d1b18db79ac97ccb;53;1;2024-11-12 00:00:00;2024-11-13 00:00:00;1;2024-11-12 00:00:00;;K64.1;E78.5;I10;;;;;;;;;;;;;;;;;;S;S;S;;;;;;;;;;;;;;;;;;06BY0ZC;;;;;;;;;;;;;;;;;;;;;;;;;;;;2;
4281faa9cbcdcc90;220054;cdaa33411cf7aba5;71;1;2024-10-28 00:00:00;2024-11-13 00:00:00;1;2024-10-30 00:00:00;;S72.011A;W19.XXXA;Y92.019;J18.9;E87.1;I11.0;I50.9;E11.51;Z79.4;I48.20;Z79.01;G47.30;Z99.89;F32.A;F17.210;F10.21;E79.0;M19.90;E83.118;K44.9;S;S;E;N;N;S;S;S;E;S;E;S;E;S;S;S;S;S;S;S;0SRR0JZ;B246ZZZ;0BJ08ZZ;3E033NZ;3E0F7GC;3E013GC;3E03329;3E0337Z;;;;;;;;;;;;;;;;;;;;;1;
a329c96b04884735;220054;15b20d84c23f5527;93;2;2024-11-13 00:00:00;2024-11-14 00:00:00;1;2024-11-13 00:00:00;;C50.211;Z17.1;I10;J47.9;I48.91;Z79.01;;;;;;;;;;;;;;;S;E;S;S;S;E;;;;;;;;;;;;;;;0HBT0ZZ;07B50ZX;3E013KZ;3E013KZ;;;;;;;;;;;;;;;;;;;;;;;;;2;
6a5ba87d796b9987;220054;37d56440341d29d1;55;2;2024-11-13 00:00:00;2024-11-15 00:00:00;1;2024-11-13 00:00:00;;C50.811;C77.3;Z17.0;E11.9;E78.5;;;;;;;;;;;;;;;;S;S;E;S;S;;;;;;;;;;;;;;;;0HBT0ZZ;0HBT0ZX;07T50ZZ;0HHT3YZ;BH40ZZZ;;;;;;;;;;;;;;;;;;;;;;;;2;
9ac603b8df52e19f;220054;d460429a55a431c5;69;2;2024-11-14 00:00:00;2024-11-15 00:00:00;1;2024-11-14 00:00:00;;K80.10;F17.210;M81.0;Z87.01;;;;;;;;;;;;;;;;;S;S;S;E;;;;;;;;;;;;;;;;;0FT44ZZ;;;;;;;;;;;;;;;;;;;;;;;;;;;;2;
625398b7af04e31b;220054;4c949f6c247d9cae;31;2;2024-11-12 00:00:00;2024-11-15 00:00:00;1;;;O70.1;O90.81;Z67.40;Z3A.38;Z37.0;;;;;;;;;;;;;;;;N;N;E;E;E;;;;;;;;;;;;;;;;10E0XZZ;0KQM0ZZ;3E0R3BZ;4A1HXCZ;3E03329;;;;;;;;;;;;;;;;;;;;;;;;1;
9384329900d5d242;220054;93ab048d0a62aed2;77;1;2024-11-14 00:00:00;2024-11-16 00:00:00;1;2024-11-15 00:00:00;;K40.20;E11.9;I10;E78.5;N40.0;Z79.84;;;;;;;;;;;;;;;S;S;S;S;S;E;;;;;;;;;;;;;;;0YUA4JZ;;;;;;;;;;;;;;;;;;;;;;;;;;;;2;
e7f82dc74ae917e4;220054;affe9326ade8611e;76;1;2024-10-30 00:00:00;2024-11-16 00:00:00;1;;;N17.9;R00.1;T46.0X5A;C16.0;C78.7;R18.0;Z79.620;I48.21;Z79.01;R82.71;B96.1;Z16.24;G47.33;Z99.89;E79.0;I08.1;I27.20;Z85.51;Z93.6;Z90.6;S;S;S;S;S;S;E;S;E;S;S;S;S;E;S;S;S;E;E;E;BW241ZZ;BW40ZZZ;4A02X4Z;3E0337Z;3E013VG;3E033GC;3E013GC;3E033NZ;;;;;;;;;;;;;;;;;;;;;1;
e222473e2269eebf;220054;d47057d6a71c6398;80;2;2024-10-22 00:00:00;2024-11-17 00:00:00;1;2024-10-31 00:00:00;;C18.7;D63.0;K92.2;C77.5;C78.7;K55.20;N17.9;E87.6;T80.219A;I10;Z90.49;K44.9;Z85.848;Z86.16;;;;;;;S;S;S;S;S;S;S;S;S;S;E;S;E;E;;;;;;;0JPT0WZ;02PYX3Z;0DJ08ZZ;0DBN8ZX;BW211ZZ;3E0337Z;3E033NZ;3E033GC;;;;;;;;;;;;;;;;;;;;;1;
9fca761013d951f4;220054;4a291560c8f30239;35;2;2024-11-14 00:00:00;2024-11-17 00:00:00;1;;;O48.0;O63.1;O66.5;O69.82X0;O90.81;Z67.10;Z3A.41;Z37.0;Z88.0;;;;;;;;;;;;S;N;N;S;N;E;E;E;E;;;;;;;;;;;;10D07Z3;0W8NXZZ;10907ZC;3E0R3BZ;4A1HXCZ;;;;;;;;;;;;;;;;;;;;;;;;1;
efb9ec6c37b92b05;220054;fe78a8f2bacd008f;92;2;2024-11-14 00:00:00;2024-11-18 00:00:00;4;;;I11.0;I50.9;J98.8;J96.92;I87.2;K44.9;Z99.3;Z59.3;;;;;;;;;;;;;S;S;S;S;S;S;E;E;;;;;;;;;;;;;3E033GC;3E03329;3E0F7GC;3E0333Z;3E013GC;3E033NZ;;;;;;;;;;;;;;;;;;;;;;;1;
a9497e3b50594df8;220054;40a19e2f04df8554;56;1;2024-11-15 00:00:00;2024-11-18 00:00:00;1;;;I24.9;I25.10;I10;Z88.0;Z88.6;Z88.8;;;;;;;;;;;;;;;S;S;S;E;E;E;;;;;;;;;;;;;;;3E013GC;3E0F7SF;B246ZZZ;4A12X4Z;4A13XB1;4A13XR1;;;;;;;;;;;;;;;;;;;;;;;1;
b0d9fbe008b40c3e;220054;780ff206e2956dfb;30;2;2024-11-14 00:00:00;2024-11-18 00:00:00;1;;;O48.0;O70.1;O90.81;Z3A.40;Z67.40;Z37.0;;;;;;;;;;;;;;;S;N;N;E;E;E;;;;;;;;;;;;;;;10E0XZZ;0KQM0ZZ;10907ZC;4A1HXCZ;3E0R3BZ;;;;;;;;;;;;;;;;;;;;;;;;1;
b87f8c2173b2a865;220054;a4947f948b42b424;53;1;2024-08-18 00:00:00;2024-11-19 00:00:00;1;;;A41.9;J98.8;T80.211A;B37.7;R78.81;B96.5;R82.71;B96.89;L89.153;E87.1;E46;H70.12;B37.0;K56.41;I69.119;I69.154;I69.191;R13.19;I42.2;I48.0;S;S;N;N;N;N;N;N;S;S;S;S;N;N;E;E;E;S;S;S;B020ZZZ;BN2FZZZ;BW241ZZ;B020ZZZ;BW241ZZ;BR29ZZZ;B246ZZZ;4A02X4Z;3E04329;3E0337Z;3E043NZ;3E0433Z;3E013VG;3E04328;3E1H78Z;;;;;;;;;;;;;;1;
1cf70cc5960b2cd6;220054;2adb5db430402635;76;1;2024-11-13 00:00:00;2024-11-19 00:00:00;1;;;I26.99;I5A;R09.02;I11.9;I51.7;E55.9;E11.51;E11.22;N18.2;E11.319;I65.21;E78.5;G47.33;K76.0;E88.1;Z21;Z79.4;;;;S;S;S;S;S;S;S;S;S;S;S;S;S;S;S;S;E;;;;B32SZZZ;B32TZZZ;B54DZZZ;B246ZZZ;4A02X4Z;3E013GC;3E0337Z;3E033GC;3E03329;;;;;;;;;;;;;;;;;;;;1;
1b58e8c716ec4efa;220054;888d0a46b7065958;65;2;2024-11-17 00:00:00;2024-11-19 00:00:00;1;2024-11-18 00:00:00;;S52.572A;W19.XXXA;E55.9;;;;;;;;;;;;;;;;;;S;S;S;;;;;;;;;;;;;;;;;;0PSJ04Z;;;;;;;;;;;;;;;;;;;;;;;;;;;;1;
10daca368bfefd99;220054;de65860b5a587305;48;2;2024-11-19 00:00:00;2024-11-19 00:00:00;1;2024-11-19 00:00:00;;N87.0;R87.820;B97.7;;;;;;;;;;;;;;;;;;S;S;S;;;;;;;;;;;;;;;;;;0UBC7ZZ;;;;;;;;;;;;;;;;;;;;;;;;;;;;2;
4461d113e8d73dab;220054;edd600bc1bcafe77;77;1;2024-11-07 00:00:00;2024-11-20 00:00:00;1;;;K31.811;D50.0;N17.9;I12.9;E11.22;N18.4;E87.20;E87.5;E11.51;J98.4;Z79.82;Z87.891;Z79.84;;;;;;;;S;S;S;S;S;S;S;S;S;S;E;E;E;;;;;;;;0DJ08ZZ;BW24ZZZ;0DJD8ZZ;30233N1;3E033GC;3E0337Z;3E013VG;;;;;;;;;;;;;;;;;;;;;;1;
9720694a5b617a1e;220054;4f88df985d9aa846;5;1;2024-11-20 00:00:00;2024-11-21 00:00:00;1;;;A09;;;;;;;;;;;;;;;;;;;;S;;;;;;;;;;;;;;;;;;;;3E0337Z;;;;;;;;;;;;;;;;;;;;;;;;;;;;1;
952623256e8487e4;220054;f0f6a2aa24cd9b3b;63;1;2024-11-18 00:00:00;2024-11-21 00:00:00;1;;;D70.9;J70.3;T45.1X5A;C34.90;C78.7;C79.71;J44.9;Z87.891;Z79.52;Z79.891;;;;;;;;;;;S;S;S;S;S;S;S;E;E;E;;;;;;;;;;;3E03329;3E013VJ;;;;;;;;;;;;;;;;;;;;;;;;;;;1;
2bb838364ffb98f0;220054;57071bf1b7e74419;93;2;2024-11-06 00:00:00;2024-11-22 00:00:00;5;2024-11-08 00:00:00;;M80.052A;I11.0;I50.9;J96.90;D64.9;E55.9;E79.0;Z79.01;F32.A;Z79.82;;;;;;;;;;;S;S;S;S;N;S;S;E;S;E;;;;;;;;;;;0QS736Z;;;;;;;;;;;;;;;;;;;;;;;;;;;;1;
e6a7275cd0f1b84b;220054;dd9d9fe22af5f849;77;1;2024-11-19 00:00:00;2024-11-22 00:00:00;1;2024-11-19 00:00:00;;N32.89;Z85.51;E11.9;E78.5;;;;;;;;;;;;;;;;;S;E;S;S;;;;;;;;;;;;;;;;;0TBB8ZX;;;;;;;;;;;;;;;;;;;;;;;;;;;;2;
ed62cb6323946485;220054;76bd2bc7d38e5352;64;2;2024-11-10 00:00:00;2024-11-22 00:00:00;1;;;C15.4;J69.0;R13.10;F17.210;;;;;;;;;;;;;;;;;S;S;S;S;;;;;;;;;;;;;;;;;0DB58ZX;0DB58ZX;BW251ZZ;3E03329;;;;;;;;;;;;;;;;;;;;;;;;;1;
2819116f50af16f7;220054;1630fd24fa2bae96;65;2;2024-11-09 00:00:00;2024-11-22 00:00:00;1;;;J22;J96.22;E87.21;N39.0;N17.9;E11.22;N18.31;E87.1;E87.5;I10;I48.0;E78.5;J45.909;K70.9;K76.6;K31.89;I85.10;D50.9;F17.210;F10.90;S;S;S;S;S;S;S;S;S;S;S;S;S;S;S;S;S;S;S;S;3E03329;3E0F7GC;3E0F7SF;3E033GC;B246ZZZ;4A02X4Z;5A09457;3E043RZ;3E0433Z;3E04329;3E043NZ;3E0333Z;3E0337Z;3E013GC;3E033NZ;;;;;;;;;;;;;;1;
7a422ed4627949bf;220054;c074db6267f27706;51;1;2024-11-21 00:00:00;2024-11-22 00:00:00;1;;;I48.19;Z95.818;;;;;;;;;;;;;;;;;;;S;E;;;;;;;;;;;;;;;;;;;5A2204Z;4A02X4Z;;;;;;;;;;;;;;;;;;;;;;;;;;;2;
853d36946721992f;220054;2bd08e58dab317da;69;1;2024-11-06 00:00:00;2024-11-22 00:00:00;1;;;I63.81;R29.703;G46.5;G81.91;H49.02;I12.9;N18.9;F17.210;E78.5;Z91.51;Z86.002;Z79.02;;;;;;;;;S;S;S;S;S;S;S;S;S;E;E;E;;;;;;;;;B020ZZZ;B246ZZZ;4A12X45;3E013GC;3E0337Z;3E033NZ;3E03329;;;;;;;;;;;;;;;;;;;;;;1;
3ac7269260615a8f;220054;05ba0c51d2917122;68;1;2024-11-21 00:00:00;2024-11-22 00:00:00;1;;;I48.21;I11.9;I51.7;E66.9;E78.5;;;;;;;;;;;;;;;;S;S;S;S;S;;;;;;;;;;;;;;;;5A2204Z;4A02X4Z;;;;;;;;;;;;;;;;;;;;;;;;;;;2;
0ca305a38d31ba92;220054;d04db286c14e13fa;22;2;2024-11-21 00:00:00;2024-11-24 00:00:00;1;;;O48.0;O34.219;O26.833;N28.89;Z3A.40;Z37.0;Z14.8;;;;;;;;;;;;;;S;S;S;S;E;E;E;;;;;;;;;;;;;;10E0XZZ;3E0R3BZ;10907ZC;4A1HXCZ;;;;;;;;;;;;;;;;;;;;;;;;;1;
86ea5634115a6186;220054;a60921d7c4dab3a6;91;2;2024-11-18 00:00:00;2024-11-25 00:00:00;1;;;J20.9;I13.0;I50.9;N18.4;K56.41;E78.5;I35.1;I48.20;E03.9;G31.84;Z79.01;Z86.16;Z59.3;;;;;;;;S;S;S;S;S;S;S;S;S;S;E;E;E;;;;;;;;3E03329;3E033GC;3E1H78Z;3E033NZ;3E0333Z;3E0F7GC;;;;;;;;;;;;;;;;;;;;;;;1;
dc176d1343384c47;220054;2cee2bd0a0b62759;61;1;2024-11-22 00:00:00;2024-11-25 00:00:00;1;2024-11-22 00:00:00;;N40.1;I10;E78.00;Z87.891;;;;;;;;;;;;;;;;;S;S;S;E;;;;;;;;;;;;;;;;;0VB00ZZ;;;;;;;;;;;;;;;;;;;;;;;;;;;;2;
8d9a50aa961e313b;220054;967022ccabb240fb;87;1;2024-11-18 00:00:00;2024-11-25 00:00:00;1;;;J69.0;R13.19;J96.90;L89.624;E53.8;D64.9;E87.20;E11.9;I48.0;G31.09;F02.C0;Z96.0;Z74.09;;;;;;;;S;S;S;S;S;S;S;S;S;S;S;S;S;;;;;;;;0JDR0ZZ;4A02X4Z;5A0945A;3E0333Z;3E03329;3E033GC;;;;;;;;;;;;;;;;;;;;;;;1;
31cc8d7c206f070a;220054;81fab761a58f4835;92;2;2024-11-15 00:00:00;2024-11-26 00:00:00;1;2024-11-16 00:00:00;;S72.102A;W19.XXXA;D50.0;N18.9;I50.9;I87.2;Z95.0;;;;;;;;;;;;;;S;E;S;S;S;S;E;;;;;;;;;;;;;;0QS736Z;;;;;;;;;;;;;;;;;;;;;;;;;;;;1;
1ee79d40d963f651;220054;1d7961bc567703e8;60;1;2024-11-25 00:00:00;2024-11-26 00:00:00;1;2024-11-25 00:00:00;;K42.9;C34.11;C77.0;I10;E11.9;J44.9;Z86.73;Z79.620;Z87.891;;;;;;;;;;;;S;S;S;S;S;S;E;E;E;;;;;;;;;;;;0WUF0JZ;3E0F7GC;;;;;;;;;;;;;;;;;;;;;;;;;;;2;
b84333aa7e80fa0a;220054;269e66147e30e216;70;2;2024-11-26 00:00:00;2024-11-26 00:00:00;1;2024-11-26 00:00:00;;L43.0;;;;;;;;;;;;;;;;;;;;S;;;;;;;;;;;;;;;;;;;;0UBMXZX;;;;;;;;;;;;;;;;;;;;;;;;;;;;2;
98e59033704f8b89;220054;90c7e2f4fdacb596;76;1;2024-10-11 00:00:00;2024-11-27 00:00:00;5;2024-10-30 00:00:00;;K56.2;K55.9;J96.02;R40.20;I50.9;I95.9;D50.9;T81.40XA;R78.81;B96.89;R82.71;B96.20;G62.81;M62.59;R13.10;F05;I48.20;E03.9;E78.5;I25.10;S;S;N;N;N;N;N;N;N;N;N;N;N;N;N;N;S;S;S;S;0DTN4ZZ;0D1M4Z4;0D7N8ZZ;0DJD8ZZ;BW211ZZ;4A12X4Z;4A133B1;5A1945Z;0BH17EZ;B020ZZZ;B32RZZZ;3E0F7SF;3E03328;3E03329;3E033GC;3E033RZ;3E0336Z;;;;;;;;;;;;1;
f35c40503ad3f371;220054;26ec5ff138a9f940;33;2;2024-11-27 00:00:00;2024-11-27 00:00:00;1;;;Z29.8;Z85.71;Z92.21;D84.9;;;;;;;;;;;;;;;;;E;E;E;S;;;;;;;;;;;;;;;;;3E0F729;3E0333Z;3E033GC;8E0ZXY6;;;;;;;;;;;;;;;;;;;;;;;;;2;
156e55460db41897;220054;ff029435f450ffb2;65;2;2024-11-27 00:00:00;2024-11-28 00:00:00;1;2024-11-27 00:00:00;;D05.12;Z17.0;Z86.008;;;;;;;;;;;;;;;;;;S;E;E;;;;;;;;;;;;;;;;;;0HBU0ZZ;0JBF0ZX;3E013KZ;3E013KZ;0HHU3YZ;BH41ZZZ;;;;;;;;;;;;;;;;;;;;;;;2;
1add12d1718ab037;220054;1c9f3f361406d988;38;2;2024-11-27 00:00:00;2024-11-28 00:00:00;1;2024-11-27 00:00:00;;K64.3;E66.9;Z88.1;Z88.8;;;;;;;;;;;;;;;;;S;S;E;E;;;;;;;;;;;;;;;;;06BY0ZC;;;;;;;;;;;;;;;;;;;;;;;;;;;;2;
9f3e35ac5056ed19;220054;3b8de22681a9f7a1;87;1;2024-11-20 00:00:00;2024-11-28 00:00:00;1;;;I11.0;I50.9;J91.8;J96.20;E87.29;E61.1;R91.1;E11.9;E78.5;E66.9;E79.0;I34.0;I95.9;G47.33;Z99.81;Z99.89;Z95.0;Z79.84;Z88.8;Z85.038;S;S;S;S;S;S;S;S;S;S;S;S;S;S;E;E;E;E;E;E;3E033GC;3E0F7SF;5A09457;0T9B70Z;BW24ZZZ;BW21ZZZ;0W993ZZ;3E0333Z;3E013VG;3E0F7GC;3E033NZ;3E013GC;;;;;;;;;;;;;;;;;1;
f0abed8fde03ab24;220054;2a02838195493d04;95;1;2024-11-20 00:00:00;2024-11-28 00:00:00;1;;;I48.91;I5A;I50.9;N39.0;B96.20;J20.9;Y95;I44.0;I35.2;D64.9;E78.5;I87.2;R32;G30.9;F02.80;Z85.51;;;;;S;S;S;S;S;N;N;S;S;S;S;S;S;S;S;E;;;;;4A02X4Z;B246ZZZ;3E013GC;3E03329;;;;;;;;;;;;;;;;;;;;;;;;;1;
aa49fb26a722757c;220054;6ca3ae6167da7283;84;1;2024-11-21 00:00:00;2024-11-28 00:00:00;1;;;I82.401;I26.99;K29.40;A04.8;I11.9;I77.819;E78.5;;;;;;;;;;;;;;S;S;S;S;S;S;S;;;;;;;;;;;;;;B54BZZZ;BW201ZZ;0DB68ZX;3E013GC;;;;;;;;;;;;;;;;;;;;;;;;;1;
ac9e3a4336c23225;220054;832e044dc892b036;89;1;2024-11-22 00:00:00;2024-11-28 00:00:00;1;;;R40.4;T43.595A;R82.71;F05;I10;G47.33;G20;F01.50;R32;E66.9;Z99.81;Z99.89;;;;;;;;;S;S;S;S;S;S;S;S;S;S;E;E;;;;;;;;;B020ZZZ;3E0F7SF;4A02X4Z;3E0337Z;3E033NZ;3E033GC;3E03329;3E013GC;;;;;;;;;;;;;;;;;;;;;1;
87122c992c3c8c15;220054;4f4f1a31ec2e11f2;79;1;2024-11-18 00:00:00;2024-11-28 00:00:00;4;;;C78.6;C78.89;C01;G89.3;B37.0;J44.9;I10;E78.5;E22.2;U09.9;Z85.038;Z90.49;Z92.21;;;;;;;;S;S;S;S;S;S;S;S;S;S;E;E;E;;;;;;;;3E033NZ;3E0F7GC;3E033GC;3E0337Z;3E0333Z;3E013GC;;;;;;;;;;;;;;;;;;;;;;;1;
fe466565c8677104;220054;f99ee468fd7fbaee;86;2;2024-11-24 00:00:00;2024-11-29 00:00:00;1;;;I50.9;I35.2;I34.0;E11.22;I12.9;N18.2;E78.5;I48.91;Z95.1;Z79.82;Z79.84;;;;;;;;;;S;S;S;S;S;S;S;S;E;E;E;;;;;;;;;;3E033GC;4A02X4Z;3E013VG;;;;;;;;;;;;;;;;;;;;;;;;;;1;
b776575ea1840301;220054;0b3b1a84457b49c9;27;1;2024-11-19 00:00:00;2024-11-29 00:00:00;2;2024-11-19 00:00:00;;S32.422A;S42.302B;V43.92XA;Y92.410;G97.82;Y83.8;;;;;;;;;;;;;;;S;S;E;E;N;N;;;;;;;;;;;;;;;0SSBXZZ;0KQ80ZZ;0PSG04Z;B020ZZZ;BR20ZZZ;BW241ZZ;3E03329;3E033NZ;3E0337Z;3E013GC;3E0333Z;;;;;;;;;;;;;;;;;;1;
719ecb692cc649f6;220054;272804547b5c7a0a;32;2;2024-11-29 00:00:00;2024-11-30 00:00:00;2;;;O26.893;O70.0;Z67.11;Z3A.39;Z37.0;;;;;;;;;;;;;;;;S;N;E;E;E;;;;;;;;;;;;;;;;10E0XZZ;10907ZC;3E0R3BZ;0HQ9XZZ;4A1HXCZ;;;;;;;;;;;;;;;;;;;;;;;;1;
a54b9c9c24211ac9;220054;5943237f9261e6b8;23;2;2024-11-29 00:00:00;2024-11-30 00:00:00;1;2024-11-29 00:00:00;;O01.1;;;;;;;;;;;;;;;;;;;;S;;;;;;;;;;;;;;;;;;;;10D17ZZ;;;;;;;;;;;;;;;;;;;;;;;;;;;;1;
e958f6bd15c145b5;220054;1e404dcacf7b6048;67;1;2024-11-23 00:00:00;2024-12-02 00:00:00;1;;;I11.0;I51.7;I25.10;J43.9;D50.9;I48.0;I48.92;I08.1;E11.9;Z95.5;E78.5;E66.9;Z79.01;;;;;;;;S;S;S;S;S;S;S;S;S;E;S;S;E;;;;;;;;3E033GC;B246ZZZ;4A02X4Z;3E0F7GC;3E0333Z;3E03329;;;;;;;;;;;;;;;;;;;;;;;1;
e1df10dd026293d0;220054;afad47512d2e035c;94;1;2024-11-28 00:00:00;2024-12-03 00:00:00;1;;;J22;N17.9;I13.0;I50.9;N18.4;N25.81;D50.9;I48.91;E53.8;E55.9;E78.5;F17.210;Z79.01;;;;;;;;S;S;S;S;S;S;S;S;S;S;S;S;E;;;;;;;;3E03329;4A02X4Z;3E033GC;3E0333Z;3E0F7GC;;;;;;;;;;;;;;;;;;;;;;;;1;
718d6bd23c41c313;220054;4467404510ca1ff2;87;1;2024-11-28 00:00:00;2024-12-03 00:00:00;1;;;J20.9;J96.91;I50.9;D50.9;E78.5;G20;G31.84;F20.9;F32.A;Z88.8;;;;;;;;;;;S;S;S;S;S;S;S;S;S;E;;;;;;;;;;;3E03329;3E0333Z;3E0F7GC;3E0F7SF;3E033GC;3E0337Z;3E013VG;3E033NZ;3E013GC;;;;;;;;;;;;;;;;;;;;1;
f80fe0673b5832af;220054;15d100b0ecd0d346;55;1;2024-11-15 00:00:00;2024-12-04 00:00:00;1;;;K52.1;T45.1X5A;C79.89;Z85.820;;;;;;;;;;;;;;;;;S;S;S;E;;;;;;;;;;;;;;;;;BW241ZZ;3E0333Z;0DBK8ZX;0DBL8ZX;0DBN8ZX;3E0337Z;3E033GC;3E013GC;;;;;;;;;;;;;;;;;;;;;1;
ca8932bfd7df42b5;220054;933b91878506111b;27;2;2024-12-02 00:00:00;2024-12-04 00:00:00;1;;;O99.824;O26.893;O69.82X0;O70.1;O90.81;Z67.11;Z3A.39;Z37.0;;;;;;;;;;;;;S;S;S;N;N;E;E;E;;;;;;;;;;;;;10E0XZZ;0KQM0ZZ;3E0R3BZ;3E03329;4A1HXCZ;3E0234Z;;;;;;;;;;;;;;;;;;;;;;;1;
80ad5fd1957434b0;220054;15f8533b7f45365c;93;2;2024-11-25 00:00:00;2024-12-04 00:00:00;1;;;I11.0;I50.9;J96.92;D52.9;N39.0;B96.20;Z16.12;B96.89;E46;E11.9;I48.21;J45.909;I27.20;H35.3133;M81.0;M17.9;I87.2;Z59.3;Z79.84;;S;S;S;S;S;S;S;S;S;S;S;S;S;S;S;S;S;E;E;;4A02X4Z;3E033GC;3E013VG;3E03329;3E033NZ;3E0337Z;3E0F7SF;;;;;;;;;;;;;;;;;;;;;;1;
5bc02cf8ed811d49;220054;b30b69f4d1b6d367;64;1;2024-12-02 00:00:00;2024-12-05 00:00:00;1;2024-12-03 00:00:00;;K80.10;I10;E78.00;Z95.3;Z79.82;;;;;;;;;;;;;;;;S;S;S;E;E;;;;;;;;;;;;;;;;0FT44ZZ;;;;;;;;;;;;;;;;;;;;;;;;;;;;2;
6a62da76b32b98f5;220054;213e252f3acddf41;84;1;2024-12-03 00:00:00;2024-12-05 00:00:00;1;2024-12-03 00:00:00;;K80.10;I10;E11.9;E78.5;N40.0;E79.0;I48.91;Z79.01;;;;;;;;;;;;;S;S;S;S;S;S;S;E;;;;;;;;;;;;;0FT44ZZ;;;;;;;;;;;;;;;;;;;;;;;;;;;;2;
04d4a34dc375be0a;220054;20cc028b1d5f247f;39;1;2024-11-28 00:00:00;2024-12-05 00:00:00;1;;;E11.10;T50.Z95A;E11.319;Z79.4;Z91.199;N17.9;E83.51;E83.39;E87.6;R97.1;R97.0;E87.0;T50.995A;T50.3X5A;D69.6;I85.10;Z94.4;Z79.899;Z85.831;;S;S;S;E;E;S;S;S;S;S;S;N;N;N;S;S;E;E;E;;4A12X4Z;4A13XB1;4A13XR1;3E04329;0T9B70Z;;;;;;;;;;;;;;;;;;;;;;;;1;
4bbcfa16a313db8a;220054;5062792c1a000b91;32;2;2024-12-03 00:00:00;2024-12-05 00:00:00;1;;;O99.824;O48.0;O70.1;O90.81;Z67.20;Z3A.41;Z37.0;;;;;;;;;;;;;;S;S;N;N;E;E;E;;;;;;;;;;;;;;10E0XZZ;0KQM0ZZ;3E0R3BZ;10907ZC;4A1HXCZ;3E03329;;;;;;;;;;;;;;;;;;;;;;;2;
dc5d8dbfc498591e;220054;a6d3f6a199a34e5f;72;1;2024-11-29 00:00:00;2024-12-05 00:00:00;1;;;J43.9;R91.1;I10;E11.9;F17.210;I25.82;I25.2;Z95.5;G47.33;G20;Z86.73;Z79.82;Z79.4;;;;;;;;S;S;S;S;S;S;E;E;S;S;E;E;E;;;;;;;;3E0F7GC;3E03329;3E033NZ;3E0F7SF;3E0333Z;;;;;;;;;;;;;;;;;;;;;;;;1;
18ed075a684f7862;220054;2c87e9c5666ea3d7;88;1;2024-11-29 00:00:00;2024-12-05 00:00:00;1;;;J18.9;I11.0;I50.33;K59.00;E11.65;T38.0X5A;E66.9;G25.0;Z79.4;Z79.82;;;;;;;;;;;S;S;S;S;S;S;S;S;E;E;;;;;;;;;;;B246ZZZ;3E03329;3E0F7GC;3E033GC;3E0333Z;3E013VG;;;;;;;;;;;;;;;;;;;;;;;1;
844f14fa8a9d8bb1;220054;690f25e3876d4ece;99;1;2024-11-25 00:00:00;2024-12-05 00:00:00;4;;;J96.00;J98.9;I11.0;I50.9;K44.9;Z88.8;Z59.3;;;;;;;;;;;;;;S;S;S;S;S;E;E;;;;;;;;;;;;;;3E03329;3E033GC;;;;;;;;;;;;;;;;;;;;;;;;;;;1;
8efef8691b916726;220054;e91b6659a5f6d30e;27;2;2024-12-04 00:00:00;2024-12-06 00:00:00;1;2024-12-04 00:00:00;;O48.0;O72.0;O90.81;O92.5;O99.214;Z3A.40;Z37.0;Z67.10;;;;;;;;;;;;;S;N;N;N;S;E;E;E;;;;;;;;;;;;;10D17Z9;10E0XZZ;10907ZC;3E033GC;4A1HXCZ;;;;;;;;;;;;;;;;;;;;;;;;1;
2b4bb40d3a55de35;220054;b619ae1e4a352ea0;77;1;2024-11-26 00:00:00;2024-12-06 00:00:00;4;2024-11-29 00:00:00;;T84.52XA;A41.9;T81.42XA;R65.21;N17.9;J96.20;K72.00;D68.9;D69.6;E87.20;E16.2;I48.91;E87.5;E87.1;F05;M06.9;I46.9;Z79.61;D84.821;Z79.52;S;N;S;N;N;N;N;N;N;N;N;N;N;N;N;S;N;E;S;E;0S990ZX;0S990ZX;5A1D90Z;B246ZZZ;5A12012;5A1945Z;0BH17EZ;3E033XZ;3E03328;3E03329;3E0337Z;3E033GC;3E0333Z;3E033NZ;3E0F7SF;BW21ZZZ;;;;;;;;;;;;;1;
3e86be143ad03d31;220054;c7482efab701bc02;34;2;2024-12-03 00:00:00;2024-12-06 00:00:00;1;;;O70.0;O92.5;Z3A.39;Z37.0;Z67.10;;;;;;;;;;;;;;;;N;N;E;E;E;;;;;;;;;;;;;;;;10E0XZZ;3E0R3BZ;0UQGXZZ;4A1HXCZ;;;;;;;;;;;;;;;;;;;;;;;;;1;
b32a1684a400e772;220054;b72988614e28dda1;36;2;2024-12-03 00:00:00;2024-12-06 00:00:00;1;;;O99.284;E03.9;O70.21;O90.81;Z3A.39;Z67.40;Z37.0;;;;;;;;;;;;;;S;S;N;N;E;E;E;;;;;;;;;;;;;;10E0XZZ;0DQR0ZZ;4A1HXCZ;;;;;;;;;;;;;;;;;;;;;;;;;;2;
e88f37622bfe6d48;220054;1865aeea6d7e0796;36;2;2024-12-05 00:00:00;2024-12-07 00:00:00;1;;;O99.820;O28.3;O99.284;E89.0;O70.0;Z3A.39;Z67.41;Z37.0;;;;;;;;;;;;;S;S;S;S;N;E;E;E;;;;;;;;;;;;;0HQ9XZZ;10E0XZZ;3E0R3BZ;10907ZC;4A1HXCZ;3E03329;;;;;;;;;;;;;;;;;;;;;;;1;
02772d2f0dbcc7f0;220054;6068c16418807afa;25;2;2024-12-05 00:00:00;2024-12-07 00:00:00;1;;;O99.824;O90.81;Z67.40;Z3A.39;Z37.0;;;;;;;;;;;;;;;;S;N;E;E;E;;;;;;;;;;;;;;;;10E0XZZ;10907ZC;4A1HXCZ;3E033GC;;;;;;;;;;;;;;;;;;;;;;;;;1;
42ecfbef20f6a59a;220054;99570b78239f35bb;35;2;2024-12-04 00:00:00;2024-12-07 00:00:00;1;2024-12-04 00:00:00;;O36.63X0;O34.219;Z3A.40;Z37.0;Z67.40;;;;;;;;;;;;;;;;S;S;E;E;E;;;;;;;;;;;;;;;;10D00Z1;4A1HXCZ;;;;;;;;;;;;;;;;;;;;;;;;;;;2;
99bc57df0d175fbe;220054;94085a281a6948b9;82;2;2024-12-01 00:00:00;2024-12-10 00:00:00;1;;;S06.5X0A;S06.6X0A;S00.83XA;S01.80XA;S80.02XA;W19.XXXA;Y92.410;I10;F32.A;K44.9;F31.9;G25.0;M19.90;M81.0;R00.8;Z90.49;H35.30;R32;;;S;S;S;S;S;S;E;S;S;S;S;S;S;S;S;E;S;S;;;B020ZZZ;3E033NZ;3E0337Z;;;;;;;;;;;;;;;;;;;;;;;;;;1;
ddc8396b3916a130;220054;410f1a0fd7febc84;97;2;2024-12-10 00:00:00;2024-12-10 00:00:00;4;;;K56.609;J96.00;I10;I87.2;E05.20;K59.00;L89.159;L89.619;L89.629;G30.9;F02.80;Z59.3;;;;;;;;;S;S;S;S;S;S;S;S;S;S;S;E;;;;;;;;;3E033NZ;;;;;;;;;;;;;;;;;;;;;;;;;;;;1;
05c5d165c34731d3;220054;ff959b53a7653a11;38;2;2024-12-08 00:00:00;2024-12-11 00:00:00;1;;;O48.0;Z3A.41;O99.824;O26.13;O99.334;F17.210;O70.1;O22.43;K64.5;O90.81;Z67.10;Z37.0;Z88.0;;;;;;;;S;E;S;S;S;S;N;N;N;N;E;E;E;;;;;;;;10E0XZZ;0KQM0ZZ;3E0R3BZ;10907ZC;4A1HXCZ;3E03329;;;;;;;;;;;;;;;;;;;;;;;1;
5c24c11c92036bef;220054;2264daa973484f36;77;1;2024-12-10 00:00:00;2024-12-11 00:00:00;2;;;I25.110;I10;E78.5;G20;I25.2;Z95.5;;;;;;;;;;;;;;;S;S;S;S;E;E;;;;;;;;;;;;;;;4A02X4Z;B246ZZZ;3E013GC;;;;;;;;;;;;;;;;;;;;;;;;;;1;
bcade589f2f21d29;220054;9802cbce0442308c;78;1;2024-12-11 00:00:00;2024-12-12 00:00:00;1;;;I48.92;I11.9;I51.89;E78.00;G47.33;Z79.01;;;;;;;;;;;;;;;S;S;S;S;S;E;;;;;;;;;;;;;;;4A02X4Z;B246ZZZ;3E033NZ;;;;;;;;;;;;;;;;;;;;;;;;;;1;
011f26f2ec324f14;220054;b4e6293662b4ba67;84;1;2024-12-02 00:00:00;2024-12-12 00:00:00;1;;;A04.72;N17.9;E11.22;N18.32;E11.319;E11.51;I70.235;L97.519;D64.9;Z79.4;Z88.8;Z88.6;;;;;;;;;S;S;S;S;S;S;S;S;S;E;E;E;;;;;;;;;3E033GC;3E0337Z;3E033NZ;3E0333Z;;;;;;;;;;;;;;;;;;;;;;;;;1;
a5ef6a55afb82cc0;220054;3976793469fd2dd2;75;1;2024-11-29 00:00:00;2024-12-12 00:00:00;1;;;D49.0;D50.0;K55.20;K20.90;K57.30;K64.8;I10;E66.9;H81.10;N40.1;Z79.82;;;;;;;;;;S;S;S;S;S;S;S;S;S;S;E;;;;;;;;;;0DB98ZX;BW201ZZ;0DH67UZ;0D9670Z;3E0337Z;3E033NZ;3E033GC;;;;;;;;;;;;;;;;;;;;;;1;
2838a8fdf8984686;220054;d4d3c4535405cfde;6;1;2024-12-06 00:00:00;2024-12-12 00:00:00;1;;;E10.65;;;;;;;;;;;;;;;;;;;;S;;;;;;;;;;;;;;;;;;;;;;;;;;;;;;;;;;;;;;;;;;;;;;;;1;
c1ded09cc2fc7ef9;220054;f6f87c23ca7f79e0;76;2;2024-12-10 00:00:00;2024-12-12 00:00:00;1;2024-12-11 00:00:00;;M20.12;M77.42;;;;;;;;;;;;;;;;;;;S;S;;;;;;;;;;;;;;;;;;;0QSP04Z;0QSP04Z;0QSP04Z;0QSP04Z;;;;;;;;;;;;;;;;;;;;;;;;;2;
b49bd5c0e91c73f9;220054;bf726ec42351c90d;23;1;2024-12-10 00:00:00;2024-12-12 00:00:00;1;2024-12-11 00:00:00;;S83.191A;S83.211A;X50.9XXA;Y93.73;Y92.318;;;;;;;;;;;;;;;;S;S;S;S;S;;;;;;;;;;;;;;;;0MRN47Z;0LBQ0ZZ;0SQC4ZZ;;;;;;;;;;;;;;;;;;;;;;;;;;2;
9a4109b24c0eac50;220054;b18883413a170c5b;49;2;2024-12-10 00:00:00;2024-12-13 00:00:00;1;;;N10;B96.20;Z16.24;Z87.440;;;;;;;;;;;;;;;;;S;S;S;E;;;;;;;;;;;;;;;;;BW40ZZZ;BW20ZZZ;3E03329;3E033NZ;3E0333Z;3E033GC;3E013GC;;;;;;;;;;;;;;;;;;;;;;1;
4b7931ce9a4d21a4;220054;b0327000cdf8fd66;78;2;2024-12-05 00:00:00;2024-12-14 00:00:00;1;;;N10;T82.868A;Y84.8;I10;E78.5;E53.8;F09;K29.50;K31.A0;Z59.3;;;;;;;;;;;S;N;N;S;S;S;S;S;S;E;;;;;;;;;;;BW201ZZ;B54NZZZ;02HV33Z;3E04329;3E0437Z;3E043NZ;3E043GC;3E013GC;3E013VG;;;;;;;;;;;;;;;;;;;;1;
517488f7418e7a79;220054;e96d639f27081288;34;1;2024-12-13 00:00:00;2024-12-15 00:00:00;1;;;K35.33;E55.9;;;;;;;;;;;;;;;;;;;S;S;;;;;;;;;;;;;;;;;;;0DTJ4ZZ;BW40ZZZ;3E03329;;;;;;;;;;;;;;;;;;;;;;;;;;1;
208f00edfb5f88a5;220054;d88a18e7a156fd9a;76;1;2024-12-11 00:00:00;2024-12-16 00:00:00;1;;;J43.9;J18.9;N17.9;I13.0;N18.32;I50.9;D63.1;C22.0;D63.0;K70.30;K76.6;E78.5;Z95.5;Z79.82;;;;;;;S;S;S;S;S;S;S;S;S;S;S;S;E;E;;;;;;;3E03329;3E0333Z;3E033GC;3E0F7GC;3E033NZ;;;;;;;;;;;;;;;;;;;;;;;;1;
aafb0a6b0f4c5841;220054;e81704dec4fc63d4;86;2;2024-12-11 00:00:00;2024-12-16 00:00:00;1;;;I11.0;I50.9;J98.8;E87.29;E11.9;E78.5;K52.9;G20;M06.9;L40.50;E04.2;D35.2;L68.0;E66.3;M81.0;I25.9;Z91.041;;;;S;S;S;S;S;S;S;S;S;S;S;S;S;S;S;S;E;;;;4A02X4Z;3E03329;3E0F7GC;3E0F7SF;3E033GC;;;;;;;;;;;;;;;;;;;;;;;;1;
f8a80f2a3489a78c;220054;91d925ff37571652;12;1;2024-12-16 00:00:00;2024-12-17 00:00:00;1;2024-12-16 00:00:00;;N44.00;;;;;;;;;;;;;;;;;;;;S;;;;;;;;;;;;;;;;;;;;0VSG0ZZ;0VQC0ZZ;;;;;;;;;;;;;;;;;;;;;;;;;;;1;
ce85e3fcbdcbc7d8;220054;1ed9e647ecccfa93;62;1;2024-12-13 00:00:00;2024-12-17 00:00:00;1;;;T83.511A;N10;B96.20;I10;B19.20;L40.9;;;;;;;;;;;;;;;S;S;S;S;S;S;;;;;;;;;;;;;;;3E03329;3E0337Z;3E013GC;3E0333Z;3E033NZ;;;;;;;;;;;;;;;;;;;;;;;;1;
4ae9f57efa18836d;220054;969983d0cc985441;58;1;2024-12-13 00:00:00;2024-12-17 00:00:00;1;2024-12-13 00:00:00;;K43.2;K42.9;K40.91;M96.840;Y83.8;I10;E03.9;E66.9;L40.59;Z85.46;Z90.79;;;;;;;;;;S;S;S;N;N;S;S;S;S;E;E;;;;;;;;;;0WUF0JZ;0YU50JZ;3E033NZ;3E03329;3E013GC;3E0337Z;;;;;;;;;;;;;;;;;;;;;;;2;
ebdb54ce2872dd14;220054;9803f2e0da9fa3bc;60;1;2024-12-16 00:00:00;2024-12-18 00:00:00;1;2024-12-16 00:00:00;;D34;E05.00;Z86.73;Z79.82;;;;;;;;;;;;;;;;;S;S;E;E;;;;;;;;;;;;;;;;;0GTK0ZZ;;;;;;;;;;;;;;;;;;;;;;;;;;;;2;
5fc087a736739f2f;220054;6175b7c9df4465af;69;2;2024-12-08 00:00:00;2024-12-18 00:00:00;1;;;J10.1;J96.00;J47.9;G47.33;Z99.89;I10;E78.5;F41.8;F42.8;K44.9;Z90.710;Z90.722;Z99.81;Z88.0;Z88.1;;;;;;S;N;S;S;E;S;S;S;S;S;E;E;E;E;E;;;;;;3E03329;3E0F7GC;3E0333Z;3E033GC;3E013VG;4A12X4Z;4A13XB1;5A09457;5A0935A;;;;;;;;;;;;;;;;;;;;1;
16727c81593a48bd;220054;a6e4406156fe413d;87;2;2024-12-17 00:00:00;2024-12-18 00:00:00;1;;;N84.0;N99.71;N81.10;I10;;;;;;;;;;;;;;;;;S;N;S;S;;;;;;;;;;;;;;;;;0UB98ZZ;3E03329;3E033NZ;;;;;;;;;;;;;;;;;;;;;;;;;;1;
8e214b9f69b50540;220054;76be7eb5e4ffaa86;54;1;2024-12-17 00:00:00;2024-12-18 00:00:00;1;;;I82.452;F17.210;F32.A;;;;;;;;;;;;;;;;;;S;S;S;;;;;;;;;;;;;;;;;;B54CZZZ;3E013GC;;;;;;;;;;;;;;;;;;;;;;;;;;;1;
2ddd8241d1312a18;220054;9c77937df0293012;19;2;2024-12-15 00:00:00;2024-12-18 00:00:00;1;;;O42.02;O99.824;O48.0;O90.81;Z3A.40;Z37.0;Z67.20;;;;;;;;;;;;;;S;S;S;N;E;E;E;;;;;;;;;;;;;;10E0XZZ;3E0R3BZ;4A1HXCZ;;;;;;;;;;;;;;;;;;;;;;;;;;1;
2dad3f8b187156d2;220054;60467c453c286e2a;79;1;2024-12-17 00:00:00;2024-12-18 00:00:00;1;;;N17.9;N13.9;Z85.46;Z92.3;;;;;;;;;;;;;;;;;S;S;E;E;;;;;;;;;;;;;;;;;0T9B70Z;BT4JZZZ;3E033GC;;;;;;;;;;;;;;;;;;;;;;;;;;1;
164ce01d31fb5919;220054;252fb3c85d9339dd;59;1;2024-12-17 00:00:00;2024-12-18 00:00:00;1;2024-12-17 00:00:00;;K40.90;I10;G47.33;K21.9;;;;;;;;;;;;;;;;;S;S;S;S;;;;;;;;;;;;;;;;;0YU54JZ;;;;;;;;;;;;;;;;;;;;;;;;;;;;2;
3e3fc454fda493c3;220054;2566d4a2f6674dfc;82;2;2024-12-18 00:00:00;2024-12-19 00:00:00;1;2024-12-18 00:00:00;;C50.412;C77.3;Z17.0;I10;E78.5;E03.9;;;;;;;;;;;;;;;S;S;E;S;S;S;;;;;;;;;;;;;;;0HBU0ZZ;0JB60ZZ;07B60ZX;3E013KZ;3E013KZ;DM003Z0;;;;;;;;;;;;;;;;;;;;;;;2;
a82234fd18fdb47d;220054;1bf8ad82fc0f9395;83;1;2024-12-12 00:00:00;2024-12-19 00:00:00;1;;;N39.0;B96.1;Z16.12;B96.20;Z16.24;N17.9;E87.20;R19.7;E86.0;I10;I25.2;Z95.5;I87.2;F09;E87.5;G20;Z87.438;Z79.82;;;S;S;S;S;S;S;S;S;S;S;E;E;S;S;S;S;E;E;;;3E03329;3E0337Z;3E013GC;3E033NZ;0T9B70Z;0TPBX0Z;3E033GC;;;;;;;;;;;;;;;;;;;;;;1;
4e6f1878278a1333;220054;9a000493614759e5;30;2;2024-12-18 00:00:00;2024-12-20 00:00:00;1;2024-12-19 00:00:00;;N83.202;N83.201;N83.8;N80.202;G71.11;E03.8;;;;;;;;;;;;;;;S;S;S;S;S;S;;;;;;;;;;;;;;;0U924ZZ;0UB14ZX;;;;;;;;;;;;;;;;;;;;;;;;;;;2;
32b60b7215860416;220054;9761849a800e2b29;91;2;2024-12-09 00:00:00;2024-12-20 00:00:00;1;;;N39.0;B96.20;A04.72;I95.89;I10;E11.9;E78.5;J96.10;F03.90;F32.A;Z99.81;Z79.84;Z85.41;Z98.2;Z59.3;;;;;;S;S;S;S;S;S;S;S;S;S;E;E;E;E;E;;;;;;3E03329;3E0337Z;3E013VG;3E033NZ;;;;;;;;;;;;;;;;;;;;;;;;;1;
34ee0b83d05da387;220054;b550c867d97069a3;25;2;2024-12-17 00:00:00;2024-12-20 00:00:00;1;;;O42.02;O99.284;E03.9;O99.214;E66.01;Z68.43;O99.334;F17.210;O99.824;O70.0;Z3A.38;Z67.20;Z37.0;Z88.5;;;;;;;S;S;S;S;S;E;S;S;S;S;E;E;E;E;;;;;;;10E0XZZ;0HQ9XZZ;3E0R3BZ;3E0P7VZ;0U7C7ZZ;3E033VJ;3E03329;4A1HXCZ;3E013GC;;;;;;;;;;;;;;;;;;;;1;
7f6651eeae586cd9;220054;fa47337ce90589c4;60;2;2024-12-16 00:00:00;2024-12-20 00:00:00;1;;;I50.20;I51.7;T45.1X5A;I08.3;E78.5;E61.1;I95.9;C78.7;C79.51;Z91.041;Z79.620;Z85.3;Z90.12;Z92.21;Z92.3;;;;;;S;S;S;S;S;S;N;S;S;E;E;E;E;E;E;;;;;;B246ZZZ;4A02X4Z;3E033GC;3E0333Z;3E0337Z;;;;;;;;;;;;;;;;;;;;;;;;1;
ad25418b962396d9;220054;363d16995d3182cf;74;2;2024-12-18 00:00:00;2024-12-20 00:00:00;1;2024-12-19 00:00:00;;K80.12;K43.2;I10;E03.9;E78.5;Z88.8;;;;;;;;;;;;;;;S;S;S;S;S;E;;;;;;;;;;;;;;;0FT44ZZ;0WQF0ZZ;;;;;;;;;;;;;;;;;;;;;;;;;;;2;
f938efbda6e2dfb1;220054;6030d935903dbf0f;83;2;2024-12-10 00:00:00;2024-12-21 00:00:00;1;;;J22;B97.4;J47.0;J84.9;B96.1;Z16.24;I50.33;J96.01;E87.6;E87.1;T50.2X5A;I35.1;F32.A;G43.909;I87.2;E73.9;K90.41;R32;Z90.710;Z90.49;S;S;S;S;S;S;S;S;N;N;N;S;S;S;S;S;S;S;E;E;B32S1ZZ;B32T1ZZ;4A02X4Z;3E03329;3E0F7GC;3E0333Z;3E013GC;3E033NZ;3E033GC;3E0F7SF;;;;;;;;;;;;;;;;;;;1;
b7347e5ff1158916;220054;228e8745794ce17a;79;1;2024-12-11 00:00:00;2024-12-22 00:00:00;4;;;N17.9;I13.0;I50.9;N18.9;E87.29;E87.1;E87.5;R19.7;E86.0;R93.3;T88.59XA;R09.2;R00.1;T41.295A;T17.918A;R91.8;J44.9;J84.9;I25.10;K70.0;S;S;S;S;S;S;S;S;S;S;N;N;N;N;N;S;S;S;S;S;5A1D80Z;0DB68ZX;5A1935Z;0BH17EZ;3E0F7SF;3E04329;3E043RZ;3E043GC;3E013GC;5A19054;5A12012;BW241ZZ;3E0337Z;3E0F7GC;3E033GC;3E0333Z;3E0436Z;3E043NZ;4A12X4Z;4A13XB1;;;;;;;;;1;
678d8a814fbf824e;220054;82f6f496576d579e;46;1;2024-12-16 00:00:00;2024-12-23 00:00:00;1;;;K70.31;L03.115;L03.116;F10.10;E66.9;F17.210;K76.6;I11.0;I50.9;E11.9;Z79.4;Z91.14;E78.5;L40.9;L20.9;G47.33;F41.9;M19.90;;;S;S;S;S;S;S;S;S;S;S;E;E;S;S;S;S;S;S;;;3E033GC;3E03329;3E033NZ;3E013GC;0W9G3ZZ;;;;;;;;;;;;;;;;;;;;;;;;1;
791485cec53405f9;220054;32b37cbf75cdb62e;87;1;2024-12-18 00:00:00;2024-12-24 00:00:00;1;;;I11.0;I50.9;J96.91;J96.92;I10;E78.5;I48.21;I35.0;E03.9;D50.9;F09;Z95.5;Z59.3;Z88.1;Z88.8;;;;;;S;S;S;S;S;S;S;S;S;S;S;E;E;E;E;;;;;;3E033GC;5A09457;3E0F7SF;3E0F7GC;;;;;;;;;;;;;;;;;;;;;;;;;1;
a2fa1b658cd7bcdb;220054;6f9851076f1129ba;88;2;2024-12-22 00:00:00;2024-12-24 00:00:00;1;;;T80.89XD;M79.81;I10;E11.9;J45.909;G40.909;D50.9;E53.8;;;;;;;;;;;;;E;S;S;S;S;S;S;S;;;;;;;;;;;;;BW241ZZ;;;;;;;;;;;;;;;;;;;;;;;;;;;;1;
99131be9d120d911;220054;fb509f0372e9ab32;25;2;2024-12-26 00:00:00;2024-12-27 00:00:00;1;;;N83.202;;;;;;;;;;;;;;;;;;;;S;;;;;;;;;;;;;;;;;;;;BU4CZZZ;BW40ZZZ;3E033NZ;3E0337Z;;;;;;;;;;;;;;;;;;;;;;;;;1;
c86d644a30cffaa8;220054;6fc2424d027c2b52;53;2;2024-12-17 00:00:00;2024-12-27 00:00:00;1;2024-12-17 00:00:00;;L02.414;B95.61;Z16.29;E66.9;Z68.30;I10;;;;;;;;;;;;;;;S;S;S;S;E;S;;;;;;;;;;;;;;;0J9H0ZZ;3E03329;3E033NZ;BH47ZZZ;;;;;;;;;;;;;;;;;;;;;;;;;1;
caffc2aa80898b28;220054;c52682e64504f896;57;1;2024-12-27 00:00:00;2024-12-28 00:00:00;1;2024-12-27 00:00:00;;K40.90;D17.1;;;;;;;;;;;;;;;;;;;S;S;;;;;;;;;;;;;;;;;;;0YU64JZ;0YB64ZZ;;;;;;;;;;;;;;;;;;;;;;;;;;;2;
730ed7f38ded8120;220054;5c7e2687ce011fe7;25;2;2024-12-25 00:00:00;2024-12-30 00:00:00;1;;;O26.833;N23;Z3A.35;;;;;;;;;;;;;;;;;;S;S;E;;;;;;;;;;;;;;;;;;BT42ZZZ;BY4FZZZ;3E03329;3E033NZ;;;;;;;;;;;;;;;;;;;;;;;;;1;
6d06f8f7c8227138;220054;d12cf89d0a6a1cea;25;1;2024-12-19 00:00:00;2024-12-30 00:00:00;1;;;A40.3;R65.20;J13;J96.00;;;;;;;;;;;;;;;;;S;S;S;S;;;;;;;;;;;;;;;;;4A02X4Z;3E03329;3E0F7SF;3E033NZ;;;;;;;;;;;;;;;;;;;;;;;;;1;
59dabf7a1c43b7d1;220054;be7140f6daa2a38d;57;1;2024-12-21 00:00:00;2024-12-31 00:00:00;1;2024-12-21 00:00:00;;K40.40;T81.41XA;Y83.6;F10.20;;;;;;;;;;;;;;;;;S;N;N;S;;;;;;;;;;;;;;;;;0DBB0ZZ;0YU50JZ;3E03329;3E0337Z;3E033NZ;;;;;;;;;;;;;;;;;;;;;;;;1;
40ce571b24dbefe8;220054;458070b47d59b9be;45;1;2024-12-26 00:00:00;2024-12-31 00:00:00;1;2024-12-26 00:00:00;;T84.021A;;;;;;;;;;;;;;;;;;;;S;;;;;;;;;;;;;;;;;;;;0SWBXJZ;;;;;;;;;;;;;;;;;;;;;;;;;;;;1;
5a4578e1ba068c2f;220054;a2a8bd3a43c6851f;10;1;2024-12-30 00:00:00;2024-12-31 00:00:00;1;;;J18.9;;;;;;;;;;;;;;;;;;;;S;;;;;;;;;;;;;;;;;;;;3E03329;3E033NZ;;;;;;;;;;;;;;;;;;;;;;;;;;;1;
b363177ff7d90fa8;220105;06692faae42c1c0f;92;1;2024-10-01 00:00:00;2024-10-17 00:00:00;4;;;I69.351;I69.320;K56.7;E86.0;E87.6;F01.50;D49.511;I11.0;I50.9;I48.91;M54.10;K57.90;L89.90;D51.0;Z79.01;;;;;;E;E;N;N;N;S;S;S;S;S;S;S;S;S;E;;;;;;BW201ZZ;4A02X4Z;3E033GC;3E033NZ;;;;;;;;;;;;;;;;;;;;;;;;;1;
2897176c524d7cf3;220105;86568e7d0a8dc9ef;91;2;2024-10-25 00:00:00;2024-11-13 00:00:00;1;;;J18.9;J96.90;I13.0;I50.22;N18.9;I08.1;I48.91;E78.5;E66.9;E05.90;R54;Z99.81;Z95.0;Z88.6;Z88.8;Z88.1;Z91.041;Z86.16;;;S;S;S;S;S;S;S;S;S;S;S;E;E;E;E;E;E;E;;;4A02X4Z;3E03329;3E033GC;3E0337Z;3E013GC;;;;;;;;;;;;;;;;;;;;;;;;1;
42df3f43fdbe583a;220105;60cb85a7d8e6c115;79;2;2024-09-06 00:00:00;2024-12-12 00:00:00;1;;;K91.89;K68.11;K68.12;B96.5;Y84.8;N10;B96.1;Z16.12;I13.0;I50.9;E11.22;N18.9;R54;F32.A;E61.1;M62.84;R64;Z85.3;Z90.11;Z92.3;S;S;S;S;S;S;S;S;S;S;S;S;S;S;S;S;S;E;E;E;BW201ZZ;3E03329;3E033GC;3E0337Z;3E033NZ;3E013GC;;;;;;;;;;;;;;;;;;;;;;;1;
9607499322e45932;220105;f6551f2b57ecfd4b;80;1;2024-11-26 00:00:00;2024-12-27 00:00:00;1;;;I69.351;I69.322;J18.9;I46.9;R33.0;R31.9;I10;E78.5;I67.1;K44.9;Q61.3;F01.50;G40.909;I48.91;M62.84;R54;Z79.84;Z79.01;;;E;E;S;N;N;N;S;S;S;S;E;S;S;S;S;S;E;E;;;F0727ZZ;F0717ZZ;5A12012;5A19054;3E0337Z;0T9B70Z;3E03329;3E0F7GC;3E033NZ;3E013VG;;;;;;;;;;;;;;;;;;;1;
1d26094daf9bebd5;220054;fedc899ae4235593;75;2;2024-09-30 00:00:00;2024-10-01 00:00:00;1;2024-09-30 00:00:00;;K42.9;I12.9;N18.4;E78.5;G47.33;D50.9;F41.9;I48.91;E21.3;M10.9;Z85.3;Z92.21;Z92.3;Z79.01;;;;;;;S;S;S;S;S;S;S;S;S;S;E;E;E;E;;;;;;;0WUF0JZ;;;;;;;;;;;;;;;;;;;;;;;;;;;;2;
fd822a098d001d9a;220054;bf19f97fe2530043;20;1;2024-09-24 00:00:00;2024-10-01 00:00:00;1;;;R10.9;R50.9;R93.89;L27.0;T36.95XA;G47.33;Q90.9;G47.50;G47.10;;;;;;;;;;;;S;S;S;S;S;S;E;S;S;;;;;;;;;;;;BW211ZZ;3E03329;3E033NZ;3E0333Z;;;;;;;;;;;;;;;;;;;;;;;;;1;
3b11eab7071161ba;220054;debab4ddcde11d02;98;2;2024-09-11 00:00:00;2024-10-02 00:00:00;4;;;N39.0;B96.1;R33.9;I50.9;J69.0;Y95;D50.9;I21.A1;I44.7;F03.90;;;;;;;;;;;S;S;S;S;N;N;S;N;S;S;;;;;;;;;;;4A02X4Z;3E033GC;3E03329;3E0F7SF;3E033NZ;3E0F7GC;;;;;;;;;;;;;;;;;;;;;;;1;
741bd2436a2671d4;220054;d08fdd8bdca47454;23;1;2024-10-02 00:00:00;2024-10-03 00:00:00;1;2024-10-02 00:00:00;;L05.92;;;;;;;;;;;;;;;;;;;;S;;;;;;;;;;;;;;;;;;;;0JB90ZZ;;;;;;;;;;;;;;;;;;;;;;;;;;;;2;
87e5c40a6ce74928;220054;f28ff2b9d968757d;42;2;2024-09-30 00:00:00;2024-10-03 00:00:00;1;;;O60.14X0;O99.62;K90.0;O26.893;O90.81;O87.2;O69.82X0;Z3A.34;Z67.40;Z37.0;;;;;;;;;;;S;S;S;S;N;N;S;E;E;E;;;;;;;;;;;10E0XZZ;0W8NXZZ;4A1HXCZ;3E0R3BZ;3E023GC;3E0234Z;;;;;;;;;;;;;;;;;;;;;;;1;
8a46a014d263d82d;220054;3f4e568692fe3d0e;84;2;2024-10-02 00:00:00;2024-10-03 00:00:00;1;2024-10-02 00:00:00;;C50.412;I10;E78.5;F17.210;;;;;;;;;;;;;;;;;S;S;S;S;;;;;;;;;;;;;;;;;0HBU0ZZ;0JB60ZZ;DM003Z0;07B60ZX;3E013KZ;3E013KZ;;;;;;;;;;;;;;;;;;;;;;;2;
7f5a3a8f2e1d7788;220054;f441505f76a08d55;82;1;2024-09-26 00:00:00;2024-10-03 00:00:00;1;;;K57.31;D12.0;K63.5;D50.9;I48.91;E78.5;N40.0;Z86.73;Z79.01;;;;;;;;;;;;S;S;S;S;S;S;S;E;E;;;;;;;;;;;;BW2010Z;0DJ08ZZ;0DBH8ZZ;0DBE8ZZ;3E0337Z;3E033GC;3E013GC;;;;;;;;;;;;;;;;;;;;;;1;
3e105461fba6150c;220054;fe7789cc3cf5d6d9;92;2;2024-09-27 00:00:00;2024-10-03 00:00:00;1;;;I13.0;I50.9;E11.22;N18.4;D63.1;J96.92;N17.9;E11.3299;I48.21;I35.0;I51.7;E05.90;Z95.0;Z99.81;Z79.4;Z79.01;;;;;S;S;S;S;S;S;S;S;S;S;S;S;E;E;E;E;;;;;3E033GC;3E013VJ;3E0F7SF;3E033NZ;;;;;;;;;;;;;;;;;;;;;;;;;1;
88cb72198b1cc617;220054;aa1975b20222fd53;55;2;2024-09-27 00:00:00;2024-10-03 00:00:00;1;;;K80.10;D64.9;C50.911;C50.912;C77.3;C79.51;;;;;;;;;;;;;;;S;S;S;S;S;S;;;;;;;;;;;;;;;BW40ZZZ;3E03329;3E03328;3E033NZ;3E033GC;3E0337Z;;;;;;;;;;;;;;;;;;;;;;;1;
8e92470c21ff0226;220054;9fddbfe3074268f2;85;1;2024-09-24 00:00:00;2024-10-04 00:00:00;1;;;I11.0;I50.813;N17.9;E85.4;I43;I48.91;E79.0;M19.90;Z79.01;;;;;;;;;;;;S;S;S;S;S;S;S;S;E;;;;;;;;;;;;B246ZZZ;4A02X4Z;3E033GC;3E033NZ;;;;;;;;;;;;;;;;;;;;;;;;;1;
c596c8d87ed1dd6b;220054;838cdd806f23ada6;38;2;2024-10-02 00:00:00;2024-10-04 00:00:00;1;;;O99.824;O69.82X0;Z67.10;Z3A.40;Z37.0;;;;;;;;;;;;;;;;S;S;E;E;E;;;;;;;;;;;;;;;;10E0XZZ;4A1HXCZ;;;;;;;;;;;;;;;;;;;;;;;;;;;1;
7e7041210466a3c6;220054;599b6ebd1391ae11;45;1;2024-10-03 00:00:00;2024-10-04 00:00:00;1;2024-10-03 00:00:00;;K40.90;;;;;;;;;;;;;;;;;;;;S;;;;;;;;;;;;;;;;;;;;0YU54JZ;;;;;;;;;;;;;;;;;;;;;;;;;;;;2;
1194ce248b26a5ec;220054;4db4c9c7688d175e;71;2;2024-09-28 00:00:00;2024-10-04 00:00:00;1;;;K91.840;Y84.8;D50.0;E55.9;Z86.16;I10;;;;;;;;;;;;;;;S;S;S;S;E;S;;;;;;;;;;;;;;;BW241ZZ;4A02X4Z;3E033GC;30233N1;3E0337Z;3E033NZ;;;;;;;;;;;;;;;;;;;;;;;1;
4b0641a558bfa328;220054;0716eab7bd2227e6;51;2;2024-10-01 00:00:00;2024-10-05 00:00:00;1;;;K57.32;I10;E66.9;K50.90;K44.9;I87.2;M45.9;N25.81;F43.23;Z90.49;Z79.620;Z88.6;Z88.8;;;;;;;;S;S;S;S;S;S;S;S;S;E;E;E;E;;;;;;;;BW251ZZ;3E03329;3E033NZ;3E0337Z;;;;;;;;;;;;;;;;;;;;;;;;;1;
47d1b13a2124dea2;220054;e82e9f6c6d72a7d7;0;2;2024-10-05 00:00:00;2024-10-06 00:00:00;1;;;K52.9;;;;;;;;;;;;;;;;;;;;S;;;;;;;;;;;;;;;;;;;;3E0337Z;;;;;;;;;;;;;;;;;;;;;;;;;;;;1;
ad25418b962396d9;220054;e91de2b51ae8df42;73;2;2024-09-23 00:00:00;2024-10-07 00:00:00;1;;;K85.10;K80.20;E03.9;E78.5;;;;;;;;;;;;;;;;;S;S;S;S;;;;;;;;;;;;;;;;;BW40ZZZ;BW201ZZ;BW201ZZ;BW201ZZ;3E03329;3E033NZ;3E0337Z;3E013VG;3E013GC;3E033GC;;;;;;;;;;;;;;;;;;;1;
ce5dafe67132bdb2;220054;b67989359692b7cf;90;1;2024-09-18 00:00:00;2024-10-09 00:00:00;1;;;R78.81;B95.2;D64.9;I16.9;I12.9;E11.22;N17.9;N18.9;A04.72;F05;J81.0;N13.9;I48.91;E78.5;F32.A;Z96.0;Z59.3;;;;S;S;S;S;S;S;S;S;S;S;S;S;S;S;S;S;E;;;;BW20ZZZ;BT4JZZZ;4A02X4Z;30233N1;3E033NZ;3E033GC;3E0337Z;3E013VJ;;;;;;;;;;;;;;;;;;;;;1;
742828a16c288d70;220054;1dc70ca5a52f4abd;80;1;2024-10-06 00:00:00;2024-10-10 00:00:00;1;2024-10-07 00:00:00;;N40.1;M47.12;;;;;;;;;;;;;;;;;;;S;S;;;;;;;;;;;;;;;;;;;0VB00ZZ;;;;;;;;;;;;;;;;;;;;;;;;;;;;2;
ade5da5ebac40514;220054;425445b23bdb1f72;39;1;2024-10-02 00:00:00;2024-10-10 00:00:00;1;;;I67.82;I62.00;R78.81;N39.0;B96.1;Z16.12;N18.6;Z99.2;D63.1;I15.1;I34.0;I51.7;I51.89;;;;;;;;S;S;S;S;S;S;S;E;S;S;S;S;S;;;;;;;;B020ZZZ;B246ZZZ;BW241ZZ;B348ZZZ;4A12X4Z;3E03329;3E0333Z;3E033GC;3E013VG;3E033NZ;3E0F7GC;5A1D70Z;;;;;;;;;;;;;;;;;1;
7b89400f82dec2df;220054;851906a53a1d2022;84;1;2024-10-09 00:00:00;2024-10-10 00:00:00;1;2024-10-09 00:00:00;;K40.90;D17.1;E78.00;I09.1;I10;J44.9;M10.9;M35.3;;;;;;;;;;;;;S;S;S;S;S;S;S;S;;;;;;;;;;;;;0YU50JZ;0YB50ZZ;;;;;;;;;;;;;;;;;;;;;;;;;;;2;
8f37bcd547b54881;220054;3f3b9a45b1c19376;78;2;2024-10-06 00:00:00;2024-10-10 00:00:00;1;2024-10-07 00:00:00;;K43.2;I10;E79.0;E83.119;E66.9;F41.8;I87.2;Z68.37;;;;;;;;;;;;;S;S;S;S;S;S;S;E;;;;;;;;;;;;;0WUF0JZ;;;;;;;;;;;;;;;;;;;;;;;;;;;;2;
150ae192ed084b7c;220054;c6d45c37f5911c8e;83;1;2024-09-04 00:00:00;2024-10-10 00:00:00;1;;;D50.0;K92.1;N17.9;I13.0;N18.4;I50.33;K31.7;I51.7;T80.89XA;R21;L29.8;K80.00;B95.4;S37.30XA;R31.0;X58.XXXA;E78.5;I48.0;I70.91;I71.40;S;S;S;S;S;S;S;S;N;N;N;S;S;N;N;N;S;S;S;S;30233N1;3E033GC;BW40ZZZ;BW24ZZZ;B020ZZZ;4A02X4Z;0DB68ZZ;0DB68ZX;0DJD8ZZ;3E03329;3E03328;3E013GC;3E0337Z;3E013VJ;3E033NZ;;;;;;;;;;;;;;1;
8a360415b2b2c034;220054;b3a22f2b84a5f6eb;32;2;2024-10-09 00:00:00;2024-10-10 00:00:00;1;;;O03.9;;;;;;;;;;;;;;;;;;;;S;;;;;;;;;;;;;;;;;;;;BY49ZZZ;;;;;;;;;;;;;;;;;;;;;;;;;;;;1;
291dae94efb9f502;220054;a9afed3443a93c03;87;2;2024-09-18 00:00:00;2024-10-11 00:00:00;4;;;U07.1;J98.8;B96.89;A04.72;L89.159;I10;I48.91;E78.5;E46;D64.9;K29.40;E04.2;Z51.5;;;;;;;;S;S;S;S;S;S;S;S;S;S;S;S;E;;;;;;;;3E03329;3E013GC;3E033NZ;;;;;;;;;;;;;;;;;;;;;;;;;;1;
b8fcb823f2bcf507;220054;9ce08fb30dd0e538;1;1;2024-10-12 00:00:00;2024-10-12 00:00:00;1;;;J04.0;;;;;;;;;;;;;;;;;;;;S;;;;;;;;;;;;;;;;;;;;3E0F7GC;;;;;;;;;;;;;;;;;;;;;;;;;;;;1;
5fec67b0a9e6f76e;220054;dad8919b68c1ca5f;34;2;2024-10-09 00:00:00;2024-10-13 00:00:00;1;;;O36.5930;O99.344;F41.9;O70.1;O90.81;Z3A.38;Z67.10;Z37.0;;;;;;;;;;;;;S;S;S;N;N;E;E;E;;;;;;;;;;;;;10E0XZZ;0U7C7ZZ;10907ZC;0W8NXZZ;0HQ9XZZ;4A1HXCZ;3E0R3BZ;;;;;;;;;;;;;;;;;;;;;;1;
3f8a3b7e5115ea97;220054;2fe8f49f9d3b2e61;90;1;2024-10-08 00:00:00;2024-10-14 00:00:00;1;;;N41.0;B95.2;B96.20;Z16.12;Z16.23;D64.9;E66.9;I48.91;R79.1;Z20.7;Z79.01;Z59.3;;;;;;;;;S;S;S;S;S;S;S;S;S;S;E;E;;;;;;;;;3E03329;3E013GC;;;;;;;;;;;;;;;;;;;;;;;;;;;1;
2d6b206a9a163b4a;220054;d9e0baf3a0cbd542;83;2;2024-10-01 00:00:00;2024-10-14 00:00:00;1;2024-10-08 00:00:00;;S72.011A;W19.XXXA;F05;D69.59;T45.515A;E11.65;E11.649;I10;E78.5;G31.84;H91.3;Z85.3;Z92.21;Z92.3;E27.8;M81.0;I87.2;E55.9;Z59.3;Z88.6;S;E;N;S;S;S;N;S;S;S;S;E;E;E;S;S;S;S;E;E;0SRR03Z;3E033NZ;3E0337Z;3E033GC;3E013GC;30233N1;F07L6ZZ;F07Z9ZZ;;;;;;;;;;;;;;;;;;;;;1;
ba95bcb11dd5b2ea;220054;167833804821b65b;49;2;2024-10-13 00:00:00;2024-10-15 00:00:00;1;2024-10-14 00:00:00;;K81.1;I10;E11.9;E78.5;E66.9;E03.9;Z86.018;;;;;;;;;;;;;;S;S;S;S;S;S;E;;;;;;;;;;;;;;0FT44ZZ;;;;;;;;;;;;;;;;;;;;;;;;;;;;2;
96fe20e295662bc0;220054;5abcbfe316bd7c4d;78;1;2024-10-09 00:00:00;2024-10-16 00:00:00;1;;;I11.0;I50.9;I48.0;J98.8;R78.81;B96.89;R93.3;K80.20;R82.71;B96.1;K82.4;E78.5;Z95.5;Z79.01;;;;;;;S;S;S;S;S;S;S;S;S;S;S;S;E;E;;;;;;;BW40ZZZ;4A02X4Z;3E03329;3E0337Z;;;;;;;;;;;;;;;;;;;;;;;;;1;
500d24a34feac5c1;220054;d0960885321f56c8;44;2;2024-10-15 00:00:00;2024-10-16 00:00:00;1;;;N83.201;;;;;;;;;;;;;;;;;;;;S;;;;;;;;;;;;;;;;;;;;3E0333Z;;;;;;;;;;;;;;;;;;;;;;;;;;;;1;
dfe18b8fcf962c8b;220054;eefcb7bba4c9f207;19;1;2024-10-14 00:00:00;2024-10-16 00:00:00;1;2024-10-15 00:00:00;;S62.336A;X58.XXXA;;;;;;;;;;;;;;;;;;;S;E;;;;;;;;;;;;;;;;;;;0PSP04Z;;;;;;;;;;;;;;;;;;;;;;;;;;;;2;
e029cc1d895424a1;220054;67a1672e8c68cc2b;72;1;2024-10-09 00:00:00;2024-10-16 00:00:00;1;;;A08.4;D18.03;N40.0;I10;E78.5;E03.8;E55.9;M43.27;;;;;;;;;;;;;S;S;S;S;S;S;S;S;;;;;;;;;;;;;BW201ZZ;0DJD8ZZ;3E0337Z;3E033NZ;3E013GC;;;;;;;;;;;;;;;;;;;;;;;;1;
962d2a62fcc7e52d;220054;e42cf4085948d54d;89;1;2024-10-06 00:00:00;2024-10-16 00:00:00;4;;;K80.00;N17.9;I13.0;I50.9;N18.9;E78.5;N40.0;;;;;;;;;;;;;;S;N;S;N;S;S;S;;;;;;;;;;;;;;BW20ZZZ;3E033NZ;3E0337Z;3E033GC;3E03329;;;;;;;;;;;;;;;;;;;;;;;;1;
5be7d7c95d638752;220054;946abd7f82484cbf;33;2;2024-10-15 00:00:00;2024-10-17 00:00:00;1;;;O69.2XX0;O92.5;Z3A.37;Z37.1;Z67.10;;;;;;;;;;;;;;;;S;N;E;E;E;;;;;;;;;;;;;;;;10E0XZZ;3E0R3BZ;3E0P7VZ;;;;;;;;;;;;;;;;;;;;;;;;;;1;
db6572ffee8ee995;220054;59e9bf047e1c6392;49;2;2024-10-14 00:00:00;2024-10-17 00:00:00;1;;;J90;C78.6;C57.8;;;;;;;;;;;;;;;;;;S;S;S;;;;;;;;;;;;;;;;;;0W9B3ZZ;0W9B3ZX;3E0337Z;3E013GC;;;;;;;;;;;;;;;;;;;;;;;;;1;
059b5619455882a1;220054;7cc9ff4a79fc4d8a;66;1;2024-10-16 00:00:00;2024-10-17 00:00:00;1;2024-10-16 00:00:00;;K40.90;D17.23;I10;Z85.048;Z92.21;Z92.3;Z86.11;;;;;;;;;;;;;;S;S;S;E;E;E;E;;;;;;;;;;;;;;0YU50JZ;;;;;;;;;;;;;;;;;;;;;;;;;;;;2;
6a614bf2254751bf;220054;c88014db598e778b;46;1;2024-10-08 00:00:00;2024-10-17 00:00:00;1;;;J02.0;J03.00;R78.81;B95.4;;;;;;;;;;;;;;;;;S;S;S;S;;;;;;;;;;;;;;;;;BW201ZZ;B246ZZZ;3E03329;;;;;;;;;;;;;;;;;;;;;;;;;;1;
5e13808b35936047;220054;540ad0b948cc95b4;35;2;2024-10-15 00:00:00;2024-10-17 00:00:00;1;;;O24.424;O99.284;E03.8;O99.344;F41.8;O70.0;O90.81;Z3A.38;Z37.0;Z67.40;Z88.2;;;;;;;;;;S;S;S;S;S;N;N;E;E;E;E;;;;;;;;;;10E0XZZ;3E0R3BZ;10907ZC;3E033VJ;0HQ9XZZ;4A1HXCZ;;;;;;;;;;;;;;;;;;;;;;;1;
aee3118280d1de28;220054;234655cb1adb5f84;47;1;2024-10-17 00:00:00;2024-10-18 00:00:00;1;;;I48.19;I11.0;I50.20;F17.210;E66.9;;;;;;;;;;;;;;;;S;S;S;S;S;;;;;;;;;;;;;;;;5A2204Z;4A02X4Z;;;;;;;;;;;;;;;;;;;;;;;;;;;2;
519bc2c95fa981fe;220054;2bf0d8251a4f2d12;49;2;2024-10-12 00:00:00;2024-10-18 00:00:00;1;;;R22.31;F17.210;;;;;;;;;;;;;;;;;;;S;S;;;;;;;;;;;;;;;;;;;3E0333Z;3E0F7GC;3E03329;;;;;;;;;;;;;;;;;;;;;;;;;;1;
eb438fc8c8a834ee;220054;c047a4dbdf5d8c43;63;2;2024-10-10 00:00:00;2024-10-18 00:00:00;1;;;E27.1;E06.3;E87.1;Z85.3;Z92.21;Z88.6;;;;;;;;;;;;;;;S;S;S;E;E;E;;;;;;;;;;;;;;;;;;;;;;;;;;;;;;;;;;;;;;;;;;;1;
399512ca4454e8bd;220054;3efbc3730dce6104;79;1;2024-10-17 00:00:00;2024-10-18 00:00:00;1;;;I48.19;I35.1;;;;;;;;;;;;;;;;;;;S;S;;;;;;;;;;;;;;;;;;;5A2204Z;;;;;;;;;;;;;;;;;;;;;;;;;;;;2;
d9857ea1d58e4b4b;220054;b0d8893fe0d4afef;47;2;2024-10-18 00:00:00;2024-10-18 00:00:00;1;2024-10-18 00:00:00;;N84.0;N81.2;N81.6;Z98.1;Z80.3;;;;;;;;;;;;;;;;S;S;S;E;E;;;;;;;;;;;;;;;;0UB98ZZ;;;;;;;;;;;;;;;;;;;;;;;;;;;;2;
2c8784fdee84e7f9;220054;3d59d587ff7559e8;65;2;2024-10-17 00:00:00;2024-10-19 00:00:00;1;2024-10-18 00:00:00;;M23.304;M24.19;M65.9;M23.8X2;M25.762;I10;E03.9;;;;;;;;;;;;;;S;S;S;S;S;S;S;;;;;;;;;;;;;;0SBD4ZZ;0SBD4ZZ;0SBD4ZZ;;;;;;;;;;;;;;;;;;;;;;;;;;2;
571e91a90eedac2f;220054;e43accccefb1ba84;49;2;2024-10-17 00:00:00;2024-10-20 00:00:00;1;2024-10-18 00:00:00;;K40.91;K40.90;K42.9;I10;F41.8;D51.9;Z87.891;Z88.0;Z88.6;Z88.1;;;;;;;;;;;S;S;S;S;S;S;E;E;E;E;;;;;;;;;;;0YUA4JZ;0WUF0JZ;;;;;;;;;;;;;;;;;;;;;;;;;;;2;
6845a97a9e3cfda8;220054;63ddd37d92969985;35;2;2024-10-18 00:00:00;2024-10-20 00:00:00;1;;;O66.0;O48.0;Z3A.40;Z67.40;Z37.0;;;;;;;;;;;;;;;;S;S;E;E;E;;;;;;;;;;;;;;;;10E0XZZ;10907ZC;3E0R3BZ;4A1HXCZ;;;;;;;;;;;;;;;;;;;;;;;;;1;
13215be4e761b791;220054;6b0e854833e00364;65;1;2024-10-16 00:00:00;2024-10-21 00:00:00;1;2024-10-18 00:00:00;;A41.81;A41.52;N39.0;B95.2;B96.5;E87.29;D75.838;C79.51;Z79.630;Z79.631;Z93.6;I10;I48.91;K76.0;I42.0;E78.1;E79.0;Z85.51;Z85.048;Z87.891;S;S;S;S;S;S;S;S;E;E;E;S;S;S;S;S;S;E;E;E;0TP580Z;0T9380Z;0T9480Z;4A02X4Z;3E03329;3E033NZ;3E033GC;3E013GC;3E0337Z;;;;;;;;;;;;;;;;;;;;1;
04de9af33305d6b9;220054;78926bc194dd11c5;0;1;2024-10-19 00:00:00;2024-10-21 00:00:00;1;;;P74.1;P74.21;P74.421;P74.0;P74.9;P78.9;P78.3;B99.9;;;;;;;;;;;;;S;S;S;S;S;S;S;S;;;;;;;;;;;;;3E03317;;;;;;;;;;;;;;;;;;;;;;;;;;;;1;
5d7cb58e0dc44305;220054;abdd259ba082b290;72;2;2024-10-16 00:00:00;2024-10-21 00:00:00;1;2024-10-17 00:00:00;;N81.2;R32;N87.0;B97.7;R87.810;N85.8;E78.5;;;;;;;;;;;;;;S;S;S;S;S;S;S;;;;;;;;;;;;;;0UT9FZZ;0UT7FZZ;0UT2FZZ;;;;;;;;;;;;;;;;;;;;;;;;;;2;
0bdebd741627c42a;220054;8911ff5e4989a598;64;2;2024-10-10 00:00:00;2024-10-21 00:00:00;1;2024-10-15 00:00:00;;L76.82;I96;T81.41XA;L03.313;B96.20;T81.31XA;Y83.6;;;;;;;;;;;;;;S;S;S;S;S;S;S;;;;;;;;;;;;;;0JX70ZB;0HB5XZZ;0HQU0ZZ;;;;;;;;;;;;;;;;;;;;;;;;;;1;
c4b4ed2cc4826b6c;220054;ff656185ebc56f28;59;1;2024-10-21 00:00:00;2024-10-22 00:00:00;1;2024-10-21 00:00:00;;N21.1;N21.0;Z85.048;Z90.49;Z92.21;Z92.3;;;;;;;;;;;;;;;S;S;E;E;E;E;;;;;;;;;;;;;;;0TCD8ZZ;;;;;;;;;;;;;;;;;;;;;;;;;;;;2;
e455609a6857702a;220054;63f5a1961c97e7e1;67;1;2024-10-15 00:00:00;2024-10-22 00:00:00;1;;;L97.919;B96.5;Z16.24;I87.2;Z85.46;Z92.3;I48.20;R00.1;T44.7X5A;T46.2X5A;I12.9;N18.30;E03.9;D50.9;E79.0;Z88.0;;;;;S;S;S;S;E;E;S;S;S;S;S;S;S;S;S;E;;;;;3E03329;3E03328;3E013GC;3E033NZ;3E033VJ;;;;;;;;;;;;;;;;;;;;;;;;1;
0227729144be207e;220054;aceefb92ff9b4241;64;1;2024-10-10 00:00:00;2024-10-23 00:00:00;1;2024-10-15 00:00:00;;S72.102A;V68.0XXA;Z60.3;;;;;;;;;;;;;;;;;;S;S;S;;;;;;;;;;;;;;;;;;0QS736Z;;;;;;;;;;;;;;;;;;;;;;;;;;;;1;
093b1b307f7cc039;220054;afe23ee13d942978;78;2;2024-10-14 00:00:00;2024-10-23 00:00:00;1;;;I11.0;I50.32;I48.91;I51.3;J44.9;R91.1;E11.9;G47.33;E78.5;Z91.09;Z99.89;;;;;;;;;;S;S;S;S;S;S;S;S;S;E;E;;;;;;;;;;B246ZZZ;B246ZZ4;4A02X4Z;3E033GC;;;;;;;;;;;;;;;;;;;;;;;;;1;
680068b743677256;220054;b26aa74e3dcdcdd1;58;2;2024-10-20 00:00:00;2024-10-23 00:00:00;1;2024-10-21 00:00:00;;K81.1;;;;;;;;;;;;;;;;;;;;S;;;;;;;;;;;;;;;;;;;;0FT44ZZ;;;;;;;;;;;;;;;;;;;;;;;;;;;;2;
4c6852ad457cfef5;220054;a4fa016d64c00cfa;37;2;2024-10-22 00:00:00;2024-10-24 00:00:00;1;2024-10-23 00:00:00;;M20.12;M77.41;;;;;;;;;;;;;;;;;;;S;S;;;;;;;;;;;;;;;;;;;0QSP04Z;0QSP04Z;;;;;;;;;;;;;;;;;;;;;;;;;;;2;
f4532e943f4079d5;220054;15e808dd742ff953;72;2;2024-10-23 00:00:00;2024-10-24 00:00:00;1;2024-10-23 00:00:00;;N20.0;Z46.6;I12.9;N18.30;E03.9;G30.9;F02.80;F43.20;;;;;;;;;;;;;S;E;S;S;S;S;S;S;;;;;;;;;;;;;0TF48ZZ;0TP580Z;0T9480Z;;;;;;;;;;;;;;;;;;;;;;;;;;2;
a28e96f3598a3aac;220054;d63515d7aa91c8a4;90;2;2024-10-18 00:00:00;2024-10-24 00:00:00;1;;;E87.1;T47.4X5A;N39.0;B96.20;D64.9;R19.5;I10;J42;G31.84;M15.9;Z86.718;Z88.0;Z88.1;;;;;;;;S;S;S;S;S;S;S;S;S;S;E;E;E;;;;;;;;3E0337Z;B020ZZZ;4A02X4Z;3E013GC;3E033NZ;;;;;;;;;;;;;;;;;;;;;;;;1;
a67cc67b06eea5e5;220054;6a091950767f43e1;64;2;2024-10-23 00:00:00;2024-10-25 00:00:00;1;2024-10-23 00:00:00;;K80.10;K82.8;I10;E03.9;E78.00;E89.0;Z85.3;Z92.3;;;;;;;;;;;;;S;S;S;S;S;S;E;E;;;;;;;;;;;;;0FT44ZZ;;;;;;;;;;;;;;;;;;;;;;;;;;;;2;
f35c40503ad3f371;220054;26bbd99ed12f77ac;33;2;2024-10-25 00:00:00;2024-10-25 00:00:00;1;;;Z29.8;D84.9;Z85.71;Z92.21;;;;;;;;;;;;;;;;;E;S;E;E;;;;;;;;;;;;;;;;;3E0F729;3E0333Z;3E033GC;8E0ZXY6;;;;;;;;;;;;;;;;;;;;;;;;;2;
757f04710d94ab63;220054;fe9b4d122ca6447a;87;1;2024-10-16 00:00:00;2024-10-25 00:00:00;1;;;K30;I12.9;N18.31;I35.8;R33.9;Z88.6;;;;;;;;;;;;;;;S;S;S;S;N;E;;;;;;;;;;;;;;;0DJ08ZZ;0T9B70Z;0TPBX0Z;3E033GC;3E033NZ;3E0337Z;;;;;;;;;;;;;;;;;;;;;;;1;
92f4c4fbe2d02828;220054;66bc13de0866c53c;75;1;2024-10-10 00:00:00;2024-10-25 00:00:00;4;;;A41.9;R65.20;N17.9;D68.9;E87.21;C34.90;C77.1;D84.821;D70.1;T45.1X5A;F05;R57.8;K22.2;I48.91;J44.9;K86.1;F10.10;I10;E11.22;N18.31;S;S;S;S;S;S;S;S;S;S;N;N;N;S;S;S;S;S;S;S;4A13XB1;4A12X4Z;4A133B1;3E0F7SF;3E0F7GC;3E0337Z;3E03329;3E03328;30233N1;3E033GC;30233R1;;;;;;;;;;;;;;;;;;1;
f45d6495e0d76661;220054;be24ba1da3a61b92;79;1;2024-09-29 00:00:00;2024-10-26 00:00:00;1;2024-09-30 00:00:00;;C18.4;K91.89;T81.32XA;T81.43XA;T81.44XA;A41.81;A41.51;A41.52;K65.9;B95.2;Z16.11;B96.20;Z16.24;B96.5;Z16.23;K56.0;Y83.6;R44.1;I48.91;J84.10;S;N;N;N;N;N;N;N;N;N;N;N;N;N;N;N;N;N;S;S;0DTF0ZZ;0DBL0ZZ;0D1B0Z4;0W9G0ZX;3E1M38Z;0WUF0JZ;0D9670Z;3E0436Z;3E04328;3E04329;3E043NZ;3E043RZ;3E043XZ;3E0F7SF;4A12X4Z;4A13XB1;4A13XR1;;;;;;;;;;;;2;
166699f87c421508;220054;a364ae92593b7c25;81;2;2024-10-02 00:00:00;2024-10-28 00:00:00;1;;;I80.01;S06.340A;W19.XXXA;M47.816;M16.12;M84.48XA;G60.8;E03.9;M06.00;H35.3190;Z86.19;F32.A;;;;;;;;;S;S;S;S;S;S;S;S;S;S;E;S;;;;;;;;;B54BZZZ;B020ZZZ;BR29ZZZ;BW241ZZ;3E03329;3E033GC;3E0337Z;3E013GC;;;;;;;;;;;;;;;;;;;;;1;
bdf9dc8b9a5a6566;220054;b6ace2dde425a2fd;56;2;2024-10-12 00:00:00;2024-10-28 00:00:00;1;;;J47.0;J15.6;J96.91;Z22.322;M31.30;L40.9;E21.3;D80.1;I87.2;Z79.52;Z79.2;Z88.1;;;;;;;;;S;S;S;E;S;S;S;S;S;E;E;E;;;;;;;;;3E03329;3E033NZ;3E0333Z;3E0F7SF;3E0F7GC;3E0337Z;3E013GC;;;;;;;;;;;;;;;;;;;;;;1;
6c3b041f84475637;220054;1974ffd2eb93bd4b;38;2;2024-10-23 00:00:00;2024-10-29 00:00:00;3;;;M51.16;Z80.3;;;;;;;;;;;;;;;;;;;S;E;;;;;;;;;;;;;;;;;;;3E033NZ;3E0333Z;3E033GC;3E0337Z;;;;;;;;;;;;;;;;;;;;;;;;;1;
685a3dfc6ca73af0;220054;c81afcd803bff9ee;50;1;2024-10-24 00:00:00;2024-10-29 00:00:00;1;;;K57.92;Z88.8;;;;;;;;;;;;;;;;;;;S;E;;;;;;;;;;;;;;;;;;;BW40ZZZ;BW201ZZ;3E033NZ;3E0337Z;3E03329;3E033GC;3E013GC;;;;;;;;;;;;;;;;;;;;;;1;
c8c2147a1860ee3b;220054;a95fd161348f9ae3;49;2;2024-10-24 00:00:00;2024-10-29 00:00:00;1;;;I27.20;J44.9;I27.81;E66.01;F41.8;F17.210;;;;;;;;;;;;;;;S;S;S;S;S;S;;;;;;;;;;;;;;;B32S1ZZ;B32T1ZZ;BW241ZZ;4A02X4Z;B246ZZZ;;;;;;;;;;;;;;;;;;;;;;;;1;
bef07218d9c114fc;220054;bcc3b1cea23d2f0b;39;2;2024-10-26 00:00:00;2024-10-29 00:00:00;1;;;O34.83;N90.812;O48.0;O90.81;Z3A.40;Z67.20;Z37.0;;;;;;;;;;;;;;S;S;S;N;E;E;E;;;;;;;;;;;;;;10E0XZZ;4A1HXCZ;;;;;;;;;;;;;;;;;;;;;;;;;;;1;
cbeb019cc7fb6c93;220054;15c67a2dfac9328e;70;1;2024-10-28 00:00:00;2024-10-30 00:00:00;1;2024-10-29 00:00:00;;K36;I10;;;;;;;;;;;;;;;;;;;S;S;;;;;;;;;;;;;;;;;;;0DTJ4ZZ;;;;;;;;;;;;;;;;;;;;;;;;;;;;2;
c65ccae4a27a8de8;220054;0c6c073548e93116;78;2;2024-10-27 00:00:00;2024-10-30 00:00:00;1;;;T85.520A;Y84.8;D64.9;E66.9;I11.0;I50.810;I27.20;K57.30;K31.82;E06.3;I48.91;Z79.01;G47.33;Z99.89;Z99.81;Z90.49;;;;;S;E;S;S;S;S;S;S;S;S;S;E;S;E;E;E;;;;;3E03329;3E0337Z;3E013GC;;;;;;;;;;;;;;;;;;;;;;;;;;2;
e126a78d6853b048;220054;fa026cb12734473c;87;1;2024-10-24 00:00:00;2024-10-30 00:00:00;1;;;J98.8;J96.20;R33.9;J44.9;Z22.322;I12.9;E11.22;N18.9;I48.91;N40.0;Z86.008;Z89.611;Z89.612;Z99.3;Z59.3;Z79.4;Z79.01;Z79.891;;;S;S;S;S;E;S;S;S;S;S;E;E;E;E;E;E;E;E;;;4A02X4Z;0T9B70Z;3E03329;3E0F7SF;3E0337Z;;;;;;;;;;;;;;;;;;;;;;;;1;
5776d813ed3120be;220054;0a1359a6a7ef7e14;40;2;2024-10-30 00:00:00;2024-10-31 00:00:00;1;2024-10-30 00:00:00;;K80.10;I10;;;;;;;;;;;;;;;;;;;S;S;;;;;;;;;;;;;;;;;;;0FT44ZZ;;;;;;;;;;;;;;;;;;;;;;;;;;;;2;
000e8e6a2dfce231;220054;f3f21503097fd265;72;1;2024-10-03 00:00:00;2024-10-31 00:00:00;1;2024-10-15 00:00:00;;B20;B25.8;H30.92;R59.1;D64.9;D72.819;I10;I49.3;Z87.891;;;;;;;;;;;;S;S;S;S;S;S;S;S;E;;;;;;;;;;;;07B50ZX;B246ZZZ;BW241ZZ;B02010Z;30233N1;3E033WK;3E03329;3E033GC;3E033NZ;;;;;;;;;;;;;;;;;;;;2;
a3ae6d5febb58688;220054;7669019285b3bfcd;47;2;2024-10-29 00:00:00;2024-10-31 00:00:00;1;2024-10-30 00:00:00;;M23.611;M23.300;M23.303;;;;;;;;;;;;;;;;;;S;S;S;;;;;;;;;;;;;;;;;;0MRN47Z;0LBQ0ZZ;0SBC4ZZ;0SQC4ZZ;;;;;;;;;;;;;;;;;;;;;;;;;2;
0693ab2d1fd76839;220054;11ec986ce7a1af5b;73;1;2024-10-30 00:00:00;2024-11-01 00:00:00;1;;;R31.0;R93.41;I10;N40.0;;;;;;;;;;;;;;;;;S;S;S;S;;;;;;;;;;;;;;;;;BT4JZZZ;0T9B70Z;3E1K78Z;3E0337Z;3E03329;3E033NZ;;;;;;;;;;;;;;;;;;;;;;;1;
df6cc1ebd75f1f5c;220054;6979137b32e14ea4;74;1;2024-10-25 00:00:00;2024-11-02 00:00:00;4;;;J18.9;J44.0;J96.90;C04.9;C77.8;C78.01;Z85.51;Z85.07;Z90.411;Z90.49;Z92.3;Z92.21;Z93.1;I10;Z87.891;I73.9;;;;;S;S;S;S;S;S;E;E;E;E;E;E;E;S;E;S;;;;;3E03329;3E0F7GC;3E0F7SF;3E033GC;3E033NZ;3E0337Z;;;;;;;;;;;;;;;;;;;;;;;1;
8ac5111ef6399031;220054;99113194103595f6;74;2;2024-10-30 00:00:00;2024-11-02 00:00:00;1;2024-10-31 00:00:00;;N81.3;N81.6;M79.7;F32.A;;;;;;;;;;;;;;;;;S;S;S;S;;;;;;;;;;;;;;;;;0UT97ZZ;0JQC0ZZ;0JUC0JZ;;;;;;;;;;;;;;;;;;;;;;;;;;2;
e73c628d8bcd9df1;220054;722c3c18a80248a8;69;2;2024-10-29 00:00:00;2024-11-02 00:00:00;1;2024-10-30 00:00:00;;C64.1;I10;E66.9;;;;;;;;;;;;;;;;;;S;S;S;;;;;;;;;;;;;;;;;;0TT04ZZ;;;;;;;;;;;;;;;;;;;;;;;;;;;;2;
c250c7bdaaaebae7;220054;0af02357829a12ae;20;2;2024-10-31 00:00:00;2024-11-03 00:00:00;1;;;O40.3XX0;O70.0;O90.81;Z3A.39;Z37.0;Z67.10;;;;;;;;;;;;;;;S;N;N;E;E;E;;;;;;;;;;;;;;;10E0XZZ;3E0R3BZ;10907ZC;0UQGXZZ;4A1HXCZ;;;;;;;;;;;;;;;;;;;;;;;;1;
4f8bb32a95fe2ac1;220054;3c9ff5b0de19d36e;0;1;2024-10-30 00:00:00;2024-11-03 00:00:00;1;;;P22.1;P03.4;;;;;;;;;;;;;;;;;;;S;S;;;;;;;;;;;;;;;;;;;3E0F7SF;;;;;;;;;;;;;;;;;;;;;;;;;;;;1;
19c3079350b4121d;220054;3f162491097bd82c;3;2;2024-11-02 00:00:00;2024-11-03 00:00:00;1;;;J20.9;E25.0;;;;;;;;;;;;;;;;;;;S;S;;;;;;;;;;;;;;;;;;;3E0F7SF;3E0F7GC;;;;;;;;;;;;;;;;;;;;;;;;;;;1;
1f3b5db9ec523b9b;220054;7d8b7c42ce79c4a5;49;1;2024-11-03 00:00:00;2024-11-04 00:00:00;1;2024-11-03 00:00:00;;N20.1;N17.9;Z88.0;;;;;;;;;;;;;;;;;;S;S;E;;;;;;;;;;;;;;;;;;0T9480Z;BT4JZZZ;;;;;;;;;;;;;;;;;;;;;;;;;;;1;
ba4fb8f1a6a4ba6d;220054;de927e1e3547a2cc;86;1;2024-10-30 00:00:00;2024-11-05 00:00:00;1;;;K80.00;E78.00;I10;E79.0;G25.81;C61;Z79.01;Z91.041;;;;;;;;;;;;;S;S;S;S;S;S;E;E;;;;;;;;;;;;;BW40ZZZ;3E03329;3E013GC;3E0337Z;3E033NZ;3E03328;;;;;;;;;;;;;;;;;;;;;;;1;
9f3e35ac5056ed19;220054;c7d706f8bc2ee8de;86;1;2024-10-27 00:00:00;2024-11-05 00:00:00;1;;;T83.511A;B96.20;Z16.12;J96.20;I10;E11.9;E78.5;E66.9;E79.0;I34.0;G47.33;Z99.81;Z99.89;Z85.038;Z93.3;Z96.0;Z90.49;Z79.84;Z95.0;Z88.8;S;S;S;S;S;S;S;S;S;S;S;E;E;E;E;S;E;E;E;E;3E03329;5A09357;3E0F7SF;0TPBX0Z;3E033NZ;3E033GC;3E0F7GC;3E013GC;3E0337Z;3E0333Z;3E013VG;;;;;;;;;;;;;;;;;;1;
c69a51f1a144d90b;220054;905881b3d3ef9a33;84;2;2024-10-28 00:00:00;2024-11-06 00:00:00;5;2024-10-31 00:00:00;;S72.102A;W19.XXXA;D64.9;K59.00;R33.9;F05;G30.9;F02.80;E03.9;E78.5;E55.9;F32.A;;;;;;;;;S;S;N;S;N;N;S;S;S;S;S;S;;;;;;;;;0QS736Z;F07L6ZZ;0T9B70Z;;;;;;;;;;;;;;;;;;;;;;;;;;1;
b842e665556921ff;220054;457e82eee7ff9949;45;1;2024-11-05 00:00:00;2024-11-06 00:00:00;1;2024-11-05 00:00:00;;B65.9;;;;;;;;;;;;;;;;;;;;S;;;;;;;;;;;;;;;;;;;;0TBB8ZX;;;;;;;;;;;;;;;;;;;;;;;;;;;;2;
f87c155578160fd8;220054;4ccfdc65acf1e9b9;43;1;2024-10-28 00:00:00;2024-11-06 00:00:00;1;;;I63.9;R29.704;G81.91;R47.9;Q21.12;G43.909;D80.3;F17.210;;;;;;;;;;;;;S;S;S;S;E;S;S;S;;;;;;;;;;;;;B020ZZZ;B32R1ZZ;B246ZZZ;B246ZZ4;4A12X4Z;F0727ZZ;3E033NZ;B54DZZZ;;;;;;;;;;;;;;;;;;;;;1;
3e460d5a0f4062ad;220054;59e639b03604daa8;47;2;2024-11-04 00:00:00;2024-11-06 00:00:00;1;2024-11-05 00:00:00;;K80.10;E78.5;M79.7;G93.32;K64.8;K57.92;N39.46;Z95.0;J45.909;;;;;;;;;;;;S;S;S;S;S;S;S;E;S;;;;;;;;;;;;0FT44ZZ;;;;;;;;;;;;;;;;;;;;;;;;;;;;2;
e503750e6c9b5500;220054;7abb23568f963639;57;1;2024-10-17 00:00:00;2024-11-07 00:00:00;1;2024-10-17 00:00:00;;K61.0;K64.9;K62.0;K74.60;R18.8;K76.82;I85.00;E11.9;;;;;;;;;;;;;S;S;S;S;N;N;S;S;;;;;;;;;;;;;0J9B0ZZ;06BY0ZC;0DBQXZZ;B020ZZZ;BW21ZZZ;;;;;;;;;;;;;;;;;;;;;;;;1;
0861f1cf39c0957f;220054;23f90dea4ef17765;96;2;2024-10-29 00:00:00;2024-11-07 00:00:00;1;;;I13.0;I50.33;E11.22;N18.30;N17.9;J22;J96.00;L03.116;I48.91;M10.9;E06.3;E03.2;T46.2X5S;Z85.820;Z86.16;Z85.038;Z99.81;Z66;Z79.4;Z59.3;S;S;S;S;S;S;S;S;S;S;S;S;E;E;E;E;E;S;E;E;3E03329;3E033GC;3E033NZ;3E0F7SF;3E0F7GC;3E0333Z;3E013GC;3E1H78Z;;;;;;;;;;;;;;;;;;;;;1;
1f29b0f86f800c3f;220054;4d8e1a0059fe96eb;90;2;2024-10-31 00:00:00;2024-11-07 00:00:00;1;;;J44.1;J45.901;J96.20;Z22.322;E05.20;I11.0;I50.9;E11.9;E78.5;I87.2;I45.10;Z59.3;;;;;;;;;S;S;S;E;S;S;S;S;S;S;S;E;;;;;;;;;4A02X4Z;8E0ZXY6;3E0F7GC;3E03329;3E033NZ;3E0F7SF;;;;;;;;;;;;;;;;;;;;;;;1;
9fe31d8511b22c81;220054;b5ae2c1ce9349c6c;57;1;2024-11-05 00:00:00;2024-11-08 00:00:00;1;;;I61.0;R20.2;R29.701;K74.60;Z86.19;I69.351;Z88.0;;;;;;;;;;;;;;S;S;S;S;E;E;E;;;;;;;;;;;;;;B020ZZZ;B32RZZZ;3E0337Z;;;;;;;;;;;;;;;;;;;;;;;;;;1;
a648ac01cf8c0b71;220054;2bffc2569b034c54;41;2;2024-11-02 00:00:00;2024-11-08 00:00:00;1;;;O60.14X0;O99.62;K90.41;O99.284;E73.9;O99.42;I73.00;O99.892;M06.9;O14.95;Z67.10;O90.81;Z3A.36;Z37.0;;;;;;;S;S;S;S;S;S;S;S;S;N;E;N;E;E;;;;;;;10E0XZZ;3E0R3BZ;4A1HXCZ;3E0P7VZ;;;;;;;;;;;;;;;;;;;;;;;;;1;
38eee63b6db32c57;220054;963cf81ec3cfade2;34;2;2024-11-07 00:00:00;2024-11-08 00:00:00;1;;;O99.612;K52.9;Z3A.18;;;;;;;;;;;;;;;;;;S;S;E;;;;;;;;;;;;;;;;;;3E0337Z;BY4CZZZ;;;;;;;;;;;;;;;;;;;;;;;;;;;1;
f0d4b55f172a6bcb;220054;154bc518e5c6fbef;72;1;2024-11-08 00:00:00;2024-11-09 00:00:00;1;2024-11-08 00:00:00;;M72.0;E11.9;E78.5;;;;;;;;;;;;;;;;;;S;S;S;;;;;;;;;;;;;;;;;;0LN80ZZ;0JBK0ZZ;;;;;;;;;;;;;;;;;;;;;;;;;;;2;
817d51487c013ac4;220054;a1edac70b95ccd7c;51;2;2024-11-07 00:00:00;2024-11-09 00:00:00;1;2024-11-07 00:00:00;;K80.10;K76.0;I49.3;F41.8;E78.5;E66.9;K21.9;J45.909;Z88.1;;;;;;;;;;;;S;S;S;S;S;S;S;S;E;;;;;;;;;;;;0FT44ZZ;;;;;;;;;;;;;;;;;;;;;;;;;;;;2;
d9ff0093f1cc7fcb;220054;065720189e995ec0;80;1;2024-10-23 00:00:00;2024-11-09 00:00:00;8;;;D50.9;I12.9;N18.9;D63.1;D12.6;K55.1;K64.4;K64.8;K91.61;Y65.8;K91.840;G40.901;Y84.8;E55.9;M10.9;Z86.718;Z79.82;;;;S;S;S;S;S;S;S;S;N;N;N;N;N;S;S;E;E;;;;0DB98ZX;0DBH8ZZ;0DBK8ZZ;0DBE8ZZ;0DBE8ZZ;0DBE8ZZ;0DBE8ZZ;0DBE8ZX;0W3P8ZZ;0W3P8ZZ;30233N1;3E033GC;B020ZZZ;B32R1ZZ;3E033NZ;3E013VJ;3E03329;;;;;;;;;;;;2;
9bc1dc7a80798f4e;220054;c76b3cb5d12691d8;1;1;2024-11-08 00:00:00;2024-11-09 00:00:00;1;;;R56.00;J06.9;;;;;;;;;;;;;;;;;;;S;S;;;;;;;;;;;;;;;;;;;3E033NZ;;;;;;;;;;;;;;;;;;;;;;;;;;;;1;
0a6bf756d0891b60;220054;b918dffcb2b68f8f;60;2;2024-11-07 00:00:00;2024-11-10 00:00:00;1;2024-11-08 00:00:00;;N81.2;N81.6;G43.909;;;;;;;;;;;;;;;;;;S;S;S;;;;;;;;;;;;;;;;;;0UT97ZZ;0JQC0ZZ;0JQC0ZZ;;;;;;;;;;;;;;;;;;;;;;;;;;2;
fc171c8ac6862a83;220054;052b33e2b8f2035a;64;2;2024-11-11 00:00:00;2024-11-11 00:00:00;1;2024-11-11 00:00:00;;R93.5;E11.9;K44.9;E66.9;Z86.711;Z86.19;;;;;;;;;;;;;;;S;S;S;S;E;E;;;;;;;;;;;;;;;0DJD7ZZ;;;;;;;;;;;;;;;;;;;;;;;;;;;;2;
725edfd4f88a9ed5;220054;7ce805ec8a140b4d;59;1;2024-11-04 00:00:00;2024-11-11 00:00:00;2;;;I25.10;Z95.5;Z79.02;Z79.82;Z79.84;E11.9;E66.9;F17.210;;;;;;;;;;;;;S;E;E;E;E;S;S;S;;;;;;;;;;;;;B246ZZZ;B348ZZZ;4A02X4Z;3E033NZ;3E013GC;3E013VG;;;;;;;;;;;;;;;;;;;;;;;1;
ef22effc5d8e0e53;220054;690bddae7023501d;56;2;2024-11-10 00:00:00;2024-11-12 00:00:00;1;2024-11-11 00:00:00;;J33.0;J32.0;J32.2;K20.0;D47.2;Z88.6;Z88.8;;;;;;;;;;;;;;S;S;S;S;S;E;E;;;;;;;;;;;;;;09BK8ZZ;;;;;;;;;;;;;;;;;;;;;;;;;;;;2;
ae4c03f0626da8c4;220054;43277328f29c9f32;77;1;2024-11-06 00:00:00;2024-11-12 00:00:00;1;;;L97.219;I87.2;F31.9;;;;;;;;;;;;;;;;;;S;S;S;;;;;;;;;;;;;;;;;;3E03329;3E033NZ;;;;;;;;;;;;;;;;;;;;;;;;;;;1;
7242b0e29845fd4d;220054;b8f9b4c23c62a7a2;54;1;2024-11-12 00:00:00;2024-11-13 00:00:00;1;2024-11-12 00:00:00;;M72.0;;;;;;;;;;;;;;;;;;;;S;;;;;;;;;;;;;;;;;;;;0LN70ZZ;0JBJ0ZZ;;;;;;;;;;;;;;;;;;;;;;;;;;;2;
028fe04c2da2d274;220054;90b95326ee2c58c5;84;2;2024-11-06 00:00:00;2024-11-13 00:00:00;4;2024-11-07 00:00:00;;C18.0;C77.2;K80.10;K42.9;K91.89;T81.32XA;T81.42XA;T81.44XA;A41.9;T81.12XA;Y83.6;E66.9;I10;E78.5;E03.9;;;;;;S;S;S;S;N;N;N;N;N;N;N;S;S;S;S;;;;;;0DTF4ZZ;0FT44ZZ;0WUF0JZ;3E03329;3E033NZ;3E013GC;3E0F7GC;3E033GC;3E0337Z;;;;;;;;;;;;;;;;;;;;2;
c4ec7c1722d37bda;220054;87d94454571da1a7;17;1;2024-11-12 00:00:00;2024-11-14 00:00:00;1;2024-11-13 00:00:00;;M25.312;;;;;;;;;;;;;;;;;;;;S;;;;;;;;;;;;;;;;;;;;0RQK4ZZ;;;;;;;;;;;;;;;;;;;;;;;;;;;;2;
03715018be0f8896;220054;8afd5bfff8fef4f1;51;1;2024-11-12 00:00:00;2024-11-14 00:00:00;1;2024-11-12 00:00:00;;S76.192A;X50.9XXA;Y93.73;;;;;;;;;;;;;;;;;;S;S;E;;;;;;;;;;;;;;;;;;0LMR0ZZ;0LUR07Z;0LBR0ZZ;BL43ZZZ;;;;;;;;;;;;;;;;;;;;;;;;;1;
15bef5bd1b4bbfda;220054;712372e6885a9e82;98;2;2024-11-07 00:00:00;2024-11-14 00:00:00;1;;;J98.8;N39.0;I13.0;I50.9;N17.9;N18.30;D50.9;I87.2;E03.8;E78.5;I25.9;Z88.8;Z95.0;Z79.01;Z59.3;Z74.09;;;;;S;S;S;S;S;S;S;S;S;S;S;E;E;E;E;S;;;;;4A02X4Z;3E03329;3E0F7GC;3E033NZ;;;;;;;;;;;;;;;;;;;;;;;;;1;
548fd8e7e38ccb31;220054;db5711dc17d31be4;79;1;2024-10-29 00:00:00;2024-11-15 00:00:00;4;2024-10-30 00:00:00;;C67.1;F09;R45.1;T17.918A;G21.0;;;;;;;;;;;;;;;;S;S;N;N;N;;;;;;;;;;;;;;;;0TBB8ZZ;3E033NZ;3E03329;3E033GC;3E0337Z;3E013GC;3E013VG;;;;;;;;;;;;;;;;;;;;;;2;
da03a9c5519ada8d;220054;59ea156956dfcdbb;71;1;2024-10-26 00:00:00;2024-11-15 00:00:00;1;;;J47.0;J47.1;J20.9;R05.8;J84.10;B90.9;J20.1;Z16.24;Y95;E09.9;T38.0X5A;Z87.891;N17.9;T50.2X5A;E61.1;F09;N40.0;I70.0;I70.209;;S;S;S;S;S;E;N;N;N;N;N;E;N;N;S;S;S;S;S;;3E03329;3E0333Z;3E0F7GC;3E013GC;3E013VG;BW241ZZ;;;;;;;;;;;;;;;;;;;;;;;1;
29f63d72ca85e859;220054;9c70369e62ccb9c1;36;2;2024-11-15 00:00:00;2024-11-15 00:00:00;1;;;O03.9;;;;;;;;;;;;;;;;;;;;S;;;;;;;;;;;;;;;;;;;;3E0333Z;3E0234Z;;;;;;;;;;;;;;;;;;;;;;;;;;;1;
ba49a42105531a1a;220054;cbde5d338caa0a8d;66;1;2024-11-15 00:00:00;2024-11-16 00:00:00;1;2024-11-15 00:00:00;;K40.20;;;;;;;;;;;;;;;;;;;;S;;;;;;;;;;;;;;;;;;;;0YUA4JZ;;;;;;;;;;;;;;;;;;;;;;;;;;;;2;
ef1fb8fbe508595c;220054;74ee40de987f9077;80;1;2024-11-13 00:00:00;2024-11-19 00:00:00;1;;;J47.1;J47.0;J96.10;C16.0;C79.9;D64.9;Z99.81;Z79.60;Z86.11;;;;;;;;;;;;S;S;S;S;S;S;E;E;E;;;;;;;;;;;;3E0333Z;3E0F7GC;3E0F7SF;3E03329;3E033GC;3E013VG;3E013GC;3E033NZ;;;;;;;;;;;;;;;;;;;;;1;
6d5cc19860aeb3e5;220054;0b1bb8c9719df980;90;2;2024-11-15 00:00:00;2024-11-19 00:00:00;1;;;R00.1;T46.0X5A;I48.91;Z79.01;I11.0;I50.9;I44.7;Z88.6;Z88.1;Z88.8;;;;;;;;;;;S;S;S;E;S;S;S;E;E;E;;;;;;;;;;;4A02X4Z;4A12X4Z;3E033GC;3E0337Z;;;;;;;;;;;;;;;;;;;;;;;;;1;
d49ca91c319e5f40;220054;9a926ab4894c33e2;84;1;2024-11-17 00:00:00;2024-11-19 00:00:00;1;2024-11-18 00:00:00;;D11.7;;;;;;;;;;;;;;;;;;;;S;;;;;;;;;;;;;;;;;;;;0CTG0ZZ;;;;;;;;;;;;;;;;;;;;;;;;;;;;2;
1c3219fe4e5fe1e7;220054;78ae11cc99a895cc;80;2;2024-11-06 00:00:00;2024-11-19 00:00:00;1;;;D50.0;K64.9;Z79.01;C67.9;K63.5;K57.32;K22.70;K31.7;I11.9;E78.5;F41.8;I48.91;E66.9;K22.2;T28.6XXS;T54.91XS;;;;;S;S;E;S;S;S;S;S;S;S;S;S;S;S;E;E;;;;;0DBK8ZZ;0DB68ZX;BW241ZZ;3E033GC;30233N1;3E013VG;3E013GC;3E033NZ;;;;;;;;;;;;;;;;;;;;;1;
a89a4733b4796ce3;220054;f5a24f0fffa28a0d;57;2;2024-11-18 00:00:00;2024-11-20 00:00:00;1;2024-11-19 00:00:00;;M20.11;M77.41;M20.5X1;;;;;;;;;;;;;;;;;;S;S;S;;;;;;;;;;;;;;;;;;0QSN04Z;0QSN04Z;0QSN04Z;0SGP04Z;0SGP04Z;;;;;;;;;;;;;;;;;;;;;;;;2;
f26e299157306c24;220054;bae33eac95081159;54;1;2024-11-13 00:00:00;2024-11-20 00:00:00;1;;;C20;K91.89;K63.3;D50.0;I10;E78.5;Z85.038;Z90.49;;;;;;;;;;;;;S;S;S;S;S;S;E;E;;;;;;;;;;;;;BW211ZZ;0DBP8ZX;0DBB8ZX;3E033GC;3E0337Z;;;;;;;;;;;;;;;;;;;;;;;;1;
c22a1972dfdf15d1;220054;322373dab11e2a4c;39;2;2024-11-17 00:00:00;2024-11-21 00:00:00;1;2024-11-17 00:00:00;;O99.344;F31.9;O36.93X0;O90.81;Z3A.37;Z37.0;Z67.40;;;;;;;;;;;;;;S;S;N;N;E;E;E;;;;;;;;;;;;;;10D00Z1;4A1HXCZ;;;;;;;;;;;;;;;;;;;;;;;;;;;1;
f98a06ab94f86250;220054;1b4e96028e79cf33;24;2;2024-11-14 00:00:00;2024-11-21 00:00:00;1;;;O77.0;O34.83;N90.811;O69.82X0;O14.25;Z67.10;Z3A.39;Z37.0;;;;;;;;;;;;;S;S;S;S;N;E;E;E;;;;;;;;;;;;;10E0XZZ;0W8NXZZ;10907ZC;4A1HXCZ;3E0R3BZ;3E03329;;;;;;;;;;;;;;;;;;;;;;;1;
d467b91aa833c7c9;220054;9757e784b22c7f54;28;1;2024-11-20 00:00:00;2024-11-21 00:00:00;1;2024-11-20 00:00:00;;K35.80;;;;;;;;;;;;;;;;;;;;S;;;;;;;;;;;;;;;;;;;;0DTJ4ZZ;BW40ZZZ;3E03329;3E033NZ;3E0337Z;;;;;;;;;;;;;;;;;;;;;;;;1;
22ffe9c61393e4b0;220054;bfd74d0e8ab5fbf1;63;1;2024-11-21 00:00:00;2024-11-22 00:00:00;1;2024-11-21 00:00:00;;K40.90;E78.5;N18.9;;;;;;;;;;;;;;;;;;S;S;S;;;;;;;;;;;;;;;;;;0YU64JZ;;;;;;;;;;;;;;;;;;;;;;;;;;;;2;
449c3e230601d816;220054;58caab0a59ebeb49;53;2;2024-11-18 00:00:00;2024-11-22 00:00:00;1;2024-11-19 00:00:00;;D17.5;M79.89;K44.9;F43.23;F43.9;Z85.3;Z85.850;Z88.0;;;;;;;;;;;;;S;S;S;S;S;E;E;E;;;;;;;;;;;;;0WBH4ZZ;0DBP4ZX;;;;;;;;;;;;;;;;;;;;;;;;;;;2;
8c084b5bef733966;220054;333aaba3405cd1c3;42;2;2024-11-17 00:00:00;2024-11-22 00:00:00;1;2024-11-18 00:00:00;;Q89.2;;;;;;;;;;;;;;;;;;;;E;;;;;;;;;;;;;;;;;;;;0JB40ZZ;;;;;;;;;;;;;;;;;;;;;;;;;;;;2;
154c19385a13c543;220054;b5ee2f705549779a;18;1;2024-11-18 00:00:00;2024-11-22 00:00:00;1;;;M96.89;M19.90;Y83.8;;;;;;;;;;;;;;;;;;S;S;S;;;;;;;;;;;;;;;;;;3E03329;3E033NZ;3E013GC;3E033NZ;;;;;;;;;;;;;;;;;;;;;;;;;1;
af35ce006d14ca45;220054;aa61f16dbef39886;50;1;2024-11-22 00:00:00;2024-11-25 00:00:00;1;2024-11-22 00:00:00;;K43.9;M96.841;T81.41XA;Y83.8;I10;E78.5;F17.210;;;;;;;;;;;;;;S;N;N;N;S;S;S;;;;;;;;;;;;;;0WUF0JZ;3E03329;3E033NZ;3E013GC;;;;;;;;;;;;;;;;;;;;;;;;;2;
7c7e94337e3a2bdd;220054;64252a0b3d88c73b;18;2;2024-11-24 00:00:00;2024-11-25 00:00:00;1;;;O03.9;E28.2;E78.00;F17.210;;;;;;;;;;;;;;;;;S;S;S;S;;;;;;;;;;;;;;;;;BY49ZZZ;BU46ZZZ;3E0P7VZ;3E033NZ;3E0337Z;;;;;;;;;;;;;;;;;;;;;;;;1;
ebd8628a217d7137;220054;a954e647e9513bbc;81;1;2024-10-22 00:00:00;2024-11-25 00:00:00;1;;;I11.0;J96.20;J18.1;I50.9;I27.82;I27.24;I07.1;R71.8;I27.81;I48.91;D64.9;N40.1;Z86.16;Z79.01;Z99.81;Z59.3;;;;;S;S;S;S;S;S;S;S;S;S;S;S;E;E;E;E;;;;;BW241ZZ;4A02X4Z;B246ZZZ;3E033GC;3E0F7GC;3E033NZ;3E0333Z;3E03329;;;;;;;;;;;;;;;;;;;;;1;
0915244a370060f6;220054;b5e5145144c5144f;22;2;2024-11-18 00:00:00;2024-11-28 00:00:00;1;;;D57.09;M90.551;M90.552;N39.0;;;;;;;;;;;;;;;;;S;S;S;S;;;;;;;;;;;;;;;;;BW241ZZ;3E013NZ;3E03329;3E013GC;3E033NZ;3E0337Z;;;;;;;;;;;;;;;;;;;;;;;1;
07463a379599adcf;220054;f2a4ed3abc76c8c1;52;2;2024-11-27 00:00:00;2024-11-28 00:00:00;1;2024-11-27 00:00:00;;M23.307;M17.12;I10;E66.9;Z68.30;Z88.8;;;;;;;;;;;;;;;S;S;S;S;E;E;;;;;;;;;;;;;;;0SBD4ZZ;0SBD4ZZ;;;;;;;;;;;;;;;;;;;;;;;;;;;2;
188a220d32cf1c87;220054;38a9cad173ccb4dd;48;1;2024-11-26 00:00:00;2024-11-28 00:00:00;1;2024-11-27 00:00:00;;N20.1;;;;;;;;;;;;;;;;;;;;S;;;;;;;;;;;;;;;;;;;;0TF48ZZ;0T9480Z;;;;;;;;;;;;;;;;;;;;;;;;;;;2;
8b1b7c9d2d9da806;220054;70c722a6942f9a61;65;1;2024-11-27 00:00:00;2024-11-28 00:00:00;1;2024-11-27 00:00:00;;N20.0;G43.909;Z98.1;;;;;;;;;;;;;;;;;;S;S;E;;;;;;;;;;;;;;;;;;0TF48ZZ;0T9480Z;;;;;;;;;;;;;;;;;;;;;;;;;;;2;
d14729a2e59867c4;220054;d8ac346fe01acb9c;95;2;2024-11-24 00:00:00;2024-11-28 00:00:00;1;;;N10;B96.1;I50.9;I12.9;N18.9;L27.0;T50.905A;E78.5;E79.0;I48.91;G30.9;F02.80;Z88.2;;;;;;;;S;S;S;S;S;S;S;S;S;S;S;S;E;;;;;;;;3E03329;3E033GC;3E0337Z;3E033NZ;3E013GC;3E0333Z;;;;;;;;;;;;;;;;;;;;;;;1;
e624396658e0812a;220054;7eab57e2d751aecb;31;1;2024-11-28 00:00:00;2024-11-29 00:00:00;1;2024-11-28 00:00:00;;M79.4;;;;;;;;;;;;;;;;;;;;S;;;;;;;;;;;;;;;;;;;;0SBD4ZZ;;;;;;;;;;;;;;;;;;;;;;;;;;;;2;
5fb3fa3b8c70d706;220054;4bb9ff6d8beae57a;66;1;2024-11-26 00:00:00;2024-11-30 00:00:00;1;;;J98.8;B97.4;Z79.621;Z79.624;Z79.52;Z94.0;N11.9;Z85.51;Z96.0;Z93.6;Z90.79;Z85.46;I12.9;N18.9;R91.1;J43.9;J47.9;M45.9;Z87.891;Z92.21;S;S;E;E;E;E;S;E;S;E;E;E;S;S;S;S;S;S;E;E;3E03329;3E0F7GC;3E033NZ;;;;;;;;;;;;;;;;;;;;;;;;;;1;
09a72bb1ff63607d;220054;c31024d19f25c00a;66;2;2024-11-28 00:00:00;2024-11-30 00:00:00;1;2024-11-29 00:00:00;;T84.84XA;G89.28;M79.622;Y83.1;S42.342D;W19.XXXD;;;;;;;;;;;;;;;S;S;S;S;E;E;;;;;;;;;;;;;;;0PPG04Z;;;;;;;;;;;;;;;;;;;;;;;;;;;;2;
7f6651eeae586cd9;220054;91289883e2d56b74;60;2;2024-11-28 00:00:00;2024-12-02 00:00:00;1;;;J90;I31.39;R00.0;C78.7;C79.51;Z79.620;Z85.3;Z90.12;Z92.21;Z92.3;Z91.041;;;;;;;;;;S;S;S;S;S;E;E;E;E;E;E;;;;;;;;;;B32S1ZZ;B32T1ZZ;3E033GC;3E013GC;;;;;;;;;;;;;;;;;;;;;;;;;1;
af6020a8ed2708c8;220054;856640697fc743d5;31;2;2024-11-29 00:00:00;2024-12-02 00:00:00;1;;;O99.824;O48.0;O90.81;Z3A.41;Z37.0;Z67.40;;;;;;;;;;;;;;;S;S;N;E;E;E;;;;;;;;;;;;;;;10E0XZZ;3E0R3BZ;0W8NXZZ;4A1HXCZ;;;;;;;;;;;;;;;;;;;;;;;;;1;
487907504d4e5026;220054;620d42aca4095346;66;1;2024-08-28 00:00:00;2024-12-03 00:00:00;1;2024-09-23 00:00:00;;M27.2;K04.7;J32.0;J32.2;C92.02;Z94.4;Z85.05;Z86.19;D84.821;Z79.623;N39.0;B96.20;R78.81;B95.2;B96.5;A04.72;U07.1;Y95;R07.89;R77.8;S;S;S;S;S;E;E;E;S;E;S;S;N;N;N;N;N;N;N;N;09BQ8ZX;0CB5XZX;2Y41X5Z;BW29ZZZ;BW40ZZZ;BW241ZZ;B922ZZZ;B020ZZZ;BW2F1ZZ;BW241ZZ;3E03329;XW033E5;30233N1;30233R1;3E033WK;3E033VJ;3E033GC;3E03328;3E030WL;3E0333Z;;;;;;;;;1;
751ef16f3887e45a;220054;f97ec29e096b85cd;88;2;2024-11-21 00:00:00;2024-12-03 00:00:00;1;2024-11-26 00:00:00;;S72.012A;W19.XXXA;D64.9;I12.9;N18.9;E03.9;E55.9;G30.9;F02.B0;G25.0;Z86.711;Z88.0;;;;;;;;;S;S;S;S;S;S;S;S;S;S;E;E;;;;;;;;;0SRS0J9;B020ZZZ;3E033NZ;3E033GC;3E013GC;;;;;;;;;;;;;;;;;;;;;;;;1;
157b5d37a01ae7a1;220054;55b20679213c110f;73;1;2024-11-29 00:00:00;2024-12-03 00:00:00;2;;;I44.1;I10;E11.9;E78.5;I45.10;Z79.84;Z99.89;;;;;;;;;;;;;;S;S;S;S;S;E;E;;;;;;;;;;;;;;B246ZZZ;4A02X4Z;3E0337Z;3E013VG;3E013GC;;;;;;;;;;;;;;;;;;;;;;;;1;
c435fe355e459df7;220054;93fe1783b58945cb;70;2;2024-11-18 00:00:00;2024-12-04 00:00:00;4;;;J18.9;N17.9;I50.23;N92.4;I42.9;E11.22;N18.9;E11.51;I25.9;E66.9;;;;;;;;;;;S;S;S;N;S;S;S;S;S;S;;;;;;;;;;;3E03329;3E0333Z;3E0F7GC;3E0337Z;3E0F7SF;3E033GC;02H633Z;5A1D70Z;;;;;;;;;;;;;;;;;;;;;1;
131409c3c9658caa;220054;a3da070f7e1ee6d4;94;2;2024-11-25 00:00:00;2024-12-04 00:00:00;1;;;I50.23;J96.92;J98.8;N18.9;I48.91;Z22.322;I35.2;F31.9;R13.10;K57.30;K76.0;Z79.01;Z59.3;;;;;;;;S;S;S;S;S;E;S;S;S;S;S;E;E;;;;;;;;3E033GC;3E03329;3E0F7GC;3E033NZ;3E0F7SF;4A02X4Z;;;;;;;;;;;;;;;;;;;;;;;1;
e4a78c66085b0023;220054;9806871e388ba44a;45;1;2024-11-27 00:00:00;2024-12-04 00:00:00;1;2024-11-27 00:00:00;;K26.5;Z88.0;;;;;;;;;;;;;;;;;;;S;E;;;;;;;;;;;;;;;;;;;0DQ94ZZ;BW2410Z;3E03329;3E033NZ;3E0337Z;;;;;;;;;;;;;;;;;;;;;;;;1;
07b07b2cd36e2372;220054;49cfe878c44bdea8;81;1;2024-11-29 00:00:00;2024-12-05 00:00:00;1;;;J44.1;Z87.891;I10;E11.9;I25.9;Z95.5;Z79.82;Z79.84;Z99.81;Z88.1;Z88.6;Z88.7;Z88.8;;;;;;;;S;E;S;S;S;E;E;E;E;E;E;E;E;;;;;;;;3E03329;3E0333Z;3E0F7SF;3E0F7GC;3E013GC;3E013VG;;;;;;;;;;;;;;;;;;;;;;;1;
da9465ad3927ecbc;220054;c0175237502456be;49;1;2024-12-04 00:00:00;2024-12-05 00:00:00;1;2024-12-04 00:00:00;;M23.322;M70.52;M23.8X2;;;;;;;;;;;;;;;;;;S;S;S;;;;;;;;;;;;;;;;;;0SBD4ZZ;0M9P4ZZ;;;;;;;;;;;;;;;;;;;;;;;;;;;2;
45ac26f3acca6730;220054;146c8d9a638765f2;33;2;2024-12-03 00:00:00;2024-12-05 00:00:00;1;;;O24.424;O99.824;O90.81;O70.1;O69.82X0;Z67.40;Z3A.38;Z37.0;;;;;;;;;;;;;S;S;N;N;S;E;E;E;;;;;;;;;;;;;10E0XZZ;3E0R3BZ;0HQ9XZZ;3E033VJ;10907ZC;4A1HXCZ;3E03329;;;;;;;;;;;;;;;;;;;;;;2;
d5ee119b3388a0f1;220054;5c23b006d9823dd3;85;1;2024-11-29 00:00:00;2024-12-05 00:00:00;1;;;J22;R54;M62.84;G20;I48.20;N40.0;E11.9;Z79.4;G31.84;I25.2;Z79.01;Z95.0;Z85.51;;;;;;;;S;S;S;S;S;S;S;E;S;E;E;E;E;;;;;;;;3E03329;3E0333Z;3E0337Z;3E0F7GC;3E033NZ;3E013VG;;;;;;;;;;;;;;;;;;;;;;;1;
cad6f7ef2ed1b900;220054;8320373ce7cdf42b;55;2;2024-12-04 00:00:00;2024-12-06 00:00:00;1;2024-12-05 00:00:00;;K80.10;;;;;;;;;;;;;;;;;;;;S;;;;;;;;;;;;;;;;;;;;0FT44ZZ;;;;;;;;;;;;;;;;;;;;;;;;;;;;2;
a1533ff51d8be0f9;220054;1b2c9525888b3c2e;30;2;2024-12-05 00:00:00;2024-12-07 00:00:00;1;;;O41.03X0;O48.0;O36.5930;O69.82X0;O26.893;Z67.41;Z3A.40;Z37.0;;;;;;;;;;;;;S;S;S;S;S;E;E;E;;;;;;;;;;;;;10E0XZZ;3E0R3BZ;4A1HXCZ;10907ZC;3E0234Z;;;;;;;;;;;;;;;;;;;;;;;;2;
434c3f2361bc2bba;220054;467d44221041a914;67;1;2024-12-03 00:00:00;2024-12-08 00:00:00;1;2024-12-04 00:00:00;;N40.1;I10;;;;;;;;;;;;;;;;;;;S;S;;;;;;;;;;;;;;;;;;;0VB00ZZ;;;;;;;;;;;;;;;;;;;;;;;;;;;;2;
fce225328fe13d35;220054;2065f8a4f5b97084;0;2;2024-12-06 00:00:00;2024-12-10 00:00:00;1;;;P55.1;Q38.1;;;;;;;;;;;;;;;;;;;S;E;;;;;;;;;;;;;;;;;;;6A600ZZ;;;;;;;;;;;;;;;;;;;;;;;;;;;;1;
57ecc5f9469f1dbc;220054;b1fc2a179d3125dc;62;1;2024-11-30 00:00:00;2024-12-10 00:00:00;1;;;L03.314;K40.20;I48.91;E66.9;D45;G47.33;Z79.01;;;;;;;;;;;;;;S;S;S;S;S;S;E;;;;;;;;;;;;;;3E03329;BW2110Z;;;;;;;;;;;;;;;;;;;;;;;;;;;1;
b55afa30988f99c8;220054;971e1dcc287109c1;92;1;2024-11-29 00:00:00;2024-12-10 00:00:00;1;;;L97.829;B96.5;Z16.24;I73.9;I42.0;I48.91;D50.9;C61;Z79.01;Z79.818;Z59.3;;;;;;;;;;S;S;S;S;S;S;S;S;E;E;E;;;;;;;;;;3E03329;0JDP0ZZ;;;;;;;;;;;;;;;;;;;;;;;;;;;1;
0d1d774933222c74;220054;824ad08d8b42916b;92;1;2024-12-10 00:00:00;2024-12-11 00:00:00;4;;;G89.3;K92.2;C61;C78.5;J96.00;;;;;;;;;;;;;;;;S;S;S;S;S;;;;;;;;;;;;;;;;3E033NZ;3E033GC;;;;;;;;;;;;;;;;;;;;;;;;;;;1;
a4e91d3cdce7d408;220054;4d17f2b162b4f04a;27;2;2024-12-10 00:00:00;2024-12-11 00:00:00;1;2024-12-10 00:00:00;;K80.10;;;;;;;;;;;;;;;;;;;;S;;;;;;;;;;;;;;;;;;;;0FT44ZZ;;;;;;;;;;;;;;;;;;;;;;;;;;;;2;
622babad9b46834c;220054;c50f77d5038060d0;47;2;2024-12-11 00:00:00;2024-12-12 00:00:00;1;2024-12-11 00:00:00;;C50.412;Z17.0;F17.210;Z80.0;;;;;;;;;;;;;;;;;S;E;S;E;;;;;;;;;;;;;;;;;0HBU0ZZ;0JB60ZZ;07B60ZX;3E013KZ;3E013KZ;BH41ZZZ;0HHU3YZ;;;;;;;;;;;;;;;;;;;;;;2;
3712573400e46b2f;220054;feb18368ecc42dc8;74;1;2024-12-11 00:00:00;2024-12-12 00:00:00;1;;;I63.81;R47.1;R29.810;R26.89;R29.702;R29.700;E78.5;I69.154;I69.122;F32.A;;;;;;;;;;;S;S;S;S;S;N;S;E;E;S;;;;;;;;;;;B020ZZZ;;;;;;;;;;;;;;;;;;;;;;;;;;;;1;
4e3c3ca47c89fc79;220054;327bf536e754a382;80;2;2024-12-03 00:00:00;2024-12-12 00:00:00;1;;;K55.9;I10;E11.9;E89.0;Z79.4;Z88.8;;;;;;;;;;;;;;;S;S;S;S;E;E;;;;;;;;;;;;;;;BW20ZZZ;3E03329;3E033NZ;3E0337Z;3E033GC;;;;;;;;;;;;;;;;;;;;;;;;1;
931e2e345f632c31;220054;057001d7885bdbbf;81;1;2024-12-09 00:00:00;2024-12-12 00:00:00;1;;;I63.81;G20;I10;I48.91;E78.5;Z86.73;Z87.11;Z88.0;Z79.01;;;;;;;;;;;;S;S;S;S;S;E;E;E;E;;;;;;;;;;;;B020ZZZ;3E033NZ;3E0337Z;;;;;;;;;;;;;;;;;;;;;;;;;;1;
5601175a4b1dbdb4;220054;5c0a57c29e05ede4;73;1;2024-12-11 00:00:00;2024-12-12 00:00:00;1;2024-12-11 00:00:00;;K64.9;I10;F10.10;I87.2;Z85.51;Z88.1;;;;;;;;;;;;;;;S;S;S;S;E;E;;;;;;;;;;;;;;;06BY0ZC;;;;;;;;;;;;;;;;;;;;;;;;;;;;2;
5e4408eb66bafda4;220054;796eafe1993125cd;47;1;2024-12-11 00:00:00;2024-12-12 00:00:00;1;2024-12-11 00:00:00;;K42.9;K43.9;F17.210;;;;;;;;;;;;;;;;;;S;S;S;;;;;;;;;;;;;;;;;;0WQF0ZZ;0WUF0JZ;;;;;;;;;;;;;;;;;;;;;;;;;;;2;
82ddadea37288704;220054;4a93a132437cd194;40;2;2024-12-10 00:00:00;2024-12-12 00:00:00;1;;;O40.3XX0;O24.429;O99.284;E06.3;O69.89X0;O70.1;Z3A.39;Z37.0;Z67.20;;;;;;;;;;;;S;S;S;S;S;N;E;E;E;;;;;;;;;;;;10E0XZZ;3E0P7VZ;0KQM0ZZ;4A1HXCZ;;;;;;;;;;;;;;;;;;;;;;;;;2;
bc4f265814f6235d;220054;cd231971395ee629;20;1;2024-12-12 00:00:00;2024-12-13 00:00:00;1;2024-12-12 00:00:00;;L05.92;;;;;;;;;;;;;;;;;;;;S;;;;;;;;;;;;;;;;;;;;0JB90ZZ;;;;;;;;;;;;;;;;;;;;;;;;;;;;2;
c4ae2b570b486b8c;220054;28a45484dbf31974;85;2;2024-12-06 00:00:00;2024-12-13 00:00:00;1;;;A41.9;N39.0;N20.0;I11.0;I50.813;N17.9;B37.31;E78.1;R32;G47.33;;;;;;;;;;;S;S;S;S;S;S;S;S;S;S;;;;;;;;;;;BT4JZZZ;BW40ZZZ;4A02X4Z;3E03329;3E033GC;3E033NZ;3E0337Z;3E013GC;5A09357;3E00X29;;;;;;;;;;;;;;;;;;;1;
c98c9f25155c2702;220054;1075ad10ed34c8c0;87;2;2024-11-18 00:00:00;2024-12-13 00:00:00;5;;;I50.9;J98.8;I48.91;I63.411;G81.94;R13.19;N17.9;I12.9;E11.22;N18.4;N39.0;B96.20;K59.00;E87.6;I25.2;Z95.5;I25.5;E03.9;I44.7;F01.B0;S;S;S;N;N;S;S;S;S;S;S;S;S;S;E;E;S;S;S;S;B020ZZZ;B020ZZZ;4A02X4Z;3E033GC;3E03329;3E013GC;3E0337Z;3E033NZ;3E1H78Z;;;;;;;;;;;;;;;;;;;;1;
7d0ee76599306872;220054;cc95958238f94bea;37;2;2024-12-13 00:00:00;2024-12-14 00:00:00;1;;;O36.4XX0;O35.BXX0;O92.5;Z3A.20;Z37.1;;;;;;;;;;;;;;;;S;S;N;E;E;;;;;;;;;;;;;;;;10E0XZZ;;;;;;;;;;;;;;;;;;;;;;;;;;;;2;
a098052bf7ae1030;220054;9903814cf48ce0a2;74;1;2024-11-23 00:00:00;2024-12-14 00:00:00;1;;;J44.1;J98.8;B96.1;B96.5;N14.2;T43.595S;N18.6;Z99.2;F31.81;Z99.81;Z88.2;Z59.3;;;;;;;;;S;S;S;N;S;E;S;E;S;E;E;E;;;;;;;;;B32S1ZZ;B32T1ZZ;BW40ZZZ;5A1D70Z;3E03329;3E0333Z;3E0F7GC;3E033NZ;3E0F7SF;;;;;;;;;;;;;;;;;;;;1;
2e3591284d95530f;220054;d6feac452f3d0f88;89;2;2024-12-13 00:00:00;2024-12-15 00:00:00;1;2024-12-13 00:00:00;;C67.4;I10;E78.5;F41.9;;;;;;;;;;;;;;;;;S;S;S;S;;;;;;;;;;;;;;;;;0TBB8ZZ;;;;;;;;;;;;;;;;;;;;;;;;;;;;1;
76a3d9f9b92f0e14;220054;2478d9e6d4b2ee6c;37;2;2024-12-13 00:00:00;2024-12-16 00:00:00;1;;;O77.0;O42.02;O36.93X0;O70.1;O90.81;Z3A.38;Z67.40;Z37.0;;;;;;;;;;;;;S;S;N;N;N;E;E;E;;;;;;;;;;;;;10D07Z6;3E0P7VZ;0W8NXZZ;0KQM0ZZ;3E0R3BZ;3E03329;4A1HXCZ;;;;;;;;;;;;;;;;;;;;;;1;
067ca77e619b9342;220054;d61c59a8f6c7221e;39;2;2024-12-12 00:00:00;2024-12-16 00:00:00;1;2024-12-13 00:00:00;;O33.9;O48.0;O34.43;R87.613;O63.0;O90.81;O92.3;Z3A.41;Z37.0;Z67.10;;;;;;;;;;;S;S;S;S;N;N;N;E;E;E;;;;;;;;;;;10D00Z1;4A1HXCZ;;;;;;;;;;;;;;;;;;;;;;;;;;;1;
e7bf1baa5107f1e5;220054;aa4a4170ff8b444b;59;1;2024-12-16 00:00:00;2024-12-17 00:00:00;1;2024-12-16 00:00:00;;N32.89;N35.916;Z85.51;E11.21;Z86.73;;;;;;;;;;;;;;;;S;S;E;S;E;;;;;;;;;;;;;;;;0TBB8ZX;0T5B8ZZ;0T7D8ZZ;3E0K705;;;;;;;;;;;;;;;;;;;;;;;;;2;
f08a6b513d88877a;220054;9964c33ff1f7f7be;90;2;2024-12-09 00:00:00;2024-12-17 00:00:00;1;;;I50.9;N39.0;I34.0;I27.20;I10;I35.2;E11.9;E78.5;E79.0;I48.21;Z79.4;Z79.84;Z79.01;Z59.3;;;;;;;S;S;S;S;S;S;S;S;S;S;E;E;E;E;;;;;;;B246ZZZ;4A02X4Z;3E033GC;3E03329;3E0F7SF;3E013GC;;;;;;;;;;;;;;;;;;;;;;;1;
26424b63832614af;220054;355dc7288430abb2;87;2;2024-12-14 00:00:00;2024-12-17 00:00:00;1;;;I44.2;I12.9;N18.2;D63.1;;;;;;;;;;;;;;;;;S;S;S;S;;;;;;;;;;;;;;;;;4A12X4Z;4A13XB1;4A13XR1;3E0F7SF;;;;;;;;;;;;;;;;;;;;;;;;;1;
c79047fb71521920;220054;2f1e1d85e8941606;63;1;2024-12-14 00:00:00;2024-12-18 00:00:00;1;;;K80.00;I10;E11.9;Z79.84;E78.5;E79.0;E66.9;Z87.891;N40.0;G47.33;Z99.89;;;;;;;;;;S;S;S;E;S;S;S;E;S;S;E;;;;;;;;;;BW40ZZZ;3E03329;3E033NZ;3E0337Z;3E013VG;;;;;;;;;;;;;;;;;;;;;;;;1;
40851585142c4df1;220054;8aace365f232a327;20;2;2024-12-15 00:00:00;2024-12-18 00:00:00;1;;;O70.1;O90.81;Z3A.39;Z37.0;Z67.30;;;;;;;;;;;;;;;;N;N;E;E;E;;;;;;;;;;;;;;;;10E0XZZ;3E0R3BZ;10907ZC;4A1HXCZ;0KQM0ZZ;;;;;;;;;;;;;;;;;;;;;;;;1;
2c9707d6663eb285;220054;8b4510ba93db25ad;63;1;2024-12-10 00:00:00;2024-12-18 00:00:00;2;;;I63.81;G81.94;R29.702;I10;E66.9;H81.09;E55.9;G47.00;F32.A;F41.8;;;;;;;;;;;S;S;S;S;S;S;S;S;S;S;;;;;;;;;;;B020ZZZ;B246ZZZ;4A12X4Z;F0727ZZ;;;;;;;;;;;;;;;;;;;;;;;;;1;
ff903b020539c168;220054;3178e87345e9f43a;84;2;2024-12-18 00:00:00;2024-12-19 00:00:00;1;2024-12-18 00:00:00;;K43.2;N18.9;I50.9;E03.9;E78.5;L40.50;F42.9;Z88.8;;;;;;;;;;;;;S;S;S;S;S;S;S;E;;;;;;;;;;;;;0WUF0JZ;;;;;;;;;;;;;;;;;;;;;;;;;;;;2;
a5ecd58b60296920;220054;44569a4fcb4a5efe;45;1;2024-12-17 00:00:00;2024-12-19 00:00:00;1;2024-12-17 00:00:00;;D41.4;;;;;;;;;;;;;;;;;;;;S;;;;;;;;;;;;;;;;;;;;0TBB8ZZ;;;;;;;;;;;;;;;;;;;;;;;;;;;;2;
13c40b32496761eb;220054;bed921e14e2f02b2;14;1;2024-12-14 00:00:00;2024-12-19 00:00:00;1;2024-12-14 00:00:00;;K35.33;;;;;;;;;;;;;;;;;;;;S;;;;;;;;;;;;;;;;;;;;0DTJ4ZZ;BW40ZZZ;3E03329;3E033NZ;3E0337Z;;;;;;;;;;;;;;;;;;;;;;;;1;
9d2dd5b611e1423b;220054;ac3199e6415e2b79;36;2;2024-12-17 00:00:00;2024-12-19 00:00:00;1;;;O36.4XX0;Z3A.38;O99.02;O70.0;Z67.10;Z37.1;;;;;;;;;;;;;;;S;E;S;N;E;E;;;;;;;;;;;;;;;10E0XZZ;3E0P7VZ;0UQGXZZ;3E0R3BZ;;;;;;;;;;;;;;;;;;;;;;;;;1;
904d597bb3e131f3;220054;ec7bce7709a5f2ab;70;1;2024-12-18 00:00:00;2024-12-19 00:00:00;1;2024-12-18 00:00:00;;K40.90;;;;;;;;;;;;;;;;;;;;S;;;;;;;;;;;;;;;;;;;;0YU50JZ;;;;;;;;;;;;;;;;;;;;;;;;;;;;2;
9df91f9659aa8e41;220054;2b055145936f1416;71;2;2024-12-18 00:00:00;2024-12-19 00:00:00;1;2024-12-18 00:00:00;;K80.10;I10;E78.5;K44.9;K20.90;K29.80;Z88.6;Z88.1;;;;;;;;;;;;;S;S;S;S;S;S;E;E;;;;;;;;;;;;;0FT44ZZ;;;;;;;;;;;;;;;;;;;;;;;;;;;;2;
7616388264db5e1c;220054;78bff7837595a149;85;1;2024-12-15 00:00:00;2024-12-19 00:00:00;1;;;R31.0;N39.0;B96.20;Z16.24;E87.6;Z79.01;I48.0;I10;Z95.0;K57.30;M15.9;M81.0;N40.0;Z90.49;;;;;;;S;S;S;S;S;E;S;S;E;S;S;S;S;E;;;;;;;BT4JZZZ;BV49ZZZ;3E03329;;;;;;;;;;;;;;;;;;;;;;;;;;1;
9581d618a41fe3a1;220054;35aee8a8e619e18c;62;1;2024-12-19 00:00:00;2024-12-20 00:00:00;1;2024-12-19 00:00:00;;K40.90;I10;K44.9;E78.5;E78.00;;;;;;;;;;;;;;;;S;S;S;S;S;;;;;;;;;;;;;;;;0YU54JZ;;;;;;;;;;;;;;;;;;;;;;;;;;;;2;
e4f9ddbf57237da8;220054;a03bce077d3e3163;81;2;2024-11-30 00:00:00;2024-12-20 00:00:00;2;;;S32.302A;S32.602A;W19.XXXA;F41.9;F32.A;Z96.651;Z88.0;;;;;;;;;;;;;;S;S;S;N;S;S;E;;;;;;;;;;;;;;3E033NZ;3E013GC;3E033GC;;;;;;;;;;;;;;;;;;;;;;;;;;1;
d1a8f9ac5f15db4d;220054;75d3aeed074ece53;64;2;2024-12-19 00:00:00;2024-12-20 00:00:00;1;2024-12-19 00:00:00;;K80.10;E78.5;I10;J45.909;F32.A;Z85.3;;;;;;;;;;;;;;;S;S;S;S;S;E;;;;;;;;;;;;;;;0FT44ZZ;;;;;;;;;;;;;;;;;;;;;;;;;;;;2;
7dcdc76b8dba4ed3;220054;ce4874ba391095b8;73;2;2024-12-19 00:00:00;2024-12-20 00:00:00;1;;;I48.19;E03.8;E06.3;Z85.3;Z92.21;Z92.3;;;;;;;;;;;;;;;S;S;S;E;E;E;;;;;;;;;;;;;;;5A2204Z;4A02X4Z;;;;;;;;;;;;;;;;;;;;;;;;;;;2;
11642a61b857038f;220054;64576f2f24f13d5f;33;2;2024-12-16 00:00:00;2024-12-20 00:00:00;1;;;O41.03X0;O48.0;O90.81;Z3A.40;Z37.0;Z67.40;;;;;;;;;;;;;;;S;S;N;E;E;E;;;;;;;;;;;;;;;10E0XZZ;3E0P7VZ;4A1HXCZ;;;;;;;;;;;;;;;;;;;;;;;;;;1;
8678f39c5d22ca96;220054;62ad6d599645d75a;57;2;2024-12-19 00:00:00;2024-12-20 00:00:00;1;;;I48.19;I10;M79.7;E04.9;Z88.8;;;;;;;;;;;;;;;;S;S;S;S;E;;;;;;;;;;;;;;;;5A2204Z;4A02X4Z;;;;;;;;;;;;;;;;;;;;;;;;;;;2;
aaaedd2a45b2fcf4;220054;a3e89431d87e9445;27;2;2024-12-20 00:00:00;2024-12-21 00:00:00;1;;;O99.284;E03.9;O70.0;O92.5;Z67.40;Z3A.38;Z37.0;;;;;;;;;;;;;;S;S;N;N;E;E;E;;;;;;;;;;;;;;10E0XZZ;0HQ9XZZ;3E0R3BZ;10907ZC;4A1HXCZ;;;;;;;;;;;;;;;;;;;;;;;;1;
8901802c65257431;220054;bbf8cf29875e9a04;89;1;2024-12-17 00:00:00;2024-12-23 00:00:00;1;2024-12-18 00:00:00;;D09.0;I12.9;E11.22;N18.9;N40.0;Z95.0;;;;;;;;;;;;;;;S;S;S;S;S;E;;;;;;;;;;;;;;;0TBB8ZZ;3E0K705;;;;;;;;;;;;;;;;;;;;;;;;;;;2;
aac2cb63b6267bf2;220054;d98b7ac81e58d3ce;88;2;2024-12-17 00:00:00;2024-12-23 00:00:00;1;;;S09.90XA;W19.XXXA;F05;K56.41;I16.9;I12.9;N18.9;E78.5;E03.9;E79.0;I87.2;Z85.038;Z90.49;;;;;;;;S;S;S;S;S;S;S;S;S;S;S;E;E;;;;;;;;B020ZZZ;3E033GC;3E0337Z;3E033NZ;;;;;;;;;;;;;;;;;;;;;;;;;1;
9fe02df17b19d336;220054;df2f31af875d9484;93;2;2024-12-05 00:00:00;2024-12-24 00:00:00;1;;;J98.8;N39.0;B95.62;B37.0;J96.92;K59.00;L89.899;R33.9;E87.1;D84.821;T45.1X5A;R93.89;M06.9;J84.10;J47.9;K90.0;R32;M81.0;E55.9;Z88.8;S;S;S;S;S;S;S;S;S;S;S;S;S;S;S;S;S;S;S;E;BW211ZZ;0T9B70Z;0TPBX0Z;3E03329;3E03328;3E033GC;3E0F7GC;3E013GC;3E0333Z;3E0337Z;3E033NZ;3E0F7SF;3E1H78Z;;;;;;;;;;;;;;;;1;
e296d77ea37b6be0;220054;3344a322bbadb1fe;47;2;2024-12-23 00:00:00;2024-12-24 00:00:00;1;2024-12-23 00:00:00;;C50.612;C79.2;Z17.0;Q83.1;K90.0;L40.9;;;;;;;;;;;;;;;S;S;E;E;S;S;;;;;;;;;;;;;;;0HTY0ZZ;0HTY0ZZ;07B60ZX;3E013KZ;3E013KZ;;;;;;;;;;;;;;;;;;;;;;;;2;
06f2147272c375f4;220054;223805f8f61dd1f8;87;2;2024-12-10 00:00:00;2024-12-26 00:00:00;1;;;S82.855A;W19.XXXA;I10;I87.2;F03.90;E78.5;K80.50;Z90.49;;;;;;;;;;;;;S;E;S;S;S;S;S;E;;;;;;;;;;;;;2W3RX2Z;BW40ZZZ;3E033NZ;3E013GC;3E0337Z;;;;;;;;;;;;;;;;;;;;;;;;1;
064a5bdb2088bd0a;220054;16879e5d433a1a0c;26;2;2024-12-25 00:00:00;2024-12-27 00:00:00;1;;;O48.0;O99.280;E73.9;R94.6;O70.1;Z67.40;Z3A.40;Z37.0;;;;;;;;;;;;;S;S;S;S;N;E;E;E;;;;;;;;;;;;;10E0XZZ;0KQM0ZZ;3E0R3BZ;10907ZC;4A1HXCZ;;;;;;;;;;;;;;;;;;;;;;;;1;
3972da46d5132587;220054;ba3a6049f5039b55;91;1;2024-12-14 00:00:00;2024-12-27 00:00:00;4;;;J69.0;R13.12;N39.0;B96.1;Z16.12;E86.0;E87.0;J80;K08.9;I50.9;I11.0;E78.5;E11.9;I48.0;D64.9;F01.50;C18.9;I65.23;Z86.73;Z99.81;S;S;S;S;S;S;S;S;S;S;S;S;S;S;S;S;S;S;E;E;3E03329;3E0333Z;3E0F7SF;3E0F7GC;3E0337Z;3E013GC;3E033GC;3E033NZ;;;;;;;;;;;;;;;;;;;;;1;
afd78877156bbb8f;220054;e75b3cffbe3c78d1;83;2;2024-12-22 00:00:00;2024-12-29 00:00:00;4;;;A41.9;R65.20;J98.8;J96.90;G20;F02.80;L89.154;I12.9;E11.22;N18.9;Z79.84;Z85.048;Z90.49;;;;;;;;S;S;S;S;S;S;S;S;S;S;E;E;E;;;;;;;;3E03329;3E033NZ;3E013GC;3E013VG;3E0337Z;3E033GC;;;;;;;;;;;;;;;;;;;;;;;1;
648a345b0c1ceae9;220054;129470f63bf11a7a;91;2;2024-12-18 00:00:00;2024-12-30 00:00:00;1;;;J47.0;I11.0;I50.9;J22;J96.90;L22;E11.40;I34.2;I35.0;E53.8;D53.1;Z95.0;Z79.01;Z79.4;Z79.84;Z79.891;Z59.3;;;;S;S;S;S;S;N;S;S;S;S;S;E;E;E;E;E;E;;;;3E03329;3E033GC;3E0F7GC;3E033NZ;;;;;;;;;;;;;;;;;;;;;;;;;1;
706de16ed08dded6;220054;232adce57aed5564;72;1;2024-12-19 00:00:00;2024-12-30 00:00:00;1;2024-12-20 00:00:00;;C43.59;L76.31;Y83.6;S72.012A;W19.XXXA;Y92.239;I10;G35;F43.21;F17.210;I25.2;E53.8;Z79.82;Z88.8;Z59.3;;;;;;S;N;N;N;N;N;S;S;S;S;E;S;E;E;E;;;;;;0JB70ZZ;0JX70ZB;07B50ZX;C75N1ZZ;0SRS0J9;;;;;;;;;;;;;;;;;;;;;;;;2;
823e24311985ccb0;220054;f473356d1a500da2;90;1;2024-12-20 00:00:00;2024-12-30 00:00:00;1;;;I50.20;J98.8;T82.897A;I35.1;Y83.1;I25.9;F09;Z85.46;Z92.3;Z79.82;;;;;;;;;;;S;S;S;S;S;S;S;E;E;E;;;;;;;;;;;B246ZZZ;4A02X4Z;3E033GC;3E0333Z;3E03329;3E013GC;;;;;;;;;;;;;;;;;;;;;;;1;
3b97701059524868;220054;e1d054f2db6872dc;95;2;2024-12-19 00:00:00;2024-12-30 00:00:00;1;;;I50.9;J96.22;E87.29;I48.91;D64.9;I44.7;Z79.01;Z86.73;Z90.710;Z90.722;Z90.49;Z59.3;I87.2;M19.90;Z99.81;;;;;;S;S;S;S;S;S;E;E;E;E;E;E;S;S;E;;;;;;3E033GC;3E0337Z;3E0F7SF;3E0F7GC;3E013GC;;;;;;;;;;;;;;;;;;;;;;;;1;
1fb8cf2dc31d40ea;220054;385ef1a9f30406db;78;1;2024-12-22 00:00:00;2024-12-30 00:00:00;1;;;N41.0;R33.9;I48.91;K70.31;K76.82;K76.7;K76.6;N18.9;D47.2;I65.23;E78.5;I44.7;G31.84;Z59.3;;;;;;;S;S;S;S;S;S;S;S;S;S;S;S;S;E;;;;;;;0W9G3ZZ;0W9G3ZX;BW20ZZZ;4A02X4Z;0T9B70Z;3E03329;3E033NZ;3E0337Z;3E013VJ;3E033GC;3E0F7GC;;;;;;;;;;;;;;;;;;1;
0f55913cfe863298;220054;9cac15e3e353bce4;80;2;2024-11-30 00:00:00;2024-12-30 00:00:00;4;;;J22;R00.0;I48.92;I47.1;I11.0;I50.9;J69.0;A41.9;J98.8;I69.354;Z66;Z74.01;;;;;;;;;S;S;S;S;S;S;N;N;N;E;S;E;;;;;;;;;3E03329;3E0F7GC;3E033GC;3E013GC;3E033NZ;3E0337Z;3E0333Z;B32S1ZZ;B32T1ZZ;;;;;;;;;;;;;;;;;;;;1;
ace5e5d96b92a060;220054;9e02bd3def022b3a;1;1;2024-12-29 00:00:00;2024-12-31 00:00:00;1;;;J21.0;J96.00;P07.38;P07.18;;;;;;;;;;;;;;;;;S;S;S;S;;;;;;;;;;;;;;;;;3E0F7SF;3E0F7GC;;;;;;;;;;;;;;;;;;;;;;;;;;;1;
29d5d91046419f34;220054;c6a196b7155f2fc2;52;1;2024-12-20 00:00:00;2024-12-31 00:00:00;4;;;C61;Z19.2;C78.7;C79.51;C79.52;D63.0;C79.31;C77.2;Z51.5;S82.301B;S82.831A;W19.XXXA;Y92.230;J96.00;K50.90;F17.210;Z85.47;Z90.79;Z79.818;;S;E;S;S;S;S;S;S;E;N;N;N;E;N;S;S;E;E;E;;BW251ZZ;B020ZZZ;3E033NZ;3E03329;3E0337Z;3E033GC;;;;;;;;;;;;;;;;;;;;;;;1;
7c7de9c0b2045abf;220105;b90900c011de5f57;90;1;2024-10-17 00:00:00;2024-10-18 00:00:00;4;;;J44.0;J15.8;B95.3;J96.90;I48.91;G30.9;F02.C3;Z86.73;C61;;;;;;;;;;;;S;S;S;S;S;S;S;E;S;;;;;;;;;;;;3E033NZ;;;;;;;;;;;;;;;;;;;;;;;;;;;;1;
6d76ce834416b279;220054;6bbf97e62e04d1f7;86;1;2024-08-12 00:00:00;2024-10-01 00:00:00;4;;;I50.9;J20.9;J96.90;C26.9;C78.02;C78.2;J91.0;;;;;;;;;;;;;;S;S;S;S;S;S;S;;;;;;;;;;;;;;3E033GC;3E03329;0W9B3ZZ;3E033NZ;3E0F7GC;3E0337Z;3E013GC;3E0333Z;;;;;;;;;;;;;;;;;;;;;1;
46e877f3b93f3e5f;220054;8a254ddf189b4762;37;2;2024-09-30 00:00:00;2024-10-01 00:00:00;1;2024-09-30 00:00:00;;N20.0;E11.9;E78.5;;;;;;;;;;;;;;;;;;S;S;S;;;;;;;;;;;;;;;;;;0TF38ZZ;0T9380Z;BT021ZZ;;;;;;;;;;;;;;;;;;;;;;;;;;2;
4a57e1482822ffee;220054;209db1c8b7b26d39;79;1;2024-09-20 00:00:00;2024-10-01 00:00:00;1;;;I11.0;I50.23;I42.8;I48.91;E78.5;N40.0;G30.9;F02.80;Z79.01;Z95.5;Z86.73;;;;;;;;;;S;S;S;S;S;S;S;S;E;E;E;;;;;;;;;;BW241ZZ;B246ZZZ;4A02X4Z;3E033GC;;;;;;;;;;;;;;;;;;;;;;;;;1;
8fa9566e6f0ac63b;220054;ce1f1398f2cf2d16;90;2;2024-09-26 00:00:00;2024-10-01 00:00:00;1;;;K52.9;I11.0;I50.9;I48.91;I27.20;Z86.73;Z79.82;;;;;;;;;;;;;;S;S;S;S;S;E;E;;;;;;;;;;;;;;3E0337Z;3E03329;3E013GC;;;;;;;;;;;;;;;;;;;;;;;;;;1;
fbac668a2583ca6d;220054;c11b848f1e8ec3c0;24;2;2024-09-29 00:00:00;2024-10-02 00:00:00;1;;;O42.92;O99.284;E03.9;E55.9;Z67.40;Z3A.39;O90.81;Z37.0;;;;;;;;;;;;;S;S;S;S;E;E;N;E;;;;;;;;;;;;;10E0XZZ;3E0P7VZ;0W8NXZZ;3E0R3BZ;4A1HXCZ;3E03329;;;;;;;;;;;;;;;;;;;;;;;1;
b815025b7dd65c39;220054;2f0b1037a4b2e8f8;74;2;2024-09-18 00:00:00;2024-10-02 00:00:00;1;2024-09-20 00:00:00;;S72.011A;W19.XXXA;D50.0;E11.65;K59.00;I12.9;N18.32;E11.22;E11.319;I87.2;E78.5;M81.0;G25.2;I69.351;F32.A;Z79.4;Z79.02;;;;S;S;N;N;N;S;S;S;S;S;S;S;S;E;S;E;E;;;;0SRR0J9;F07L6ZZ;F07Z9ZZ;30233N1;3E033NZ;3E033GC;;;;;;;;;;;;;;;;;;;;;;;1;
405b25a79524c22b;220054;2e8073bf98271a2b;64;1;2024-09-27 00:00:00;2024-10-03 00:00:00;1;;;J98.8;E87.5;I10;E11.65;E66.9;C85.80;Z79.69;Z79.4;Z79.84;Z59.3;;;;;;;;;;;S;S;S;S;S;S;E;E;E;E;;;;;;;;;;;3E03329;3E0333Z;3E0F7GC;3E033GC;3E013GC;;;;;;;;;;;;;;;;;;;;;;;;1;
fac2961f0defa2c2;220054;5fb0a236b920d608;74;1;2024-09-26 00:00:00;2024-10-03 00:00:00;1;;;J44.1;F17.210;I10;E11.9;Z99.81;Z79.85;Z88.0;Z88.8;;;;;;;;;;;;;S;S;S;S;E;E;E;E;;;;;;;;;;;;;3E0F7GC;3E0333Z;3E033GC;3E03329;3E033NZ;3E013VG;;;;;;;;;;;;;;;;;;;;;;;1;
50a2f42a47ac88bc;220054;27d424cbf0f6fc9d;74;2;2024-10-01 00:00:00;2024-10-03 00:00:00;1;2024-10-02 00:00:00;;D09.0;J47.9;E78.5;Q85.00;Z88.1;;;;;;;;;;;;;;;;S;S;S;E;E;;;;;;;;;;;;;;;;0TBB8ZZ;3E0K705;;;;;;;;;;;;;;;;;;;;;;;;;;;2;
60f8e95830d55c43;220054;419cf49305262c2b;92;1;2024-09-27 00:00:00;2024-10-03 00:00:00;1;;;I11.0;I50.9;N39.0;B96.89;I31.39;E85.4;I43;R00.1;E79.0;E78.5;N40.0;;;;;;;;;;S;S;S;S;S;S;S;S;S;S;S;;;;;;;;;;BW241ZZ;4A02X4Z;3E033GC;3E0F7GC;;;;;;;;;;;;;;;;;;;;;;;;;1;
a7dcfabbc43d381d;220054;dda1b93152dd3f37;93;1;2024-10-01 00:00:00;2024-10-04 00:00:00;1;2024-10-01 00:00:00;;C21.8;I48.91;D64.9;I25.2;E11.22;I12.9;N18.9;Z79.4;E78.00;J44.9;N40.0;Z95.5;Z87.891;Z59.3;;;;;;;S;S;S;E;S;S;S;E;S;S;S;E;E;E;;;;;;;0DBQ7ZZ;0DBP7ZZ;30233N1;;;;;;;;;;;;;;;;;;;;;;;;;;1;
8353e60c722a2bbe;220054;76ca849d9663e0be;77;2;2024-09-28 00:00:00;2024-10-04 00:00:00;1;;;K64.9;D12.2;E87.5;I10;I48.91;E78.00;Z79.01;;;;;;;;;;;;;;S;S;S;S;S;S;E;;;;;;;;;;;;;;4A02X4Z;0DBK8ZX;3E013GC;;;;;;;;;;;;;;;;;;;;;;;;;;1;
08b3a075fbac15ba;220054;63d5adb72f683882;94;1;2024-09-30 00:00:00;2024-10-04 00:00:00;1;;;J69.0;J96.00;I11.0;I50.9;L89.629;L89.229;L89.219;L89.159;B95.62;I87.2;E78.5;I25.10;I48.91;Z95.1;Z88.6;Z59.3;;;;;S;S;S;S;S;S;S;S;S;S;S;S;S;E;E;E;;;;;3E03329;3E03328;3E0333Z;3E033GC;3E0F7GC;3E033NZ;;;;;;;;;;;;;;;;;;;;;;;1;
fdc63ede6e45b0aa;220054;204703dfd6a05a55;53;1;2024-09-27 00:00:00;2024-10-04 00:00:00;1;;;T39.1X1A;M17.0;I44.7;E11.9;I10;E78.5;F31.9;F71;Z79.84;Z79.899;Z91.199;;;;;;;;;;S;S;S;S;S;S;S;S;E;E;E;;;;;;;;;;3E033GC;4A12X4Z;4A133B1;B246ZZZ;4A02X4Z;3E013GC;3E013VG;;;;;;;;;;;;;;;;;;;;;;1;
a357d7d789b4da6d;220054;2b9b483203fcbd7d;35;2;2024-10-04 00:00:00;2024-10-04 00:00:00;1;;;O02.1;D66;;;;;;;;;;;;;;;;;;;S;S;;;;;;;;;;;;;;;;;;;10D17ZZ;BY49ZZZ;;;;;;;;;;;;;;;;;;;;;;;;;;;2;
c1f603e6cdfb2191;220054;9a95240c24c677d9;29;2;2024-10-01 00:00:00;2024-10-05 00:00:00;1;2024-10-02 00:00:00;;O40.3XX0;O48.0;O69.2XX0;O36.93X0;O90.81;Z3A.41;Z37.0;Z67.30;;;;;;;;;;;;;S;S;N;N;N;E;E;E;;;;;;;;;;;;;10D00Z1;4A1HXCZ;;;;;;;;;;;;;;;;;;;;;;;;;;;1;
c6c29ddaa413e765;220054;475919ec27fabbdc;23;2;2024-10-03 00:00:00;2024-10-06 00:00:00;1;;;O42.92;O48.0;O99.02;D64.9;O70.1;Z3A.40;Z37.0;Z67.40;;;;;;;;;;;;;S;S;S;S;N;E;E;E;;;;;;;;;;;;;10E0XZZ;3E0R3BZ;0KQM0ZZ;4A1HXCZ;;;;;;;;;;;;;;;;;;;;;;;;;1;
11204bb7f5aa66cd;220054;144dd0b147655b57;29;2;2024-10-03 00:00:00;2024-10-06 00:00:00;1;;;O24.424;O99.284;E03.9;Z3A.37;Z37.0;Z67.20;;;;;;;;;;;;;;;S;S;S;E;E;E;;;;;;;;;;;;;;;10E0XZZ;3E0R3BZ;3E0P7VZ;10907ZC;4A1HXCZ;;;;;;;;;;;;;;;;;;;;;;;;1;
69883c5f992851f6;220054;3f869fcc0512762b;44;2;2024-10-03 00:00:00;2024-10-07 00:00:00;1;2024-10-04 00:00:00;;D25.9;D64.9;F32.A;;;;;;;;;;;;;;;;;;S;S;S;;;;;;;;;;;;;;;;;;0UT90ZZ;0UT70ZZ;;;;;;;;;;;;;;;;;;;;;;;;;;;2;
70d524c13204e37d;220054;5d19017796949416;0;1;2024-10-06 00:00:00;2024-10-07 00:00:00;1;;;P92.8;;;;;;;;;;;;;;;;;;;;S;;;;;;;;;;;;;;;;;;;;;;;;;;;;;;;;;;;;;;;;;;;;;;;;1;
57227bbc06598586;220054;4758bbedce84702e;65;1;2024-10-07 00:00:00;2024-10-07 00:00:00;1;2024-10-07 00:00:00;;S42.302D;W19.XXXD;G31.84;F17.210;I10;E11.9;E78.5;I73.9;I25.5;Z95.5;I71.40;I45.10;F10.20;H35.52;K57.30;Z79.82;Z79.84;Z88.6;Z86.73;;E;E;S;S;S;S;S;S;S;E;S;S;S;S;S;E;E;E;E;;0PPFX5Z;;;;;;;;;;;;;;;;;;;;;;;;;;;;2;
e925cb09b9e59409;220054;ed39789a790dca49;90;1;2024-10-05 00:00:00;2024-10-08 00:00:00;4;;;A41.9;J69.0;J96.90;D70.9;I13.11;N18.6;I51.7;I44.0;I48.91;D64.9;R13.10;E66.9;I73.9;Z99.2;Z90.5;Z79.01;Z59.3;;;;S;S;S;S;S;S;S;S;S;S;S;S;S;E;E;E;E;;;;3E03329;3E03328;3E0F7GC;3E013GC;3E0333Z;3E0337Z;;;;;;;;;;;;;;;;;;;;;;;1;
61f1f472ef626bb5;220054;e99f3315ce6c6ba3;39;2;2024-10-07 00:00:00;2024-10-08 00:00:00;1;2024-10-07 00:00:00;;S82.842D;W19.XXXD;Y92.009;;;;;;;;;;;;;;;;;;E;S;S;;;;;;;;;;;;;;;;;;0QPH04Z;0QPK04Z;;;;;;;;;;;;;;;;;;;;;;;;;;;2;
6378f1f7aa0aa816;220054;2c9904a0553aadc1;46;1;2024-10-07 00:00:00;2024-10-08 00:00:00;1;2024-10-07 00:00:00;;K42.9;E11.9;E79.0;;;;;;;;;;;;;;;;;;S;S;S;;;;;;;;;;;;;;;;;;0WUF0JZ;;;;;;;;;;;;;;;;;;;;;;;;;;;;2;
e5b4efe4e7a4a3d4;220054;33c5e850402c42d3;95;1;2024-10-06 00:00:00;2024-10-08 00:00:00;1;2024-10-07 00:00:00;;N35.919;I11.9;I51.7;E78.5;D50.9;E55.9;E26.1;E03.9;E79.0;N40.0;R39.198;;;;;;;;;;S;S;S;S;S;S;S;S;S;S;S;;;;;;;;;;0T7D8ZZ;;;;;;;;;;;;;;;;;;;;;;;;;;;;2;
ffa6d457f530c290;220054;1f867c45cef64987;49;2;2024-10-07 00:00:00;2024-10-08 00:00:00;1;;;D62;N92.1;I50.9;I08.0;I48.21;K74.69;Z95.2;Z94.4;Z79.01;Z79.620;;;;;;;;;;;S;S;S;S;S;S;E;E;E;E;;;;;;;;;;;3E033GC;4A02X4Z;;;;;;;;;;;;;;;;;;;;;;;;;;;1;
24036c57c6009733;220054;97d8da37ecda2ab7;81;1;2024-10-02 00:00:00;2024-10-08 00:00:00;1;;;K85.90;R93.3;I48.91;E78.5;N40.0;I25.9;Z95.5;Z79.01;;;;;;;;;;;;;S;S;S;S;S;S;E;E;;;;;;;;;;;;;BW40ZZZ;4A02X4Z;3E0337Z;3E013GC;3E033NZ;;;;;;;;;;;;;;;;;;;;;;;;1;
2d83f9b6a361b53f;220054;56a2e51a308a60f6;71;1;2024-10-07 00:00:00;2024-10-08 00:00:00;1;2024-10-07 00:00:00;;J34.89;J34.3;;;;;;;;;;;;;;;;;;;S;S;;;;;;;;;;;;;;;;;;;09NL8ZZ;09BL8ZZ;;;;;;;;;;;;;;;;;;;;;;;;;;;2;
35bfd2325b9a8c33;220054;4f13a00b5c9dc7c1;89;2;2024-09-30 00:00:00;2024-10-09 00:00:00;1;;;K92.1;K52.9;K55.9;I70.222;E03.8;I10;G20;F32.A;Z79.82;;;;;;;;;;;;S;S;S;S;S;S;S;S;E;;;;;;;;;;;;BW201ZZ;B54DZZZ;3E03329;3E0337Z;3E033GC;3E013GC;3E033NZ;;;;;;;;;;;;;;;;;;;;;;1;
504a39400fa03c7a;220054;df0a9fb7160cd9af;70;2;2024-09-24 00:00:00;2024-10-10 00:00:00;5;;;I61.1;G81.91;R47.01;I48.91;E85.4;I68.0;F01.50;Z86.73;Z79.01;;;;;;;;;;;;S;S;S;S;S;S;S;E;E;;;;;;;;;;;;B020ZZZ;3E033NZ;3E03329;3E033GC;;;;;;;;;;;;;;;;;;;;;;;;;1;
ad471fd2e27f276c;220054;4c790e7bff226c00;74;1;2024-10-07 00:00:00;2024-10-10 00:00:00;1;;;J10.08;J15.9;J44.0;I10;E11.9;E78.5;I73.9;K70.9;F10.11;Z79.4;Z79.84;Z79.82;;;;;;;;;S;S;S;S;S;S;S;S;S;E;E;E;;;;;;;;;3E03329;3E0F7SF;3E0337Z;3E0F7GC;3E0333Z;3E013GC;4A02X4Z;;;;;;;;;;;;;;;;;;;;;;1;
58cc7f0d9f46da64;220054;c746c46ca2f2614d;59;1;2024-10-04 00:00:00;2024-10-10 00:00:00;1;;;J18.9;F17.210;R91.1;E89.0;Z85.21;Z92.3;Z92.21;;;;;;;;;;;;;;S;S;S;S;E;E;E;;;;;;;;;;;;;;BW24ZZZ;3E03329;;;;;;;;;;;;;;;;;;;;;;;;;;;1;
72a6a86367decac2;220054;8ed9287864e1fe30;68;1;2024-10-04 00:00:00;2024-10-10 00:00:00;1;;;J45.901;J84.89;U09.9;I12.9;N18.9;K44.9;K21.9;F32.A;N40.0;E78.5;Z87.891;;;;;;;;;;S;S;S;S;S;S;S;S;S;S;E;;;;;;;;;;3E0F7GC;3E0333Z;3E0F7SF;3E033NZ;3E033GC;;;;;;;;;;;;;;;;;;;;;;;;1;
07b31374e582b381;220054;913b17717108c60e;0;1;2024-10-07 00:00:00;2024-10-10 00:00:00;1;;;J12.89;B34.1;B97.89;;;;;;;;;;;;;;;;;;S;S;S;;;;;;;;;;;;;;;;;;3E03329;3E033NZ;;;;;;;;;;;;;;;;;;;;;;;;;;;1;
adc4d2a0958510a5;220054;911e56cca6b1cec9;89;1;2024-10-08 00:00:00;2024-10-10 00:00:00;1;2024-10-09 00:00:00;;M20.12;M20.5X2;M86.8X7;;;;;;;;;;;;;;;;;;S;S;S;;;;;;;;;;;;;;;;;;0QSP04Z;0QSR0ZZ;0QSR0ZZ;;;;;;;;;;;;;;;;;;;;;;;;;;2;
ba973053f6589470;220054;ba4b8eac7c05a8e8;88;1;2024-10-04 00:00:00;2024-10-11 00:00:00;1;;;U07.1;J98.8;B96.89;I11.0;I50.9;I48.91;E53.8;E55.9;D50.9;E85.4;I43;N47.1;E79.0;R32;R15.9;Z88.8;Z86.73;Z85.51;Z79.01;;S;S;S;S;S;S;S;S;S;S;S;S;S;S;S;E;E;E;E;;4A02X4Z;3E03329;3E033GC;3E0F7SF;3E033NZ;;;;;;;;;;;;;;;;;;;;;;;;1;
a30bc9cfb8c19f02;220054;92d3fa9a18f71768;8;1;2024-10-12 00:00:00;2024-10-13 00:00:00;1;;;S00.03XA;S00.83XA;S01.411A;W17.89XA;;;;;;;;;;;;;;;;;S;S;S;E;;;;;;;;;;;;;;;;;3E033NZ;;;;;;;;;;;;;;;;;;;;;;;;;;;;1;
e80a36da5ab76455;220054;80bbe8d7cc2977b8;69;1;2024-10-08 00:00:00;2024-10-13 00:00:00;1;2024-10-09 00:00:00;;C61;I10;E11.9;M79.7;F32.A;;;;;;;;;;;;;;;;S;S;S;S;S;;;;;;;;;;;;;;;;0VT04ZZ;0VT34ZZ;07BC0ZZ;;;;;;;;;;;;;;;;;;;;;;;;;;2;
63e196eee30ca131;220054;3ca0a542ce21cee1;48;1;2024-10-12 00:00:00;2024-10-15 00:00:00;1;;;I82.432;I82.442;I82.452;J44.9;G47.33;I11.0;I50.30;I27.20;D75.1;L40.9;Z79.620;E78.5;E66.9;Z87.891;;;;;;;S;S;S;S;S;S;S;S;S;S;E;S;S;E;;;;;;;B54CZZZ;3E033NZ;3E013GC;;;;;;;;;;;;;;;;;;;;;;;;;;1;
35baf5d1e3151ddc;220054;6edfe24501bb68b5;35;1;2024-10-10 00:00:00;2024-10-15 00:00:00;1;;;K56.600;C18.0;C78.6;C77.2;C78.01;Z90.49;Z79.630;Z79.631;;;;;;;;;;;;;S;S;S;S;S;E;E;E;;;;;;;;;;;;;BW201ZZ;0D9670Z;3E033NZ;3E0337Z;3E0333Z;3E013GC;;;;;;;;;;;;;;;;;;;;;;;1;
d3f554c92dbb4b57;220054;1866f80eb243b1ec;83;1;2024-08-24 00:00:00;2024-10-15 00:00:00;1;;;I82.411;M79.81;N17.9;R54;M62.50;I10;I48.91;Z79.01;J44.9;G20;K29.50;;;;;;;;;;S;N;S;S;S;S;S;E;S;S;S;;;;;;;;;;B54DZZZ;B42F1ZZ;B42FZZZ;3E013GC;3E03329;3E033NZ;3E033GC;3E0337Z;;;;;;;;;;;;;;;;;;;;;1;
d88636da2da9568c;220054;182a4003089733ae;53;2;2024-10-14 00:00:00;2024-10-15 00:00:00;1;2024-10-14 00:00:00;;K80.10;;;;;;;;;;;;;;;;;;;;S;;;;;;;;;;;;;;;;;;;;0FT44ZZ;;;;;;;;;;;;;;;;;;;;;;;;;;;;2;
28561cd3bf0f46f0;220054;6e58d33d8f4ea707;50;2;2024-10-16 00:00:00;2024-10-16 00:00:00;1;2024-10-16 00:00:00;;N62;N60.21;Z80.3;;;;;;;;;;;;;;;;;;S;S;E;;;;;;;;;;;;;;;;;;0HBT0ZX;0HHT3YZ;BH40ZZZ;;;;;;;;;;;;;;;;;;;;;;;;;;2;
716cd0ec7cffa372;220054;e434e01ccee85a3c;94;1;2024-10-15 00:00:00;2024-10-17 00:00:00;4;;;J18.9;J96.92;K81.0;J42;E11.22;N18.9;I48.92;N40.0;G30.9;F02.80;E53.8;F20.9;Z79.01;Z59.3;;;;;;;S;S;S;S;S;S;S;S;S;S;S;S;E;E;;;;;;;BW21ZZZ;3E03329;3E033NZ;3E0F7SF;;;;;;;;;;;;;;;;;;;;;;;;;1;
f949c25a6f7e4c0e;220054;60755b74265b415c;91;2;2024-10-16 00:00:00;2024-10-17 00:00:00;4;;;I63.9;R40.2433;R29.727;G40.909;G81.94;R56.9;H53.462;R47.01;I11.0;I50.9;I48.91;Z79.01;Z74.01;;;;;;;;S;S;S;S;S;S;S;S;S;S;S;E;E;;;;;;;;B020ZZZ;4A02X4Z;3E033GC;3E0337Z;3E033NZ;;;;;;;;;;;;;;;;;;;;;;;;1;
8884cc92f2df2249;220054;1451c1ec680938d0;63;1;2024-10-13 00:00:00;2024-10-17 00:00:00;1;2024-10-14 00:00:00;;N40.1;R39.12;R35.1;;;;;;;;;;;;;;;;;;S;S;S;;;;;;;;;;;;;;;;;;0VB00ZZ;;;;;;;;;;;;;;;;;;;;;;;;;;;;2;
a316f32da1b810f6;220054;71f21e8d8b097cec;95;1;2024-10-07 00:00:00;2024-10-17 00:00:00;1;;;I11.0;I50.9;D64.9;I99.9;L97.319;B95.62;M16.11;E11.9;I27.20;I48.91;Z95.5;Z95.0;Z90.79;Z79.82;Z95.3;Z59.3;;;;;S;S;S;S;S;S;S;S;S;S;E;E;E;E;E;E;;;;;BQ20ZZZ;30233N1;3E03329;3E033GC;;;;;;;;;;;;;;;;;;;;;;;;;1;
66f61e9e83a04450;220054;871c28b239be6f1f;88;2;2024-10-16 00:00:00;2024-10-18 00:00:00;1;2024-10-16 00:00:00;;K40.90;I10;E78.5;Z85.3;Z90.11;;;;;;;;;;;;;;;;S;S;S;E;E;;;;;;;;;;;;;;;;0YU50JZ;;;;;;;;;;;;;;;;;;;;;;;;;;;;2;
136b546b3b571d09;220054;7a79a6c708925e80;78;2;2024-10-08 00:00:00;2024-10-18 00:00:00;1;2024-10-10 00:00:00;;S72.101A;W19.XXXA;D50.9;E21.3;E89.0;M81.0;F32.A;Z85.89;Z92.21;Z85.038;Z90.49;;;;;;;;;;S;S;N;S;S;S;S;E;E;E;E;;;;;;;;;;0QS636Z;30233N1;3E033NZ;3E013GC;;;;;;;;;;;;;;;;;;;;;;;;;1;
150ae192ed084b7c;220054;a01cd6c0a6c5e19b;83;1;2024-10-15 00:00:00;2024-10-18 00:00:00;1;;;D50.0;I13.0;N18.4;I50.30;I51.7;I70.91;I71.40;I48.0;Z79.01;Z95.5;Z85.038;Z90.49;;;;;;;;;S;S;S;S;S;S;S;S;E;E;E;E;;;;;;;;;;;;;;;;;;;;;;;;;;;;;;;;;;;;;2;
804e099677087f66;220054;464c04a7387d3837;71;1;2024-10-17 00:00:00;2024-10-18 00:00:00;1;;;K56.50;C78.00;I25.10;N20.0;K44.9;I10;E11.9;E78.5;Z85.038;Z90.49;Z85.89;Z79.60;;;;;;;;;S;S;S;S;S;S;S;S;E;E;E;E;;;;;;;;;BW201ZZ;0D9670Z;3E0DXGC;;;;;;;;;;;;;;;;;;;;;;;;;;1;
6caf0a4d58c1e4a7;220054;8a7d19f4e31b1b82;57;2;2024-10-17 00:00:00;2024-10-19 00:00:00;1;2024-10-18 00:00:00;;M72.0;F41.9;;;;;;;;;;;;;;;;;;;S;S;;;;;;;;;;;;;;;;;;;0LN80ZZ;0JBK0ZZ;;;;;;;;;;;;;;;;;;;;;;;;;;;2;
1082cb0a86093d1c;220054;3faf76fa88e29819;0;1;2024-10-17 00:00:00;2024-10-19 00:00:00;1;;;P59.9;P70.0;Q02;Q63.8;;;;;;;;;;;;;;;;;S;S;E;E;;;;;;;;;;;;;;;;;6A600ZZ;;;;;;;;;;;;;;;;;;;;;;;;;;;;1;
6698dab79a63b783;220054;4d257d5273817822;72;1;2024-10-19 00:00:00;2024-10-20 00:00:00;1;;;J95.09;Y83.3;E11.9;E78.5;D45;Z85.21;Z90.02;Z92.21;Z92.3;Z85.51;Z79.84;Z79.82;;;;;;;;;S;E;S;S;S;E;E;E;E;E;E;E;;;;;;;;;3E0333Z;3E03329;0BH17EZ;3E033NZ;3E0F7GC;3E033GC;;;;;;;;;;;;;;;;;;;;;;;1;
2cfcd1de434fa728;220054;a3ce2446c7fb6ad3;28;2;2024-10-18 00:00:00;2024-10-20 00:00:00;1;;;O62.3;O34.83;N90.811;O70.0;Z3A.41;Z37.0;;;;;;;;;;;;;;;S;S;S;S;E;E;;;;;;;;;;;;;;;10E0XZZ;0HQ9XZZ;;;;;;;;;;;;;;;;;;;;;;;;;;;1;
0b6d2bcbbea73d05;220054;14c22dd036a90cb7;83;2;2024-10-11 00:00:00;2024-10-21 00:00:00;1;;;R55;I11.0;I50.9;G31.09;F02.80;S42.292A;W19.XXXA;E78.5;E78.1;E79.0;J44.9;M81.0;Z91.89;Z86.11;Z79.82;;;;;;S;S;S;S;S;S;S;S;S;S;S;S;E;E;E;;;;;;B020ZZZ;3E033NZ;3E0337Z;3E033GC;;;;;;;;;;;;;;;;;;;;;;;;;1;
c894585c585ead8d;220054;6f4611f0639704d8;93;2;2024-10-18 00:00:00;2024-10-21 00:00:00;4;;;J69.0;I48.91;I50.9;D64.9;F03.C0;R13.19;Z51.5;Z59.3;Z79.01;;;;;;;;;;;;S;S;S;S;S;S;E;E;E;;;;;;;;;;;;3E033NZ;3E03329;3E0337Z;;;;;;;;;;;;;;;;;;;;;;;;;;1;
859d1a197ced2ac0;220054;fefed92cc7a12a47;71;1;2024-10-18 00:00:00;2024-10-22 00:00:00;1;;;E11.649;T38.3X5A;T38.3X6A;Z91.14;I73.9;M99.83;M47.9;M88.1;Z79.52;Z79.891;F17.210;Z79.4;Z79.84;C78.7;C77.2;C25.0;E78.5;K70.30;F10.90;;S;S;S;E;S;S;S;S;E;E;S;E;E;S;S;S;S;S;S;;BW21ZZZ;3E0337Z;;;;;;;;;;;;;;;;;;;;;;;;;;;1;
746e79c3e32987e4;220054;55fce9d57de40eaa;56;1;2024-10-22 00:00:00;2024-10-23 00:00:00;1;2024-10-22 00:00:00;;D09.0;F17.210;;;;;;;;;;;;;;;;;;;S;S;;;;;;;;;;;;;;;;;;;0TBB8ZZ;;;;;;;;;;;;;;;;;;;;;;;;;;;;2;
0223a8df4af009b3;220054;bf7a7dcd360a1d4a;34;2;2024-10-21 00:00:00;2024-10-23 00:00:00;1;2024-10-22 00:00:00;;T84.84XA;G89.28;M79.604;Y83.1;S82.201D;W19.XXXD;;;;;;;;;;;;;;;S;S;S;S;E;S;;;;;;;;;;;;;;;0QPG04Z;;;;;;;;;;;;;;;;;;;;;;;;;;;;2;
ba386359ded8d8a3;220054;731e7176cf5dd5fa;84;1;2024-10-11 00:00:00;2024-10-23 00:00:00;1;;;K80.00;E27.8;K76.89;I10;E78.5;E11.9;I42.0;I48.21;Z95.5;Z79.01;;;;;;;;;;;S;S;S;S;S;S;S;S;E;E;;;;;;;;;;;BW211ZZ;3E03329;3E04328;3E033NZ;3E013GC;3E013VG;3E0337Z;;;;;;;;;;;;;;;;;;;;;;1;
470c52d4303d6840;220054;38735fddc32f0465;69;1;2024-10-17 00:00:00;2024-10-23 00:00:00;1;;;G45.9;I10;F05;F31.9;Z79.899;;;;;;;;;;;;;;;;S;S;S;S;E;;;;;;;;;;;;;;;;B020ZZZ;4A12X4Z;B348ZZZ;3E013GC;3E033NZ;3E033GC;3E0337Z;;;;;;;;;;;;;;;;;;;;;;1;
f68cb3e3bdb7ccf3;220054;d05326677fa9eca0;73;1;2024-10-21 00:00:00;2024-10-23 00:00:00;1;;;K76.82;K59.00;K70.30;K76.6;I85.10;D69.59;E46;K21.9;I10;I48.91;F10.21;Z86.73;Z79.01;;;;;;;;S;S;S;S;S;S;S;S;S;S;S;E;E;;;;;;;;3E1H78Z;;;;;;;;;;;;;;;;;;;;;;;;;;;;1;
31dfd128d47ae5a6;220054;ad5faa81e4fbe45b;22;1;2024-10-23 00:00:00;2024-10-24 00:00:00;1;2024-10-23 00:00:00;;L05.92;;;;;;;;;;;;;;;;;;;;S;;;;;;;;;;;;;;;;;;;;0JB90ZZ;;;;;;;;;;;;;;;;;;;;;;;;;;;;2;
d642d1cfa6e2a13c;220054;1f911165402d14d0;65;2;2024-10-24 00:00:00;2024-10-24 00:00:00;1;2024-10-24 00:00:00;;C82.15;;;;;;;;;;;;;;;;;;;;S;;;;;;;;;;;;;;;;;;;;07BJ0ZX;;;;;;;;;;;;;;;;;;;;;;;;;;;;2;
a5ef6a55afb82cc0;220054;f271e6c4c2a98173;75;1;2024-10-16 00:00:00;2024-10-24 00:00:00;1;;;K92.2;D50.0;K55.20;K20.90;K57.30;K64.8;I10;E66.9;H81.10;N40.1;Z79.82;;;;;;;;;;S;S;S;S;S;S;S;S;S;S;E;;;;;;;;;;B246ZZZ;0DJ08ZZ;0DJD8ZZ;30233N1;3E033GC;;;;;;;;;;;;;;;;;;;;;;;;1;
61f7550082538e88;220054;c948644887e7b893;32;2;2024-10-24 00:00:00;2024-10-26 00:00:00;1;2024-10-24 00:00:00;;K80.10;F17.210;Z90.722;;;;;;;;;;;;;;;;;;S;S;E;;;;;;;;;;;;;;;;;;0FT44ZZ;;;;;;;;;;;;;;;;;;;;;;;;;;;;2;
be02d7eb8c7acdde;220054;530d02d5c5c1e661;85;2;2024-10-06 00:00:00;2024-10-27 00:00:00;4;;;U07.1;J98.8;J96.00;I50.9;I35.2;N18.9;I69.398;G40.802;;;;;;;;;;;;;S;S;S;S;S;S;E;S;;;;;;;;;;;;;XW033E5;3E0F7GC;3E0337Z;3E013GC;3E033NZ;3E0333Z;3E03329;3E0F7SF;;;;;;;;;;;;;;;;;;;;;1;
ac80cb31d10d8446;220054;d868f83131a08638;63;1;2024-10-22 00:00:00;2024-10-28 00:00:00;1;2024-10-23 00:00:00;;K43.9;C7B.8;I10;E78.5;H81.09;F43.23;Z87.891;Z85.060;Z90.49;;;;;;;;;;;;S;S;S;S;S;S;E;E;E;;;;;;;;;;;;0WUF0JZ;;;;;;;;;;;;;;;;;;;;;;;;;;;;2;
011f26f2ec324f14;220054;4dbfc8ca41ae9d1b;83;1;2024-10-17 00:00:00;2024-10-28 00:00:00;1;;;N17.9;D64.9;N39.0;B95.2;E78.5;E11.51;E11.22;K52.9;D12.6;I10;N18.32;E11.319;Z79.4;Z88.1;Z88.6;;;;;;S;S;S;S;S;S;S;S;S;S;S;S;E;E;E;;;;;;BW40ZZZ;0DB68ZX;0DBH8ZX;0DBE8ZZ;3E0337Z;30233N1;3E03328;3E033GC;3E033NZ;;;;;;;;;;;;;;;;;;;;1;
2df2648869b780b3;220054;51090a61aa18bc02;43;1;2024-10-28 00:00:00;2024-10-28 00:00:00;4;;;C18.6;C78.01;C78.02;C78.7;C77.2;I27.82;Z79.01;;;;;;;;;;;;;;S;S;S;S;S;S;E;;;;;;;;;;;;;;3E033NZ;3E03329;;;;;;;;;;;;;;;;;;;;;;;;;;;1;
5fd4b6613c5d7c29;220054;df0ae8278dcbd81f;5;2;2024-10-26 00:00:00;2024-10-29 00:00:00;1;;;J20.4;J20.6;J20.8;B97.10;J96.01;;;;;;;;;;;;;;;;S;S;S;S;S;;;;;;;;;;;;;;;;3E0F7GC;;;;;;;;;;;;;;;;;;;;;;;;;;;;1;
218adc4bd7ef6fa9;220054;c6df1ae974c44dc6;24;2;2024-10-28 00:00:00;2024-10-29 00:00:00;1;;;O48.0;O99.824;Z3A.41;Z67.20;Z37.0;;;;;;;;;;;;;;;;S;S;E;E;E;;;;;;;;;;;;;;;;10E0XZZ;10907ZC;3E0R3BZ;4A1HXCZ;;;;;;;;;;;;;;;;;;;;;;;;;1;
1083fd331c823e3a;220054;23049a81ef9b1bee;47;2;2024-10-29 00:00:00;2024-10-29 00:00:00;1;2024-10-29 00:00:00;;N84.3;D17.72;;;;;;;;;;;;;;;;;;;S;S;;;;;;;;;;;;;;;;;;;0UBM0ZZ;;;;;;;;;;;;;;;;;;;;;;;;;;;;2;
c20257cc2aac7929;220054;6d3918a7f5e245a4;69;1;2024-10-14 00:00:00;2024-10-30 00:00:00;1;;;R19.7;N19;N13.9;N14.19;T45.1X5S;D63.0;C79.19;C77.5;Z85.51;Z85.46;Z90.6;Z90.79;Z93.6;E78.5;Z88.1;Z92.21;;;;;S;S;S;S;E;S;S;S;E;E;E;E;E;S;E;E;;;;;3E0337Z;3E033NZ;3E0333Z;;;;;;;;;;;;;;;;;;;;;;;;;;1;
ad2f0bc54adaaea1;220054;a182f27b66204ff6;85;2;2024-10-21 00:00:00;2024-10-30 00:00:00;1;;;U07.1;J98.8;B96.89;G30.9;F02.80;N39.0;I10;I48.0;D50.9;D47.3;E53.8;E03.9;I67.82;I25.2;M15.9;Z95.5;Z79.01;Z59.3;;;S;S;S;S;S;S;S;S;S;S;S;S;S;E;S;E;E;E;;;3E03329;XW033E5;;;;;;;;;;;;;;;;;;;;;;;;;;;1;
15a8f411a3e5a5fa;220054;984223be894051c3;27;1;2024-10-29 00:00:00;2024-10-30 00:00:00;1;2024-10-29 00:00:00;;L05.92;N02.8;Z88.1;;;;;;;;;;;;;;;;;;S;S;E;;;;;;;;;;;;;;;;;;0JB90ZZ;;;;;;;;;;;;;;;;;;;;;;;;;;;;2;
b4796683dee1160e;220054;6f2f09bab102b57a;23;1;2024-10-28 00:00:00;2024-10-30 00:00:00;1;;;G89.18;Y83.6;;;;;;;;;;;;;;;;;;;S;E;;;;;;;;;;;;;;;;;;;BW201ZZ;3E033NZ;3E0337Z;3E033GC;3E03329;;;;;;;;;;;;;;;;;;;;;;;;1;
4780bc63fd0fa936;220054;47cb7098dd1a66c7;33;2;2024-10-28 00:00:00;2024-10-30 00:00:00;1;;;O48.0;O36.93X0;O99.284;E03.9;Z3A.41;Z37.0;Z67.10;;;;;;;;;;;;;;S;N;S;S;E;E;E;;;;;;;;;;;;;;10D07Z6;3E0R3BZ;0W8NXZZ;4A1HXCZ;;;;;;;;;;;;;;;;;;;;;;;;;1;
cb73c3a1deed2d00;220054;5f1e980250b9f826;72;2;2024-10-29 00:00:00;2024-10-31 00:00:00;1;;;G20;;;;;;;;;;;;;;;;;;;;S;;;;;;;;;;;;;;;;;;;;3E033GC;;;;;;;;;;;;;;;;;;;;;;;;;;;;2;
5728f3fff267d2af;220054;6079c02d2fb88049;61;2;2024-10-30 00:00:00;2024-10-31 00:00:00;1;2024-10-30 00:00:00;;D05.12;Z17.0;E11.9;E78.5;I10;Z79.84;Z80.3;;;;;;;;;;;;;;S;E;S;S;S;E;E;;;;;;;;;;;;;;0HBU0ZZ;07B60ZX;3E013KZ;3E013KZ;0HHU3YZ;BH41ZZZ;;;;;;;;;;;;;;;;;;;;;;;2;
859d1a197ced2ac0;220054;b95490cf9abe6a31;71;1;2024-10-25 00:00:00;2024-10-31 00:00:00;1;;;E11.649;I73.9;M99.83;M47.9;M88.1;Z79.52;Z79.891;F17.210;Z79.4;Z79.84;C78.7;C77.2;C25.0;E78.5;K70.30;F10.90;;;;;S;S;S;S;S;E;E;S;E;E;S;S;S;S;S;S;;;;;3E013GC;3E0337Z;3E033GC;;;;;;;;;;;;;;;;;;;;;;;;;;1;
2126021b8c4a8095;220054;81fc6f26ededd346;81;2;2024-10-26 00:00:00;2024-10-31 00:00:00;1;;;K25.4;K29.50;E03.9;E78.5;Z88.2;Z91.041;Z79.82;;;;;;;;;;;;;;S;S;S;S;E;E;E;;;;;;;;;;;;;;0DJ08ZZ;4A02X4Z;30233N1;3E033GC;;;;;;;;;;;;;;;;;;;;;;;;;1;
853d36946721992f;220054;ae5ce03c30cec23e;69;1;2024-10-25 00:00:00;2024-10-31 00:00:00;1;;;H49.02;H53.2;I67.4;I67.82;I13.10;N18.9;I51.7;I45.10;E78.5;F17.210;Z91.51;Z86.002;;;;;;;;;S;S;S;S;S;S;S;S;S;S;E;E;;;;;;;;;B020ZZZ;B345ZZZ;B348ZZZ;B246ZZZ;4A02X4Z;4A12X45;;;;;;;;;;;;;;;;;;;;;;;1;
9340b2a4778e6b05;220054;c3dd2d41be1288cb;52;1;2024-10-29 00:00:00;2024-11-01 00:00:00;1;2024-10-29 00:00:00;;K35.30;;;;;;;;;;;;;;;;;;;;S;;;;;;;;;;;;;;;;;;;;0DTJ4ZZ;BW40ZZZ;;;;;;;;;;;;;;;;;;;;;;;;;;;1;
723ada13635fbc62;220054;5d62e04aefccf050;28;2;2024-10-30 00:00:00;2024-11-02 00:00:00;1;;;O23.03;Z3A.30;;;;;;;;;;;;;;;;;;;S;E;;;;;;;;;;;;;;;;;;;BY4FZZZ;3E03329;3E033NZ;;;;;;;;;;;;;;;;;;;;;;;;;;1;
d56be55980d5e97f;220054;8cb8b5900b269e2d;34;1;2024-10-31 00:00:00;2024-11-02 00:00:00;1;2024-10-31 00:00:00;;K35.31;;;;;;;;;;;;;;;;;;;;S;;;;;;;;;;;;;;;;;;;;0DTJ4ZZ;BW20ZZZ;3E03329;3E033NZ;3E0337Z;;;;;;;;;;;;;;;;;;;;;;;;1;
59aa01aa30a29657;220054;e37adb9b95a1c1be;73;1;2024-10-31 00:00:00;2024-11-02 00:00:00;1;2024-10-31 00:00:00;;K35.80;R97.20;R31.9;M89.8X9;I11.9;E11.9;G47.33;I25.10;I77.4;Z95.818;;;;;;;;;;;S;S;S;S;S;S;S;S;S;E;;;;;;;;;;;0DTJ4ZZ;BW20ZZZ;;;;;;;;;;;;;;;;;;;;;;;;;;;1;
282f842550505b76;220054;d2454a4e2b0a4f99;0;2;2024-10-30 00:00:00;2024-11-03 00:00:00;1;;;P07.18;P03.4;;;;;;;;;;;;;;;;;;;S;S;;;;;;;;;;;;;;;;;;;;;;;;;;;;;;;;;;;;;;;;;;;;;;;1;
33fa036f4684f356;220054;dac7de0136b8e2e9;82;1;2024-10-25 00:00:00;2024-11-04 00:00:00;1;;;E86.0;E87.0;N39.0;J96.00;E46;K56.41;F03.C0;R13.10;I25.2;I10;E78.5;I67.82;Z59.3;;;;;;;;S;S;S;S;S;S;S;S;E;S;S;S;E;;;;;;;;B020ZZZ;3E03329;3E033GC;3E0337Z;;;;;;;;;;;;;;;;;;;;;;;;;1;
89c79db1e656f770;220054;675b9bf000e617ff;84;1;2024-10-27 00:00:00;2024-11-04 00:00:00;1;;;J84.9;I11.0;I50.9;N39.0;E78.5;N40.0;J96.10;Z99.81;;;;;;;;;;;;;S;S;S;S;S;S;S;E;;;;;;;;;;;;;3E03329;3E0F7GC;3E0333Z;3E033GC;3E0F7SF;;;;;;;;;;;;;;;;;;;;;;;;1;
52f5fb3d045778c7;220054;81c99a48a5942ce6;0;2;2024-11-03 00:00:00;2024-11-04 00:00:00;1;;;P59.9;;;;;;;;;;;;;;;;;;;;S;;;;;;;;;;;;;;;;;;;;6A600ZZ;;;;;;;;;;;;;;;;;;;;;;;;;;;;1;
ef1fb8fbe508595c;220054;e199d203a0a1525f;80;1;2024-10-28 00:00:00;2024-11-04 00:00:00;1;;;J47.0;B96.89;J96.10;C16.0;C79.9;E46;D64.9;Z79.60;Z86.11;;;;;;;;;;;;S;S;S;S;S;S;S;E;E;;;;;;;;;;;;3E03329;3E0333Z;3E0F7GC;3E0F7SF;3E0337Z;3E033GC;3E013GC;;;;;;;;;;;;;;;;;;;;;;1;
3c68ce660f62e1b3;220054;231d72367f3b4975;86;2;2024-10-22 00:00:00;2024-11-05 00:00:00;4;;;N39.0;B96.5;J96.90;I13.0;I50.9;I51.7;N17.9;N18.9;I27.20;I48.0;I35.0;E78.5;E66.3;I45.10;E04.2;E03.8;I25.10;M31.0;F09;F32.A;S;S;S;S;S;S;S;S;S;S;S;S;S;S;S;S;S;S;S;S;3E033NZ;3E033GC;3E0337Z;3E03329;3E013GC;3E013VJ;;;;;;;;;;;;;;;;;;;;;;;1;
c5c2bb7b957bba5c;220054;1a0f9b3db165a57f;60;2;2024-11-04 00:00:00;2024-11-05 00:00:00;1;2024-11-04 00:00:00;;M75.121;M66.811;M75.21;M75.51;;;;;;;;;;;;;;;;;S;S;S;S;;;;;;;;;;;;;;;;;0LQ14ZZ;0RBJ4ZZ;0L814ZZ;;;;;;;;;;;;;;;;;;;;;;;;;;2;
3c6ee56a92be8165;220054;ac37144bbfd05e70;71;2;2024-10-27 00:00:00;2024-11-05 00:00:00;1;2024-10-28 00:00:00;;T84.033A;F10.10;M81.0;Z96.651;Z88.8;;;;;;;;;;;;;;;;S;S;S;S;E;;;;;;;;;;;;;;;;0SPD0JZ;0SRD0J9;0SUD09C;;;;;;;;;;;;;;;;;;;;;;;;;;2;
5c426c21291c4c1e;220054;4f18f4b57689b1f6;80;1;2024-11-02 00:00:00;2024-11-05 00:00:00;2;;;G40.109;G83.84;F05;G93.89;I12.9;N18.9;D63.1;K29.80;M35.3;I25.10;I25.2;Z87.891;Z86.73;;;;;;;;S;S;N;S;S;S;S;S;S;S;E;E;E;;;;;;;;4A12X4Z;4A133B1;B0201ZZ;B32RYZZ;3E0F7SF;3E033NZ;;;;;;;;;;;;;;;;;;;;;;;1;
c4ae2b570b486b8c;220054;11a1836c3fd36481;85;2;2024-11-05 00:00:00;2024-11-06 00:00:00;1;2024-11-05 00:00:00;;K43.2;I10;E78.1;R32;G47.33;J47.9;Z99.89;;;;;;;;;;;;;;S;S;S;S;S;S;S;;;;;;;;;;;;;;0WUF0JZ;;;;;;;;;;;;;;;;;;;;;;;;;;;;2;
121ffb869d18307d;220054;098bc609293a7040;70;1;2024-11-05 00:00:00;2024-11-06 00:00:00;1;2024-11-05 00:00:00;;D09.0;N35.914;I10;E78.5;N40.0;;;;;;;;;;;;;;;;S;S;S;S;S;;;;;;;;;;;;;;;;0TBB8ZZ;0T7D8ZZ;3E0K705;;;;;;;;;;;;;;;;;;;;;;;;;;2;
f23be98a71602ceb;220054;21819ff3f07d6ef1;44;2;2024-11-06 00:00:00;2024-11-06 00:00:00;1;2024-11-06 00:00:00;;G56.02;;;;;;;;;;;;;;;;;;;;S;;;;;;;;;;;;;;;;;;;;01N50ZZ;;;;;;;;;;;;;;;;;;;;;;;;;;;;2;
343e739e8f7911f6;220054;5a9e912d94634e66;66;1;2024-11-06 00:00:00;2024-11-07 00:00:00;1;2024-11-06 00:00:00;;K40.90;E78.5;I87.2;F25.9;;;;;;;;;;;;;;;;;S;S;S;S;;;;;;;;;;;;;;;;;0YU54JZ;;;;;;;;;;;;;;;;;;;;;;;;;;;;2;
0d884482bc8d6c82;220054;ada63272e33fd520;57;2;2024-11-02 00:00:00;2024-11-08 00:00:00;1;;;J18.9;J45.901;J96.20;I10;E66.2;F41.9;Z99.89;Z99.81;Z87.891;;;;;;;;;;;;S;S;S;S;S;S;E;E;E;;;;;;;;;;;;3E0333Z;3E0F7GC;3E03329;;;;;;;;;;;;;;;;;;;;;;;;;;1;
6b56aeda032193ea;220054;40ce70434dc55727;22;2;2024-11-08 00:00:00;2024-11-11 00:00:00;1;;;O23.02;O35.09X0;O35.06X0;Z3A.21;;;;;;;;;;;;;;;;;S;S;S;E;;;;;;;;;;;;;;;;;BY4CZZZ;3E03329;3E033NZ;;;;;;;;;;;;;;;;;;;;;;;;;;1;
ce6b2fea2b92f076;220054;7ed9c0bd66699d28;80;2;2024-11-06 00:00:00;2024-11-11 00:00:00;1;;;I82.412;R40.0;T50.905A;F09;I11.9;I51.7;E11.9;E78.1;R13.10;Z95.0;Z95.3;Z85.3;Z92.3;Z74.09;Z79.84;Z79.82;;;;;S;N;N;S;S;S;S;S;S;E;E;E;E;S;E;E;;;;;B54CZZZ;4A02X4Z;3E013GC;;;;;;;;;;;;;;;;;;;;;;;;;;1;
33207a39672e1d68;220054;42cc779b803a7cf7;73;1;2024-11-10 00:00:00;2024-11-12 00:00:00;1;;;J98.8;B96.89;D80.1;C81.90;E79.0;G47.33;Z99.89;Z85.46;Z92.3;Z98.84;Z87.891;Z80.6;;;;;;;;;S;S;S;S;S;S;E;E;E;E;E;E;;;;;;;;;3E03329;3E0F7SF;BW241ZZ;BW29YZZ;3E0F7GC;3E033NZ;3E013VG;;;;;;;;;;;;;;;;;;;;;;1;
4289c289d377519d;220054;959f98da5897019c;59;1;2024-10-23 00:00:00;2024-11-13 00:00:00;1;;;K80.00;K70.31;N39.0;B96.20;Z16.12;J44.9;G47.33;F10.20;F14.91;F12.91;F20.0;F17.210;Z99.89;;;;;;;;S;N;S;S;S;S;S;S;S;S;S;S;E;;;;;;;;3E033NZ;3E03329;BW40ZZZ;3E033GC;0W9G3ZX;3E0333Z;3E0337Z;3E0F7GC;3E013GC;;;;;;;;;;;;;;;;;;;;1;
05f119c9d8e461ca;220054;b235693ffb2d337e;71;1;2024-11-12 00:00:00;2024-11-13 00:00:00;1;2024-11-12 00:00:00;;K43.9;I10;E78.5;E11.9;Z79.84;Z79.82;;;;;;;;;;;;;;;S;S;S;S;E;E;;;;;;;;;;;;;;;0WUF0JZ;;;;;;;;;;;;;;;;;;;;;;;;;;;;2;
d714fee9f43441f5;220054;1eadefad643483e2;47;2;2024-11-12 00:00:00;2024-11-13 00:00:00;1;;;N20.2;N23;M79.7;R53.82;G43.909;;;;;;;;;;;;;;;;S;S;S;S;S;;;;;;;;;;;;;;;;BW2110Z;3E0337Z;3E033NZ;;;;;;;;;;;;;;;;;;;;;;;;;;1;
a12b08fe333ce2ba;220054;81de36e18b949eb7;65;2;2024-10-30 00:00:00;2024-11-13 00:00:00;1;;;J70.2;T45.1X5A;J69.0;J96.91;C10.9;C79.51;R13.19;E10.65;T38.0X5A;E10.649;I87.2;F41.8;Z86.73;;;;;;;;S;S;S;S;S;S;S;N;N;N;S;S;E;;;;;;;;3E0333Z;3E0F7SF;3E03329;4A13XR1;BW241ZZ;4A02X4Z;3E0F7GC;3E013GC;3E0337Z;3E033NZ;3E033GC;;;;;;;;;;;;;;;;;;1;
7a39b7f9359b4f99;220054;8e901a61b39ca070;89;1;2024-11-05 00:00:00;2024-11-14 00:00:00;1;;;A41.9;N39.0;N40.1;Z96.0;K59.09;Z88.8;;;;;;;;;;;;;;;S;S;S;S;S;E;;;;;;;;;;;;;;;BW20ZZZ;3E03329;3E033NZ;3E0F7SF;3E013GC;3E1H78Z;;;;;;;;;;;;;;;;;;;;;;;1;
ababa18c11aab233;220054;cd7dbb02498b3379;71;1;2024-11-10 00:00:00;2024-11-14 00:00:00;1;2024-11-11 00:00:00;;C61;G47.33;Z99.89;;;;;;;;;;;;;;;;;;S;S;E;;;;;;;;;;;;;;;;;;0VT04ZZ;0VT34ZZ;0TBC4ZX;;;;;;;;;;;;;;;;;;;;;;;;;;2;
d9ff0093f1cc7fcb;220054;f014de5b467ec4d8;80;1;2024-11-09 00:00:00;2024-11-14 00:00:00;2;;;G40.901;I12.9;N18.9;D63.1;D50.9;M10.9;E55.9;Z86.718;Z79.82;;;;;;;;;;;;S;S;S;S;S;S;S;E;E;;;;;;;;;;;;4A12X4Z;B348ZZZ;B020ZZZ;3E033NZ;3E033GC;5A1935Z;0BH17EZ;3E0337Z;;;;;;;;;;;;;;;;;;;;;1;
510b2f6c76f349b2;220054;f29ea4c61fb51186;85;2;2024-11-04 00:00:00;2024-11-14 00:00:00;1;;;I21.19;I25.10;I25.3;Z95.5;E11.9;I10;Z86.73;Z87.74;E03.9;Z79.82;Z79.84;Z88.0;;;;;;;;;S;S;S;E;S;S;E;E;S;E;E;E;;;;;;;;;4A02X4Z;4A12X4Z;4A13XB1;B246ZZZ;3E033NZ;3E033GC;3E013VG;3E0337Z;;;;;;;;;;;;;;;;;;;;;1;
0cccfff396b38d01;220054;ab646fd0a05aa8ea;87;1;2024-10-05 00:00:00;2024-11-14 00:00:00;1;;;K52.9;A04.72;D64.9;I10;E78.5;C61;Z19.2;C79.51;;;;;;;;;;;;;S;S;S;S;S;S;E;S;;;;;;;;;;;;;0DBK8ZX;0DBL8ZX;0DBM8ZX;0DBP8ZX;B020ZZZ;BW241ZZ;4A02X4Z;3E03329;3E0333Z;;;;;;;;;;;;;;;;;;;;1;
ea7fbabe688cae97;220054;3cba2cdbed7fd673;89;2;2024-11-12 00:00:00;2024-11-14 00:00:00;4;;;I13.11;I50.1;N18.9;I35.0;J96.02;E87.29;J98.8;I42.0;I27.20;I48.20;J45.909;;;;;;;;;;S;S;S;S;S;S;S;S;S;S;S;;;;;;;;;;5A0945Z;3E033GC;3E033NZ;3E013GC;3E0333Z;3E0337Z;;;;;;;;;;;;;;;;;;;;;;;1;
929a2b555c14802f;220054;7e99a8c37cd7bf0a;20;2;2024-11-11 00:00:00;2024-11-15 00:00:00;1;;;N10;N91.1;L50.0;T36.8X5A;;;;;;;;;;;;;;;;;S;S;N;N;;;;;;;;;;;;;;;;;BW211ZZ;3E03329;3E0337Z;3E033NZ;3E033GC;3E0333Z;3E013GC;;;;;;;;;;;;;;;;;;;;;;1;
37a03388958fc6b5;220054;e30f3a575e3302bf;85;2;2024-11-05 00:00:00;2024-11-15 00:00:00;1;;;J18.9;I11.0;I50.33;N39.0;B96.20;Z16.12;E05.20;I08.1;I27.20;I48.91;Z86.73;Z59.3;Z79.01;;;;;;;;S;S;S;S;S;S;S;S;S;S;E;E;E;;;;;;;;BW21ZZZ;BG44ZZZ;B246ZZZ;4A02X4Z;3E03329;3E033GC;3E033NZ;;;;;;;;;;;;;;;;;;;;;;1;
1c91a7f1add6c930;220054;9b225f3f59040b55;70;2;2024-11-08 00:00:00;2024-11-15 00:00:00;1;;;R50.9;J20.9;J70.4;T45.1X5A;C50.919;C78.7;Z17.0;J45.909;K12.0;D53.9;E87.1;I10;I87.2;E79.0;Z79.52;;;;;;S;S;S;S;S;S;E;S;S;S;S;S;S;S;E;;;;;;3E1F88X;0B918ZX;3E03329;3E0333Z;;;;;;;;;;;;;;;;;;;;;;;;;1;
1908d71fee8e6fb4;220054;cd6155dc359c8044;90;2;2024-11-09 00:00:00;2024-11-15 00:00:00;1;;;J20.9;I11.0;I50.9;I51.7;J96.90;I48.91;E89.0;M81.0;F32.A;G31.84;Z88.8;Z85.3;Z90.11;Z92.3;;;;;;;S;S;S;S;S;S;S;S;S;S;E;E;E;E;;;;;;;3E03329;3E0F7GC;3E033GC;3E0333Z;;;;;;;;;;;;;;;;;;;;;;;;;1;
2ec610e44d89a40a;220054;c3d00d95c1dd9b7f;77;2;2024-11-12 00:00:00;2024-11-15 00:00:00;1;;;S09.90XA;T79.6XXA;W19.XXXA;Y92.000;R82.5;R40.0;G30.9;F02.80;J98.8;;;;;;;;;;;;S;S;S;S;S;S;S;S;S;;;;;;;;;;;;B020ZZZ;3E0337Z;3E013GC;3E033GC;;;;;;;;;;;;;;;;;;;;;;;;;1;
3e8eabecaafbcc4e;220054;fc27e5a1e2e705ec;31;2;2024-11-13 00:00:00;2024-11-15 00:00:00;1;;;O99.284;E07.9;O99.344;F41.9;O70.0;O90.81;Z3A.37;Z37.0;Z67.10;;;;;;;;;;;;S;S;S;S;N;N;E;E;E;;;;;;;;;;;;10E0XZZ;3E0R3BZ;0UQGXZZ;4A1HXCZ;;;;;;;;;;;;;;;;;;;;;;;;;1;
6972aa0f90a72e5f;220054;f567494570f8c3b7;81;1;2024-11-11 00:00:00;2024-11-16 00:00:00;1;2024-11-12 00:00:00;;K80.10;I10;Z88.1;Z88.8;;;;;;;;;;;;;;;;;S;S;E;E;;;;;;;;;;;;;;;;;0FT40ZZ;BW40ZZZ;;;;;;;;;;;;;;;;;;;;;;;;;;;2;
aff730dcb90bcaba;220054;5e9f60ffe5dfcc8f;93;1;2024-11-07 00:00:00;2024-11-18 00:00:00;1;;;J18.9;I13.0;N18.4;I50.9;I48.91;R00.1;T17.918A;R13.10;D50.9;E78.5;I71.9;I44.7;Z95.1;Z79.01;Z59.3;;;;;;S;S;S;S;S;S;S;S;S;S;S;S;E;E;E;;;;;;4A02X4Z;3E03329;3E0F7GC;;;;;;;;;;;;;;;;;;;;;;;;;;1;
5fa755339b6f64f2;220054;dc9a8f8c88d99beb;79;2;2024-11-15 00:00:00;2024-11-18 00:00:00;1;;;I21.29;I24.1;I25.10;Z95.5;E78.5;I10;E03.9;M35.3;Z79.52;Z88.1;Z88.8;;;;;;;;;;S;S;S;E;S;S;S;S;E;E;E;;;;;;;;;;3E013GC;4A02X4Z;4A12X4Z;;;;;;;;;;;;;;;;;;;;;;;;;;1;
c438bbbc6f614b3f;220054;8fbcdcf3ab161811;23;2;2024-11-18 00:00:00;2024-11-18 00:00:00;1;;;N83.201;;;;;;;;;;;;;;;;;;;;S;;;;;;;;;;;;;;;;;;;;BU4CZZZ;BW40ZZZ;3E0333Z;3E033NZ;;;;;;;;;;;;;;;;;;;;;;;;;1;
afd78877156bbb8f;220054;9516ac1ea8fd3e82;83;2;2024-11-01 00:00:00;2024-11-18 00:00:00;1;2024-11-02 00:00:00;;L89.154;B96.4;G20;F02.80;E46;N17.9;I12.9;E11.22;N18.9;D63.1;E03.8;E78.5;F05;Z85.048;Z90.49;Z86.73;Z87.440;Z79.84;Z79.82;Z74.09;S;S;S;S;S;S;S;S;S;S;S;S;S;E;E;E;E;E;E;S;0JBC0ZZ;3E03329;3E03328;3E013VJ;3E033GC;3E033NZ;3E0337Z;3E013GC;3E013VG;;;;;;;;;;;;;;;;;;;;1;
410c9db6ce5a931f;220054;9e4179accf926379;59;1;2024-11-18 00:00:00;2024-11-19 00:00:00;1;2024-11-18 00:00:00;;Q53.112;F17.210;Z87.01;Z86.19;;;;;;;;;;;;;;;;;E;S;E;E;;;;;;;;;;;;;;;;;0VT90ZZ;;;;;;;;;;;;;;;;;;;;;;;;;;;;2;
6450a57574d66490;220054;743158799d9e7f4c;90;1;2024-11-12 00:00:00;2024-11-19 00:00:00;1;;;I13.0;I50.33;I08.2;J45.909;R97.0;I87.2;K90.49;Z88.0;N18.31;I48.91;R00.1;Z79.01;Z91.012;Z91.09;Z88.8;;;;;;S;S;S;S;S;S;S;E;S;S;S;E;E;E;E;;;;;;BW25ZZZ;BW40ZZZ;3E033GC;3E0F7GC;;;;;;;;;;;;;;;;;;;;;;;;;1;
6463a528198414d4;220054;8854abd94360066d;72;1;2024-11-17 00:00:00;2024-11-20 00:00:00;4;;;I13.0;I50.23;N18.32;R11.10;R19.7;I42.0;I48.21;I08.0;T82.897A;I36.1;Y83.1;E11.9;I27.20;E05.90;E79.0;D75.1;K76.1;E78.5;G31.84;Z79.01;S;S;S;S;S;S;S;S;S;S;S;S;S;S;S;S;S;S;S;E;BW24ZZZ;3E033GC;3E0337Z;3E03329;3E033NZ;3E013GC;;;;;;;;;;;;;;;;;;;;;;;1;
5d074a91b7f06808;220054;efad6dac415dd445;71;1;2024-11-13 00:00:00;2024-11-20 00:00:00;1;;;J44.0;J44.1;J22;I10;E78.5;E11.9;Z87.891;Z79.84;Z95.5;Z88.0;Z91.09;;;;;;;;;;S;S;S;S;S;S;E;E;E;E;E;;;;;;;;;;3E03329;3E0F7GC;3E0F7SF;3E0333Z;3E013GC;3E013VG;3E033NZ;;;;;;;;;;;;;;;;;;;;;;1;
8b0b353525a5a3cf;220054;fd126935cbd992a6;70;2;2024-11-17 00:00:00;2024-11-20 00:00:00;1;2024-11-18 00:00:00;;D09.0;E78.5;Z85.42;Z90.710;Z90.722;;;;;;;;;;;;;;;;S;S;E;E;E;;;;;;;;;;;;;;;;0TBB8ZZ;;;;;;;;;;;;;;;;;;;;;;;;;;;;2;
7ff0076b41ed588f;220054;295ef5da23b18435;63;2;2024-11-13 00:00:00;2024-11-20 00:00:00;1;2024-11-14 00:00:00;;M17.12;Z88.6;Z91.041;;;;;;;;;;;;;;;;;;S;E;E;;;;;;;;;;;;;;;;;;0SRD0JZ;;;;;;;;;;;;;;;;;;;;;;;;;;;;2;
ba20d3e139e751e3;220054;0eb904060725e7e9;60;1;2024-11-18 00:00:00;2024-11-21 00:00:00;4;;;C61;C78.7;C77.2;C79.51;C79.52;Z51.5;;;;;;;;;;;;;;;S;S;S;S;S;E;;;;;;;;;;;;;;;3E033NZ;3E03329;3E0333Z;3E0337Z;;;;;;;;;;;;;;;;;;;;;;;;;1;
b361752e0b9bda5b;220054;155b075261d8b27c;74;1;2024-11-17 00:00:00;2024-11-21 00:00:00;1;2024-11-18 00:00:00;;C61;I10;;;;;;;;;;;;;;;;;;;S;S;;;;;;;;;;;;;;;;;;;0VT04ZZ;0VT34ZZ;0VTQ4ZZ;07TC4ZZ;;;;;;;;;;;;;;;;;;;;;;;;;2;
7d52205cd6b9e1b6;220054;20ecc666b9f5e3af;78;1;2024-11-19 00:00:00;2024-11-21 00:00:00;1;2024-11-19 00:00:00;;D09.0;E78.5;E11.9;I10;C78.7;Z79.60;Z85.038;Z90.49;;;;;;;;;;;;;S;S;S;S;S;E;E;E;;;;;;;;;;;;;0TBB8ZZ;;;;;;;;;;;;;;;;;;;;;;;;;;;;2;
eaa0a2c87cfb3578;220054;836c44299235eb3f;47;2;2024-11-20 00:00:00;2024-11-21 00:00:00;1;2024-11-20 00:00:00;;D24.2;N60.82;;;;;;;;;;;;;;;;;;;S;S;;;;;;;;;;;;;;;;;;;0HBU0ZZ;0HHU3YZ;;;;;;;;;;;;;;;;;;;;;;;;;;;2;
75baedeffff1ffb8;220054;a3869011b70c0f49;8;1;2024-11-21 00:00:00;2024-11-21 00:00:00;1;;;Z01.82;;;;;;;;;;;;;;;;;;;;E;;;;;;;;;;;;;;;;;;;;;;;;;;;;;;;;;;;;;;;;;;;;;;;;2;
2aef3bcdd2814670;220054;3938c0273ba801aa;62;1;2024-11-18 00:00:00;2024-11-22 00:00:00;1;;;I69.351;I69.320;R22.1;R07.9;I25.2;F17.210;Z79.82;;;;;;;;;;;;;;E;E;S;S;E;S;E;;;;;;;;;;;;;;B020ZZZ;4A12X4Z;B246ZZZ;;;;;;;;;;;;;;;;;;;;;;;;;;1;
15c88babaf89a9e4;220054;f8bdfb81e9ccb4e6;6;2;2024-11-21 00:00:00;2024-11-22 00:00:00;1;;;A09;;;;;;;;;;;;;;;;;;;;S;;;;;;;;;;;;;;;;;;;;3E0337Z;;;;;;;;;;;;;;;;;;;;;;;;;;;;1;
09ed44895ea888be;220054;17eedaa8a1ec00f6;71;2;2024-11-17 00:00:00;2024-11-22 00:00:00;1;;;C34.92;J91.0;R21;L27.0;T45.515A;T50.8X5A;B34.9;I10;I48.91;I44.7;E05.80;T46.2X5S;F32.A;Z57.2;;;;;;;S;S;N;N;N;N;N;S;S;S;S;E;S;E;;;;;;;0W9B3ZX;BB4BZZZ;3E0333Z;3E033GC;;;;;;;;;;;;;;;;;;;;;;;;;2;
2ab2bf7856466591;220054;e70194bb17379f26;27;2;2024-11-20 00:00:00;2024-11-22 00:00:00;1;;;O42.92;O99.824;O69.82X0;O48.0;O70.0;Z3A.40;Z37.0;Z67.40;;;;;;;;;;;;;S;S;S;S;N;E;E;E;;;;;;;;;;;;;10E0XZZ;3E0R3BZ;0HQ9XZZ;4A1HXCZ;;;;;;;;;;;;;;;;;;;;;;;;;1;
7642129247b11971;220054;176be54047b6d2ea;26;2;2024-10-30 00:00:00;2024-11-22 00:00:00;1;;;T82.858A;I16.0;T86.11;N05.9;T86.12;N18.6;Z99.2;R50.9;R78.81;B95.2;R59.9;H35.039;D69.6;Q61.4;Z79.621;Z79.52;;;;;S;S;S;S;S;S;E;N;N;N;S;S;S;E;E;E;;;;;4A13XB1;4A12X4Z;3E0337Z;3E033GC;3E03329;BW211ZZ;;;;;;;;;;;;;;;;;;;;;;;1;
4ffca399dc2383c3;220054;da85c1438288064a;30;2;2024-11-21 00:00:00;2024-11-23 00:00:00;1;;;O69.2XX0;O90.81;Z3A.40;Z37.0;Z67.20;;;;;;;;;;;;;;;;N;N;E;E;E;;;;;;;;;;;;;;;;10E0XZZ;10907ZC;4A1HXCZ;3E0R3BZ;;;;;;;;;;;;;;;;;;;;;;;;;1;
5f08cbcfdc219e57;220054;b5b8517d2399efe0;73;2;2024-11-20 00:00:00;2024-11-23 00:00:00;1;2024-11-20 00:00:00;;T85.49XA;Y83.1;I10;E78.5;;;;;;;;;;;;;;;;;S;S;S;S;;;;;;;;;;;;;;;;;0HPT0JZ;0HPU0JZ;0HBV0ZZ;;;;;;;;;;;;;;;;;;;;;;;;;;2;
5c088770a21be90d;220054;eb1d6123868d70ca;88;1;2024-11-10 00:00:00;2024-11-24 00:00:00;4;;;I13.0;I50.33;E11.22;N18.4;N25.81;J18.9;Y95;J96.00;E78.5;E66.9;I25.2;I08.0;D64.9;E55.9;E21.1;K59.00;Z79.82;Z79.84;Z87.891;;S;S;S;S;S;N;N;N;S;S;E;S;S;S;S;S;E;E;E;;3E033GC;3E03329;3E033NZ;3E0F7GC;3E013GC;3E1H78Z;3E0337Z;3E013VJ;3E0333Z;;;;;;;;;;;;;;;;;;;;1;
c1170561f90bf903;220054;955422c18d4f3a53;79;1;2024-11-11 00:00:00;2024-11-25 00:00:00;1;;;J18.9;Y95;D50.9;E06.3;K57.30;I48.91;Z79.01;Z95.0;I10;G47.30;Z99.89;Z85.46;Z92.3;;;;;;;;S;E;S;S;S;S;E;E;S;S;E;E;E;;;;;;;;BW241ZZ;B246ZZZ;4A02X4Z;3E03329;3E033NZ;3E0337Z;3E033GC;;;;;;;;;;;;;;;;;;;;;;1;
d4aba2c084b686c5;220054;84f163fcd85fd521;74;2;2024-11-13 00:00:00;2024-11-26 00:00:00;1;2024-11-14 00:00:00;;C16.9;C77.2;D50.0;Z53.31;I97.52;Y65.8;E86.1;A04.72;I10;I44.7;Z95.0;;;;;;;;;;S;S;S;E;N;N;N;N;S;S;E;;;;;;;;;;0DT60ZZ;0D130ZA;0D1A0ZA;07BD0ZZ;0DBL0ZZ;0WJG4ZZ;BW211ZZ;BW21ZZZ;3E013GC;3E013VJ;3E0437Z;3E043GC;3E0F7SF;4A13XB1;4A13XR1;4A12X4Z;0T9B70Z;;;;;;;;;;;;2;
cc4e6d28b1ec1c0c;220054;1a599a1b89dea566;85;1;2024-11-05 00:00:00;2024-11-26 00:00:00;1;;;K85.10;K80.70;K83.1;K76.89;I10;E11.9;Z79.4;G31.83;F02.80;G20;M47.9;M99.83;Z87.440;Z91.041;;;;;;;S;S;S;S;S;S;E;S;S;S;S;S;E;E;;;;;;;BW20ZZZ;3E03329;3E0337Z;3E033NZ;3E013GC;3E0333Z;;;;;;;;;;;;;;;;;;;;;;;1;
6085532d1d9c2b50;220054;e1bd63fc7a438aa4;80;1;2024-11-19 00:00:00;2024-11-27 00:00:00;1;;;R50.9;Z87.01;I12.9;E11.22;N18.4;D64.9;J44.9;I71.40;I87.2;Z87.891;Z95.820;Z86.711;Z79.84;Z79.01;Z79.82;;;;;;S;E;S;S;S;S;S;S;S;E;E;E;E;E;E;;;;;;BW24ZZZ;B246ZZZ;4A02X4Z;3E03329;3E0F7SF;3E033NZ;3E0337Z;3E013VG;3E013VJ;3E033GC;;;;;;;;;;;;;;;;;;;1;
a03170bee5a3df5b;220054;b0578679b3d0c73f;64;2;2024-11-23 00:00:00;2024-11-27 00:00:00;1;;;K52.9;I10;E11.9;E03.9;Z79.84;Z79.82;;;;;;;;;;;;;;;S;S;S;S;E;E;;;;;;;;;;;;;;;3E0337Z;3E03329;3E033NZ;3E033GC;3E013VG;;;;;;;;;;;;;;;;;;;;;;;;1;
3d50749ef060e41f;220054;56416b3b6ccf68c1;71;1;2024-11-19 00:00:00;2024-11-27 00:00:00;2;;;S27.322A;S22.21XA;S22.42XA;S32.011A;S32.029A;S32.039A;S36.892A;S30.1XXA;T79.6XXA;V43.52XA;I95.89;I48.0;R73.01;I25.2;Z95.5;Z79.01;;;;;S;S;S;S;S;S;S;S;S;S;S;S;S;E;E;E;;;;;BW201ZZ;B020ZZZ;BW24ZZZ;3E033NZ;3E0337Z;3E043GR;3E0F7SF;3E043XZ;30233N1;3E043RZ;5A09457;3E0436Z;3E013VG;3E043GC;3E0437Z;3E04329;4A12X4Z;4A13XB1;4A133B1;0T9B70Z;;;;;;;;;1;
13984ea5c7fd70cc;220054;c3f3f04df9b589f2;90;2;2024-11-13 00:00:00;2024-11-28 00:00:00;5;2024-11-15 00:00:00;;S72.011A;W19.XXXA;N39.0;D64.9;N81.9;M81.0;I13.0;I50.9;N18.9;E11.22;F43.20;;;;;;;;;;S;S;N;N;S;S;S;S;S;S;S;;;;;;;;;;0SRR0J9;F07L6ZZ;F07Z9ZZ;3E013GC;3E033NZ;3E0337Z;3E033GC;3E0333Z;30233N1;3E013VG;3E03329;;;;;;;;;;;;;;;;;;1;
98f8104c6415fd85;220054;9c9f966f032b10a1;71;2;2024-11-26 00:00:00;2024-11-28 00:00:00;1;2024-11-26 00:00:00;;K80.10;I10;E11.9;I27.82;Z79.01;E78.5;Z85.038;Z85.89;Z92.21;Z90.49;Z90.2;Z90.710;Z90.722;Z79.84;;;;;;;S;S;S;S;E;S;E;E;E;E;E;E;E;E;;;;;;;0FT44ZZ;;;;;;;;;;;;;;;;;;;;;;;;;;;;2;
34b0bdacbe683879;220054;1879646e81c2f46e;63;1;2024-11-26 00:00:00;2024-11-28 00:00:00;1;;;Z48.812;I69.320;;;;;;;;;;;;;;;;;;;E;E;;;;;;;;;;;;;;;;;;;4A12X4Z;;;;;;;;;;;;;;;;;;;;;;;;;;;;1;
2ff9c1ce2f689850;220054;7f2406bffff4ce01;45;1;2024-11-27 00:00:00;2024-11-28 00:00:00;1;2024-11-27 00:00:00;;K64.2;;;;;;;;;;;;;;;;;;;;S;;;;;;;;;;;;;;;;;;;;06BY0ZC;;;;;;;;;;;;;;;;;;;;;;;;;;;;2;
84b8e0b56bd4fc6d;220054;924fd643ad9f8c3b;36;1;2024-11-26 00:00:00;2024-11-28 00:00:00;1;;;R20.2;F06.30;;;;;;;;;;;;;;;;;;;S;S;;;;;;;;;;;;;;;;;;;B020ZZZ;3E0333Z;3E033NZ;3E0337Z;;;;;;;;;;;;;;;;;;;;;;;;;1;
a0f9a7c7835e5fa9;220054;17b2f1faebc16321;41;2;2024-11-28 00:00:00;2024-11-29 00:00:00;1;2024-11-28 00:00:00;;D25.0;;;;;;;;;;;;;;;;;;;;S;;;;;;;;;;;;;;;;;;;;0UB98ZZ;;;;;;;;;;;;;;;;;;;;;;;;;;;;2;
ade3fd817b1809bc;220054;7d16653ca0b8dfd5;60;2;2024-11-24 00:00:00;2024-11-29 00:00:00;1;;;B20;J43.9;J18.9;J96.10;N39.0;B96.20;Z16.29;Z16.11;A63.0;F17.210;F11.20;Z79.899;Z99.81;Z86.19;Z87.01;Z85.41;Z90.710;Z86.002;Z87.440;Z79.82;S;S;S;S;S;S;S;S;S;S;S;E;E;E;E;E;E;E;E;E;3E03329;3E0F7SF;3E033NZ;3E0337Z;3E0333Z;3E0F7GC;;;;;;;;;;;;;;;;;;;;;;;1;
388aef495367130c;220054;a3ed5860478e117e;31;2;2024-11-28 00:00:00;2024-11-30 00:00:00;1;;;O14.13;O36.5930;O41.03X0;O60.14X0;O99.824;O34.83;N90.811;O62.3;O90.81;O69.82X0;Z67.20;Z3A.36;Z37.0;;;;;;;;S;S;S;S;S;S;S;N;N;S;E;E;E;;;;;;;;10E0XZZ;4A1HXCZ;10907ZC;3E0P7VZ;3E03329;;;;;;;;;;;;;;;;;;;;;;;;1;
c453cdb1cdcc5c7c;220054;39268c835484f336;69;1;2024-11-28 00:00:00;2024-11-30 00:00:00;1;2024-11-29 00:00:00;;C43.59;C77.3;I10;N40.0;;;;;;;;;;;;;;;;;S;S;S;S;;;;;;;;;;;;;;;;;07B50ZX;0HB5XZZ;C75N1ZZ;;;;;;;;;;;;;;;;;;;;;;;;;;2;
40e824cef87fc59c;220054;57e1cace9859864c;75;1;2024-11-24 00:00:00;2024-11-30 00:00:00;1;2024-11-25 00:00:00;;N40.1;E11.9;E78.5;I44.0;F09;;;;;;;;;;;;;;;;S;S;S;S;S;;;;;;;;;;;;;;;;0VB00ZZ;;;;;;;;;;;;;;;;;;;;;;;;;;;;2;
9dc322d01c5602e4;220054;07540fe6d2d463e5;23;2;2024-11-29 00:00:00;2024-12-01 00:00:00;1;;;O99.824;O90.81;Z67.20;Z3A.39;Z37.0;;;;;;;;;;;;;;;;S;N;E;E;E;;;;;;;;;;;;;;;;10E0XZZ;3E0R3BZ;4A1HXCZ;;;;;;;;;;;;;;;;;;;;;;;;;;1;
c46ac4c9dce27fec;220054;cc53ec71f8abafdd;41;2;2024-11-28 00:00:00;2024-12-01 00:00:00;1;2024-11-29 00:00:00;;D25.2;N83.8;;;;;;;;;;;;;;;;;;;S;S;;;;;;;;;;;;;;;;;;;0UT90ZZ;0UT70ZZ;;;;;;;;;;;;;;;;;;;;;;;;;;;2;
dc8e934d3976f68a;220054;8364ebb555f1a1c8;73;2;2024-10-11 00:00:00;2024-12-03 00:00:00;5;2024-10-30 00:00:00;;B02.21;B37.89;B37.0;B00.89;K29.70;J98.8;E09.9;T38.0X5A;I10;C90.00;M81.0;M62.59;Z85.118;Z90.2;;;;;;;S;S;N;N;S;N;S;S;S;S;S;N;E;E;;;;;;;B020ZZZ;08D9XZX;0HD3XZZ;BW40ZZZ;0DB58ZX;0DB68ZX;3E0F7GC;3E013VG;02H633Z;3E0436Z;F07Z9ZZ;F0746ZZ;3E0CX29;3E023GC;3E033GC;3E0337Z;3E0333Z;3E013GC;3E033NZ;;;;;;;;;;1;
a7709b4ece9d1ab5;220054;6c6d3c77d7f02823;58;1;2024-12-01 00:00:00;2024-12-03 00:00:00;1;2024-12-02 00:00:00;;J38.1;;;;;;;;;;;;;;;;;;;;S;;;;;;;;;;;;;;;;;;;;0CBS8ZZ;;;;;;;;;;;;;;;;;;;;;;;;;;;;2;
ac3ed7c479f4a9f5;220054;3c368416c953b340;87;1;2024-11-26 00:00:00;2024-12-03 00:00:00;2;2024-11-29 00:00:00;;S72.012A;W19.XXXA;I10;I48.91;D53.1;C61;;;;;;;;;;;;;;;S;E;S;S;S;S;;;;;;;;;;;;;;;0SRS0J9;3E033NZ;3E0337Z;3E033GC;3E013GC;;;;;;;;;;;;;;;;;;;;;;;;1;
5cf27aecfa1d0b87;220054;957dcfce65a8af88;16;2;2024-12-02 00:00:00;2024-12-04 00:00:00;1;;;E10.65;;;;;;;;;;;;;;;;;;;;S;;;;;;;;;;;;;;;;;;;;;;;;;;;;;;;;;;;;;;;;;;;;;;;;2;
c0cb2b3e8b76dbce;220054;d47736514bcb3c6c;76;2;2024-11-27 00:00:00;2024-12-04 00:00:00;1;;;S22.088A;W19.XXXA;I10;E11.9;J45.909;Z79.84;;;;;;;;;;;;;;;S;S;S;S;S;E;;;;;;;;;;;;;;;2W35X3Z;3E033NZ;3E0F7GC;3E013GC;3E0333Z;3E0337Z;3E013VG;;;;;;;;;;;;;;;;;;;;;;1;
08f60d99d25c3302;220054;d1e58fed9ead1198;25;2;2024-11-29 00:00:00;2024-12-04 00:00:00;2;;;B17.9;D68.4;;;;;;;;;;;;;;;;;;;S;S;;;;;;;;;;;;;;;;;;;BW40ZZZ;BW20ZZZ;3E0337Z;3E033NZ;;;;;;;;;;;;;;;;;;;;;;;;;1;
0c232ea1b56a24f9;220054;1e1c5b693348eef0;4;1;2024-12-04 00:00:00;2024-12-05 00:00:00;1;;;E86.0;E87.21;;;;;;;;;;;;;;;;;;;S;S;;;;;;;;;;;;;;;;;;;3E0337Z;;;;;;;;;;;;;;;;;;;;;;;;;;;;1;
4df87a2c387f6c01;220054;fca9c6fb8563c509;1;2;2024-12-04 00:00:00;2024-12-05 00:00:00;1;;;R11.10;;;;;;;;;;;;;;;;;;;;S;;;;;;;;;;;;;;;;;;;;3E0337Z;;;;;;;;;;;;;;;;;;;;;;;;;;;;1;
4f7624b8a87b22ee;220054;8626d59380afd256;61;1;2024-12-04 00:00:00;2024-12-05 00:00:00;1;2024-12-04 00:00:00;;N62;I10;;;;;;;;;;;;;;;;;;;S;S;;;;;;;;;;;;;;;;;;;0HBU0ZZ;;;;;;;;;;;;;;;;;;;;;;;;;;;;2;
d301eeb9019bb8cd;220054;a052f02327144d0e;41;2;2024-12-01 00:00:00;2024-12-05 00:00:00;1;2024-12-02 00:00:00;;C73;I95.9;E03.9;I87.2;I47.1;Z86.39;;;;;;;;;;;;;;;S;N;S;S;S;E;;;;;;;;;;;;;;;0GTK0ZZ;07B20ZZ;3E0F7GC;;;;;;;;;;;;;;;;;;;;;;;;;;2;
f8e876db47799bf5;220054;27fcec226d3aaa0d;75;2;2024-11-15 00:00:00;2024-12-05 00:00:00;1;;;K85.90;R65.11;N17.9;F05;E87.1;I50.9;T50.3X5A;B37.0;I10;E11.319;E78.5;E79.0;K76.0;E55.9;Z88.8;Z79.84;;;;;S;S;S;N;S;N;N;S;S;S;S;S;S;S;E;E;;;;;3E03329;BW241ZZ;4A02X4Z;3E0337Z;3E033GC;;;;;;;;;;;;;;;;;;;;;;;;1;
d874d1429c0323d8;220054;6f85389f22ca4a4c;17;1;2024-12-05 00:00:00;2024-12-05 00:00:00;1;;;S52.021A;V19.88XA;;;;;;;;;;;;;;;;;;;S;S;;;;;;;;;;;;;;;;;;;3E033NZ;;;;;;;;;;;;;;;;;;;;;;;;;;;;1;
9445c83f9be7ed56;220054;26833daa20ac683c;59;1;2024-12-05 00:00:00;2024-12-05 00:00:00;1;;;M72.0;J45.909;E78.5;R73.01;R74.01;Z53.8;;;;;;;;;;;;;;;S;S;S;S;S;S;;;;;;;;;;;;;;;;;;;;;;;;;;;;;;;;;;;;;;;;;;;2;
779fe1ce65243723;220054;43e74cc938f79c98;55;2;2024-12-05 00:00:00;2024-12-06 00:00:00;1;2024-12-05 00:00:00;;S52.572A;S52.612A;W19.XXXA;;;;;;;;;;;;;;;;;;S;S;S;;;;;;;;;;;;;;;;;;0PSJ04Z;;;;;;;;;;;;;;;;;;;;;;;;;;;;2;
56bcc883451b88fb;220054;2788b0a5c21501d7;47;1;2024-12-05 00:00:00;2024-12-06 00:00:00;1;2024-12-05 00:00:00;;K60.3;;;;;;;;;;;;;;;;;;;;S;;;;;;;;;;;;;;;;;;;;0JBB0ZZ;;;;;;;;;;;;;;;;;;;;;;;;;;;;2;
1e9b0f1744beb1c0;220054;8a9db7898161ca02;38;2;2024-12-04 00:00:00;2024-12-06 00:00:00;1;;;O48.0;Z3A.40;Z67.40;Z37.0;;;;;;;;;;;;;;;;;S;E;E;E;;;;;;;;;;;;;;;;;10E0XZZ;3E0R3BZ;10907ZC;4A1HXCZ;;;;;;;;;;;;;;;;;;;;;;;;;1;
c20257cc2aac7929;220054;ea4eb8e8466ac403;69;1;2024-11-04 00:00:00;2024-12-07 00:00:00;4;;;N39.0;R78.81;B96.20;A04.72;B37.7;B37.49;N17.9;N18.9;N13.9;N14.19;T45.1X5S;D63.0;C79.19;C77.5;Z85.51;Z85.46;Z90.6;Z90.79;Z93.6;E78.5;S;S;S;N;N;N;N;S;S;S;E;S;S;S;E;E;E;E;E;S;3E03329;3E0337Z;3E0333Z;3E033NZ;3E013GC;;;;;;;;;;;;;;;;;;;;;;;;1;
111c5f94e3a73efb;220054;7b481a67dcb4859a;52;2;2024-12-05 00:00:00;2024-12-07 00:00:00;1;2024-12-05 00:00:00;;K80.12;E66.9;E89.0;F41.8;;;;;;;;;;;;;;;;;S;S;S;S;;;;;;;;;;;;;;;;;0FT44ZZ;;;;;;;;;;;;;;;;;;;;;;;;;;;;2;
1877db039068d04a;220054;80196284d638482f;68;2;2024-11-28 00:00:00;2024-12-10 00:00:00;1;2024-11-29 00:00:00;;T81.41XA;L02.215;L03.317;B96.89;Z16.24;Y83.4;M79.7;M19.90;Z88.0;;;;;;;;;;;;S;S;S;S;S;S;S;S;E;;;;;;;;;;;;0W9N0ZZ;3E03329;3E03328;3E033NZ;3E013GC;3E0337Z;;;;;;;;;;;;;;;;;;;;;;;1;
8729cdf9f5bdc9b5;220054;eee84420db06cd3e;83;1;2024-12-04 00:00:00;2024-12-10 00:00:00;1;;;I13.0;I50.30;R00.1;N18.4;I48.21;I25.10;E11.319;E78.5;E03.2;T46.2X5S;Z79.84;Z86.16;Z95.5;Z79.01;;;;;;;S;S;S;S;S;S;S;S;S;E;E;E;E;E;;;;;;;4A02X4Z;3E033GC;3E013GC;;;;;;;;;;;;;;;;;;;;;;;;;;1;
0997028ef3285fba;220054;b96af56adb2187c5;86;1;2024-11-25 00:00:00;2024-12-10 00:00:00;1;;;A09;G30.9;F02.C0;R13.12;F05;I12.9;N18.9;I45.10;E78.5;M81.0;M19.90;N40.0;R54;R15.9;R32;Z59.3;;;;;S;S;S;S;S;S;S;S;S;S;S;S;S;S;S;E;;;;;3E03329;0DBN8ZZ;3E1H78Z;3E0337Z;3E033NZ;3E013GC;;;;;;;;;;;;;;;;;;;;;;;1;
4cd837c151f49f19;220054;050b25b045149d84;39;2;2024-12-09 00:00:00;2024-12-10 00:00:00;1;2024-12-09 00:00:00;;O03.4;;;;;;;;;;;;;;;;;;;;S;;;;;;;;;;;;;;;;;;;;10D17ZZ;;;;;;;;;;;;;;;;;;;;;;;;;;;;1;
17dfe3159806795d;220054;5fcf75a3c9039969;93;1;2024-11-11 00:00:00;2024-12-10 00:00:00;1;2024-11-26 00:00:00;;S72.012A;W19.XXXA;I11.0;I50.32;I73.9;I51.7;I08.3;I27.20;I48.21;I44.7;;;;;;;;;;;S;S;S;S;S;S;S;S;S;S;;;;;;;;;;;0SRS0J9;3E033NZ;3E0337Z;3E033GC;3E03329;;;;;;;;;;;;;;;;;;;;;;;;1;
657cfeb17adff2d4;220054;93cf1a42874b2b30;52;1;2024-12-09 00:00:00;2024-12-11 00:00:00;1;;;I20.0;F17.210;G40.909;;;;;;;;;;;;;;;;;;S;S;S;;;;;;;;;;;;;;;;;;4A02X4Z;B246ZZZ;;;;;;;;;;;;;;;;;;;;;;;;;;;1;
37970dbb3fb68c0e;220054;ee2bc1ed028f55fd;87;2;2024-12-05 00:00:00;2024-12-11 00:00:00;1;;;I11.0;I09.81;I50.33;I08.0;N39.0;I48.21;J45.909;E66.9;F32.A;Z59.3;;;;;;;;;;;S;S;S;S;S;S;S;S;S;E;;;;;;;;;;;3E033GC;3E03329;4A02X4Z;;;;;;;;;;;;;;;;;;;;;;;;;;1;
c38f441371cc788f;220054;3b70d4dc43cab3d0;80;2;2024-11-22 00:00:00;2024-12-11 00:00:00;1;;;L89.152;B96.89;I10;E78.5;E03.9;G31.83;F02.80;Z86.16;Z59.3;;;;;;;;;;;;S;S;S;S;S;S;S;E;E;;;;;;;;;;;;3E03329;3E033GC;;;;;;;;;;;;;;;;;;;;;;;;;;;1;
5b1785c0edb786ae;220054;1fcaa252ae03ad20;79;2;2024-10-10 00:00:00;2024-12-12 00:00:00;5;;;J20.9;J96.90;S22.080A;S32.038A;S32.048A;S22.43XA;W19.XXXA;M43.06;M62.3;E66.01;N39.0;R78.81;B96.4;R33.9;R31.0;N20.0;K80.20;I10;D50.9;F32.A;S;S;S;S;S;S;S;S;S;S;N;N;N;N;N;S;S;S;S;S;3E03329;3E0F7GC;3E033NZ;3E0333Z;3E033GC;3E0337Z;BR29ZZZ;BW241ZZ;B020ZZZ;4A02X4Z;0T9B70Z;3E1K78Z;3E013VG;F07M7ZZ;;;;;;;;;;;;;;;1;
d7a9a106abcd4964;220054;97327b2321767f74;12;2;2024-12-12 00:00:00;2024-12-12 00:00:00;1;;;Z01.82;;;;;;;;;;;;;;;;;;;;E;;;;;;;;;;;;;;;;;;;;;;;;;;;;;;;;;;;;;;;;;;;;;;;;2;
017923685a1ea376;220054;6359fe0e22a80720;68;1;2024-12-09 00:00:00;2024-12-13 00:00:00;1;2024-12-09 00:00:00;;N20.0;;;;;;;;;;;;;;;;;;;;S;;;;;;;;;;;;;;;;;;;;0T9380Z;0T9480Z;BW21ZZZ;;;;;;;;;;;;;;;;;;;;;;;;;;1;
fcffda3b0cc3ae2a;220054;e0b6cb226f07ad29;64;1;2024-11-07 00:00:00;2024-12-13 00:00:00;5;;;N17.9;I95.9;R40.2413;T46.0X5A;R57.8;I48.91;I13.0;D63.1;E87.20;E87.5;D69.6;L89.153;M62.3;I50.32;N18.9;I27.20;E11.22;E03.9;E66.9;E78.1;S;S;S;S;S;S;S;S;S;S;N;N;N;S;S;S;S;S;S;S;3E033XZ;3E0F7SF;3E03329;30233N1;B020ZZZ;B246ZZZ;4A02X4Z;4A12X4Z;4A133B1;3E013GC;;;;;;;;;;;;;;;;;;;1;
378bf5c684b9fdff;220054;3ec192f801501294;37;2;2024-12-12 00:00:00;2024-12-13 00:00:00;1;2024-12-12 00:00:00;;K64.8;;;;;;;;;;;;;;;;;;;;S;;;;;;;;;;;;;;;;;;;;06BY0ZC;;;;;;;;;;;;;;;;;;;;;;;;;;;;2;
844087dd86fcfc86;220054;541c949c4e34b4e5;32;2;2024-12-10 00:00:00;2024-12-13 00:00:00;1;;;O48.0;O90.81;O87.2;Z67.40;Z3A.41;Z37.0;;;;;;;;;;;;;;;S;N;N;E;E;E;;;;;;;;;;;;;;;10E0XZZ;3E0R3BZ;4A1HXCZ;10907ZC;3E033VJ;;;;;;;;;;;;;;;;;;;;;;;;1;
f4dc198f7825cd58;220054;d7bd65fd5201ce0c;2;1;2024-12-12 00:00:00;2024-12-13 00:00:00;1;;;R56.00;J06.9;G40.909;;;;;;;;;;;;;;;;;;S;S;S;;;;;;;;;;;;;;;;;;3E033GC;3E0337Z;;;;;;;;;;;;;;;;;;;;;;;;;;;1;
879e706d0c7f6897;220054;9c5af20e9a6c8c16;53;1;2024-12-10 00:00:00;2024-12-13 00:00:00;1;;;A41.51;K80.32;B96.20;K75.3;R93.2;I95.9;E78.5;F41.9;F17.210;Z90.49;;;;;;;;;;;S;S;S;S;S;S;S;S;S;E;;;;;;;;;;;3E033NZ;BW40ZZZ;BW201ZZ;BW2010Z;BF2510Z;3E0337Z;3E033NZ;;;;;;;;;;;;;;;;;;;;;;1;
1948115018ad6cfe;220054;a02910d9c804ac16;89;1;2024-12-05 00:00:00;2024-12-13 00:00:00;4;;;I13.0;I50.813;I50.33;N18.9;D63.1;I27.20;N17.9;J96.92;E87.0;S40.021A;S30.1XXA;W19.XXXA;D50.0;E11.9;I48.91;I08.3;Z79.01;;;;S;S;S;S;S;S;S;S;S;S;S;S;S;S;S;S;E;;;;3E033GC;3E033NZ;3E013GC;;;;;;;;;;;;;;;;;;;;;;;;;;1;
09fe0126a872bf5f;220054;439ce280c78a1aff;68;1;2024-12-05 00:00:00;2024-12-15 00:00:00;2;;;I21.19;I25.10;I10;E78.5;E11.9;F17.210;I25.2;Z95.5;Z60.3;;;;;;;;;;;;S;S;S;S;S;S;E;E;S;;;;;;;;;;;;B246ZZZ;4A02X4Z;3E033NZ;3E013GC;3E013VG;;;;;;;;;;;;;;;;;;;;;;;;1;
342fbdb0e7ff289f;220054;86f986fa4340c3df;0;1;2024-12-13 00:00:00;2024-12-16 00:00:00;1;;;J21.9;J96.00;;;;;;;;;;;;;;;;;;;S;S;;;;;;;;;;;;;;;;;;;3E0F7SF;;;;;;;;;;;;;;;;;;;;;;;;;;;;1;
a15de65552314b40;220054;43142cd1ebb1023f;22;2;2024-12-14 00:00:00;2024-12-17 00:00:00;1;;;O90.89;N90.89;Z67.40;Z3A.38;Z37.0;;;;;;;;;;;;;;;;N;N;E;E;E;;;;;;;;;;;;;;;;10D07Z6;4A12X4Z;3E0R3BZ;;;;;;;;;;;;;;;;;;;;;;;;;;1;
eef7d53405746c8e;220054;4c7474d1725e9dda;57;1;2024-12-04 00:00:00;2024-12-17 00:00:00;1;;;C34.92;J91.0;J96.01;N39.0;B96.20;B96.4;I11.9;I51.7;E11.42;K86.89;Z21;F11.20;Z86.19;E78.5;F10.10;F12.10;Z87.891;Z85.51;Z90.6;Z90.79;S;S;S;S;S;S;S;S;S;S;S;S;E;S;S;S;E;E;E;E;0W9B3ZX;0W9B3ZZ;BW241ZZ;4A02X4Z;3E0F7SF;3E0337Z;3E033NZ;;;;;;;;;;;;;;;;;;;;;;1;
68131de678300e62;220054;cd84c18bbe8fc4bd;94;2;2024-12-16 00:00:00;2024-12-17 00:00:00;4;;;I50.9;T17.918A;J96.00;;;;;;;;;;;;;;;;;;S;S;S;;;;;;;;;;;;;;;;;;3E033GC;3E0333Z;3E013GC;3E0337Z;;;;;;;;;;;;;;;;;;;;;;;;;1;
7f0f2d9e5d55fbc8;220054;58d4fcf300fd5d9e;72;1;2024-12-15 00:00:00;2024-12-18 00:00:00;1;2024-12-16 00:00:00;;D34;I10;E78.5;K44.9;Z85.46;Z90.79;Z92.3;Z88.8;;;;;;;;;;;;;S;S;S;S;E;E;E;E;;;;;;;;;;;;;0GTH0ZZ;;;;;;;;;;;;;;;;;;;;;;;;;;;;2;
ddd8089a9648251d;220054;9c69fe6a53f0a18f;59;2;2024-12-12 00:00:00;2024-12-18 00:00:00;1;;;J98.8;B96.89;J67.9;J84.82;Z87.891;J96.10;E87.1;Z79.52;E78.5;K21.9;Z85.3;Z92.3;Z79.811;Z91.09;Z91.018;;;;;;S;S;S;S;E;S;S;E;S;S;E;E;E;E;E;;;;;;3E03329;3E0F7GC;3E0333Z;3E033NZ;3E013GC;3E0F7SF;3E0337Z;;;;;;;;;;;;;;;;;;;;;;1;
b7b9481615729f1c;220054;5c00bdc951e8437b;82;2;2024-12-06 00:00:00;2024-12-18 00:00:00;1;;;R07.89;R06.00;E87.1;E87.6;S82.141D;W19.XXXD;I34.0;I44.0;I10;E03.9;I87.2;D50.9;I65.22;F41.8;Z90.710;Z90.722;Z79.01;Z79.82;;;S;S;S;S;E;S;S;S;S;S;S;S;S;S;E;E;E;E;;;B32S1ZZ;B32T1ZZ;4A02X4Z;3E0337Z;3E033NZ;3E013GC;;;;;;;;;;;;;;;;;;;;;;;1;
bf102e037b2bd09d;220054;d4e72c8e1eafc453;2;2;2024-12-19 00:00:00;2024-12-19 00:00:00;1;;;T78.1XXA;R11.10;L29.8;;;;;;;;;;;;;;;;;;S;S;S;;;;;;;;;;;;;;;;;;;;;;;;;;;;;;;;;;;;;;;;;;;;;;2;
6515a6ab5d446954;220054;af4dfdf30dde5a63;33;2;2024-12-19 00:00:00;2024-12-19 00:00:00;1;2024-12-19 00:00:00;;O91.12;B95.61;;;;;;;;;;;;;;;;;;;S;S;;;;;;;;;;;;;;;;;;;0H9T00Z;BH40ZZZ;3E033NZ;;;;;;;;;;;;;;;;;;;;;;;;;;1;
a165b9349418cb49;220054;3f9c58c882897e37;13;2;2024-12-10 00:00:00;2024-12-20 00:00:00;1;;;J18.9;F50.9;F32.A;E30.0;Z91.09;;;;;;;;;;;;;;;;S;S;S;S;E;;;;;;;;;;;;;;;;3E03329;3E0F7GC;;;;;;;;;;;;;;;;;;;;;;;;;;;1;
29884c811cd5af62;220054;bbcc7064a9bc3644;86;2;2024-12-15 00:00:00;2024-12-20 00:00:00;1;;;I50.21;I48.91;I07.1;I27.81;I27.20;G31.84;;;;;;;;;;;;;;;S;S;S;S;S;S;;;;;;;;;;;;;;;4A02X4Z;B246ZZZ;3E033GC;;;;;;;;;;;;;;;;;;;;;;;;;;1;
0580f006e6d767f5;220054;069cfb7a4033b457;79;1;2024-12-08 00:00:00;2024-12-20 00:00:00;1;;;J44.1;I13.0;I50.812;I50.32;I51.7;N18.32;I34.0;I27.23;I27.24;J96.10;I87.2;E66.9;I48.91;Z79.01;Z86.711;Z86.718;Z85.038;Z99.81;;;S;S;S;S;S;S;S;S;S;S;S;S;S;E;E;E;E;E;;;3E03329;3E0333Z;3E0F7GC;3E0F7SF;3E033GC;B54CZZZ;3E0337Z;;;;;;;;;;;;;;;;;;;;;;1;
cf0d710ac7dc10e9;220054;df9da99a8448d766;59;1;2024-12-16 00:00:00;2024-12-20 00:00:00;1;;;I25.110;I25.2;Z95.5;F17.210;K50.90;Z90.49;Z93.3;Z79.624;G47.33;Z99.89;K80.20;K21.9;;;;;;;;;S;E;E;S;S;E;E;E;S;E;S;S;;;;;;;;;4A02X4Z;;;;;;;;;;;;;;;;;;;;;;;;;;;;1;
6b5e4811ab789471;220054;bca2359c2a5feb76;83;1;2024-12-14 00:00:00;2024-12-20 00:00:00;1;2024-12-16 00:00:00;;S72.102A;W19.XXXA;Y92.019;I10;E78.5;N40.0;;;;;;;;;;;;;;;S;E;E;S;S;S;;;;;;;;;;;;;;;0QS736Z;3E013GC;3E033NZ;3E033GC;;;;;;;;;;;;;;;;;;;;;;;;;1;
b52f13dde72325f2;220054;bb00265250f9b63e;70;2;2024-12-18 00:00:00;2024-12-21 00:00:00;1;2024-12-19 00:00:00;;N81.3;N81.6;M79.7;;;;;;;;;;;;;;;;;;S;S;S;;;;;;;;;;;;;;;;;;0UT97ZZ;0JQC0ZZ;;;;;;;;;;;;;;;;;;;;;;;;;;;2;
0bbabfcceed87075;220054;2576b6fcde9965b4;0;2;2024-12-19 00:00:00;2024-12-21 00:00:00;1;;;P59.9;;;;;;;;;;;;;;;;;;;;S;;;;;;;;;;;;;;;;;;;;6A600ZZ;;;;;;;;;;;;;;;;;;;;;;;;;;;;1;
514acb63d397501b;220054;9b016d77f56a2685;73;1;2024-12-17 00:00:00;2024-12-22 00:00:00;1;2024-12-18 00:00:00;;D09.0;I25.2;I42.0;I25.5;I10;E78.5;E11.9;Z87.891;D64.9;Z86.73;Z79.84;;;;;;;;;;S;E;S;S;S;S;S;E;S;E;E;;;;;;;;;;0TBB8ZZ;;;;;;;;;;;;;;;;;;;;;;;;;;;;2;
a6a476b30abfedbe;220054;b6b4bc63a72738a5;86;2;2024-12-10 00:00:00;2024-12-23 00:00:00;5;2024-12-12 00:00:00;;S72.101A;W00.0XXA;Y92.414;D64.9;E11.9;I10;J45.909;I87.2;K59.00;Z79.84;Z60.2;;;;;;;;;;S;S;S;N;S;S;S;S;N;E;S;;;;;;;;;;0QS636Z;F07L6ZZ;;;;;;;;;;;;;;;;;;;;;;;;;;;1;
657cfeb17adff2d4;220054;fb6712ffadf99cc5;52;1;2024-12-21 00:00:00;2024-12-23 00:00:00;1;;;I23.7;I21.4;Z95.5;Z87.891;E66.3;Z79.82;Z79.02;G40.909;;;;;;;;;;;;;S;S;E;E;S;E;E;S;;;;;;;;;;;;;4A02X4Z;B246ZZZ;4A02XM4;;;;;;;;;;;;;;;;;;;;;;;;;;1;
1c8d37f8b7f67bf3;220054;50ed1d40a88a747b;38;2;2024-12-22 00:00:00;2024-12-23 00:00:00;1;2024-12-22 00:00:00;;O00.102;Z30.2;Z88.6;;;;;;;;;;;;;;;;;;S;E;E;;;;;;;;;;;;;;;;;;10T24ZZ;0UT74ZZ;;;;;;;;;;;;;;;;;;;;;;;;;;;1;
e503750e6c9b5500;220054;aaa001193d750673;57;1;2024-11-15 00:00:00;2024-12-23 00:00:00;1;;;B17.9;K76.82;K74.60;R18.8;I85.00;N17.9;E87.1;L89.159;D64.9;M62.59;N39.0;B96.89;Y95;E03.9;D68.9;E11.9;Z60.3;;;;S;S;S;S;S;S;S;S;S;N;N;N;N;S;S;S;S;;;;BW21ZZZ;B020ZZZ;30233N1;3E033GC;3E03329;;;;;;;;;;;;;;;;;;;;;;;;1;
7023866c2a877b0d;220054;53927c228f1b96f8;95;1;2024-12-10 00:00:00;2024-12-23 00:00:00;1;2024-12-19 00:00:00;;S72.451A;W06.XXXA;Y92.122;D64.9;J69.0;C91.10;F03.90;M62.3;M81.0;Z79.622;Z79.82;Z59.3;;;;;;;;;S;S;S;N;N;S;S;S;S;E;E;E;;;;;;;;;0QSB04Z;30233N1;3E03329;;;;;;;;;;;;;;;;;;;;;;;;;;1;
c3f12b3a1e46cb11;220054;8cc8df137204db88;77;1;2024-12-16 00:00:00;2024-12-23 00:00:00;2;;;J90;I12.9;N18.4;R93.5;R63.4;R63.0;D64.9;N40.0;F32.A;I87.2;;;;;;;;;;;S;S;S;S;S;S;S;S;S;S;;;;;;;;;;;0W993ZX;BW24ZZZ;BW40ZZZ;B246ZZZ;3E03329;3E013GC;3E033NZ;3E033GC;;;;;;;;;;;;;;;;;;;;;1;
cf56ec4dfb4619e9;220054;36ccde062b87c29c;86;2;2024-12-20 00:00:00;2024-12-24 00:00:00;1;;;T83.511A;N39.0;J96.10;I10;E03.9;F09;Z59.3;Z99.81;;;;;;;;;;;;;S;S;S;S;S;S;E;E;;;;;;;;;;;;;3E03329;3E0337Z;;;;;;;;;;;;;;;;;;;;;;;;;;;1;
27fbfbaeae1f84af;220054;2f971f2adb6d6a64;75;2;2024-12-17 00:00:00;2024-12-25 00:00:00;4;;;C78.7;C77.8;C78.02;C78.1;Z85.3;K76.82;Z79.630;Z79.631;I10;I48.91;E79.0;E78.5;K44.9;K74.3;;;;;;;S;S;S;S;E;S;E;E;S;S;S;S;S;S;;;;;;;3E033NZ;3E013GC;3E0333Z;;;;;;;;;;;;;;;;;;;;;;;;;;2;
97208a813e710517;220054;e7832e4b7996914c;49;2;2024-12-23 00:00:00;2024-12-25 00:00:00;1;2024-12-23 00:00:00;;D05.12;Z17.1;N64.1;N60.32;N61.0;I10;E03.9;I47.1;G51.0;D35.02;F41.8;F17.210;;;;;;;;;S;E;S;S;S;S;S;S;S;S;S;S;;;;;;;;;0HBU0ZZ;;;;;;;;;;;;;;;;;;;;;;;;;;;;2;
5ebc4eb64ac19aec;220054;6bc456289748be23;31;2;2024-12-23 00:00:00;2024-12-26 00:00:00;1;;;O36.5930;O48.0;Z3A.40;O34.83;N90.812;O70.0;Z67.40;Z37.0;;;;;;;;;;;;;S;S;E;S;S;S;E;E;;;;;;;;;;;;;10E0XZZ;0HQ9XZZ;10907ZC;3E0P7VZ;3E033VJ;3E0R3BZ;4A1HXCZ;;;;;;;;;;;;;;;;;;;;;;1;
ef1fb8fbe508595c;220054;f6742980aeaa116c;80;1;2024-12-14 00:00:00;2024-12-27 00:00:00;1;;;J47.1;J96.10;C16.0;C79.9;D64.9;N30.90;Z79.60;Z99.81;Z86.11;Z66;;;;;;;;;;;S;S;S;S;S;N;E;E;E;S;;;;;;;;;;;B32S1ZZ;B32T1ZZ;3E0333Z;3E03329;3E0F7GC;3E0F7SF;3E033GC;4A02X4Z;3E013GC;3E033NZ;;;;;;;;;;;;;;;;;;;1;
8f9874cf1fb2b282;220054;4f903e56edd5a998;93;2;2024-12-25 00:00:00;2024-12-27 00:00:00;4;;;J18.9;J96.00;I50.20;I48.91;I27.20;F01.50;I25.2;Z79.01;Z88.6;Z86.718;;;;;;;;;;;S;S;S;S;S;S;E;E;E;E;;;;;;;;;;;3E03329;3E0333Z;3E0F7SF;3E033NZ;3E033GC;3E0F7GC;3E0337Z;;;;;;;;;;;;;;;;;;;;;;1;
bb0e66ed134fad81;220054;c7130fcf1efe6555;91;2;2024-12-26 00:00:00;2024-12-30 00:00:00;1;;;J18.9;I13.0;I50.9;R09.02;E11.22;N18.9;E78.5;E03.9;;;;;;;;;;;;;S;S;S;S;S;S;S;S;;;;;;;;;;;;;3E03329;3E0333Z;3E013VG;3E033GC;3E0F7GC;3E0F7SF;;;;;;;;;;;;;;;;;;;;;;;1;
3eeca9906eaad3e6;220105;ec960739fee1aaa9;75;1;2024-09-19 00:00:00;2024-10-15 00:00:00;1;;;N39.0;B96.5;B95.2;C67.9;C77.5;C78.6;C34.90;I10;N35.819;J44.9;Z86.73;Z87.891;;;;;;;;;S;S;S;S;S;S;S;S;S;S;E;E;;;;;;;;;3E03329;;;;;;;;;;;;;;;;;;;;;;;;;;;;1;
c03d585d4aa9d19a;220105;5c7043f31e07a7f1;90;1;2024-10-22 00:00:00;2024-10-24 00:00:00;4;;;E86.0;E87.0;N39.0;S06.9XAA;W19.XXXA;Z59.3;I12.9;N18.30;E78.5;J44.9;N40.1;Z96.0;I71.43;I25.2;;;;;;;S;S;S;S;S;E;S;S;S;S;S;S;S;E;;;;;;;3E0337Z;;;;;;;;;;;;;;;;;;;;;;;;;;;;1;
605d9cca75624812;220105;85f77b31ac01ba92;91;2;2024-10-15 00:00:00;2024-11-25 00:00:00;1;;;T81.41XA;Y83.8;D64.9;F05;F03.90;E78.5;;;;;;;;;;;;;;;S;S;S;S;S;S;;;;;;;;;;;;;;;BW211ZZ;3E03329;;;;;;;;;;;;;;;;;;;;;;;;;;;1;
6c9865e64b146d6c;220105;f9f022d8774cf0bc;97;1;2024-11-07 00:00:00;2024-11-25 00:00:00;4;;;S32.402D;X58.XXXD;K92.2;K59.00;F05;C61;I10;N19;E79.0;R54;R33.9;F03.90;;;;;;;;;E;E;N;N;N;S;S;S;S;S;S;S;;;;;;;;;F07L6ZZ;F07Z9ZZ;;;;;;;;;;;;;;;;;;;;;;;;;;;1;
127b787eea916835;220105;4951cdade66bab05;51;1;2024-12-20 00:00:00;2024-12-25 00:00:00;4;;;Z51.5;C71.9;G81.94;R47.02;E86.0;N17.9;F05;;;;;;;;;;;;;;E;S;S;S;S;S;S;;;;;;;;;;;;;;3E0333Z;3E033GC;3E0337Z;3E033NZ;3E013GC;;;;;;;;;;;;;;;;;;;;;;;;1;
6f6226ab7399944d;220054;edefefacaf74d20c;77;1;2024-09-25 00:00:00;2024-10-01 00:00:00;1;;;D46.9;D69.6;R91.1;I49.9;K44.9;N13.0;Z85.46;Z90.79;;;;;;;;;;;;;S;S;S;S;S;S;E;E;;;;;;;;;;;;;07DR3ZX;BW241ZZ;BW2F1ZZ;3E0333Z;3E033GC;30233N1;;;;;;;;;;;;;;;;;;;;;;;1;
e3c5a2fd12dde595;220054;ad7ae13fc95d7566;73;2;2024-09-28 00:00:00;2024-10-02 00:00:00;1;;;E87.1;S32.018A;W10.9XXA;F32.A;F10.20;Z98.1;;;;;;;;;;;;;;;S;S;S;S;S;E;;;;;;;;;;;;;;;3E033NZ;;;;;;;;;;;;;;;;;;;;;;;;;;;;1;
adb2d55768e0a27f;220054;2b09176c6a49e253;82;2;2024-10-01 00:00:00;2024-10-02 00:00:00;1;;;U07.1;J98.8;J96.90;I11.0;I50.9;E66.9;E78.5;K43.9;I87.2;G30.9;F02.80;Z86.718;Z79.82;Z79.01;Z59.3;;;;;;S;S;S;S;S;S;S;S;S;S;S;E;E;E;E;;;;;;XW033E5;3E0333Z;3E0F7GC;3E0F7SF;3E013GC;;;;;;;;;;;;;;;;;;;;;;;;1;
7a2b30aebf00ec05;220054;95a575ab7777be2c;48;2;2024-10-02 00:00:00;2024-10-02 00:00:00;1;2024-10-02 00:00:00;;D05.12;E03.9;M43.17;M51.26;;;;;;;;;;;;;;;;;S;S;S;S;;;;;;;;;;;;;;;;;0HBU0ZX;;;;;;;;;;;;;;;;;;;;;;;;;;;;2;
c05f20f449236f08;220054;18c9858ddba3ad9c;61;1;2024-09-29 00:00:00;2024-10-03 00:00:00;1;2024-09-30 00:00:00;;C61;E11.9;E78.5;F17.210;;;;;;;;;;;;;;;;;S;S;S;S;;;;;;;;;;;;;;;;;0VT04ZZ;;;;;;;;;;;;;;;;;;;;;;;;;;;;2;
db90ad6eccced06c;220054;5b2f98d39e1bc572;23;2;2024-10-01 00:00:00;2024-10-03 00:00:00;1;;;O69.82X0;O34.83;N90.811;O70.1;O90.81;Z3A.39;Z37.0;Z67.40;;;;;;;;;;;;;S;S;S;N;N;E;E;E;;;;;;;;;;;;;10E0XZZ;3E0R3BZ;10907ZC;0KQM0ZZ;3E033GC;4A1HXCZ;;;;;;;;;;;;;;;;;;;;;;;1;
f74f56472f8d99e9;220054;cb91c11db4ec9dd9;2;1;2024-09-30 00:00:00;2024-10-04 00:00:00;1;;;L04.0;H52.10;Q02;;;;;;;;;;;;;;;;;;S;S;E;;;;;;;;;;;;;;;;;;BW4FZZZ;3E03329;3E0333Z;;;;;;;;;;;;;;;;;;;;;;;;;;1;
30d42c37638b3df7;220054;20a2284180434444;72;2;2024-09-27 00:00:00;2024-10-04 00:00:00;1;;;J44.1;J98.8;B97.89;J96.00;N17.9;I10;F17.210;G40.909;E79.0;I87.2;;;;;;;;;;;S;S;S;S;S;S;S;S;S;S;;;;;;;;;;;3E0F7GC;3E0F7SF;3E0333Z;3E03329;3E013GC;3E033GC;;;;;;;;;;;;;;;;;;;;;;;1;
648b54b155b681ff;220054;9309d13e2e014481;38;2;2024-10-01 00:00:00;2024-10-04 00:00:00;1;;;O63.1;O99.284;E55.9;O26.893;O70.0;O90.81;Z67.40;Z3A.39;Z37.0;;;;;;;;;;;;N;S;S;S;N;N;E;E;E;;;;;;;;;;;;10D07Z6;0UQGXZZ;4A1HXCZ;3E0R3BZ;3E0234Z;3E03329;;;;;;;;;;;;;;;;;;;;;;;1;
e444eee040341c38;220054;c59c115bbb21b432;74;1;2024-10-04 00:00:00;2024-10-05 00:00:00;1;2024-10-04 00:00:00;;N20.1;E78.5;G20;M45.9;Z87.891;;;;;;;;;;;;;;;;S;S;S;S;E;;;;;;;;;;;;;;;;0TF38ZZ;0TP580Z;0T9380Z;;;;;;;;;;;;;;;;;;;;;;;;;;2;
5d8c571cb9f93a8c;220054;f58843e098c1c5c3;0;1;2024-10-01 00:00:00;2024-10-05 00:00:00;1;;;P07.18;P70.4;P07.37;P59.9;;;;;;;;;;;;;;;;;S;S;S;N;;;;;;;;;;;;;;;;;6A3Z0ZZ;6A600ZZ;;;;;;;;;;;;;;;;;;;;;;;;;;;1;
f23af2283bf5aed4;220054;e8aa307770c48bc5;43;1;2024-10-03 00:00:00;2024-10-08 00:00:00;1;;;R20.2;;;;;;;;;;;;;;;;;;;;S;;;;;;;;;;;;;;;;;;;;BR20ZZZ;BR27ZZZ;BR29ZZZ;;;;;;;;;;;;;;;;;;;;;;;;;;1;
bb747f518d7c6eb3;220054;244c2a5ea17f88e6;57;2;2024-10-06 00:00:00;2024-10-08 00:00:00;1;2024-10-07 00:00:00;;N20.0;E55.9;E79.0;Z86.73;Z79.01;;;;;;;;;;;;;;;;S;S;S;E;E;;;;;;;;;;;;;;;;0TF68ZZ;0T9380Z;;;;;;;;;;;;;;;;;;;;;;;;;;;2;
4adfe3129c7e4ed0;220054;dff0c8937248bbf0;92;2;2024-10-04 00:00:00;2024-10-09 00:00:00;1;;;G45.9;E53.8;E87.6;I11.0;I51.7;E78.5;K44.9;Z86.19;Z85.038;Z90.49;Z86.16;Z79.52;;;;;;;;;S;S;S;S;S;S;S;E;E;E;E;E;;;;;;;;;B020ZZZ;B32RZZZ;4A02X4Z;3E033NZ;3E0337Z;3E0333Z;;;;;;;;;;;;;;;;;;;;;;;1;
67451875aca2a867;220054;aa43993350f8f9fd;92;2;2024-09-27 00:00:00;2024-10-09 00:00:00;1;;;N39.0;B96.1;E55.9;I48.20;F03.90;E89.0;R79.1;Z79.01;Z88.6;;;;;;;;;;;;S;S;S;S;S;S;S;E;E;;;;;;;;;;;;3E03329;3E033NZ;;;;;;;;;;;;;;;;;;;;;;;;;;;1;
3a4b0251acd0dffb;220054;656db84417d92d4b;19;1;2024-10-06 00:00:00;2024-10-10 00:00:00;1;;;S32.412A;S32.492A;S32.19XA;W17.89XA;Y92.828;;;;;;;;;;;;;;;;S;S;S;E;E;;;;;;;;;;;;;;;;BR2CZZZ;BR2FZZZ;BR2DZZZ;BR29ZZZ;3E033NZ;3E0333Z;3E013GC;3E0337Z;3E033GC;;;;;;;;;;;;;;;;;;;;1;
40612ab2d1181f01;220054;4165a200bf8c7912;53;1;2024-10-05 00:00:00;2024-10-10 00:00:00;1;;;E10.10;T83.511A;N39.0;Y84.6;E78.5;I25.5;I42.0;I25.2;F17.210;Z95.5;Z79.82;Z79.84;;;;;;;;;S;S;S;S;S;S;S;E;S;E;E;E;;;;;;;;;3E0337Z;BW40ZZZ;4A02X4Z;3E03329;3E033GC;;;;;;;;;;;;;;;;;;;;;;;;1;
516ddefd639bf0f0;220054;d6566e928b0132cc;96;2;2024-10-04 00:00:00;2024-10-11 00:00:00;1;;;J44.1;J98.8;I13.0;E11.22;N18.9;I50.9;F05;Z79.4;Z79.82;Z79.84;Z79.891;E78.5;Z88.6;Z88.8;;;;;;;S;S;S;S;S;S;S;E;E;E;E;S;E;E;;;;;;;3E0333Z;3E03329;3E033GC;3E0F7GC;3E013GC;3E033NZ;;;;;;;;;;;;;;;;;;;;;;;1;
2ccaffd6115c569c;220054;53713b2e5eaa6279;20;2;2024-10-10 00:00:00;2024-10-11 00:00:00;1;2024-10-10 00:00:00;;Z30.2;N83.201;N94.89;N90.89;Z90.13;Z79.890;;;;;;;;;;;;;;;E;S;S;S;E;E;;;;;;;;;;;;;;;0UT74ZZ;0DBW4ZZ;0U904ZZ;;;;;;;;;;;;;;;;;;;;;;;;;;2;
a998e292be779cfa;220054;c43ae7cd561c78d0;9;2;2024-10-10 00:00:00;2024-10-14 00:00:00;1;;;J18.9;K59.00;Q65.89;;;;;;;;;;;;;;;;;;S;S;E;;;;;;;;;;;;;;;;;;BW40ZZZ;BB4BZZZ;3E03329;3E0337Z;;;;;;;;;;;;;;;;;;;;;;;;;1;
6d726d137a2907da;220054;d1ac754d66bd87cf;14;1;2024-10-11 00:00:00;2024-10-14 00:00:00;2;;;I30.9;D68.9;Q74.2;Q63.9;;;;;;;;;;;;;;;;;S;S;E;E;;;;;;;;;;;;;;;;;B246ZZZ;4A02X4Z;BW251ZZ;;;;;;;;;;;;;;;;;;;;;;;;;;1;
390bdc80b8767b6f;220054;9d632bde8a53a4ab;94;2;2024-10-07 00:00:00;2024-10-15 00:00:00;1;;;I13.0;I50.9;N18.9;E11.22;E85.4;I43;I48.21;E55.9;K76.0;Z79.01;;;;;;;;;;;S;S;S;S;S;S;S;S;S;E;;;;;;;;;;;3E033GC;;;;;;;;;;;;;;;;;;;;;;;;;;;;1;
68163f35a984e68c;220054;2c6010be2b046623;88;2;2024-10-01 00:00:00;2024-10-15 00:00:00;1;;;D50.0;K57.31;K29.51;T45.515A;I13.0;I50.9;S81.809A;X58.XXXA;T79.8XXA;R78.81;B96.20;J10.1;N18.31;K80.20;T46.0X5A;I48.91;E78.5;E03.9;M81.0;I87.2;S;S;S;S;S;S;S;S;S;S;S;S;S;S;S;S;S;S;S;S;30233N1;3E033GC;3E03329;3E0F7GC;BW40ZZZ;4A02X4Z;3E0337Z;3E013GC;3E033NZ;;;;;;;;;;;;;;;;;;;;1;
a2480e34f0a2699f;220054;455465ddf4b765fa;94;2;2024-10-10 00:00:00;2024-10-15 00:00:00;1;;;D53.9;E53.8;E66.01;G47.33;R32;Z59.3;Z74.09;;;;;;;;;;;;;;S;S;S;S;S;E;S;;;;;;;;;;;;;;30233N1;3E033NZ;3E0337Z;3E033GC;;;;;;;;;;;;;;;;;;;;;;;;;1;
81ce1c0cf65a17db;220054;16b2b684a08edea4;0;2;2024-10-13 00:00:00;2024-10-16 00:00:00;1;;;Z05.1;;;;;;;;;;;;;;;;;;;;E;;;;;;;;;;;;;;;;;;;;;;;;;;;;;;;;;;;;;;;;;;;;;;;;1;
1b7901ee546f3e5f;220054;531050c0ccb13f36;46;2;2024-09-30 00:00:00;2024-10-16 00:00:00;1;;;K29.60;B96.81;R10.32;D35.1;E21.0;K55.20;E27.8;M79.7;G43.909;F32.A;Z79.899;;;;;;;;;;S;S;S;S;S;S;S;S;S;S;E;;;;;;;;;;0DB68ZX;0DJD8ZZ;BW241ZZ;BG44ZZZ;BG43ZZZ;4A02X4Z;3E0337Z;3E033GC;3E013GC;3E033NZ;;;;;;;;;;;;;;;;;;;1;
cbcea346a9b8977b;220054;8b52413c1fa6f279;85;2;2024-09-27 00:00:00;2024-10-16 00:00:00;1;;;I74.8;D73.5;I48.91;R76.8;R94.8;M13.161;I11.9;D64.9;Z88.6;Z88.1;Z88.8;;;;;;;;;;S;S;S;S;S;S;S;N;E;E;E;;;;;;;;;;BW201ZZ;B246ZZ4;BG44ZZZ;BW2FZZZ;4A02X4Z;3E03329;0S9C3ZZ;0S9C3ZX;3E033GC;3E033NZ;3E0337Z;3E013GC;;;;;;;;;;;;;;;;;1;
30c991e4bd7da498;220054;11dd11560365501d;71;2;2024-09-29 00:00:00;2024-10-16 00:00:00;1;;;J44.0;J18.9;J45.909;I27.20;G47.33;J96.92;E66.9;M30.1;J84.10;J31.2;R76.0;I10;E78.5;I42.0;Z87.891;Z79.52;Z79.891;Z79.624;Z79.620;Z88.8;S;S;S;S;S;S;S;S;S;S;S;S;S;S;E;E;E;E;E;E;BW2410Z;0CJY8ZZ;03JYXZZ;3E0F7GC;3E013GC;3E0333Z;3E03329;;;;;;;;;;;;;;;;;;;;;;2;
fad11bb431cc13d4;220054;352db254b80ccdfa;39;2;2024-10-16 00:00:00;2024-10-16 00:00:00;1;2024-10-16 00:00:00;;Q83.8;N60.11;;;;;;;;;;;;;;;;;;;E;S;;;;;;;;;;;;;;;;;;;0HBT0ZZ;;;;;;;;;;;;;;;;;;;;;;;;;;;;2;
2a9f9ba69b29a0ad;220054;cbb3483870d115bf;52;2;2024-10-16 00:00:00;2024-10-16 00:00:00;1;2024-10-16 00:00:00;;Q83.8;Z80.0;;;;;;;;;;;;;;;;;;;E;E;;;;;;;;;;;;;;;;;;;0HTY0ZZ;;;;;;;;;;;;;;;;;;;;;;;;;;;;2;
7c4b3be214b6a769;220054;1b23a642f1c9963f;65;2;2024-10-13 00:00:00;2024-10-18 00:00:00;1;;;J10.1;J45.901;;;;;;;;;;;;;;;;;;;S;S;;;;;;;;;;;;;;;;;;;3E0F7GC;3E03329;3E0333Z;;;;;;;;;;;;;;;;;;;;;;;;;;1;
6986ca2883f9a7a2;220054;96a1e4b4d2468973;86;1;2024-09-28 00:00:00;2024-10-18 00:00:00;1;;;I33.0;R78.81;B95.62;N17.9;I12.9;E11.22;N18.9;S30.813A;X58.XXXA;F05;I48.21;I25.2;E66.9;G47.33;L40.53;Z95.5;Z88.2;Z91.041;Z87.891;Z79.84;S;S;S;S;S;S;S;S;S;S;S;E;S;S;S;E;E;E;E;E;B246ZZZ;B246ZZ4;3E03329;3E0F7GC;3E033GC;3E0333Z;3E033NZ;3E0337Z;3E013VG;;;;;;;;;;;;;;;;;;;;1;
130f48cf04bdccf3;220054;7b8358ebec46f920;58;1;2024-10-11 00:00:00;2024-10-18 00:00:00;1;;;C66.2;N13.8;C77.5;G89.3;T40.605A;E53.8;I10;E78.5;F17.210;Z80.0;;;;;;;;;;;S;S;S;S;S;S;S;S;S;E;;;;;;;;;;;4A02X4Z;3E033NZ;3E013GC;;;;;;;;;;;;;;;;;;;;;;;;;;1;
3e03553b4194abe8;220054;d72f8fd77bdd69f9;80;2;2024-10-10 00:00:00;2024-10-18 00:00:00;1;;;I26.99;J45.901;J47.9;I13.0;I50.33;J96.01;N18.9;I87.2;E78.5;E66.9;M81.0;E55.9;G47.33;K29.40;G60.8;K59.00;H57.9;E87.5;Z86.711;Z79.82;S;S;S;S;S;S;S;S;S;S;S;S;S;S;S;S;S;S;E;E;3E013GC;B246ZZZ;4A02X4Z;3E0333Z;3E033GC;3E0F7GC;3E0F7SF;4A07XBZ;08J0XZZ;3E033NZ;3E013VG;;;;;;;;;;;;;;;;;;1;
56e86eeb868c1438;220054;ac5648006c992aa0;71;1;2024-09-29 00:00:00;2024-10-19 00:00:00;4;;;C25.8;C78.7;C78.00;I81;N17.9;I82.432;G93.40;D64.9;I10;E11.9;F41.9;Z51.5;;;;;;;;;S;S;S;S;S;S;S;S;S;S;S;E;;;;;;;;;3E033NZ;3E033GC;3E0337Z;3E013GC;;;;;;;;;;;;;;;;;;;;;;;;;1;
9ead281f8da16525;220054;0eb4b879baaeecf2;34;2;2024-10-18 00:00:00;2024-10-20 00:00:00;1;;;O36.63X0;Z3A.39;Z67.40;Z37.0;;;;;;;;;;;;;;;;;S;E;E;E;;;;;;;;;;;;;;;;;10E0XZZ;3E033VJ;4A1HXCZ;;;;;;;;;;;;;;;;;;;;;;;;;;1;
669e85afae4b2e8b;220054;be0f5697541e790f;40;1;2024-10-17 00:00:00;2024-10-21 00:00:00;1;;;E11.65;Z71.89;F17.210;;;;;;;;;;;;;;;;;;S;E;S;;;;;;;;;;;;;;;;;;3E013VG;3E033NZ;3E0337Z;3E033GC;3E013GC;;;;;;;;;;;;;;;;;;;;;;;;1;
46e5c73c66efdd05;220054;1b58a11998b0c34c;85;2;2024-10-13 00:00:00;2024-10-22 00:00:00;1;;;I11.0;I50.9;J96.00;E55.9;L97.929;I87.2;I71.21;I27.29;I48.92;I71.010;M06.9;K52.9;F32.A;M81.0;E78.5;Z59.3;Z79.01;Z86.711;;;S;S;S;S;S;S;S;S;S;S;S;S;S;S;S;E;E;E;;;3E0333Z;3E033NZ;3E033GC;3E0F7GC;4A02X4Z;;;;;;;;;;;;;;;;;;;;;;;;1;
a6ce3f415f05a420;220054;fd1e34648609cea5;89;2;2024-10-21 00:00:00;2024-10-22 00:00:00;4;;;I13.0;I50.9;N17.9;N18.2;E11.22;E11.65;C64.1;C78.7;Z51.5;E87.1;E78.5;E03.8;E53.8;;;;;;;;S;S;S;S;S;S;S;S;E;S;S;S;S;;;;;;;;BW40ZZZ;3E033NZ;3E0337Z;3E013VG;;;;;;;;;;;;;;;;;;;;;;;;;1;
63cf4f5f770dc7ed;220054;4198e13eb093ccf6;96;1;2024-09-21 00:00:00;2024-10-23 00:00:00;1;;;K80.31;K81.0;A41.51;R65.21;N17.9;K63.0;K31.89;K56.7;I11.0;I50.9;J69.0;F05;D64.9;E78.5;E03.8;E79.0;I48.91;E83.119;N40.0;Z79.82;S;S;N;N;N;S;S;N;S;S;N;N;S;S;S;S;S;S;S;E;BW40ZZZ;BW201ZZ;BW201ZZ;BW241ZZ;3E043XZ;3E0436Z;3E04329;4A12X4Z;4A13XB1;0D9670Z;3E1H78Z;30233N1;F07Z9ZZ;4A02X4Z;3E013VG;3E0337Z;3E033NZ;3E013GC;3E0333Z;3E033GC;;;;;;;;;1;
dde7ffc491c20b98;220054;3827590d70aee2cd;59;1;2024-10-15 00:00:00;2024-10-23 00:00:00;1;;;K80.30;K74.60;I85.10;I10;E11.9;Z79.84;;;;;;;;;;;;;;;S;S;S;S;S;E;;;;;;;;;;;;;;;BW40ZZZ;BW20ZZZ;3E013VG;3E033GC;3E03329;3E0337Z;;;;;;;;;;;;;;;;;;;;;;;1;
c17b22848a32f045;220054;972c3e86c36f4a10;77;1;2024-10-11 00:00:00;2024-10-23 00:00:00;1;;;J10.1;J84.112;J96.10;K21.9;K44.9;K31.819;K29.50;K76.0;I27.20;M15.9;N40.0;Z86.711;Z86.718;Z60.2;Z99.81;;;;;;S;S;S;S;S;S;S;S;S;S;S;E;E;S;E;;;;;;3E0333Z;3E0F7SF;3E03329;3E033GC;;;;;;;;;;;;;;;;;;;;;;;;;1;
345e1a7ef60d9dff;220054;bd47373fbf1de90d;86;1;2024-10-10 00:00:00;2024-10-24 00:00:00;1;;;C34.12;N17.9;I10;I48.91;E79.0;N40.0;Z79.818;Z87.891;Z85.46;Z92.3;Z79.01;Z79.82;;;;;;;;;S;S;S;S;S;S;E;E;E;E;E;E;;;;;;;;;0BBG3ZX;BB4BZZZ;3E0337Z;;;;;;;;;;;;;;;;;;;;;;;;;;1;
ade5da5ebac40514;220054;b9379af9111962bc;39;1;2024-10-18 00:00:00;2024-10-24 00:00:00;2;;;T82.7XXA;I33.0;B96.1;Z16.12;G06.0;I34.0;N18.6;R78.81;Z99.2;D63.1;I15.1;;;;;;;;;;S;S;S;S;S;S;S;S;E;S;S;;;;;;;;;;B020ZZZ;BW24ZZZ;B246ZZZ;B246ZZZ;3E03329;3E033NZ;3E0333Z;3E033GC;;;;;;;;;;;;;;;;;;;;;1;
ac3ed7c479f4a9f5;220054;50651b6d1eab619a;87;1;2024-10-22 00:00:00;2024-10-24 00:00:00;1;;;S72.012A;W19.XXXA;I10;I48.91;I48.92;D53.1;E55.9;C61;Z79.01;;;;;;;;;;;;S;S;S;S;S;S;S;S;E;;;;;;;;;;;;BQ21ZZZ;3E033NZ;3E013GC;;;;;;;;;;;;;;;;;;;;;;;;;;1;
c993f841d98a0131;220054;c1465425368cf3f3;37;2;2024-10-23 00:00:00;2024-10-25 00:00:00;1;;;O99.284;E55.9;O34.83;N90.812;O90.81;Z67.10;Z3A.37;Z37.0;;;;;;;;;;;;;S;S;S;S;N;E;E;E;;;;;;;;;;;;;10E0XZZ;10907ZC;4A1HXCZ;;;;;;;;;;;;;;;;;;;;;;;;;;1;
4cd86f9eb467b8c1;220054;39e93fcb7fd561d8;31;2;2024-10-23 00:00:00;2024-10-26 00:00:00;1;2024-10-24 00:00:00;;O10.92;O34.219;O90.81;Z3A.38;Z37.0;Z67.20;;;;;;;;;;;;;;;S;S;N;E;E;E;;;;;;;;;;;;;;;10D00Z1;4A1HXCZ;3E033GC;;;;;;;;;;;;;;;;;;;;;;;;;;1;
208f00edfb5f88a5;220054;26d28b06b87439e0;76;1;2024-10-20 00:00:00;2024-10-28 00:00:00;1;;;J43.9;J98.8;E83.51;E83.42;I13.0;I50.9;N18.32;D63.1;I25.2;B00.2;K44.9;K31.819;K70.30;K76.6;H40.9;Z85.05;Z95.5;Z87.891;Z79.82;;S;S;S;S;S;S;S;S;E;S;S;S;S;S;S;E;E;E;E;;BW40ZZZ;4A02X4Z;3E03329;3E033NZ;3E0333Z;3E0F7GC;3E0337Z;;;;;;;;;;;;;;;;;;;;;;1;
16e3f17d153af9f7;220054;622f919ca54ad73d;33;2;2024-10-24 00:00:00;2024-10-28 00:00:00;1;2024-10-25 00:00:00;;O45.93;O99.284;E03.9;O90.81;Z3A.39;Z37.0;Z67.41;;;;;;;;;;;;;;S;S;S;N;E;E;E;;;;;;;;;;;;;;10D00Z1;4A1HXCZ;;;;;;;;;;;;;;;;;;;;;;;;;;;1;
7943d07cd5db02b2;220054;8dbc652f8545534e;93;2;2024-10-08 00:00:00;2024-10-28 00:00:00;1;;;N39.0;G31.83;F02.C0;K59.00;E11.319;E11.22;I12.9;N18.9;K44.9;M62.3;E46;Z79.84;Z79.82;;;;;;;;S;S;S;S;S;S;S;S;S;S;S;E;E;;;;;;;;3E03329;3E1H78Z;3E033NZ;3E0337Z;3E033GC;3E013GC;;;;;;;;;;;;;;;;;;;;;;;1;
f5c66e92086394c9;220054;e86a7cf062c10bd9;3;1;2024-10-29 00:00:00;2024-10-29 00:00:00;1;;;Z01.82;Z84.89;;;;;;;;;;;;;;;;;;;E;E;;;;;;;;;;;;;;;;;;;;;;;;;;;;;;;;;;;;;;;;;;;;;;;1;
60f8e95830d55c43;220054;70aaa2b7a936eef2;92;1;2024-10-25 00:00:00;2024-10-29 00:00:00;2;;;I44.2;E85.4;I43;N18.9;E78.5;;;;;;;;;;;;;;;;S;S;S;S;S;;;;;;;;;;;;;;;;4A12X4Z;4A02X4Z;3E033GC;;;;;;;;;;;;;;;;;;;;;;;;;;1;
b7f25b9096954c41;220054;ace289a8fe8632ad;65;2;2024-10-27 00:00:00;2024-10-30 00:00:00;1;;;R55;K12.1;R78.81;B95.2;K02.9;J44.9;E78.5;I48.91;I70.202;D68.61;F32.A;F17.210;Z86.73;Z95.2;Z95.3;Z79.01;;;;;S;S;S;S;S;S;S;S;S;S;S;S;E;E;E;E;;;;;B020ZZZ;B246ZZZ;3E03329;3E03328;3E013VG;;;;;;;;;;;;;;;;;;;;;;;;1;
24e6e48bfc50ebad;220054;6fcece250997c288;86;2;2024-10-23 00:00:00;2024-10-30 00:00:00;4;;;N39.0;B96.4;B95.2;E86.0;E87.0;R13.12;I12.0;N18.5;D64.9;D47.2;M35.00;J45.909;G21.4;G30.9;F02.80;F32.A;E78.5;G25.81;Z79.82;Z59.3;S;S;S;S;S;S;S;S;S;S;S;S;S;S;S;S;S;S;E;E;3E03329;3E013GC;3E0337Z;3E033NZ;;;;;;;;;;;;;;;;;;;;;;;;;1;
d27f22856a97540d;220054;4bddbfebb03024b3;67;1;2024-10-25 00:00:00;2024-10-31 00:00:00;1;;;Z48.812;I21.19;Z95.5;Z86.74;I47.29;I49.01;E78.5;F41.9;F17.210;;;;;;;;;;;;E;S;E;E;S;S;S;S;S;;;;;;;;;;;;4A13XB1;4A12X4Z;B246ZZZ;3E033NZ;3E013GC;;;;;;;;;;;;;;;;;;;;;;;;1;
dbd6c6c4a56582e4;220054;f92c8ad76ab85db4;47;1;2024-10-29 00:00:00;2024-10-31 00:00:00;1;2024-10-30 00:00:00;;M23.612;M23.304;E71.529;;;;;;;;;;;;;;;;;;S;S;S;;;;;;;;;;;;;;;;;;0MRP4KZ;0SBD4ZZ;;;;;;;;;;;;;;;;;;;;;;;;;;;2;
ceea12ebe700ff36;220054;b5d815827c5efc19;33;2;2024-10-28 00:00:00;2024-10-31 00:00:00;1;2024-10-28 00:00:00;;O40.3XX0;O32.0XX0;O90.81;Z3A.39;Z37.0;Z67.10;;;;;;;;;;;;;;;S;S;N;E;E;E;;;;;;;;;;;;;;;10907ZC;BY48ZZZ;BY4FZZZ;3E033VJ;10D07Z6;3E0R3BZ;0W8NXZZ;4A1HXCZ;3E033GC;;;;;;;;;;;;;;;;;;;;1;
a6327d1dc1db16ea;220054;cb0738f00a70b538;76;2;2024-10-31 00:00:00;2024-11-01 00:00:00;1;2024-10-31 00:00:00;;N20.1;N23;E78.5;;;;;;;;;;;;;;;;;;S;S;S;;;;;;;;;;;;;;;;;;0T9480Z;BW211ZZ;3E0337Z;3E033NZ;3E03329;;;;;;;;;;;;;;;;;;;;;;;;1;
07356c05e1a96d69;220054;c7df775f451bb236;58;2;2024-10-30 00:00:00;2024-11-02 00:00:00;1;2024-10-31 00:00:00;;N81.6;I47.1;K59.00;;;;;;;;;;;;;;;;;;S;S;S;;;;;;;;;;;;;;;;;;0JQC0ZZ;;;;;;;;;;;;;;;;;;;;;;;;;;;;2;
10b4020a56c4e056;220054;ebf154e3a530a071;4;2;2024-10-30 00:00:00;2024-11-02 00:00:00;1;;;J15.7;;;;;;;;;;;;;;;;;;;;S;;;;;;;;;;;;;;;;;;;;BB4BZZZ;3E03329;;;;;;;;;;;;;;;;;;;;;;;;;;;1;
bfacbd6309cbf3b9;220054;c3983ee311208b3d;40;2;2024-10-30 00:00:00;2024-11-02 00:00:00;1;2024-10-31 00:00:00;;E04.2;;;;;;;;;;;;;;;;;;;;S;;;;;;;;;;;;;;;;;;;;0GTK0ZZ;;;;;;;;;;;;;;;;;;;;;;;;;;;;2;
3e3c9a3fde0e22cd;220054;3e5f8109c678d3e4;61;2;2024-10-22 00:00:00;2024-11-05 00:00:00;1;2024-10-23 00:00:00;;M17.12;I89.0;I10;E78.00;E11.9;M47.9;M43.10;Z90.710;Z90.722;;;;;;;;;;;;S;S;S;S;S;S;S;E;E;;;;;;;;;;;;0SRD0J9;3E033NZ;3E013GC;3E033GC;3E0337Z;;;;;;;;;;;;;;;;;;;;;;;;2;
c1170561f90bf903;220054;122731df0696eac7;79;1;2024-10-17 00:00:00;2024-11-05 00:00:00;1;;;R55;E06.3;D64.9;K57.30;R19.7;I48.91;Z79.01;Z95.0;I10;G47.30;Z99.89;Z85.46;Z92.3;;;;;;;;S;S;S;S;S;S;E;E;S;S;E;E;E;;;;;;;;0DBK8ZX;0DBM8ZX;B020ZZZ;BW241ZZ;B348ZZZ;BW4FZZZ;4A02X4Z;3E013GC;;;;;;;;;;;;;;;;;;;;;1;
9354441bd3c90d1f;220054;36950bf1e16492ee;67;1;2024-11-02 00:00:00;2024-11-05 00:00:00;1;;;J36;B95.0;E78.5;E66.9;Z21;Z79.899;;;;;;;;;;;;;;;S;S;S;S;S;E;;;;;;;;;;;;;;;0CBPXZZ;0C9PXZZ;;;;;;;;;;;;;;;;;;;;;;;;;;;1;
76a7df3967a9cb43;220054;d1956794fe51ee8c;91;2;2024-11-02 00:00:00;2024-11-05 00:00:00;4;;;I62.00;I60.9;R13.12;J96.00;I13.0;I50.9;N18.30;D53.1;I48.0;I34.2;I34.0;I35.1;E78.5;E03.9;M81.0;I69.354;Z95.0;Z79.620;Z86.16;Z59.3;S;S;S;S;S;S;S;S;S;S;S;S;S;S;S;E;E;E;E;E;B020ZZZ;3E033NZ;3E0337Z;3E03329;;;;;;;;;;;;;;;;;;;;;;;;;1;
3972da46d5132587;220054;9f08b262b699e406;91;1;2024-10-31 00:00:00;2024-11-06 00:00:00;1;;;J18.9;J69.0;R13.10;I10;E11.9;E78.5;I48.0;Z79.01;D64.9;E46;R32;R15.9;I65.23;N40.0;Z86.73;L12.0;Z59.3;Z74.09;;;S;S;S;S;S;S;S;E;S;S;S;S;S;S;E;S;E;S;;;3E03329;3E0F7GC;3E0333Z;3E0337Z;3E0F7SF;3E013VG;3E033NZ;;;;;;;;;;;;;;;;;;;;;;1;
b698170f0b95e34e;220054;649a3bdab580e4c5;52;1;2024-10-31 00:00:00;2024-11-06 00:00:00;1;;;R56.9;F10.231;;;;;;;;;;;;;;;;;;;S;S;;;;;;;;;;;;;;;;;;;B020ZZZ;BW40ZZZ;;;;;;;;;;;;;;;;;;;;;;;;;;;1;
d980a09ab936ae3d;220054;32b672773a12df5a;42;1;2024-11-05 00:00:00;2024-11-06 00:00:00;2;2024-11-06 00:00:00;;M19.012;I97.42;Y65.8;I97.89;I74.2;Y83.1;G62.9;;;;;;;;;;;;;;S;N;N;N;N;N;S;;;;;;;;;;;;;;0RRK00Z;B320YZZ;B320ZZZ;;;;;;;;;;;;;;;;;;;;;;;;;;2;
25b5ee0dac7de644;220054;c5aafca366a59d09;65;2;2024-11-06 00:00:00;2024-11-08 00:00:00;1;2024-11-07 00:00:00;;M75.111;M75.51;E03.9;;;;;;;;;;;;;;;;;;S;S;S;;;;;;;;;;;;;;;;;;0LQ14ZZ;0MB14ZZ;;;;;;;;;;;;;;;;;;;;;;;;;;;2;
6038c150e00b32ad;220054;e43465b83dcb2dec;34;2;2024-11-06 00:00:00;2024-11-08 00:00:00;1;;;O42.92;O48.0;Z3A.40;Z37.0;Z67.10;;;;;;;;;;;;;;;;S;S;E;E;E;;;;;;;;;;;;;;;;10E0XZZ;3E0R3BZ;10907ZC;4A1HXCZ;;;;;;;;;;;;;;;;;;;;;;;;;1;
5ec83b2537018069;220054;0ce62c0959c87170;37;2;2024-11-05 00:00:00;2024-11-08 00:00:00;1;;;O90.81;Z3A.38;Z37.0;Z67.40;;;;;;;;;;;;;;;;;N;E;E;E;;;;;;;;;;;;;;;;;10E0XZZ;3E0R3BZ;4A1HXCZ;;;;;;;;;;;;;;;;;;;;;;;;;;1;
1cf53efc22d06d1d;220054;36ebffd1127924a0;22;2;2024-11-06 00:00:00;2024-11-09 00:00:00;1;;;O48.0;Z3A.40;O99.344;F41.8;Z67.10;O70.0;O90.81;Z37.0;;;;;;;;;;;;;S;E;S;S;E;N;N;E;;;;;;;;;;;;;10E0XZZ;0UQGXZZ;3E0R3BZ;10907ZC;4A1HXCZ;;;;;;;;;;;;;;;;;;;;;;;;1;
bc7e095388a80cfb;220054;69da808e59cd258f;0;2;2024-11-07 00:00:00;2024-11-10 00:00:00;1;;;P55.0;;;;;;;;;;;;;;;;;;;;S;;;;;;;;;;;;;;;;;;;;6A600ZZ;;;;;;;;;;;;;;;;;;;;;;;;;;;;2;
789606a6e30012dd;220054;f151a2fc2948ebaa;58;1;2024-11-03 00:00:00;2024-11-10 00:00:00;1;2024-11-04 00:00:00;;K80.10;K82.4;K42.9;M96.841;Y83.6;Y83.8;D50.1;J44.9;E78.5;N20.1;F32.A;;;;;;;;;;S;S;S;N;N;N;N;S;S;S;S;;;;;;;;;;0FT44ZZ;0WQF0ZZ;BW40ZZZ;3E033NZ;;;;;;;;;;;;;;;;;;;;;;;;;2;
c1550a4631a2e664;220054;6877ed60d260332f;66;2;2024-11-08 00:00:00;2024-11-11 00:00:00;1;;;G45.9;I10;E78.5;G47.33;G47.00;G40.909;F41.8;Z99.89;;;;;;;;;;;;;S;S;S;S;S;S;S;E;;;;;;;;;;;;;B020ZZZ;B32RZZZ;;;;;;;;;;;;;;;;;;;;;;;;;;;1;
2fb7021808bce75d;220054;f2986f7f778cb870;84;1;2024-11-05 00:00:00;2024-11-12 00:00:00;1;2024-11-08 00:00:00;;N13.2;N28.89;I26.99;I10;E03.9;E78.5;E66.9;Z85.46;;;;;;;;;;;;;S;S;S;S;S;S;S;E;;;;;;;;;;;;;0T9480Z;BW211ZZ;B32S1ZZ;B32T1ZZ;3E033NZ;3E0337Z;3E033GC;3E03329;3E013GC;;;;;;;;;;;;;;;;;;;;1;
8e55db24616e81c9;220054;6f192223abf6797b;46;1;2024-11-05 00:00:00;2024-11-12 00:00:00;1;;;N41.0;B96.20;I10;;;;;;;;;;;;;;;;;;S;S;S;;;;;;;;;;;;;;;;;;3E03329;3E0337Z;3E033NZ;3E013GC;;;;;;;;;;;;;;;;;;;;;;;;;1;
db15a83f5d043d86;220054;114880e064909b6d;67;2;2024-11-06 00:00:00;2024-11-12 00:00:00;1;;;J96.00;J44.1;J45.901;F17.210;L40.9;Z88.8;Z88.0;Z91.09;;;;;;;;;;;;;S;S;S;S;S;E;E;E;;;;;;;;;;;;;4A02X4Z;3E0F7GC;3E0333Z;3E03329;3E0F7SF;;;;;;;;;;;;;;;;;;;;;;;;1;
154c19385a13c543;220054;f97803f8a415c2d4;18;1;2024-11-11 00:00:00;2024-11-12 00:00:00;1;2024-11-11 00:00:00;;M23.52;;;;;;;;;;;;;;;;;;;;S;;;;;;;;;;;;;;;;;;;;0MRP47Z;0LBR0ZZ;;;;;;;;;;;;;;;;;;;;;;;;;;;2;
8a0ed93b992007a9;220054;e2c99f24bf82c302;88;1;2024-11-03 00:00:00;2024-11-12 00:00:00;1;;;N39.0;N17.9;I12.9;N18.32;D63.1;E87.21;F05;D50.9;E03.8;J98.01;L97.909;I99.9;L97.509;I48.91;F09;E78.5;J44.9;Z78.1;Z99.81;Z79.01;S;S;S;S;S;S;S;S;S;N;S;S;S;S;S;S;S;E;E;E;3E03329;3E0337Z;3E033GC;3E0333Z;F07Z5FZ;3E0F7SF;3E013GC;3E033NZ;;;;;;;;;;;;;;;;;;;;;1;
4179806fcfd9312a;220054;db53ef89074b8798;88;1;2024-11-11 00:00:00;2024-11-13 00:00:00;1;2024-11-12 00:00:00;;C83.58;I10;E11.21;E11.40;J45.909;M10.9;K21.9;M16.9;N40.1;H91.90;Z79.4;Z79.84;;;;;;;;;S;S;S;S;S;S;S;S;S;S;E;E;;;;;;;;;07B50ZX;;;;;;;;;;;;;;;;;;;;;;;;;;;;2;
81529a30a3f326c5;220054;766c261308fd2ee7;81;2;2024-10-24 00:00:00;2024-11-13 00:00:00;1;;;T38.3X6A;E11.65;E87.0;Z91.130;F03.90;Z60.2;E11.22;N18.9;I10;Z79.4;Z79.84;E78.5;;;;;;;;;S;S;S;E;S;S;S;S;S;E;E;S;;;;;;;;;B020ZZZ;3E013GC;3E0337Z;;;;;;;;;;;;;;;;;;;;;;;;;;1;
26bf55a2a714d5ef;220054;bc5b452f11248e31;59;1;2024-11-08 00:00:00;2024-11-13 00:00:00;1;2024-11-08 00:00:00;;D09.0;N99.820;Y83.8;N23;Z86.19;Z87.891;;;;;;;;;;;;;;;S;N;N;N;E;E;;;;;;;;;;;;;;;0TBB8ZZ;3E1K78Z;;;;;;;;;;;;;;;;;;;;;;;;;;;2;
867020d8b9f61065;220054;9305dc7d41958407;60;1;2024-11-11 00:00:00;2024-11-13 00:00:00;1;;;N20.1;N35.919;I10;I48.91;;;;;;;;;;;;;;;;;S;S;S;S;;;;;;;;;;;;;;;;;0T9480Z;0T7D8ZZ;BW40ZZZ;3E033NZ;3E013GC;3E0337Z;3E03329;;;;;;;;;;;;;;;;;;;;;;1;
2668a291dde9a729;220054;0b46a3fb950526c2;56;2;2024-11-04 00:00:00;2024-11-13 00:00:00;4;;;C50.919;C77.9;C79.51;I26.99;J90;Z51.5;Z59.3;Z79.60;Z79.811;;;;;;;;;;;;S;S;S;S;S;E;E;E;E;;;;;;;;;;;;3E033NZ;3E0337Z;3E013GC;3E033GC;;;;;;;;;;;;;;;;;;;;;;;;;1;
9bb03f1c34737bd2;220054;581afdb06c846b7a;91;2;2024-11-04 00:00:00;2024-11-14 00:00:00;1;;;K55.9;A04.72;E53.8;I10;F03.90;Z59.3;;;;;;;;;;;;;;;S;S;S;S;S;E;;;;;;;;;;;;;;;4A02X4Z;BW241ZZ;3E03329;;;;;;;;;;;;;;;;;;;;;;;;;;1;
f59bb3dbdec09b63;220054;63456efa39235911;58;2;2024-11-12 00:00:00;2024-11-14 00:00:00;1;2024-11-13 00:00:00;;T84.84XA;G89.28;M79.651;Y83.1;S72.451D;W19.XXXD;;;;;;;;;;;;;;;S;S;S;S;E;E;;;;;;;;;;;;;;;0QPC04Z;;;;;;;;;;;;;;;;;;;;;;;;;;;;2;
2a82a36ff0ea91e8;220054;6561906007e4c294;98;1;2024-11-05 00:00:00;2024-11-14 00:00:00;1;;;J18.9;I11.0;I50.9;J96.01;F05;I25.9;I48.91;E79.0;F09;Z59.3;;;;;;;;;;;S;S;S;S;S;S;S;S;S;E;;;;;;;;;;;3E03329;3E0333Z;3E0F7GC;3E033GC;3E0337Z;3E033NZ;;;;;;;;;;;;;;;;;;;;;;;1;
4696323bd0487823;220054;697322c5ee7af923;89;1;2024-11-05 00:00:00;2024-11-14 00:00:00;1;;;A41.51;N39.0;B96.20;Z16.12;J69.0;I10;E11.22;N18.4;D63.1;D50.9;E11.649;R13.19;E53.8;F03.B0;F32.A;Z79.4;Z59.3;;;;S;S;S;S;S;S;S;S;S;S;S;S;S;S;S;E;E;;;;3E03329;30233N1;3E033GC;3E0337Z;3E033NZ;3E0F7GC;3E013GC;;;;;;;;;;;;;;;;;;;;;;1;
fed1892670a4dfd4;220054;d7ab94d98524a971;17;1;2024-11-13 00:00:00;2024-11-15 00:00:00;1;2024-11-14 00:00:00;;M23.611;;;;;;;;;;;;;;;;;;;;S;;;;;;;;;;;;;;;;;;;;0MRN47Z;0LBQ0ZZ;;;;;;;;;;;;;;;;;;;;;;;;;;;2;
aa305b8fdd589534;220054;1263ac6558deaaca;86;2;2024-11-10 00:00:00;2024-11-15 00:00:00;1;;;K80.51;K86.9;I11.9;I45.10;R73.01;I69.998;H54.61;M81.0;R32;I87.2;Z90.710;;;;;;;;;;S;S;S;S;S;E;S;S;S;S;E;;;;;;;;;;3E0337Z;;;;;;;;;;;;;;;;;;;;;;;;;;;;2;
784c4e594a039531;220054;32fc7c0464cc313b;30;2;2024-11-12 00:00:00;2024-11-15 00:00:00;1;;;O42.02;O77.0;Z3A.39;Z67.40;Z37.0;;;;;;;;;;;;;;;;S;N;E;E;E;;;;;;;;;;;;;;;;10E0XZZ;3E0R3BZ;4A1HXCZ;3E03329;;;;;;;;;;;;;;;;;;;;;;;;;1;
0928a973f77a7928;220054;45314435000b82d8;31;2;2024-11-11 00:00:00;2024-11-15 00:00:00;1;2024-11-12 00:00:00;;O48.0;O65.4;Z67.40;Z3A.41;Z37.0;;;;;;;;;;;;;;;;S;N;E;E;E;;;;;;;;;;;;;;;;10D00Z1;3E0P7VZ;4A1HXCZ;;;;;;;;;;;;;;;;;;;;;;;;;;1;
715f1e713c0bd6c1;220054;1bbd8e90e64ffc9b;43;2;2024-11-14 00:00:00;2024-11-16 00:00:00;1;2024-11-15 00:00:00;;O72.2;;;;;;;;;;;;;;;;;;;;S;;;;;;;;;;;;;;;;;;;;10D18ZZ;10D17Z9;;;;;;;;;;;;;;;;;;;;;;;;;;;1;
01e02a4c3ca4e7ff;220054;69581bf147114829;59;1;2024-11-12 00:00:00;2024-11-16 00:00:00;1;2024-11-13 00:00:00;;D09.0;F17.210;;;;;;;;;;;;;;;;;;;S;S;;;;;;;;;;;;;;;;;;;0TBB8ZZ;;;;;;;;;;;;;;;;;;;;;;;;;;;;2;
ee4a738e8139ebc6;220054;93a3a9e9fff4519a;63;1;2024-10-15 00:00:00;2024-11-18 00:00:00;5;;;K56.609;T50.905A;K59.39;K56.0;K55.9;K63.9;A41.9;Y95;R63.2;J95.89;T17.918A;Y84.8;G72.81;B37.0;R93.5;E46;E77.8;F20.9;G20;F29;S;S;S;S;S;S;N;N;S;N;N;N;N;N;S;S;S;S;S;S;0D7N8ZZ;02HV33Z;BW201ZZ;0D9670Z;GZ3ZZZZ;F0737ZZ;3E0436Z;GZ14ZZZ;3E1H78Z;3E03328;3E03329;;;;;;;;;;;;;;;;;;1;
ef862a5655db3a85;220054;2f05d278f445099b;0;1;2024-11-12 00:00:00;2024-11-18 00:00:00;1;;;E53.8;D64.9;D70.9;J00;;;;;;;;;;;;;;;;;S;S;S;S;;;;;;;;;;;;;;;;;;;;;;;;;;;;;;;;;;;;;;;;;;;;;1;
50c1f79194cdf0a7;220054;01d0e2a88800a798;17;1;2024-11-12 00:00:00;2024-11-18 00:00:00;1;;;B50.8;D69.59;D68.9;;;;;;;;;;;;;;;;;;S;S;S;;;;;;;;;;;;;;;;;;3E03329;3E033NZ;3E0337Z;BW40ZZZ;;;;;;;;;;;;;;;;;;;;;;;;;1;
dca2b5b0ec268570;220054;7d98dfc7f3aee41d;79;1;2024-11-06 00:00:00;2024-11-18 00:00:00;1;;;M35.3;M65.89;K83.09;I71.43;J44.9;I10;E11.51;K65.4;K76.0;N40.1;Z86.73;Z79.02;;;;;;;;;S;S;S;S;S;S;S;S;S;S;E;E;;;;;;;;;BW40ZZZ;4A02X4Z;3E013VG;;;;;;;;;;;;;;;;;;;;;;;;;;1;
8729cdf9f5bdc9b5;220054;ccb23dcc2d28be1c;83;1;2024-11-14 00:00:00;2024-11-18 00:00:00;1;;;I13.0;I50.33;N17.9;N18.9;I25.10;E11.319;I48.21;E78.5;E03.2;T46.2X5S;Z79.84;Z86.16;Z95.5;Z79.01;;;;;;;S;S;S;S;S;S;S;S;S;E;E;E;E;E;;;;;;;B246ZZZ;4A02X4Z;3E013GC;3E033GC;3E0F7GC;3E0333Z;3E033NZ;;;;;;;;;;;;;;;;;;;;;;1;
8fc968404c05d967;220054;b96e683845f22076;28;2;2024-11-15 00:00:00;2024-11-19 00:00:00;1;;;O48.0;O90.81;O70.0;Z3A.40;Z37.0;Z67.40;;;;;;;;;;;;;;;S;N;N;E;E;E;;;;;;;;;;;;;;;10E0XZZ;3E0R3BZ;3E0P7VZ;0UQGXZZ;10907ZC;4A1HXCZ;;;;;;;;;;;;;;;;;;;;;;;1;
48fe4807dbf2bb8b;220054;279d94fdd58d1f27;87;2;2024-11-10 00:00:00;2024-11-19 00:00:00;1;;;J20.8;J42;J96.00;I26.99;R82.89;I12.9;E11.22;N18.9;J45.909;R31.9;E78.5;G47.33;Z99.89;Z77.22;;;;;;;S;S;S;S;S;S;S;S;S;S;S;S;E;S;;;;;;;4A02X4Z;3E013GC;3E03329;3E0F7GC;;;;;;;;;;;;;;;;;;;;;;;;;1;
0c5d1b256e3157d4;220054;53cb3e6a9772d137;83;1;2024-10-30 00:00:00;2024-11-20 00:00:00;1;;;I11.0;I50.33;E85.4;I43;Z95.3;Z95.0;I34.1;I34.0;I27.20;K76.1;E78.5;K57.90;;;;;;;;;S;S;S;S;E;E;S;S;S;S;S;S;;;;;;;;;BW40ZZZ;4A02X4Z;3E033GC;3E033GC;3E033NZ;3E013GC;;;;;;;;;;;;;;;;;;;;;;;1;
cae3d5dfa83389bb;220054;be2e4d93c49f47db;89;2;2024-11-06 00:00:00;2024-11-20 00:00:00;1;;;J69.0;J96.00;I10;I48.92;L89.154;G20;F02.80;F41.9;M81.0;G47.00;Z86.711;Z88.6;Z88.1;Z88.8;;;;;;;S;S;S;S;S;S;S;S;S;S;E;E;E;E;;;;;;;3E03329;3E033GC;3E013GC;4A02X4Z;B32S1ZZ;B32T1ZZ;3E0F7SF;3E0337Z;3E0333Z;3E033NZ;3E0F7GC;;;;;;;;;;;;;;;;;;1;
702c1f2627e1ad21;220054;4619a1e13b18a5eb;96;2;2024-11-12 00:00:00;2024-11-21 00:00:00;4;;;I11.0;I50.9;J20.9;J69.0;Y95;I48.91;I25.2;Z95.5;I45.10;G25.81;Z79.01;I87.2;;;;;;;;;S;S;S;N;N;S;E;E;S;S;E;S;;;;;;;;;4A02X4Z;3E033GC;3E03329;3E0333Z;3E0337Z;3E033NZ;3E013GC;3E0F7SF;;;;;;;;;;;;;;;;;;;;;1;
97208a813e710517;220054;b2b8d50fd491ec08;48;2;2024-11-20 00:00:00;2024-11-21 00:00:00;1;2024-11-20 00:00:00;;D05.12;Z17.0;I10;E03.9;I47.1;G51.0;D35.02;F41.8;F17.210;;;;;;;;;;;;S;E;S;S;S;S;S;S;S;;;;;;;;;;;;0HBU0ZZ;0HHU3YZ;BH41ZZZ;;;;;;;;;;;;;;;;;;;;;;;;;;2;
994153950455c003;220054;9e44282d3b3c8dbe;58;1;2024-11-19 00:00:00;2024-11-21 00:00:00;1;;;N44.00;N43.3;;;;;;;;;;;;;;;;;;;S;S;;;;;;;;;;;;;;;;;;;0VS90ZZ;0VSB3ZZ;;;;;;;;;;;;;;;;;;;;;;;;;;;1;
345e1a7ef60d9dff;220054;98174edb6cce12fe;86;1;2024-11-12 00:00:00;2024-11-21 00:00:00;1;;;R50.9;C34.12;I50.9;D64.9;I10;I48.91;E79.0;Z85.46;Z92.3;Z79.891;;;;;;;;;;;S;S;S;S;S;S;S;E;E;E;;;;;;;;;;;3E033GC;30233N1;4A02X4Z;3E0F7SF;3E03329;3E0F7GC;3E0333Z;;;;;;;;;;;;;;;;;;;;;;1;
ee497dd33097bb44;220054;60c8dd984da4777f;88;1;2024-11-14 00:00:00;2024-11-21 00:00:00;1;;;R10.9;R97.0;J98.8;D61.818;F05;S55.299A;X58.XXXA;R50.9;I10;E55.9;Z85.46;Z92.3;Z87.891;;;;;;;;S;S;S;S;N;N;N;N;S;S;E;E;E;;;;;;;;30233N1;3E03329;3E033NZ;3E013GC;;;;;;;;;;;;;;;;;;;;;;;;;2;
0b4e616356f4ff0a;220054;ed9d6ac082e5180c;21;2;2024-11-20 00:00:00;2024-11-22 00:00:00;1;2024-11-20 00:00:00;;O33.9;O34.219;O75.4;I97.52;O71.1;O90.81;Z88.0;Z67.30;Z3A.39;Z37.0;;;;;;;;;;;S;S;N;N;N;N;E;E;E;E;;;;;;;;;;;10D00Z1;3E0R3BZ;04QF0ZZ;4A1HXCZ;3E033GC;;;;;;;;;;;;;;;;;;;;;;;;1;
6781bd78229e42d9;220054;bb50d9bffb336a0b;69;1;2024-11-11 00:00:00;2024-11-22 00:00:00;1;;;N39.0;B96.20;R31.0;N17.9;E11.22;N18.9;E11.319;E11.40;I10;E78.5;Z87.891;J44.9;J45.909;R91.1;Z88.8;Z88.6;;;;;S;S;S;S;S;S;S;S;S;S;E;S;S;S;E;E;;;;;BW40ZZZ;BW40ZZZ;3E03329;3E0337Z;3E033NZ;3E013VG;3E013GC;;;;;;;;;;;;;;;;;;;;;;1;
83234c462cee707f;220054;0a214c65beabf950;77;2;2024-11-21 00:00:00;2024-11-22 00:00:00;1;2024-11-21 00:00:00;;K40.91;I10;K21.9;M81.0;Z88.0;Z88.8;Z79.82;;;;;;;;;;;;;;S;S;S;S;E;E;E;;;;;;;;;;;;;;0YU54JZ;;;;;;;;;;;;;;;;;;;;;;;;;;;;2;
0d8bdf335c46cf03;220054;85447d753cef8579;78;1;2024-11-19 00:00:00;2024-11-22 00:00:00;1;;;S22.42XA;S27.892A;S61.205A;V43.62XA;Y92.410;N17.9;I12.9;N18.9;R93.2;R93.3;K57.30;I45.10;;;;;;;;;S;S;S;E;E;S;S;S;S;S;S;S;;;;;;;;;B020ZZZ;BR20ZZZ;BW241ZZ;4A02X4Z;3E033NZ;3E013VG;0JQK0ZZ;;;;;;;;;;;;;;;;;;;;;;1;
b58b59532cb05add;220054;ad922d1361caa4bb;72;1;2024-11-13 00:00:00;2024-11-22 00:00:00;1;2024-11-14 00:00:00;;M17.11;E11.9;;;;;;;;;;;;;;;;;;;S;S;;;;;;;;;;;;;;;;;;;0SRC0J9;;;;;;;;;;;;;;;;;;;;;;;;;;;;2;
59d2b2e2c6634d59;220054;371c02ceaa82a1bc;84;1;2024-11-08 00:00:00;2024-11-22 00:00:00;1;;;K64.8;T82.7XXA;I80.8;R93.421;R93.422;R93.89;D12.4;D12.0;I10;K57.30;;;;;;;;;;;S;N;N;S;S;S;S;S;S;S;;;;;;;;;;;3E033GC;30233N1;BW241ZZ;0DBC8ZZ;0DBM8ZZ;B246ZZZ;4A02X4Z;;;;;;;;;;;;;;;;;;;;;;1;
af1ec24d868facc1;220054;c17cf80b83b82759;36;2;2024-11-14 00:00:00;2024-11-22 00:00:00;1;;;O99.512;J20.9;J96.00;Z3A.24;;;;;;;;;;;;;;;;;S;S;S;E;;;;;;;;;;;;;;;;;3E03329;3E0333Z;3E0F7GC;3E0F7SF;BY4CZZZ;BY48ZZZ;;;;;;;;;;;;;;;;;;;;;;;1;
ce85e3fcbdcbc7d8;220054;4f58e83da0fc03ab;62;1;2024-11-19 00:00:00;2024-11-23 00:00:00;1;2024-11-20 00:00:00;;C61;I10;B19.20;L40.9;;;;;;;;;;;;;;;;;S;S;S;S;;;;;;;;;;;;;;;;;0VT04ZZ;0VT34ZZ;;;;;;;;;;;;;;;;;;;;;;;;;;;2;
9d659c572c3aeebc;220054;5c6c34a7494f2d8c;71;2;2024-11-20 00:00:00;2024-11-24 00:00:00;1;2024-11-21 00:00:00;;N81.2;N81.6;;;;;;;;;;;;;;;;;;;S;S;;;;;;;;;;;;;;;;;;;0UT97ZZ;0JQC0ZZ;0JQC0ZZ;;;;;;;;;;;;;;;;;;;;;;;;;;2;
534b5dc1a973dab6;220054;2147847c449090e1;91;1;2024-11-22 00:00:00;2024-11-24 00:00:00;1;2024-11-22 00:00:00;;K40.90;T40.411A;Y63.8;I10;N40.0;I25.9;Z79.82;Z79.52;;;;;;;;;;;;;S;N;N;S;S;S;E;E;;;;;;;;;;;;;0YU50JZ;4A13XB1;;;;;;;;;;;;;;;;;;;;;;;;;;;2;
047ae85b0bf21d70;220054;8753a4ac276ba3b0;43;1;2024-11-23 00:00:00;2024-11-24 00:00:00;1;2024-11-23 00:00:00;;N20.2;;;;;;;;;;;;;;;;;;;;S;;;;;;;;;;;;;;;;;;;;0T9380Z;0T9480Z;BW20ZZZ;;;;;;;;;;;;;;;;;;;;;;;;;;1;
2a4dbc23210d2c86;220054;41f42fe33984ad59;71;1;2024-11-21 00:00:00;2024-11-24 00:00:00;1;;;N39.0;N17.9;R93.89;I12.0;N18.5;I71.9;I25.2;E11.22;E78.5;C79.51;C77.8;Z90.6;Z93.6;Z85.46;Z90.79;Z85.528;Z90.5;Z92.3;Z95.5;Z96.0;S;S;S;S;S;S;E;S;S;S;S;E;E;E;E;E;E;E;E;S;BT4JZZZ;3E03329;;;;;;;;;;;;;;;;;;;;;;;;;;;1;
9e3560f6e6e0ad6b;220054;cce291e8d0e9a060;90;2;2024-11-20 00:00:00;2024-11-25 00:00:00;1;;;J98.8;J84.9;J47.9;E46;Z99.81;J96.10;R54;R13.10;Z59.3;M15.9;R32;F09;F41.8;;;;;;;;S;S;S;S;E;S;S;S;E;S;S;S;S;;;;;;;;3E03329;3E0F7GC;3E0333Z;3E013GC;3E0F7SF;3E0337Z;3E033GC;3E013VG;;;;;;;;;;;;;;;;;;;;;1;
4e19a6858fce03aa;220054;5c7519f2e6fd4929;31;2;2024-11-23 00:00:00;2024-11-25 00:00:00;1;;;O34.83;N90.810;O90.81;Z3A.39;Z37.0;Z67.10;;;;;;;;;;;;;;;S;S;N;E;E;E;;;;;;;;;;;;;;;10D07Z6;3E0R3BZ;0W8NXZZ;4A1HXCZ;;;;;;;;;;;;;;;;;;;;;;;;;1;
d39f985771031dc3;220054;87ec26313c5cbac4;68;1;2024-11-19 00:00:00;2024-11-26 00:00:00;4;;;J18.9;K75.9;C32.0;C78.1;C79.89;Z79.60;;;;;;;;;;;;;;;S;S;S;S;S;E;;;;;;;;;;;;;;;3E03329;3E0333Z;3E0F7SF;3E033NZ;3E0F7GC;3E033GC;3E0337Z;;;;;;;;;;;;;;;;;;;;;;1;
822061952e787656;220054;fa6d9214e7de945a;63;1;2024-11-24 00:00:00;2024-11-26 00:00:00;1;;;R74.01;K76.0;E11.9;E66.9;Z68.38;J84.112;I27.23;F10.90;G47.33;Z99.89;Z79.84;Z53.8;;;;;;;;;S;S;S;S;E;S;S;S;S;E;E;S;;;;;;;;;;;;;;;;;;;;;;;;;;;;;;;;;;;;;2;
a291b5e35da05590;220054;e04d45629aaa8510;30;2;2024-11-21 00:00:00;2024-11-26 00:00:00;1;2024-11-23 00:00:00;;O36.5930;O41.03X0;O35.8XX0;O77.0;O43.123;O69.2XX0;O36.93X0;O90.81;Z67.10;Z3A.39;Z37.0;;;;;;;;;;S;S;S;S;S;N;N;N;E;E;E;;;;;;;;;;10D00Z1;3E0P7VZ;3E033VJ;0U7C7ZZ;10907ZC;4A1HXCZ;;;;;;;;;;;;;;;;;;;;;;;1;
648a39b76e9ab91b;220054;cfa6c7d9f739fc95;43;1;2024-11-07 00:00:00;2024-11-26 00:00:00;1;;;E11.65;T38.0X5A;C71.9;R50.81;R33.9;E83.119;F17.210;Z79.69;Z79.52;Z86.11;Z92.3;;;;;;;;;;S;S;S;N;N;S;S;E;E;E;E;;;;;;;;;;BW40ZZZ;3E0337Z;3E013VG;0T9B70Z;0TPBX0Z;3E013GC;3E033GC;3E03329;3E033NZ;;;;;;;;;;;;;;;;;;;;1;
6d2ae966bb275970;220054;cdd3384e743ab802;53;1;2024-11-25 00:00:00;2024-11-26 00:00:00;1;2024-11-25 00:00:00;;L05.92;F17.210;;;;;;;;;;;;;;;;;;;S;S;;;;;;;;;;;;;;;;;;;0JB90ZZ;;;;;;;;;;;;;;;;;;;;;;;;;;;;2;
8db49d4a83b1c966;220054;5c54671f9fe1dedc;94;1;2024-11-06 00:00:00;2024-11-26 00:00:00;1;;;A41.51;A41.59;A41.81;K80.30;B96.20;B95.2;B96.1;Z16.24;K85.10;J98.8;F05;I10;G31.84;Z59.3;M19.90;Z79.82;;;;;S;S;S;S;S;S;S;S;S;N;N;S;S;E;S;E;;;;;BW201ZZ;BW201ZZ;3E03329;3E03328;3E0337Z;3E033NZ;3E033GC;3E013GC;3E013VG;;;;;;;;;;;;;;;;;;;;1;
2a48c7bac7300651;220054;eca0f6b05c5c4f45;76;1;2024-11-26 00:00:00;2024-11-27 00:00:00;2;;;I21.4;I25.10;E11.9;E78.5;Z79.4;Z79.84;;;;;;;;;;;;;;;S;S;S;S;E;E;;;;;;;;;;;;;;;3E013GC;B246ZZZ;3E0337Z;3E0F7SF;4A12X4Z;4A13XB1;4A13XR1;;;;;;;;;;;;;;;;;;;;;;1;
a316f32da1b810f6;220054;52481fd2b4a5ca01;96;1;2024-11-16 00:00:00;2024-11-27 00:00:00;1;;;J22;J96.00;I11.0;I50.9;D64.9;E11.9;I27.29;I48.91;Z79.01;Z95.5;Z95.0;Z95.3;Z59.3;Z79.891;Z79.82;;;;;;S;S;S;S;S;S;S;S;E;E;E;E;E;E;E;;;;;;3E03329;3E0333Z;3E0F7GC;3E0F7SF;3E033GC;3E013VG;3E033NZ;3E013GC;;;;;;;;;;;;;;;;;;;;;1;
d980a09ab936ae3d;220054;5ca2b3977c84af44;42;1;2024-11-20 00:00:00;2024-11-27 00:00:00;1;;;Z48.812;Z96.612;G62.9;;;;;;;;;;;;;;;;;;E;S;S;;;;;;;;;;;;;;;;;;3E013GC;3E033NZ;3E03329;;;;;;;;;;;;;;;;;;;;;;;;;;1;
8a50a5eb95b24906;220054;f8716893d83a142a;0;1;2024-11-25 00:00:00;2024-11-27 00:00:00;1;;;P59.9;P92.8;;;;;;;;;;;;;;;;;;;S;S;;;;;;;;;;;;;;;;;;;6A600ZZ;;;;;;;;;;;;;;;;;;;;;;;;;;;;1;
e37a241ea75f7d51;220054;31cea7e48fdb23ba;77;2;2024-11-18 00:00:00;2024-11-27 00:00:00;1;;;J69.0;J96.91;R13.10;T80.89XA;M79.81;J43.9;Z87.891;D64.9;I25.9;I10;E11.9;I27.82;Z79.01;Z79.82;Z99.81;;;;;;S;S;S;N;N;S;E;S;S;S;S;S;E;E;E;;;;;;3E03329;3E0F7GC;3E0333Z;3E013GC;3E033NZ;3E013VG;3E0F7SF;;;;;;;;;;;;;;;;;;;;;;1;
d119c9c6053738b4;220054;a856830bfb44f0d8;61;1;2024-11-23 00:00:00;2024-11-27 00:00:00;1;;;J22;J42;C7A.1;C7B.8;K70.30;F10.10;F17.210;K76.6;E78.5;Z88.6;Z92.21;;;;;;;;;;S;S;S;S;S;S;S;S;S;E;E;;;;;;;;;;3E03329;3E0F7GC;3E0333Z;3E033NZ;3E0F7SF;;;;;;;;;;;;;;;;;;;;;;;;1;
722fb6f67ede1512;220054;f6da650ae50ff096;93;2;2024-11-23 00:00:00;2024-11-27 00:00:00;1;;;R55;G20;F02.C0;I13.10;N18.9;I51.7;M19.90;;;;;;;;;;;;;;S;S;S;S;S;S;S;;;;;;;;;;;;;;4A02X4Z;3E0337Z;3E03329;3E033NZ;;;;;;;;;;;;;;;;;;;;;;;;;1;
4a8c19d8d09e04f0;220054;c0e118f7fc5cee5a;62;1;2024-11-09 00:00:00;2024-11-27 00:00:00;1;;;A41.9;J18.9;J86.0;C34.90;C77.1;D64.9;D70.9;J70.0;Y84.2;N17.9;D75.839;Z22.39;Z85.810;Z79.891;Z87.891;;;;;;S;S;S;S;S;S;S;S;S;S;S;E;E;E;E;;;;;;3E03329;3E03328;3E0F7SF;BW241ZZ;4A02X4Z;30233N1;3E013GC;3E033NZ;3E0337Z;3E033GC;3E0F7GC;3E0333Z;;;;;;;;;;;;;;;;;1;
4826fb2ce207d919;220054;adc786d1fc043d37;50;1;2024-10-31 00:00:00;2024-11-27 00:00:00;1;;;K85.20;E87.70;K22.6;I73.9;F10.20;Z88.6;;;;;;;;;;;;;;;S;S;S;S;S;E;;;;;;;;;;;;;;;BW211ZZ;BW30YZZ;BT4JZZZ;4A02X4Z;3E033GC;3E03329;;;;;;;;;;;;;;;;;;;;;;;1;
de13f1040a331080;220054;65e778c0b9461646;41;2;2024-11-27 00:00:00;2024-11-27 00:00:00;1;2024-11-27 00:00:00;;D24.2;;;;;;;;;;;;;;;;;;;;S;;;;;;;;;;;;;;;;;;;;0HBU0ZZ;BH41ZZZ;;;;;;;;;;;;;;;;;;;;;;;;;;;2;
cf0e3ff26e709c3a;220054;b60e1ec562001746;71;1;2024-11-13 00:00:00;2024-11-27 00:00:00;1;;;C34.31;C78.2;J91.0;C78.02;C78.7;C77.1;C77.2;C77.3;C77.4;C79.72;C78.89;C79.89;I71.40;E46;F17.210;N40.0;Z79.82;Z79.02;;;S;S;S;S;S;S;S;S;S;S;S;S;S;S;S;S;E;E;;;BW251ZZ;0W993ZX;3E0F7GC;3E0337Z;3E013GC;3E033NZ;;;;;;;;;;;;;;;;;;;;;;;1;
f08a6b513d88877a;220054;3cca4a8a7b43f0b8;89;2;2024-11-20 00:00:00;2024-11-28 00:00:00;1;;;S32.302A;S32.502A;W10.9XXA;S06.6X9D;W10.9XXD;D50.0;R33.9;I13.0;I50.9;N18.9;J96.90;M81.0;E78.5;E11.9;I44.0;I48.91;Z79.4;Z79.84;Z59.3;;S;S;S;E;E;S;D;S;S;S;S;S;S;S;S;S;E;E;E;;3E033NZ;3E0333Z;30233N1;B020ZZZ;BW20ZZZ;0T9B70Z;0TPBX0Z;3E0337Z;3E013GC;;;;;;;;;;;;;;;;;;;;1;
3121fc9faf859e66;220054;5a787e68acb257f9;33;2;2024-11-26 00:00:00;2024-11-28 00:00:00;1;;;O99.613;K58.8;Z67.11;Z3A.39;O90.81;O70.0;Z37.0;;;;;;;;;;;;;;S;S;E;E;N;N;E;;;;;;;;;;;;;;10E0XZZ;3E0R3BZ;0HQ9XZZ;4A1HXCZ;;;;;;;;;;;;;;;;;;;;;;;;;1;
62268c1eef73fb52;220054;6dfbef83d07f1c81;64;1;2024-11-19 00:00:00;2024-11-28 00:00:00;1;2024-11-20 00:00:00;;M87.051;Z96.642;;;;;;;;;;;;;;;;;;;S;S;;;;;;;;;;;;;;;;;;;0SR904A;;;;;;;;;;;;;;;;;;;;;;;;;;;;2;
11f60c97c2f40f41;220054;e363172bc6b7af6b;36;1;2024-11-21 00:00:00;2024-11-28 00:00:00;1;;;A07.1;;;;;;;;;;;;;;;;;;;;S;;;;;;;;;;;;;;;;;;;;3E03329;;;;;;;;;;;;;;;;;;;;;;;;;;;;1;
1bdbfb548e413ddb;220054;41b08fc9998f2424;65;1;2024-11-24 00:00:00;2024-11-28 00:00:00;1;2024-11-25 00:00:00;;C61;I10;;;;;;;;;;;;;;;;;;;S;S;;;;;;;;;;;;;;;;;;;0VT04ZZ;0VT34ZZ;0VTQ4ZZ;;;;;;;;;;;;;;;;;;;;;;;;;;2;
60f64220a51525ee;220054;6cb1b91c54d0691a;97;2;2024-11-23 00:00:00;2024-11-29 00:00:00;4;;;J18.9;E86.0;E87.0;I11.0;I50.9;L89.159;B95.2;G31.84;Z99.81;;;;;;;;;;;;S;S;S;S;S;S;S;S;E;;;;;;;;;;;;3E03329;3E0333Z;3E0F7GC;3E0F7SF;3E033GC;3E013VG;3E0337Z;3E033NZ;;;;;;;;;;;;;;;;;;;;;1;
a46753948f8c8924;220054;b356c8ca4b98eb2a;88;2;2024-11-18 00:00:00;2024-11-29 00:00:00;1;2024-11-22 00:00:00;;S72.101A;W19.XXXA;D64.9;K21.9;I47.1;I34.2;I25.10;M81.0;F09;N18.9;F43.20;Z86.73;;;;;;;;;S;S;S;S;S;S;S;S;S;S;S;E;;;;;;;;;0QS636Z;;;;;;;;;;;;;;;;;;;;;;;;;;;;1;
6a82f913bce98f5e;220054;f6e70a416c4db526;1;2;2024-11-22 00:00:00;2024-11-29 00:00:00;1;;;J20.5;J96.01;;;;;;;;;;;;;;;;;;;S;S;;;;;;;;;;;;;;;;;;;3E0F7GC;3E0F7SF;5A0945A;;;;;;;;;;;;;;;;;;;;;;;;;;1;
c7adad7600a3ec4d;220054;4ce081dce95b5717;70;1;2024-11-22 00:00:00;2024-11-30 00:00:00;1;2024-11-29 00:00:00;;A41.9;N39.0;Z46.6;N99.89;N13.5;Y83.2;E11.21;E11.51;D64.9;Z85.51;Z90.6;Z93.6;Z90.79;Z86.718;Z87.891;Z79.4;Z79.01;;;;S;S;E;S;S;S;S;S;S;E;E;E;E;E;E;E;E;;;;0TP580Z;0TP580Z;0T9380Z;0T9480Z;3E03329;3E0337Z;3E033NZ;;;;;;;;;;;;;;;;;;;;;;1;
c650fa59d4c2c0c1;220054;be302d8395f1bdd5;30;2;2024-11-29 00:00:00;2024-12-01 00:00:00;1;;;O26.831;N23;Z3A.12;;;;;;;;;;;;;;;;;;S;S;E;;;;;;;;;;;;;;;;;;3E033NZ;3E0337Z;3E033GC;BY49ZZZ;;;;;;;;;;;;;;;;;;;;;;;;;1;
9d005e1e119cae46;220054;17b44c1cca447916;92;1;2024-11-27 00:00:00;2024-12-02 00:00:00;1;;;I50.811;I50.31;N40.1;E04.9;M99.9;I25.2;Z95.0;Z95.3;Z95.1;Z88.8;;;;;;;;;;;S;S;S;S;S;E;E;E;E;E;;;;;;;;;;;B246ZZZ;3E033GC;;;;;;;;;;;;;;;;;;;;;;;;;;;1;
d1efe5b4e6bd5383;220054;17fa67e5e40200ca;90;2;2024-11-23 00:00:00;2024-12-02 00:00:00;1;;;I11.0;I50.33;J96.20;M1A.0620;E78.5;K44.9;D50.9;K57.30;Z79.82;;;;;;;;;;;;S;S;S;N;S;S;S;S;E;;;;;;;;;;;;3E033GC;3E0333Z;;;;;;;;;;;;;;;;;;;;;;;;;;;1;
25e5477a5b16edff;220054;dc6441c035046701;48;2;2024-11-26 00:00:00;2024-12-02 00:00:00;1;2024-11-26 00:00:00;;N83.12;N99.4;D50.0;I87.2;Z90.710;Z88.0;;;;;;;;;;;;;;;S;S;S;S;E;E;;;;;;;;;;;;;;;0UT14ZZ;0W9J4ZZ;0DNW4ZZ;0DTJ4ZZ;BW40ZZZ;;;;;;;;;;;;;;;;;;;;;;;;1;
0a467ff5815be159;220054;eb9021b4f4add5cd;11;1;2024-12-02 00:00:00;2024-12-03 00:00:00;1;2024-12-02 00:00:00;;J35.2;D10.1;M08.9A;;;;;;;;;;;;;;;;;;S;S;S;;;;;;;;;;;;;;;;;;0CTQXZZ;0CB7XZZ;;;;;;;;;;;;;;;;;;;;;;;;;;;2;
af20e19ca5546e7e;220054;d07949118e4901f6;91;2;2024-11-24 00:00:00;2024-12-03 00:00:00;1;;;A41.51;N39.0;B96.20;Z16.12;D50.9;D49.59;D49.89;I11.0;I50.9;I51.7;L89.619;G30.9;F02.C11;M15.9;Z86.16;Z88.1;;;;;S;S;S;S;S;S;S;S;S;S;S;S;S;S;E;E;;;;;3E03329;30233N1;3E0F7SF;BW20ZZZ;3E033GC;3E033NZ;3E0337Z;;;;;;;;;;;;;;;;;;;;;;1;
74d338089cf72cf5;220054;7303c5497fb3af13;94;2;2024-11-28 00:00:00;2024-12-03 00:00:00;1;;;D64.9;I11.0;I50.9;M79.81;E46;E11.9;I48.91;I87.2;K59.00;R32;C50.911;F03.90;M62.3;R13.10;Z79.4;Z79.01;Z59.3;;;;S;S;S;S;S;S;S;S;S;S;S;S;S;S;E;E;E;;;;30233N1;3E033GC;;;;;;;;;;;;;;;;;;;;;;;;;;;1;
58b791381166818f;220054;2bb814af44fdb7c7;79;2;2024-11-26 00:00:00;2024-12-04 00:00:00;1;2024-11-27 00:00:00;;M17.11;D64.9;E11.9;I10;E78.5;Z96.652;;;;;;;;;;;;;;;S;N;S;S;S;S;;;;;;;;;;;;;;;0SRC0J9;;;;;;;;;;;;;;;;;;;;;;;;;;;;2;
3db2156741d2e08a;220054;48796936a043aa82;77;1;2024-11-25 00:00:00;2024-12-04 00:00:00;1;2024-11-26 00:00:00;;N40.1;R33.8;Z96.0;N21.0;I10;E78.5;E11.9;E89.0;R91.1;Z85.850;Z95.1;Z95.2;;;;;;;;;S;S;S;S;S;S;S;S;S;E;E;E;;;;;;;;;0VB08ZZ;;;;;;;;;;;;;;;;;;;;;;;;;;;;2;
9d8267473da453ad;220054;1cbc10c9c3b87877;66;2;2024-12-03 00:00:00;2024-12-05 00:00:00;1;2024-12-04 00:00:00;;M20.12;M62.472;;;;;;;;;;;;;;;;;;;S;S;;;;;;;;;;;;;;;;;;;0SSL04Z;;;;;;;;;;;;;;;;;;;;;;;;;;;;2;
0f88bc9e785207e7;220054;3ff43d2e74fa2cb0;52;2;2024-11-15 00:00:00;2024-12-05 00:00:00;1;;;D35.1;E21.0;E83.52;N28.9;D50.9;D25.1;E78.5;M47.9;I87.2;M51.26;M51.27;K14.8;;;;;;;;;S;S;S;S;S;S;S;S;S;S;S;S;;;;;;;;;BW2F1ZZ;BW201ZZ;3E033GC;3E0337Z;09JK8ZZ;3E033NZ;;;;;;;;;;;;;;;;;;;;;;;1;
c99617f88aa1a757;220054;fb1246ae6db4383b;67;2;2024-12-05 00:00:00;2024-12-05 00:00:00;1;2024-12-05 00:00:00;;C82.45;I12.9;N18.9;B18.1;;;;;;;;;;;;;;;;;S;S;S;S;;;;;;;;;;;;;;;;;07BJ0ZX;;;;;;;;;;;;;;;;;;;;;;;;;;;;2;
926d50b4648b3922;220054;ab55547bc33ae4db;90;2;2024-11-21 00:00:00;2024-12-05 00:00:00;1;;;N39.0;B96.1;N17.9;I13.0;I50.30;E11.22;N18.32;D63.1;E11.65;E87.5;E87.1;K59.00;F41.9;J40;Z79.84;Z59.3;Z88.0;Z88.8;;;S;S;S;S;S;S;S;S;S;S;S;S;S;S;E;E;E;E;;;BW40ZZZ;B246ZZZ;3E1H78Z;3E033GC;3E0337Z;3E033NZ;3E013VG;3E03329;3E013GC;3E0333Z;3E0F7GC;;;;;;;;;;;;;;;;;;1;
e41c5ec1f510a052;220054;02ae9dfb97ac430b;0;2;2024-12-04 00:00:00;2024-12-06 00:00:00;1;;;P59.9;;;;;;;;;;;;;;;;;;;;S;;;;;;;;;;;;;;;;;;;;6A600ZZ;;;;;;;;;;;;;;;;;;;;;;;;;;;;1;
2858bb65054f0e09;220054;4cd13a2403e260ac;81;1;2024-11-26 00:00:00;2024-12-07 00:00:00;1;;;I50.811;I27.0;R42;T42.8X5A;D50.9;M99.83;M99.84;I10;E11.9;I48.91;N40.0;G20;Z95.2;Z79.01;;;;;;;S;S;N;N;S;S;S;S;S;S;S;S;E;E;;;;;;;B020ZZZ;B246ZZZ;BW24ZZZ;4A02X4Z;3E033GC;3E033NZ;;;;;;;;;;;;;;;;;;;;;;;1;
56d40b8cbb860e0a;220054;eecbd002666035be;66;1;2024-12-05 00:00:00;2024-12-08 00:00:00;1;2024-12-05 00:00:00;;T84.020A;I10;E78.5;L40.9;F32.A;;;;;;;;;;;;;;;;S;S;S;S;S;;;;;;;;;;;;;;;;0SJ9XZZ;0SW9XJZ;;;;;;;;;;;;;;;;;;;;;;;;;;;1;
e115198e8aaf6698;220054;ded89053e906eacc;89;1;2024-12-04 00:00:00;2024-12-08 00:00:00;1;;;R31.9;N32.89;D50.0;Z79.01;I10;J44.9;E78.5;I25.2;Z99.89;;;;;;;;;;;;S;S;S;E;S;S;S;E;E;;;;;;;;;;;;BT4JZZZ;30233N1;3E033NZ;3E03329;;;;;;;;;;;;;;;;;;;;;;;;;1;
5e46dc10308a6df6;220054;24eac999f41bb63b;38;2;2024-12-07 00:00:00;2024-12-09 00:00:00;1;;;O99.284;E03.9;E66.9;O70.1;O90.81;Z67.10;Z3A.38;Z37.0;;;;;;;;;;;;;S;S;S;N;N;E;E;E;;;;;;;;;;;;;10E0XZZ;0KQM0ZZ;3E0R3BZ;4A1HXCZ;;;;;;;;;;;;;;;;;;;;;;;;;1;
dad21b36e5bea238;220054;60b7a47d0cbbb851;29;2;2024-12-05 00:00:00;2024-12-09 00:00:00;1;2024-12-05 00:00:00;;O48.0;O34.22;O90.81;O61.0;Z3A.41;Z37.0;Z67.40;;;;;;;;;;;;;;S;S;N;N;E;E;E;;;;;;;;;;;;;;10D00Z1;3E033VJ;4A1HXCZ;;;;;;;;;;;;;;;;;;;;;;;;;;1;
9f61aea1511ac9fa;220054;829c32332e345c39;66;1;2024-11-29 00:00:00;2024-12-10 00:00:00;1;;;E11.621;L97.528;L03.116;I10;E66.3;E78.1;E79.0;I25.9;Z79.82;Z79.4;Z88.8;;;;;;;;;;S;S;S;S;S;S;S;S;E;E;E;;;;;;;;;;3E03329;;;;;;;;;;;;;;;;;;;;;;;;;;;;1;
46a7491ff6cfc18e;220054;9cb782452c5e7b30;71;2;2024-11-22 00:00:00;2024-12-10 00:00:00;1;;;B17.2;D68.4;N39.0;D84.1;;;;;;;;;;;;;;;;;S;S;S;S;;;;;;;;;;;;;;;;;BW40ZZZ;BW40ZZZ;3E03329;3E0337Z;;;;;;;;;;;;;;;;;;;;;;;;;1;
ee1730543d26c127;220054;187587f652085a29;86;2;2024-12-06 00:00:00;2024-12-10 00:00:00;4;;;E86.0;F03.C0;D50.9;C22.9;N17.9;I13.0;I50.9;N18.9;L89.159;E11.22;E78.5;M19.90;M81.0;R32;Z86.73;Z79.4;;;;;S;S;S;S;S;S;S;S;S;S;S;S;S;S;E;E;;;;;3E0337Z;30233N1;3E033GC;3E03329;3E033NZ;;;;;;;;;;;;;;;;;;;;;;;;1;
3f2b3f0ca2aa2f7a;220054;4f8888fd26f9c087;92;2;2024-12-06 00:00:00;2024-12-11 00:00:00;4;;;J69.0;J96.00;R13.19;F02.C0;I12.9;N18.9;G25.0;F43.23;Z79.82;;;;;;;;;;;;S;S;S;S;S;S;S;S;E;;;;;;;;;;;;3E03329;3E033NZ;3E0337Z;3E0333Z;3E033GC;;;;;;;;;;;;;;;;;;;;;;;;1;
5bfc226985c5b60e;220054;47fa1d72902c59a9;68;1;2024-12-04 00:00:00;2024-12-12 00:00:00;1;;;K86.1;E11.65;E78.5;E66.9;F17.210;Z79.84;;;;;;;;;;;;;;;S;S;S;S;S;E;;;;;;;;;;;;;;;BW24ZZZ;4A02X4Z;;;;;;;;;;;;;;;;;;;;;;;;;;;1;
2bbc8b87e631eebe;220054;a1815e80750116a9;2;1;2024-12-12 00:00:00;2024-12-13 00:00:00;1;;;Z03.6;R50.9;;;;;;;;;;;;;;;;;;;E;N;;;;;;;;;;;;;;;;;;;3E0G7GC;;;;;;;;;;;;;;;;;;;;;;;;;;;;1;
d874d1429c0323d8;220054;ff2c7a40735a2298;17;1;2024-12-13 00:00:00;2024-12-14 00:00:00;1;2024-12-13 00:00:00;;S52.021A;V19.88XA;;;;;;;;;;;;;;;;;;;S;S;;;;;;;;;;;;;;;;;;;0PSK04Z;;;;;;;;;;;;;;;;;;;;;;;;;;;;2;
105dd494d833d3f0;220054;562d43dd18ee2374;79;1;2024-12-11 00:00:00;2024-12-14 00:00:00;1;2024-12-11 00:00:00;;D09.0;Z85.51;I48.91;N40.0;G47.33;J47.9;Z88.6;Z79.01;;;;;;;;;;;;;S;E;S;S;S;S;E;E;;;;;;;;;;;;;0TBB8ZZ;0TBB8ZX;;;;;;;;;;;;;;;;;;;;;;;;;;;2;
476ea77ea6a6b1d7;220054;8de6e73f723de9ce;79;1;2024-12-11 00:00:00;2024-12-16 00:00:00;1;;;I21.3;Z95.5;I25.10;I10;Z87.891;G47.33;Z99.89;Z82.49;;;;;;;;;;;;;S;E;S;S;E;S;E;E;;;;;;;;;;;;;3E013GC;4A02X4Z;;;;;;;;;;;;;;;;;;;;;;;;;;;1;
80ad5fd1957434b0;220054;aa3090e13cbca8b1;93;2;2024-12-14 00:00:00;2024-12-16 00:00:00;1;;;I48.21;I11.0;I50.9;D52.9;E46;E11.9;J45.909;I27.20;H35.3133;M81.0;M17.9;I87.2;Z59.3;Z79.84;;;;;;;S;S;S;S;S;S;S;S;S;S;S;S;E;E;;;;;;;4A02X4Z;3E0F7GC;3E033GC;3E0337Z;;;;;;;;;;;;;;;;;;;;;;;;;1;
46b82f2dad173894;220054;12236529d9ad810e;83;1;2024-12-08 00:00:00;2024-12-16 00:00:00;4;;;J12.1;J96.90;G40.909;F03.90;I11.0;I50.9;E79.0;K70.9;F10.21;F17.210;Z86.73;Z59.3;Z96.0;;;;;;;;S;S;S;S;S;S;S;S;S;S;E;E;S;;;;;;;;3E03329;3E0F7SF;3E0F7GC;3E0333Z;3E0337Z;3E013GC;3E033GC;3E033NZ;;;;;;;;;;;;;;;;;;;;;1;
2225d0ed6bc0c471;220054;134aef7e6beff9ba;66;1;2024-12-15 00:00:00;2024-12-17 00:00:00;1;2024-12-16 00:00:00;;C82.31;;;;;;;;;;;;;;;;;;;;S;;;;;;;;;;;;;;;;;;;;07B20ZX;;;;;;;;;;;;;;;;;;;;;;;;;;;;2;
fe13f918b6b32087;220054;80a21dfb0aec63df;87;2;2024-11-29 00:00:00;2024-12-17 00:00:00;1;;;J18.9;J84.89;E87.1;R19.7;I10;M15.9;M81.0;E04.2;Z88.0;;;;;;;;;;;;S;S;S;S;S;S;S;S;E;;;;;;;;;;;;3E03329;3E03328;3E0F7SF;3E0F7GC;3E0333Z;3E013VG;3E033NZ;;;;;;;;;;;;;;;;;;;;;;1;
2819116f50af16f7;220054;e0e2e8ff35f68264;65;2;2024-12-04 00:00:00;2024-12-17 00:00:00;1;;;J22;I50.9;J96.92;E11.22;I10;N18.31;E78.5;K70.9;F17.210;F10.90;K76.6;K31.89;I85.10;Z99.81;Z88.6;Z88.8;Z89.611;Z79.4;Z79.02;Z79.891;S;S;S;S;S;S;S;S;S;S;S;S;S;E;E;E;E;E;E;E;3E03329;3E0333Z;3E033GC;3E0F7GC;3E013GC;3E033NZ;;;;;;;;;;;;;;;;;;;;;;;1;
f867d60dcdb4ca6f;220054;1700bc830267c7db;76;2;2024-12-12 00:00:00;2024-12-18 00:00:00;5;;;I63.331;G81.94;R47.1;R13.19;R29.709;I65.1;I65.21;I10;E78.5;E66.9;E79.0;E05.90;I87.2;;;;;;;;S;S;S;S;S;S;S;S;S;S;S;S;S;;;;;;;;B020ZZZ;B246ZZZ;3E033NZ;3E013VG;;;;;;;;;;;;;;;;;;;;;;;;;1;
49fa6eb19939a369;220054;0358b42bbebea046;73;2;2024-12-13 00:00:00;2024-12-18 00:00:00;1;;;K57.32;I10;R11.2;Z90.710;Z90.722;T36.8X5A;;;;;;;;;;;;;;;S;S;S;E;E;S;;;;;;;;;;;;;;;BW20ZZZ;3E03329;3E0337Z;3E033NZ;3E033GC;;;;;;;;;;;;;;;;;;;;;;;;1;
879e706d0c7f6897;220054;c9d6e1f1e2c5e58c;53;1;2024-12-17 00:00:00;2024-12-18 00:00:00;1;;;A41.51;K83.09;B96.20;K75.3;R93.2;I95.9;E78.5;F41.9;F17.210;Z90.49;;;;;;;;;;;S;S;S;S;S;S;S;S;S;E;;;;;;;;;;;3E03329;;;;;;;;;;;;;;;;;;;;;;;;;;;;1;
91da884603825040;220054;6a38f4884a947d78;10;2;2024-12-18 00:00:00;2024-12-18 00:00:00;1;;;R10.13;;;;;;;;;;;;;;;;;;;;S;;;;;;;;;;;;;;;;;;;;BW40ZZZ;;;;;;;;;;;;;;;;;;;;;;;;;;;;1;
24cd0a2a02ac0866;220054;789a642ccd96c7ad;87;1;2024-12-18 00:00:00;2024-12-18 00:00:00;4;;;I11.0;I50.84;R57.0;I08.0;R79.1;Z79.01;I48.21;;;;;;;;;;;;;;S;S;N;S;S;E;S;;;;;;;;;;;;;;B246ZZZ;3E033NZ;;;;;;;;;;;;;;;;;;;;;;;;;;;1;
2d6d1fe0aac4af09;220054;b386ba6a300f84d8;39;2;2024-12-16 00:00:00;2024-12-19 00:00:00;1;;;O70.1;O92.5;O90.81;Z67.40;Z3A.38;Z37.0;;;;;;;;;;;;;;;N;N;N;E;E;E;;;;;;;;;;;;;;;10E0XZZ;0KQM0ZZ;3E0R3BZ;4A1HXCZ;;;;;;;;;;;;;;;;;;;;;;;;;1;
719edb3788368309;220054;55cebdc544f4153d;26;2;2024-12-16 00:00:00;2024-12-19 00:00:00;1;2024-12-16 00:00:00;;O34.211;O90.81;Z67.10;Z3A.39;Z37.0;;;;;;;;;;;;;;;;S;N;E;E;E;;;;;;;;;;;;;;;;10D00Z1;4A1HXCZ;3E033GC;;;;;;;;;;;;;;;;;;;;;;;;;;1;
9a1ebbb140d952ff;220054;5f42a4932d2e0283;75;1;2024-12-14 00:00:00;2024-12-19 00:00:00;1;;;I69.198;G40.909;H53.461;I69.154;F03.911;F05;E78.5;Z87.891;;;;;;;;;;;;;E;S;S;E;S;S;S;E;;;;;;;;;;;;;B020ZZZ;4A02X4Z;3E033GC;3E0337Z;;;;;;;;;;;;;;;;;;;;;;;;;1;
89fefc642c7fb3f6;220054;3d8193a1c3b8960d;71;1;2024-12-17 00:00:00;2024-12-19 00:00:00;1;2024-12-17 00:00:00;;N32.89;I10;E11.9;E78.5;F17.210;;;;;;;;;;;;;;;;S;S;S;S;S;;;;;;;;;;;;;;;;0TBB8ZZ;0TBB8ZX;;;;;;;;;;;;;;;;;;;;;;;;;;;2;
ace23bddc69a9747;220054;e40b227131c2c35e;88;2;2024-11-25 00:00:00;2024-12-19 00:00:00;1;;;J96.00;J98.8;I13.0;I50.9;N17.9;N18.4;E11.22;G93.89;R13.10;I48.91;E78.5;E66.9;E03.9;F43.20;;;;;;;S;S;S;S;S;S;S;S;S;S;S;S;S;S;;;;;;;3E0F7SF;3E0F7GC;3E03329;3E0333Z;B020ZZZ;4A02X4Z;;;;;;;;;;;;;;;;;;;;;;;1;
ba4b59b7c2e1e0c0;220054;dfe519745f0b4971;92;1;2024-12-13 00:00:00;2024-12-19 00:00:00;1;;;I11.0;I50.9;J69.0;J96.02;E86.0;G30.9;F02.80;I48.91;F31.9;Z59.3;Z86.73;R73.01;;;;;;;;;S;S;S;S;S;S;S;S;S;E;E;S;;;;;;;;;3E033GC;3E03329;3E0333Z;3E013GC;3E0F7GC;3E033NZ;3E0337Z;3E013VG;3E0F7SF;4A02X4Z;;;;;;;;;;;;;;;;;;;1;
fd22a85d3b6a041f;220054;b96c0d0f070742bd;81;2;2024-12-15 00:00:00;2024-12-20 00:00:00;1;;;K55.21;K57.30;D50.0;I48.91;Z79.01;I11.0;I09.81;I50.32;I08.0;I27.20;E55.9;E21.1;E03.9;Z95.0;Z85.3;Z92.3;;;;;S;S;S;S;E;S;S;S;S;S;S;S;S;E;E;E;;;;;0W3P8ZZ;0DJ08ZZ;3E033GC;3E013GC;3E013VG;;;;;;;;;;;;;;;;;;;;;;;;2;
4543f032c7a6e5b0;220054;f7b8b97263360014;45;1;2024-12-04 00:00:00;2024-12-20 00:00:00;1;;;K85.90;D75.838;E83.51;E87.1;A04.72;E87.5;I10;E78.5;;;;;;;;;;;;;S;S;S;S;S;S;S;S;;;;;;;;;;;;;BW40ZZZ;BW20ZZZ;BW201ZZ;3E0337Z;3E03329;3E033NZ;;;;;;;;;;;;;;;;;;;;;;;1;
278cadc21435a332;220054;3e23baffed0c74cb;87;1;2024-12-12 00:00:00;2024-12-20 00:00:00;1;;;I48.91;I63.81;F05;Z90.49;;;;;;;;;;;;;;;;;S;S;S;E;;;;;;;;;;;;;;;;;B246ZZZ;B32SZZZ;B32TZZZ;BW20ZZZ;0DJD8ZZ;3E033NZ;;;;;;;;;;;;;;;;;;;;;;;1;
9248ed7588cdd8f0;220054;ff44bc85e358af0d;74;2;2024-12-17 00:00:00;2024-12-23 00:00:00;1;2024-12-18 00:00:00;;M17.12;Z96.651;;;;;;;;;;;;;;;;;;;S;S;;;;;;;;;;;;;;;;;;;0SRD0J9;;;;;;;;;;;;;;;;;;;;;;;;;;;;2;
7ede098fbd2d4f60;220054;b1d89a363bf5c97d;85;2;2024-12-19 00:00:00;2024-12-23 00:00:00;1;;;R19.7;R39.2;E87.0;E87.6;E87.20;I11.0;I50.33;E11.9;I34.0;I34.2;I35.1;I36.1;I27.20;I48.91;I48.92;D45;D47.4;E79.0;D50.9;Z85.828;S;S;S;S;S;S;S;S;S;S;S;S;S;S;S;S;S;S;S;E;3E033GC;3E0337Z;;;;;;;;;;;;;;;;;;;;;;;;;;;1;
52af4403e3223ec2;220054;86dab669882430aa;81;1;2024-12-03 00:00:00;2024-12-23 00:00:00;1;;;C34.91;C78.01;C78.02;C78.1;I87.1;C79.72;I50.9;E78.5;K22.70;R29.810;H57.02;G09;Z79.84;Z85.01;Z92.21;Z92.3;;;;;S;S;S;S;S;S;S;S;S;S;S;S;E;E;E;E;;;;;4A02X4Z;0BB18ZX;BW241ZZ;;;;;;;;;;;;;;;;;;;;;;;;;;1;
093b1b307f7cc039;220054;2e8352bcfd396b50;78;2;2024-12-16 00:00:00;2024-12-25 00:00:00;1;2024-12-18 00:00:00;;K61.31;I11.0;I50.33;J44.9;R91.1;I48.91;E78.5;E11.9;B19.20;G47.33;Z79.84;Z99.89;;;;;;;;;S;S;S;S;S;S;S;S;S;S;E;E;;;;;;;;;0JBB0ZZ;BW2G1ZZ;BW211ZZ;3E033GC;3E033NZ;3E0337Z;3E0333Z;3E03329;3E03328;3E013GC;3E013VG;;;;;;;;;;;;;;;;;;1;
3138ef88bd7e5259;220054;c4cfdd2d47dbb776;76;2;2024-12-16 00:00:00;2024-12-26 00:00:00;4;;;C78.6;R18.0;C56.1;N39.0;Z51.5;F05;;;;;;;;;;;;;;;S;S;S;S;E;N;;;;;;;;;;;;;;;0D9670Z;3E033NZ;3E03329;3E0337Z;3E0333Z;;;;;;;;;;;;;;;;;;;;;;;;1;
105dd494d833d3f0;220054;c362bd15aafea009;79;1;2024-12-21 00:00:00;2024-12-26 00:00:00;1;;;N99.820;Y83.8;Z85.51;I48.91;N40.0;G47.33;J47.9;Z88.6;Z79.01;;;;;;;;;;;;S;S;E;S;S;S;S;E;E;;;;;;;;;;;;0T9B70Z;3E1K78Z;3E033NZ;3E013GC;;;;;;;;;;;;;;;;;;;;;;;;;1;
f1779767831165bb;220054;ff1cb7408e24abbc;71;1;2024-12-26 00:00:00;2024-12-27 00:00:00;1;2024-12-26 00:00:00;;K40.91;;;;;;;;;;;;;;;;;;;;S;;;;;;;;;;;;;;;;;;;;0YU64JZ;;;;;;;;;;;;;;;;;;;;;;;;;;;;2;
af76951870bd1318;220054;b2a4ab2f760a0e6b;71;1;2024-12-23 00:00:00;2024-12-27 00:00:00;1;;;M46.36;M84.68XA;R19.09;M99.33;G82.20;R78.81;B96.20;Z16.24;E79.0;L40.50;Z79.631;Z87.440;;;;;;;;;S;S;S;S;S;S;S;S;S;S;E;E;;;;;;;;;BW201ZZ;BT4JZZZ;BV49ZZZ;3E03329;3E033GC;3E033NZ;;;;;;;;;;;;;;;;;;;;;;;1;
b64a6fcec56c130f;220054;048b947d789a74b6;83;2;2024-11-22 00:00:00;2024-12-27 00:00:00;1;2024-12-04 00:00:00;;A40.0;E11.622;L97.928;B95.0;N17.9;R19.7;I10;G25.81;E55.9;Z86.73;;;;;;;;;;;S;S;S;S;S;S;S;S;S;E;;;;;;;;;;;0JJW0ZZ;0JDP3ZZ;3E03328;3E0337Z;3E033GC;3E033NZ;;;;;;;;;;;;;;;;;;;;;;;1;
53ae169a73b61820;220054;00d4de55cb289478;82;1;2024-12-24 00:00:00;2024-12-29 00:00:00;1;;;K92.1;D62;C18.1;Z90.49;E11.9;Z79.82;Z79.84;;;;;;;;;;;;;;S;S;S;E;S;E;E;;;;;;;;;;;;;;BW201ZZ;30233N1;3E033GC;3E0337Z;3E033NZ;3E033GC;3E013VG;3E033GC;;;;;;;;;;;;;;;;;;;;;1;
68b30ff38d3598ba;220054;5a9de802728ab878;54;1;2024-12-26 00:00:00;2024-12-30 00:00:00;1;;;Z48.812;I21.19;I25.10;I25.82;Z95.5;I10;Z87.891;Z82.49;;;;;;;;;;;;;E;S;S;S;E;S;E;E;;;;;;;;;;;;;B246ZZZ;3E033GC;3E033NZ;4A12X4Z;4A13XB1;4A13XR1;;;;;;;;;;;;;;;;;;;;;;;1;
6c9808fff3951625;220054;98504df19052b82d;53;1;2024-12-26 00:00:00;2024-12-30 00:00:00;1;;;G45.9;I10;;;;;;;;;;;;;;;;;;;S;S;;;;;;;;;;;;;;;;;;;B246ZZZ;3E033NZ;;;;;;;;;;;;;;;;;;;;;;;;;;;1;
662a50e89c26a73c;220054;d000ac9ab98f9b81;20;2;2024-12-28 00:00:00;2024-12-31 00:00:00;1;;;O42.92;O48.0;O69.82X0;O40.3XX0;O63.1;O90.81;Z3A.40;Z37.0;Z67.10;;;;;;;;;;;;S;S;S;S;N;N;E;E;E;;;;;;;;;;;;10D07Z6;3E0R3BZ;0W8NXZZ;4A1HXCZ;;;;;;;;;;;;;;;;;;;;;;;;;1;
08492bf86312ee95;220105;7bf2039dafd96dca;72;1;2024-09-25 00:00:00;2024-10-04 00:00:00;1;;;Z48.3;Z85.46;Z90.79;G72.81;T81.9XXA;Y83.6;I27.20;J98.9;K21.9;Z93.6;Z88.0;Z99.89;;;;;;;;;E;E;E;S;N;N;S;S;S;E;E;E;;;;;;;;;;;;;;;;;;;;;;;;;;;;;;;;;;;;;1;
ce42c0432ae0b24d;220105;e37586cc9b04899b;86;1;2024-10-18 00:00:00;2024-10-23 00:00:00;1;;;J44.1;J96.90;M62.84;I10;E11.9;D51.0;F09;Z79.82;;;;;;;;;;;;;S;S;S;S;S;S;S;E;;;;;;;;;;;;;3E0F7SF;3E0F7GC;;;;;;;;;;;;;;;;;;;;;;;;;;;1;
63001dd5088d25ae;220105;e1cc986c5745e578;90;1;2024-10-07 00:00:00;2024-10-30 00:00:00;1;;;S12.120A;S12.190A;W10.8XXA;R33.9;I11.0;I50.32;I35.1;I35.0;I27.20;E55.9;E66.9;Z96.0;;;;;;;;;S;S;S;N;S;S;S;S;S;S;S;S;;;;;;;;;0TPBX0Z;0T9B70Z;F07Z9ZZ;;;;;;;;;;;;;;;;;;;;;;;;;;1;
5388eb72694caec6;220105;2454d14ba6a6b7bf;92;2;2024-11-26 00:00:00;2024-12-02 00:00:00;1;;;I11.0;I50.9;I48.91;R00.1;D75.839;E03.8;Z79.64;Z79.01;Z85.3;Z90.12;Z92.21;;;;;;;;;;S;S;S;S;S;S;E;E;E;E;E;;;;;;;;;;3E033GC;4A02X4Z;;;;;;;;;;;;;;;;;;;;;;;;;;;1;
d021bc2c9e579f33;220105;5a1dd7e852649f12;90;1;2024-12-15 00:00:00;2024-12-20 00:00:00;1;;;J12.1;I50.9;E85.4;I43;I48.91;I07.1;Z85.048;Z90.49;;;;;;;;;;;;;S;S;S;S;S;S;E;E;;;;;;;;;;;;;3E03329;3E0337Z;3E0F7GC;3E033NZ;3E0333Z;;;;;;;;;;;;;;;;;;;;;;;;1;
